[{"id":"328580","channel":"1 TV HD","link":"http://red.ipfox.org:8080/live/tigerag_uFZ5wd/3dL1WNjy/6807.m3u8?checkedby:iptvcat.com","country":"afghanistan","liveliness":"25","status":"offline","lastChecked":"2020-08-18T00:00:00Z","format":"hd","mbps":"3188","URI":["afghanistan","asia"]},{"id":"328571","channel":"1TV Afghanistan","link":"http://red.ipfox.org:8080/live/tigerag_uFZ5wd/3dL1WNjy/6795.m3u8?checkedby:iptvcat.com","country":"afghanistan","liveliness":"25","status":"offline","lastChecked":"2020-08-18T00:00:00Z","format":"hd","mbps":"3188","URI":["afghanistan","asia"]},{"id":"56096","channel":"AF | Ariana News, Ariana News","link":"https://d10rltuy0iweup.cloudfront.net/ATNNEWS/myStream/chunklist.m3u8?checkedby:iptvcat.com","country":"afghanistan","liveliness":"93","status":"online","lastChecked":"2020-08-18T00:00:00Z","format":"sd","mbps":"2743","URI":["afghanistan","asia"]},{"id":"56094","channel":"AF | Ariana TV, Ariana TV","link":"https://d10rltuy0iweup.cloudfront.net/ATNNAT/myStream/chunklist.m3u8?checkedby:iptvcat.com","country":"afghanistan","liveliness":"100","status":"online","lastChecked":"2020-08-17T00:00:00Z","format":"sd","mbps":"2743","URI":["afghanistan","asia"]},{"id":"56095","channel":"AF | Ariana TV US, Ariana TV US","link":"http://d2g7v53450s2i2.cloudfront.net/ATNUS/streamdelay/chunklist.m3u8?checkedby:iptvcat.com","country":"afghanistan","liveliness":"100","status":"online","lastChecked":"2020-08-17T00:00:00Z","format":"sd","mbps":"2743","URI":["afghanistan","asia"]},{"id":"328573","channel":"AMC TV","link":"http://red.ipfox.org:8080/live/tigerag_uFZ5wd/3dL1WNjy/6797.m3u8?checkedby:iptvcat.com","country":"afghanistan","liveliness":"25","status":"offline","lastChecked":"2020-08-18T00:00:00Z","format":"hd","mbps":"3188","URI":["afghanistan","asia"]},{"id":"328579","channel":"ATN News","link":"http://red.ipfox.org:8080/live/tigerag_uFZ5wd/3dL1WNjy/6805.m3u8?checkedby:iptvcat.com","country":"afghanistan","liveliness":"25","status":"offline","lastChecked":"2020-08-18T00:00:00Z","format":"sd","mbps":"2743","URI":["afghanistan","asia"]},{"id":"20027","channel":"Ads sport cricket, RTA Sport (New!)","link":"http://212.47.252.54/hls/stream.m3u8?checkedby:iptvcat.com","country":"afghanistan","liveliness":"99","status":"online","lastChecked":"2020-08-17T00:00:00Z","format":"hd","mbps":"3188","URI":["afghanistan","asia","sport"]},{"id":"328572","channel":"Afghan Javan","link":"http://red.ipfox.org:8080/live/tigerag_uFZ5wd/3dL1WNjy/6796.m3u8?checkedby:iptvcat.com","country":"afghanistan","liveliness":"25","status":"offline","lastChecked":"2020-08-18T00:00:00Z","format":"sd","mbps":"2740","URI":["afghanistan","asia"]},{"id":"328574","channel":"Arezo TV HD","link":"http://red.ipfox.org:8080/live/tigerag_uFZ5wd/3dL1WNjy/6798.m3u8?checkedby:iptvcat.com","country":"afghanistan","liveliness":"25","status":"offline","lastChecked":"2020-08-18T00:00:00Z","format":"hd","mbps":"3188","URI":["afghanistan","asia"]},{"id":"328575","channel":"Aria Music","link":"http://red.ipfox.org:8080/live/tigerag_uFZ5wd/3dL1WNjy/6800.m3u8?checkedby:iptvcat.com","country":"afghanistan","liveliness":"25","status":"offline","lastChecked":"2020-08-18T00:00:00Z","format":"hd","mbps":"3625","URI":["afghanistan","asia"]},{"id":"132506","channel":"Ariana News","link":"https://d10rltuy0iweup.cloudfront.net/ATNNEWS/myStream/playlist.m3u8?checkedby:iptvcat.com","country":"afghanistan","liveliness":"91","status":"online","lastChecked":"2020-08-17T00:00:00Z","format":"sd","mbps":"2743","URI":["afghanistan","asia"]},{"id":"1","channel":"Ariana News","link":"https://d10rltuy0iweup.cloudfront.net/ATNNEWS/myStream/chunklist_w796472816.m3u8?checkedby:iptvcat.com","country":"afghanistan","liveliness":"96","status":"online","lastChecked":"2020-08-16T00:00:00Z","format":"sd","mbps":"2743","URI":["afghanistan"]},{"id":"328576","channel":"Ariana News","link":"http://red.ipfox.org:8080/live/tigerag_uFZ5wd/3dL1WNjy/6801.m3u8?checkedby:iptvcat.com","country":"afghanistan","liveliness":"25","status":"offline","lastChecked":"2020-08-18T00:00:00Z","format":"sd","mbps":"2743","URI":["afghanistan","asia"]},{"id":"132507","channel":"Ariana TV","link":"https://d2g7v53450s2i2.cloudfront.net/ATNUS/streamdelay/playlist.m3u8?checkedby:iptvcat.com","country":"afghanistan","liveliness":"100","status":"online","lastChecked":"2020-08-17T00:00:00Z","format":"sd","mbps":"2743","URI":["afghanistan","asia"]},{"id":"3","channel":"Ariana TV","link":"https://d10rltuy0iweup.cloudfront.net/ATNNAT/myStream/chunklist_w2121902183.m3u8?checkedby:iptvcat.com","country":"afghanistan","liveliness":"100","status":"online","lastChecked":"2020-08-17T00:00:00Z","format":"sd","mbps":"2743","URI":["afghanistan"]},{"id":"2","channel":"Ariana TV, Ariana TV USA","link":"http://d2g7v53450s2i2.cloudfront.net/ATNUS/streamdelay/chunklist_w1314452267.m3u8?checkedby:iptvcat.com","country":"afghanistan","liveliness":"99","status":"online","lastChecked":"2020-08-17T00:00:00Z","format":"sd","mbps":"2743","URI":["afghanistan"]},{"id":"5436","channel":"Ariana TV Int'l","link":"https://d10rltuy0iweup.cloudfront.net/ATNINT/myStream/playlist.m3u8?checkedby:iptvcat.com","country":"afghanistan","liveliness":"99","status":"online","lastChecked":"2020-08-17T00:00:00Z","format":"sd","mbps":"2743","URI":["afghanistan"]},{"id":"5437","channel":"Ariana TV National","link":"https://d10rltuy0iweup.cloudfront.net/ATNNAT/myStream/playlist.m3u8?checkedby:iptvcat.com","country":"afghanistan","liveliness":"99","status":"online","lastChecked":"2020-08-17T00:00:00Z","format":"sd","mbps":"2743","URI":["afghanistan"]},{"id":"328577","channel":"Ariana USA","link":"http://red.ipfox.org:8080/live/tigerag_uFZ5wd/3dL1WNjy/6803.m3u8?checkedby:iptvcat.com","country":"afghanistan","liveliness":"25","status":"offline","lastChecked":"2020-08-18T00:00:00Z","format":"hd","mbps":"5020","URI":["afghanistan","asia"]},{"id":"328578","channel":"Ariana World","link":"http://red.ipfox.org:8080/live/tigerag_uFZ5wd/3dL1WNjy/6804.m3u8?checkedby:iptvcat.com","country":"afghanistan","liveliness":"25","status":"offline","lastChecked":"2020-08-18T00:00:00Z","format":"sd","mbps":"2743","URI":["afghanistan","asia"]},{"id":"328581","channel":"Ayna TV","link":"http://red.ipfox.org:8080/live/tigerag_uFZ5wd/3dL1WNjy/6808.m3u8?checkedby:iptvcat.com","country":"afghanistan","liveliness":"25","status":"offline","lastChecked":"2020-08-18T00:00:00Z","format":"sd","mbps":"2743","URI":["afghanistan","asia"]},{"id":"193714","channel":"B-ONE [RDC]","link":"http://163.172.213.41:8081/play/B-one/playlist.m3u8?checkedby:iptvcat.com","country":"afghanistan","liveliness":"95","status":"online","lastChecked":"2020-08-16T00:00:00Z","format":"sd","mbps":"2303","URI":["afghanistan","asia"]},{"id":"279623","channel":"B-ONE [RDC]","link":"http://directstreaming.eu:80/B-ONE/index.m3u8?checkedby:iptvcat.com","country":"afghanistan","liveliness":"94","status":"online","lastChecked":"2020-08-16T00:00:00Z","format":"sd","mbps":"2303","URI":["afghanistan","asia"]},{"id":"328582","channel":"Bahar TV HD","link":"http://red.ipfox.org:8080/live/tigerag_uFZ5wd/3dL1WNjy/6809.m3u8?checkedby:iptvcat.com","country":"afghanistan","liveliness":"25","status":"offline","lastChecked":"2020-08-18T00:00:00Z","format":"hd","mbps":"4318","URI":["afghanistan","asia"]},{"id":"328583","channel":"Batur","link":"http://red.ipfox.org:8080/live/tigerag_uFZ5wd/3dL1WNjy/6810.m3u8?checkedby:iptvcat.com","country":"afghanistan","liveliness":"25","status":"offline","lastChecked":"2020-08-18T00:00:00Z","format":"hd","mbps":"3188","URI":["afghanistan","asia"]},{"id":"193716","channel":"DIGITAL-CONGO [RDC]","link":"http://163.172.213.41:8081/play/Digital/playlist.m3u8?checkedby:iptvcat.com","country":"afghanistan","liveliness":"98","status":"online","lastChecked":"2020-08-17T00:00:00Z","format":"sd","mbps":"1509","URI":["afghanistan","asia"]},{"id":"279627","channel":"DIGITAL-CONGO [RDC]","link":"http://cms-streamaniak.top:80/DIGITAL-CONGO/index.m3u8?checkedby:iptvcat.com","country":"afghanistan","liveliness":"100","status":"online","lastChecked":"2020-08-17T00:00:00Z","format":"sd","mbps":"1509","URI":["afghanistan","asia"]},{"id":"279632","channel":"HOREB TV [MATADI]","link":"http://directstreaming.eu:80/HTV/horebtv/index.m3u8?checkedby:iptvcat.com","country":"afghanistan","liveliness":"63","status":"offline","lastChecked":"2020-08-19T00:00:00Z","format":"hd","mbps":"4318","URI":["afghanistan","asia"]},{"id":"328584","channel":"Hazara World TV","link":"http://red.ipfox.org:8080/live/tigerag_uFZ5wd/3dL1WNjy/6811.m3u8?checkedby:iptvcat.com","country":"afghanistan","liveliness":"25","status":"offline","lastChecked":"2020-08-18T00:00:00Z","format":"fhd 2k","mbps":"11126","URI":["afghanistan","asia"]},{"id":"328585","channel":"Hewad TV","link":"http://red.ipfox.org:8080/live/tigerag_uFZ5wd/3dL1WNjy/6812.m3u8?checkedby:iptvcat.com","country":"afghanistan","liveliness":"25","status":"offline","lastChecked":"2020-08-18T00:00:00Z","format":"sd","mbps":"1509","URI":["afghanistan","asia"]},{"id":"5","channel":"Kayhan TV","link":"http://playout395.livestreamingcdn.com:1935/live/Stream1/playlist.m3u8?checkedby:iptvcat.com","country":"afghanistan","liveliness":"96","status":"online","lastChecked":"2020-08-17T00:00:00Z","format":"hd","mbps":"3482","URI":["afghanistan"]},{"id":"5439","channel":"Kayhan TV","link":"https://playout395.livestreamingcdn.com/live/Stream1/chunklist.m3u8?checkedby:iptvcat.com","country":"afghanistan","liveliness":"85","status":"online","lastChecked":"2020-08-17T00:00:00Z","format":"hd","mbps":"3795","URI":["afghanistan"]},{"id":"279633","channel":"MIKUBA TV [KOLWEZI -RDC]","link":"http://163.172.213.41:8081/TV/MIKUBA/playlist.m3u8?checkedby:iptvcat.com","country":"afghanistan","liveliness":"100","status":"online","lastChecked":"2020-08-17T00:00:00Z","format":"sd","mbps":"2334","URI":["afghanistan","asia"]},{"id":"279631","channel":"MOLIERE CANAL RDC]","link":"http://163.172.213.41:8081/MOLIERE/CANAL/playlist.m3u8?checkedby:iptvcat.com","country":"afghanistan","liveliness":"100","status":"online","lastChecked":"2020-08-17T00:00:00Z","format":"sd","mbps":"2334","URI":["afghanistan","asia"]},{"id":"193715","channel":"RTGA [RDC]","link":"http://163.172.213.41:8081/play/Rtga/playlist.m3u8?checkedby:iptvcat.com","country":"afghanistan","liveliness":"97","status":"online","lastChecked":"2020-08-17T00:00:00Z","format":"sd","mbps":"2303","URI":["afghanistan","asia"]},{"id":"279625","channel":"RTGA [RDC]","link":"http://cms-streamaniak.top:80/RTGA/index.m3u8?checkedby:iptvcat.com","country":"afghanistan","liveliness":"94","status":"online","lastChecked":"2020-08-16T00:00:00Z","format":"sd","mbps":"2303","URI":["afghanistan","asia"]},{"id":"193713","channel":"RTNC1 [RDC]","link":"http://163.172.213.41:8081/play/Rtnc1/playlist.m3u8?checkedby:iptvcat.com","country":"afghanistan","liveliness":"100","status":"online","lastChecked":"2020-08-17T00:00:00Z","format":"sd","mbps":"1509","URI":["afghanistan","asia"]},{"id":"279620","channel":"RTNC1 [RDC]","link":"http://directstreaming.eu:80/RTNC1/index.m3u8?checkedby:iptvcat.com","country":"afghanistan","liveliness":"100","status":"online","lastChecked":"2020-08-17T00:00:00Z","format":"sd","mbps":"1509","URI":["afghanistan","asia"]},{"id":"279628","channel":"TELE 50 [RDC]","link":"http://directstreaming.eu:80/TELE50/index.m3u8?checkedby:iptvcat.com","country":"afghanistan","liveliness":"100","status":"online","lastChecked":"2020-08-17T00:00:00Z","format":"sd","mbps":"1509","URI":["afghanistan","asia"]},{"id":"6","channel":"Tuti, Tuti TV","link":"https://rrsatrtmp.tulix.tv/livecdn827/myStream.sdp/chunklist.m3u8?checkedby:iptvcat.com","country":"afghanistan","liveliness":"96","status":"offline","lastChecked":"2020-08-19T00:00:00Z","format":"sd","mbps":"2303","URI":["afghanistan","north_america","united_states_of_america","north america","united states of america"]},{"id":"8","channel":"Wesalhaq TV","link":"rtmp://live.noorlive.com:1935/wesal/wesal1?checkedby:iptvcat.com","country":"afghanistan","liveliness":"98","status":"online","lastChecked":"2020-08-17T00:00:00Z","format":"hd","mbps":"5216","URI":["afghanistan"]},{"id":"279628","channel":"TELE 50 [RDC]","link":"http://directstreaming.eu:80/TELE50/index.m3u8?checkedby:iptvcat.com","country":"afghanistan","liveliness":"100","status":"online","lastChecked":"2020-08-17T00:00:00Z","format":"sd","mbps":"1509","URI":["afghanistan","asia"]},{"id":"279625","channel":"RTGA [RDC]","link":"http://cms-streamaniak.top:80/RTGA/index.m3u8?checkedby:iptvcat.com","country":"afghanistan","liveliness":"94","status":"online","lastChecked":"2020-08-16T00:00:00Z","format":"sd","mbps":"2303","URI":["afghanistan","asia"]},{"id":"193715","channel":"RTGA [RDC]","link":"http://163.172.213.41:8081/play/Rtga/playlist.m3u8?checkedby:iptvcat.com","country":"afghanistan","liveliness":"97","status":"online","lastChecked":"2020-08-17T00:00:00Z","format":"sd","mbps":"2303","URI":["afghanistan","asia"]},{"id":"279620","channel":"RTNC1 [RDC]","link":"http://directstreaming.eu:80/RTNC1/index.m3u8?checkedby:iptvcat.com","country":"afghanistan","liveliness":"100","status":"online","lastChecked":"2020-08-17T00:00:00Z","format":"sd","mbps":"1509","URI":["afghanistan","asia"]},{"id":"193713","channel":"RTNC1 [RDC]","link":"http://163.172.213.41:8081/play/Rtnc1/playlist.m3u8?checkedby:iptvcat.com","country":"afghanistan","liveliness":"100","status":"online","lastChecked":"2020-08-17T00:00:00Z","format":"sd","mbps":"1509","URI":["afghanistan","asia"]},{"id":"279633","channel":"MIKUBA TV [KOLWEZI -RDC]","link":"http://163.172.213.41:8081/TV/MIKUBA/playlist.m3u8?checkedby:iptvcat.com","country":"afghanistan","liveliness":"100","status":"online","lastChecked":"2020-08-17T00:00:00Z","format":"sd","mbps":"2334","URI":["afghanistan","asia"]},{"id":"279631","channel":"MOLIERE CANAL RDC]","link":"http://163.172.213.41:8081/MOLIERE/CANAL/playlist.m3u8?checkedby:iptvcat.com","country":"afghanistan","liveliness":"100","status":"online","lastChecked":"2020-08-17T00:00:00Z","format":"sd","mbps":"2334","URI":["afghanistan","asia"]},{"id":"279632","channel":"HOREB TV [MATADI]","link":"http://directstreaming.eu:80/HTV/horebtv/index.m3u8?checkedby:iptvcat.com","country":"afghanistan","liveliness":"63","status":"offline","lastChecked":"2020-08-19T00:00:00Z","format":"hd","mbps":"4318","URI":["afghanistan","asia"]},{"id":"328584","channel":"Hazara World TV","link":"http://red.ipfox.org:8080/live/tigerag_uFZ5wd/3dL1WNjy/6811.m3u8?checkedby:iptvcat.com","country":"afghanistan","liveliness":"25","status":"offline","lastChecked":"2020-08-18T00:00:00Z","format":"fhd 2k","mbps":"11126","URI":["afghanistan","asia"]},{"id":"328585","channel":"Hewad TV","link":"http://red.ipfox.org:8080/live/tigerag_uFZ5wd/3dL1WNjy/6812.m3u8?checkedby:iptvcat.com","country":"afghanistan","liveliness":"25","status":"offline","lastChecked":"2020-08-18T00:00:00Z","format":"sd","mbps":"1509","URI":["afghanistan","asia"]},{"id":"328580","channel":"1 TV HD","link":"http://red.ipfox.org:8080/live/tigerag_uFZ5wd/3dL1WNjy/6807.m3u8?checkedby:iptvcat.com","country":"afghanistan","liveliness":"25","status":"offline","lastChecked":"2020-08-18T00:00:00Z","format":"hd","mbps":"3188","URI":["afghanistan","asia"]},{"id":"328571","channel":"1TV Afghanistan","link":"http://red.ipfox.org:8080/live/tigerag_uFZ5wd/3dL1WNjy/6795.m3u8?checkedby:iptvcat.com","country":"afghanistan","liveliness":"25","status":"offline","lastChecked":"2020-08-18T00:00:00Z","format":"hd","mbps":"3188","URI":["afghanistan","asia"]},{"id":"56096","channel":"AF | Ariana News, Ariana News","link":"https://d10rltuy0iweup.cloudfront.net/ATNNEWS/myStream/chunklist.m3u8?checkedby:iptvcat.com","country":"afghanistan","liveliness":"93","status":"online","lastChecked":"2020-08-18T00:00:00Z","format":"sd","mbps":"2743","URI":["afghanistan","asia"]},{"id":"56094","channel":"AF | Ariana TV, Ariana TV","link":"https://d10rltuy0iweup.cloudfront.net/ATNNAT/myStream/chunklist.m3u8?checkedby:iptvcat.com","country":"afghanistan","liveliness":"100","status":"online","lastChecked":"2020-08-17T00:00:00Z","format":"sd","mbps":"2743","URI":["afghanistan","asia"]},{"id":"56095","channel":"AF | Ariana TV US, Ariana TV US","link":"http://d2g7v53450s2i2.cloudfront.net/ATNUS/streamdelay/chunklist.m3u8?checkedby:iptvcat.com","country":"afghanistan","liveliness":"100","status":"online","lastChecked":"2020-08-17T00:00:00Z","format":"sd","mbps":"2743","URI":["afghanistan","asia"]},{"id":"328573","channel":"AMC TV","link":"http://red.ipfox.org:8080/live/tigerag_uFZ5wd/3dL1WNjy/6797.m3u8?checkedby:iptvcat.com","country":"afghanistan","liveliness":"25","status":"offline","lastChecked":"2020-08-18T00:00:00Z","format":"hd","mbps":"3188","URI":["afghanistan","asia"]},{"id":"328579","channel":"ATN News","link":"http://red.ipfox.org:8080/live/tigerag_uFZ5wd/3dL1WNjy/6805.m3u8?checkedby:iptvcat.com","country":"afghanistan","liveliness":"25","status":"offline","lastChecked":"2020-08-18T00:00:00Z","format":"sd","mbps":"2743","URI":["afghanistan","asia"]},{"id":"20027","channel":"Ads sport cricket, RTA Sport (New!)","link":"http://212.47.252.54/hls/stream.m3u8?checkedby:iptvcat.com","country":"afghanistan","liveliness":"99","status":"online","lastChecked":"2020-08-17T00:00:00Z","format":"hd","mbps":"3188","URI":["afghanistan","asia","sport"]},{"id":"328572","channel":"Afghan Javan","link":"http://red.ipfox.org:8080/live/tigerag_uFZ5wd/3dL1WNjy/6796.m3u8?checkedby:iptvcat.com","country":"afghanistan","liveliness":"25","status":"offline","lastChecked":"2020-08-18T00:00:00Z","format":"sd","mbps":"2740","URI":["afghanistan","asia"]},{"id":"328574","channel":"Arezo TV HD","link":"http://red.ipfox.org:8080/live/tigerag_uFZ5wd/3dL1WNjy/6798.m3u8?checkedby:iptvcat.com","country":"afghanistan","liveliness":"25","status":"offline","lastChecked":"2020-08-18T00:00:00Z","format":"hd","mbps":"3188","URI":["afghanistan","asia"]},{"id":"328575","channel":"Aria Music","link":"http://red.ipfox.org:8080/live/tigerag_uFZ5wd/3dL1WNjy/6800.m3u8?checkedby:iptvcat.com","country":"afghanistan","liveliness":"25","status":"offline","lastChecked":"2020-08-18T00:00:00Z","format":"hd","mbps":"3625","URI":["afghanistan","asia"]},{"id":"132506","channel":"Ariana News","link":"https://d10rltuy0iweup.cloudfront.net/ATNNEWS/myStream/playlist.m3u8?checkedby:iptvcat.com","country":"afghanistan","liveliness":"91","status":"online","lastChecked":"2020-08-17T00:00:00Z","format":"sd","mbps":"2743","URI":["afghanistan","asia"]},{"id":"328576","channel":"Ariana News","link":"http://red.ipfox.org:8080/live/tigerag_uFZ5wd/3dL1WNjy/6801.m3u8?checkedby:iptvcat.com","country":"afghanistan","liveliness":"25","status":"offline","lastChecked":"2020-08-18T00:00:00Z","format":"sd","mbps":"2743","URI":["afghanistan","asia"]},{"id":"132507","channel":"Ariana TV","link":"https://d2g7v53450s2i2.cloudfront.net/ATNUS/streamdelay/playlist.m3u8?checkedby:iptvcat.com","country":"afghanistan","liveliness":"100","status":"online","lastChecked":"2020-08-17T00:00:00Z","format":"sd","mbps":"2743","URI":["afghanistan","asia"]},{"id":"328577","channel":"Ariana USA","link":"http://red.ipfox.org:8080/live/tigerag_uFZ5wd/3dL1WNjy/6803.m3u8?checkedby:iptvcat.com","country":"afghanistan","liveliness":"25","status":"offline","lastChecked":"2020-08-18T00:00:00Z","format":"hd","mbps":"5020","URI":["afghanistan","asia"]},{"id":"328578","channel":"Ariana World","link":"http://red.ipfox.org:8080/live/tigerag_uFZ5wd/3dL1WNjy/6804.m3u8?checkedby:iptvcat.com","country":"afghanistan","liveliness":"25","status":"offline","lastChecked":"2020-08-18T00:00:00Z","format":"sd","mbps":"2743","URI":["afghanistan","asia"]},{"id":"328581","channel":"Ayna TV","link":"http://red.ipfox.org:8080/live/tigerag_uFZ5wd/3dL1WNjy/6808.m3u8?checkedby:iptvcat.com","country":"afghanistan","liveliness":"25","status":"offline","lastChecked":"2020-08-18T00:00:00Z","format":"sd","mbps":"2743","URI":["afghanistan","asia"]},{"id":"279623","channel":"B-ONE [RDC]","link":"http://directstreaming.eu:80/B-ONE/index.m3u8?checkedby:iptvcat.com","country":"afghanistan","liveliness":"94","status":"online","lastChecked":"2020-08-16T00:00:00Z","format":"sd","mbps":"2303","URI":["afghanistan","asia"]},{"id":"193714","channel":"B-ONE [RDC]","link":"http://163.172.213.41:8081/play/B-one/playlist.m3u8?checkedby:iptvcat.com","country":"afghanistan","liveliness":"95","status":"online","lastChecked":"2020-08-16T00:00:00Z","format":"sd","mbps":"2303","URI":["afghanistan","asia"]},{"id":"328582","channel":"Bahar TV HD","link":"http://red.ipfox.org:8080/live/tigerag_uFZ5wd/3dL1WNjy/6809.m3u8?checkedby:iptvcat.com","country":"afghanistan","liveliness":"25","status":"offline","lastChecked":"2020-08-18T00:00:00Z","format":"hd","mbps":"4318","URI":["afghanistan","asia"]},{"id":"328583","channel":"Batur","link":"http://red.ipfox.org:8080/live/tigerag_uFZ5wd/3dL1WNjy/6810.m3u8?checkedby:iptvcat.com","country":"afghanistan","liveliness":"25","status":"offline","lastChecked":"2020-08-18T00:00:00Z","format":"hd","mbps":"3188","URI":["afghanistan","asia"]},{"id":"279627","channel":"DIGITAL-CONGO [RDC]","link":"http://cms-streamaniak.top:80/DIGITAL-CONGO/index.m3u8?checkedby:iptvcat.com","country":"afghanistan","liveliness":"100","status":"online","lastChecked":"2020-08-17T00:00:00Z","format":"sd","mbps":"1509","URI":["afghanistan","asia"]},{"id":"193716","channel":"DIGITAL-CONGO [RDC]","link":"http://163.172.213.41:8081/play/Digital/playlist.m3u8?checkedby:iptvcat.com","country":"afghanistan","liveliness":"98","status":"online","lastChecked":"2020-08-17T00:00:00Z","format":"sd","mbps":"1509","URI":["afghanistan","asia"]},{"id":"328580","channel":"1 TV HD","link":"http://red.ipfox.org:8080/live/tigerag_uFZ5wd/3dL1WNjy/6807.m3u8?checkedby:iptvcat.com","country":"afghanistan","liveliness":"25","status":"offline","lastChecked":"2020-08-18T00:00:00Z","format":"hd","mbps":"3188","URI":["afghanistan","asia"]},{"id":"328571","channel":"1TV Afghanistan","link":"http://red.ipfox.org:8080/live/tigerag_uFZ5wd/3dL1WNjy/6795.m3u8?checkedby:iptvcat.com","country":"afghanistan","liveliness":"25","status":"offline","lastChecked":"2020-08-18T00:00:00Z","format":"hd","mbps":"3188","URI":["afghanistan","asia"]},{"id":"56096","channel":"AF | Ariana News, Ariana News","link":"https://d10rltuy0iweup.cloudfront.net/ATNNEWS/myStream/chunklist.m3u8?checkedby:iptvcat.com","country":"afghanistan","liveliness":"93","status":"online","lastChecked":"2020-08-18T00:00:00Z","format":"sd","mbps":"2743","URI":["afghanistan","asia"]},{"id":"56094","channel":"AF | Ariana TV, Ariana TV","link":"https://d10rltuy0iweup.cloudfront.net/ATNNAT/myStream/chunklist.m3u8?checkedby:iptvcat.com","country":"afghanistan","liveliness":"100","status":"online","lastChecked":"2020-08-17T00:00:00Z","format":"sd","mbps":"2743","URI":["afghanistan","asia"]},{"id":"56095","channel":"AF | Ariana TV US, Ariana TV US","link":"http://d2g7v53450s2i2.cloudfront.net/ATNUS/streamdelay/chunklist.m3u8?checkedby:iptvcat.com","country":"afghanistan","liveliness":"100","status":"online","lastChecked":"2020-08-17T00:00:00Z","format":"sd","mbps":"2743","URI":["afghanistan","asia"]},{"id":"328573","channel":"AMC TV","link":"http://red.ipfox.org:8080/live/tigerag_uFZ5wd/3dL1WNjy/6797.m3u8?checkedby:iptvcat.com","country":"afghanistan","liveliness":"25","status":"offline","lastChecked":"2020-08-18T00:00:00Z","format":"hd","mbps":"3188","URI":["afghanistan","asia"]},{"id":"328579","channel":"ATN News","link":"http://red.ipfox.org:8080/live/tigerag_uFZ5wd/3dL1WNjy/6805.m3u8?checkedby:iptvcat.com","country":"afghanistan","liveliness":"25","status":"offline","lastChecked":"2020-08-18T00:00:00Z","format":"sd","mbps":"2743","URI":["afghanistan","asia"]},{"id":"20027","channel":"Ads sport cricket, RTA Sport (New!)","link":"http://212.47.252.54/hls/stream.m3u8?checkedby:iptvcat.com","country":"afghanistan","liveliness":"99","status":"online","lastChecked":"2020-08-17T00:00:00Z","format":"hd","mbps":"3188","URI":["afghanistan","asia","sport"]},{"id":"328572","channel":"Afghan Javan","link":"http://red.ipfox.org:8080/live/tigerag_uFZ5wd/3dL1WNjy/6796.m3u8?checkedby:iptvcat.com","country":"afghanistan","liveliness":"25","status":"offline","lastChecked":"2020-08-18T00:00:00Z","format":"sd","mbps":"2740","URI":["afghanistan","asia"]},{"id":"6","channel":"Tuti, Tuti TV","link":"https://rrsatrtmp.tulix.tv/livecdn827/myStream.sdp/chunklist.m3u8?checkedby:iptvcat.com","country":"afghanistan","liveliness":"96","status":"offline","lastChecked":"2020-08-19T00:00:00Z","format":"sd","mbps":"2303","URI":["afghanistan","north_america","united_states_of_america","north america","united states of america"]},{"id":"6","channel":"Tuti, Tuti TV","link":"https://rrsatrtmp.tulix.tv/livecdn827/myStream.sdp/chunklist.m3u8?checkedby:iptvcat.com","country":"afghanistan","liveliness":"96","status":"offline","lastChecked":"2020-08-19T00:00:00Z","format":"sd","mbps":"2303","URI":["afghanistan","north_america","united_states_of_america","north america","united states of america"]},{"id":"6","channel":"Tuti, Tuti TV","link":"https://rrsatrtmp.tulix.tv/livecdn827/myStream.sdp/chunklist.m3u8?checkedby:iptvcat.com","country":"afghanistan","liveliness":"96","status":"offline","lastChecked":"2020-08-19T00:00:00Z","format":"sd","mbps":"2303","URI":["afghanistan","north_america","united_states_of_america","north america","united states of america"]},{"id":"328580","channel":"1 TV HD","link":"http://red.ipfox.org:8080/live/tigerag_uFZ5wd/3dL1WNjy/6807.m3u8?checkedby:iptvcat.com","country":"afghanistan","liveliness":"25","status":"offline","lastChecked":"2020-08-18T00:00:00Z","format":"hd","mbps":"3188","URI":["afghanistan","asia"]},{"id":"328571","channel":"1TV Afghanistan","link":"http://red.ipfox.org:8080/live/tigerag_uFZ5wd/3dL1WNjy/6795.m3u8?checkedby:iptvcat.com","country":"afghanistan","liveliness":"25","status":"offline","lastChecked":"2020-08-18T00:00:00Z","format":"hd","mbps":"3188","URI":["afghanistan","asia"]},{"id":"56096","channel":"AF | Ariana News, Ariana News","link":"https://d10rltuy0iweup.cloudfront.net/ATNNEWS/myStream/chunklist.m3u8?checkedby:iptvcat.com","country":"afghanistan","liveliness":"93","status":"online","lastChecked":"2020-08-18T00:00:00Z","format":"sd","mbps":"2743","URI":["afghanistan","asia"]},{"id":"56094","channel":"AF | Ariana TV, Ariana TV","link":"https://d10rltuy0iweup.cloudfront.net/ATNNAT/myStream/chunklist.m3u8?checkedby:iptvcat.com","country":"afghanistan","liveliness":"100","status":"online","lastChecked":"2020-08-17T00:00:00Z","format":"sd","mbps":"2743","URI":["afghanistan","asia"]},{"id":"56095","channel":"AF | Ariana TV US, Ariana TV US","link":"http://d2g7v53450s2i2.cloudfront.net/ATNUS/streamdelay/chunklist.m3u8?checkedby:iptvcat.com","country":"afghanistan","liveliness":"100","status":"online","lastChecked":"2020-08-17T00:00:00Z","format":"sd","mbps":"2743","URI":["afghanistan","asia"]},{"id":"328573","channel":"AMC TV","link":"http://red.ipfox.org:8080/live/tigerag_uFZ5wd/3dL1WNjy/6797.m3u8?checkedby:iptvcat.com","country":"afghanistan","liveliness":"25","status":"offline","lastChecked":"2020-08-18T00:00:00Z","format":"hd","mbps":"3188","URI":["afghanistan","asia"]},{"id":"328579","channel":"ATN News","link":"http://red.ipfox.org:8080/live/tigerag_uFZ5wd/3dL1WNjy/6805.m3u8?checkedby:iptvcat.com","country":"afghanistan","liveliness":"25","status":"offline","lastChecked":"2020-08-18T00:00:00Z","format":"sd","mbps":"2743","URI":["afghanistan","asia"]},{"id":"20027","channel":"Ads sport cricket, RTA Sport (New!)","link":"http://212.47.252.54/hls/stream.m3u8?checkedby:iptvcat.com","country":"afghanistan","liveliness":"99","status":"online","lastChecked":"2020-08-17T00:00:00Z","format":"hd","mbps":"3188","URI":["afghanistan","asia","sport"]},{"id":"328572","channel":"Afghan Javan","link":"http://red.ipfox.org:8080/live/tigerag_uFZ5wd/3dL1WNjy/6796.m3u8?checkedby:iptvcat.com","country":"afghanistan","liveliness":"25","status":"offline","lastChecked":"2020-08-18T00:00:00Z","format":"sd","mbps":"2740","URI":["afghanistan","asia"]},{"id":"328574","channel":"Arezo TV HD","link":"http://red.ipfox.org:8080/live/tigerag_uFZ5wd/3dL1WNjy/6798.m3u8?checkedby:iptvcat.com","country":"afghanistan","liveliness":"25","status":"offline","lastChecked":"2020-08-18T00:00:00Z","format":"hd","mbps":"3188","URI":["afghanistan","asia"]},{"id":"328575","channel":"Aria Music","link":"http://red.ipfox.org:8080/live/tigerag_uFZ5wd/3dL1WNjy/6800.m3u8?checkedby:iptvcat.com","country":"afghanistan","liveliness":"25","status":"offline","lastChecked":"2020-08-18T00:00:00Z","format":"hd","mbps":"3625","URI":["afghanistan","asia"]},{"id":"132506","channel":"Ariana News","link":"https://d10rltuy0iweup.cloudfront.net/ATNNEWS/myStream/playlist.m3u8?checkedby:iptvcat.com","country":"afghanistan","liveliness":"91","status":"online","lastChecked":"2020-08-17T00:00:00Z","format":"sd","mbps":"2743","URI":["afghanistan","asia"]},{"id":"1","channel":"Ariana News","link":"https://d10rltuy0iweup.cloudfront.net/ATNNEWS/myStream/chunklist_w796472816.m3u8?checkedby:iptvcat.com","country":"afghanistan","liveliness":"96","status":"online","lastChecked":"2020-08-16T00:00:00Z","format":"sd","mbps":"2743","URI":["afghanistan"]},{"id":"328576","channel":"Ariana News","link":"http://red.ipfox.org:8080/live/tigerag_uFZ5wd/3dL1WNjy/6801.m3u8?checkedby:iptvcat.com","country":"afghanistan","liveliness":"25","status":"offline","lastChecked":"2020-08-18T00:00:00Z","format":"sd","mbps":"2743","URI":["afghanistan","asia"]},{"id":"132507","channel":"Ariana TV","link":"https://d2g7v53450s2i2.cloudfront.net/ATNUS/streamdelay/playlist.m3u8?checkedby:iptvcat.com","country":"afghanistan","liveliness":"100","status":"online","lastChecked":"2020-08-17T00:00:00Z","format":"sd","mbps":"2743","URI":["afghanistan","asia"]},{"id":"3","channel":"Ariana TV","link":"https://d10rltuy0iweup.cloudfront.net/ATNNAT/myStream/chunklist_w2121902183.m3u8?checkedby:iptvcat.com","country":"afghanistan","liveliness":"100","status":"online","lastChecked":"2020-08-17T00:00:00Z","format":"sd","mbps":"2743","URI":["afghanistan"]},{"id":"2","channel":"Ariana TV, Ariana TV USA","link":"http://d2g7v53450s2i2.cloudfront.net/ATNUS/streamdelay/chunklist_w1314452267.m3u8?checkedby:iptvcat.com","country":"afghanistan","liveliness":"99","status":"online","lastChecked":"2020-08-17T00:00:00Z","format":"sd","mbps":"2743","URI":["afghanistan"]},{"id":"5436","channel":"Ariana TV Int'l","link":"https://d10rltuy0iweup.cloudfront.net/ATNINT/myStream/playlist.m3u8?checkedby:iptvcat.com","country":"afghanistan","liveliness":"99","status":"online","lastChecked":"2020-08-17T00:00:00Z","format":"sd","mbps":"2743","URI":["afghanistan"]},{"id":"5437","channel":"Ariana TV National","link":"https://d10rltuy0iweup.cloudfront.net/ATNNAT/myStream/playlist.m3u8?checkedby:iptvcat.com","country":"afghanistan","liveliness":"99","status":"online","lastChecked":"2020-08-17T00:00:00Z","format":"sd","mbps":"2743","URI":["afghanistan"]},{"id":"328577","channel":"Ariana USA","link":"http://red.ipfox.org:8080/live/tigerag_uFZ5wd/3dL1WNjy/6803.m3u8?checkedby:iptvcat.com","country":"afghanistan","liveliness":"25","status":"offline","lastChecked":"2020-08-18T00:00:00Z","format":"hd","mbps":"5020","URI":["afghanistan","asia"]},{"id":"328578","channel":"Ariana World","link":"http://red.ipfox.org:8080/live/tigerag_uFZ5wd/3dL1WNjy/6804.m3u8?checkedby:iptvcat.com","country":"afghanistan","liveliness":"25","status":"offline","lastChecked":"2020-08-18T00:00:00Z","format":"sd","mbps":"2743","URI":["afghanistan","asia"]},{"id":"328581","channel":"Ayna TV","link":"http://red.ipfox.org:8080/live/tigerag_uFZ5wd/3dL1WNjy/6808.m3u8?checkedby:iptvcat.com","country":"afghanistan","liveliness":"25","status":"offline","lastChecked":"2020-08-18T00:00:00Z","format":"sd","mbps":"2743","URI":["afghanistan","asia"]},{"id":"279623","channel":"B-ONE [RDC]","link":"http://directstreaming.eu:80/B-ONE/index.m3u8?checkedby:iptvcat.com","country":"afghanistan","liveliness":"94","status":"online","lastChecked":"2020-08-16T00:00:00Z","format":"sd","mbps":"2303","URI":["afghanistan","asia"]},{"id":"193714","channel":"B-ONE [RDC]","link":"http://163.172.213.41:8081/play/B-one/playlist.m3u8?checkedby:iptvcat.com","country":"afghanistan","liveliness":"95","status":"online","lastChecked":"2020-08-16T00:00:00Z","format":"sd","mbps":"2303","URI":["afghanistan","asia"]},{"id":"328582","channel":"Bahar TV HD","link":"http://red.ipfox.org:8080/live/tigerag_uFZ5wd/3dL1WNjy/6809.m3u8?checkedby:iptvcat.com","country":"afghanistan","liveliness":"25","status":"offline","lastChecked":"2020-08-18T00:00:00Z","format":"hd","mbps":"4318","URI":["afghanistan","asia"]},{"id":"328583","channel":"Batur","link":"http://red.ipfox.org:8080/live/tigerag_uFZ5wd/3dL1WNjy/6810.m3u8?checkedby:iptvcat.com","country":"afghanistan","liveliness":"25","status":"offline","lastChecked":"2020-08-18T00:00:00Z","format":"hd","mbps":"3188","URI":["afghanistan","asia"]},{"id":"279627","channel":"DIGITAL-CONGO [RDC]","link":"http://cms-streamaniak.top:80/DIGITAL-CONGO/index.m3u8?checkedby:iptvcat.com","country":"afghanistan","liveliness":"100","status":"online","lastChecked":"2020-08-17T00:00:00Z","format":"sd","mbps":"1509","URI":["afghanistan","asia"]},{"id":"193716","channel":"DIGITAL-CONGO [RDC]","link":"http://163.172.213.41:8081/play/Digital/playlist.m3u8?checkedby:iptvcat.com","country":"afghanistan","liveliness":"98","status":"online","lastChecked":"2020-08-17T00:00:00Z","format":"sd","mbps":"1509","URI":["afghanistan","asia"]},{"id":"279632","channel":"HOREB TV [MATADI]","link":"http://directstreaming.eu:80/HTV/horebtv/index.m3u8?checkedby:iptvcat.com","country":"afghanistan","liveliness":"63","status":"offline","lastChecked":"2020-08-19T00:00:00Z","format":"hd","mbps":"4318","URI":["afghanistan","asia"]},{"id":"328584","channel":"Hazara World TV","link":"http://red.ipfox.org:8080/live/tigerag_uFZ5wd/3dL1WNjy/6811.m3u8?checkedby:iptvcat.com","country":"afghanistan","liveliness":"25","status":"offline","lastChecked":"2020-08-18T00:00:00Z","format":"fhd 2k","mbps":"11126","URI":["afghanistan","asia"]},{"id":"328585","channel":"Hewad TV","link":"http://red.ipfox.org:8080/live/tigerag_uFZ5wd/3dL1WNjy/6812.m3u8?checkedby:iptvcat.com","country":"afghanistan","liveliness":"25","status":"offline","lastChecked":"2020-08-18T00:00:00Z","format":"sd","mbps":"1509","URI":["afghanistan","asia"]},{"id":"5439","channel":"Kayhan TV","link":"https://playout395.livestreamingcdn.com/live/Stream1/chunklist.m3u8?checkedby:iptvcat.com","country":"afghanistan","liveliness":"85","status":"online","lastChecked":"2020-08-17T00:00:00Z","format":"hd","mbps":"3795","URI":["afghanistan"]},{"id":"5","channel":"Kayhan TV","link":"http://playout395.livestreamingcdn.com:1935/live/Stream1/playlist.m3u8?checkedby:iptvcat.com","country":"afghanistan","liveliness":"96","status":"online","lastChecked":"2020-08-17T00:00:00Z","format":"hd","mbps":"3482","URI":["afghanistan"]},{"id":"279633","channel":"MIKUBA TV [KOLWEZI -RDC]","link":"http://163.172.213.41:8081/TV/MIKUBA/playlist.m3u8?checkedby:iptvcat.com","country":"afghanistan","liveliness":"100","status":"online","lastChecked":"2020-08-17T00:00:00Z","format":"sd","mbps":"2334","URI":["afghanistan","asia"]},{"id":"279631","channel":"MOLIERE CANAL RDC]","link":"http://163.172.213.41:8081/MOLIERE/CANAL/playlist.m3u8?checkedby:iptvcat.com","country":"afghanistan","liveliness":"100","status":"online","lastChecked":"2020-08-17T00:00:00Z","format":"sd","mbps":"2334","URI":["afghanistan","asia"]},{"id":"279625","channel":"RTGA [RDC]","link":"http://cms-streamaniak.top:80/RTGA/index.m3u8?checkedby:iptvcat.com","country":"afghanistan","liveliness":"94","status":"online","lastChecked":"2020-08-16T00:00:00Z","format":"sd","mbps":"2303","URI":["afghanistan","asia"]},{"id":"193715","channel":"RTGA [RDC]","link":"http://163.172.213.41:8081/play/Rtga/playlist.m3u8?checkedby:iptvcat.com","country":"afghanistan","liveliness":"97","status":"online","lastChecked":"2020-08-17T00:00:00Z","format":"sd","mbps":"2303","URI":["afghanistan","asia"]},{"id":"279620","channel":"RTNC1 [RDC]","link":"http://directstreaming.eu:80/RTNC1/index.m3u8?checkedby:iptvcat.com","country":"afghanistan","liveliness":"100","status":"online","lastChecked":"2020-08-17T00:00:00Z","format":"sd","mbps":"1509","URI":["afghanistan","asia"]},{"id":"193713","channel":"RTNC1 [RDC]","link":"http://163.172.213.41:8081/play/Rtnc1/playlist.m3u8?checkedby:iptvcat.com","country":"afghanistan","liveliness":"100","status":"online","lastChecked":"2020-08-17T00:00:00Z","format":"sd","mbps":"1509","URI":["afghanistan","asia"]},{"id":"279628","channel":"TELE 50 [RDC]","link":"http://directstreaming.eu:80/TELE50/index.m3u8?checkedby:iptvcat.com","country":"afghanistan","liveliness":"100","status":"online","lastChecked":"2020-08-17T00:00:00Z","format":"sd","mbps":"1509","URI":["afghanistan","asia"]},{"id":"6","channel":"Tuti, Tuti TV","link":"https://rrsatrtmp.tulix.tv/livecdn827/myStream.sdp/chunklist.m3u8?checkedby:iptvcat.com","country":"afghanistan","liveliness":"96","status":"offline","lastChecked":"2020-08-19T00:00:00Z","format":"sd","mbps":"2303","URI":["afghanistan","north_america","united_states_of_america","north america","united states of america"]},{"id":"8","channel":"Wesalhaq TV","link":"rtmp://live.noorlive.com:1935/wesal/wesal1?checkedby:iptvcat.com","country":"afghanistan","liveliness":"98","status":"online","lastChecked":"2020-08-17T00:00:00Z","format":"hd","mbps":"5216","URI":["afghanistan"]},{"id":"20027","channel":"Ads sport cricket, RTA Sport (New!)","link":"http://212.47.252.54/hls/stream.m3u8?checkedby:iptvcat.com","country":"afghanistan","liveliness":"99","status":"online","lastChecked":"2020-08-17T00:00:00Z","format":"hd","mbps":"3188","URI":["afghanistan","asia","sport"]},{"id":"328580","channel":"1 TV HD","link":"http://red.ipfox.org:8080/live/tigerag_uFZ5wd/3dL1WNjy/6807.m3u8?checkedby:iptvcat.com","country":"afghanistan","liveliness":"25","status":"offline","lastChecked":"2020-08-18T00:00:00Z","format":"hd","mbps":"3188","URI":["afghanistan","asia"]},{"id":"328571","channel":"1TV Afghanistan","link":"http://red.ipfox.org:8080/live/tigerag_uFZ5wd/3dL1WNjy/6795.m3u8?checkedby:iptvcat.com","country":"afghanistan","liveliness":"25","status":"offline","lastChecked":"2020-08-18T00:00:00Z","format":"hd","mbps":"3188","URI":["afghanistan","asia"]},{"id":"56096","channel":"AF | Ariana News, Ariana News","link":"https://d10rltuy0iweup.cloudfront.net/ATNNEWS/myStream/chunklist.m3u8?checkedby:iptvcat.com","country":"afghanistan","liveliness":"93","status":"online","lastChecked":"2020-08-18T00:00:00Z","format":"sd","mbps":"2743","URI":["afghanistan","asia"]},{"id":"56094","channel":"AF | Ariana TV, Ariana TV","link":"https://d10rltuy0iweup.cloudfront.net/ATNNAT/myStream/chunklist.m3u8?checkedby:iptvcat.com","country":"afghanistan","liveliness":"100","status":"online","lastChecked":"2020-08-17T00:00:00Z","format":"sd","mbps":"2743","URI":["afghanistan","asia"]},{"id":"56095","channel":"AF | Ariana TV US, Ariana TV US","link":"http://d2g7v53450s2i2.cloudfront.net/ATNUS/streamdelay/chunklist.m3u8?checkedby:iptvcat.com","country":"afghanistan","liveliness":"100","status":"online","lastChecked":"2020-08-17T00:00:00Z","format":"sd","mbps":"2743","URI":["afghanistan","asia"]},{"id":"328573","channel":"AMC TV","link":"http://red.ipfox.org:8080/live/tigerag_uFZ5wd/3dL1WNjy/6797.m3u8?checkedby:iptvcat.com","country":"afghanistan","liveliness":"25","status":"offline","lastChecked":"2020-08-18T00:00:00Z","format":"hd","mbps":"3188","URI":["afghanistan","asia"]},{"id":"328579","channel":"ATN News","link":"http://red.ipfox.org:8080/live/tigerag_uFZ5wd/3dL1WNjy/6805.m3u8?checkedby:iptvcat.com","country":"afghanistan","liveliness":"25","status":"offline","lastChecked":"2020-08-18T00:00:00Z","format":"sd","mbps":"2743","URI":["afghanistan","asia"]},{"id":"20027","channel":"Ads sport cricket, RTA Sport (New!)","link":"http://212.47.252.54/hls/stream.m3u8?checkedby:iptvcat.com","country":"afghanistan","liveliness":"99","status":"online","lastChecked":"2020-08-17T00:00:00Z","format":"hd","mbps":"3188","URI":["afghanistan","asia","sport"]},{"id":"328572","channel":"Afghan Javan","link":"http://red.ipfox.org:8080/live/tigerag_uFZ5wd/3dL1WNjy/6796.m3u8?checkedby:iptvcat.com","country":"afghanistan","liveliness":"25","status":"offline","lastChecked":"2020-08-18T00:00:00Z","format":"sd","mbps":"2740","URI":["afghanistan","asia"]},{"id":"328580","channel":"1 TV HD","link":"http://red.ipfox.org:8080/live/tigerag_uFZ5wd/3dL1WNjy/6807.m3u8?checkedby:iptvcat.com","country":"afghanistan","liveliness":"25","status":"offline","lastChecked":"2020-08-18T00:00:00Z","format":"hd","mbps":"3188","URI":["afghanistan","asia"]},{"id":"328571","channel":"1TV Afghanistan","link":"http://red.ipfox.org:8080/live/tigerag_uFZ5wd/3dL1WNjy/6795.m3u8?checkedby:iptvcat.com","country":"afghanistan","liveliness":"25","status":"offline","lastChecked":"2020-08-18T00:00:00Z","format":"hd","mbps":"3188","URI":["afghanistan","asia"]},{"id":"56096","channel":"AF | Ariana News, Ariana News","link":"https://d10rltuy0iweup.cloudfront.net/ATNNEWS/myStream/chunklist.m3u8?checkedby:iptvcat.com","country":"afghanistan","liveliness":"93","status":"online","lastChecked":"2020-08-18T00:00:00Z","format":"sd","mbps":"2743","URI":["afghanistan","asia"]},{"id":"56094","channel":"AF | Ariana TV, Ariana TV","link":"https://d10rltuy0iweup.cloudfront.net/ATNNAT/myStream/chunklist.m3u8?checkedby:iptvcat.com","country":"afghanistan","liveliness":"100","status":"online","lastChecked":"2020-08-17T00:00:00Z","format":"sd","mbps":"2743","URI":["afghanistan","asia"]},{"id":"56095","channel":"AF | Ariana TV US, Ariana TV US","link":"http://d2g7v53450s2i2.cloudfront.net/ATNUS/streamdelay/chunklist.m3u8?checkedby:iptvcat.com","country":"afghanistan","liveliness":"100","status":"online","lastChecked":"2020-08-17T00:00:00Z","format":"sd","mbps":"2743","URI":["afghanistan","asia"]},{"id":"328573","channel":"AMC TV","link":"http://red.ipfox.org:8080/live/tigerag_uFZ5wd/3dL1WNjy/6797.m3u8?checkedby:iptvcat.com","country":"afghanistan","liveliness":"25","status":"offline","lastChecked":"2020-08-18T00:00:00Z","format":"hd","mbps":"3188","URI":["afghanistan","asia"]},{"id":"328579","channel":"ATN News","link":"http://red.ipfox.org:8080/live/tigerag_uFZ5wd/3dL1WNjy/6805.m3u8?checkedby:iptvcat.com","country":"afghanistan","liveliness":"25","status":"offline","lastChecked":"2020-08-18T00:00:00Z","format":"sd","mbps":"2743","URI":["afghanistan","asia"]},{"id":"20027","channel":"Ads sport cricket, RTA Sport (New!)","link":"http://212.47.252.54/hls/stream.m3u8?checkedby:iptvcat.com","country":"afghanistan","liveliness":"99","status":"online","lastChecked":"2020-08-17T00:00:00Z","format":"hd","mbps":"3188","URI":["afghanistan","asia","sport"]},{"id":"328572","channel":"Afghan Javan","link":"http://red.ipfox.org:8080/live/tigerag_uFZ5wd/3dL1WNjy/6796.m3u8?checkedby:iptvcat.com","country":"afghanistan","liveliness":"25","status":"offline","lastChecked":"2020-08-18T00:00:00Z","format":"sd","mbps":"2740","URI":["afghanistan","asia"]},{"id":"20027","channel":"Ads sport cricket, RTA Sport (New!)","link":"http://212.47.252.54/hls/stream.m3u8?checkedby:iptvcat.com","country":"afghanistan","liveliness":"99","status":"online","lastChecked":"2020-08-17T00:00:00Z","format":"hd","mbps":"3188","URI":["afghanistan","asia","sport"]},{"id":"20027","channel":"Ads sport cricket, RTA Sport (New!)","link":"http://212.47.252.54/hls/stream.m3u8?checkedby:iptvcat.com","country":"afghanistan","liveliness":"99","status":"online","lastChecked":"2020-08-17T00:00:00Z","format":"hd","mbps":"3188","URI":["afghanistan","asia","sport"]},{"id":"20027","channel":"Ads sport cricket, RTA Sport (New!)","link":"http://212.47.252.54/hls/stream.m3u8?checkedby:iptvcat.com","country":"afghanistan","liveliness":"99","status":"online","lastChecked":"2020-08-17T00:00:00Z","format":"hd","mbps":"3188","URI":["afghanistan","asia","sport"]},{"id":"6","channel":"Tuti, Tuti TV","link":"https://rrsatrtmp.tulix.tv/livecdn827/myStream.sdp/chunklist.m3u8?checkedby:iptvcat.com","country":"afghanistan","liveliness":"96","status":"offline","lastChecked":"2020-08-19T00:00:00Z","format":"sd","mbps":"2303","URI":["afghanistan","north_america","united_states_of_america","north america","united states of america"]},{"id":"20027","channel":"Ads sport cricket, RTA Sport (New!)","link":"http://212.47.252.54/hls/stream.m3u8?checkedby:iptvcat.com","country":"afghanistan","liveliness":"99","status":"online","lastChecked":"2020-08-17T00:00:00Z","format":"hd","mbps":"3188","URI":["afghanistan","asia","sport"]}]