[{"id":"81974","channel":"PrimeHD TEST","link":"http://tv.skynetmd.eu:25461/live/Corona/Virus/891.m3u8?checkedby:iptvcat.com","country":"american samoa","liveliness":"66","status":"offline","lastChecked":"2020-08-10T00:00:00Z","format":"fhd 2k","mbps":"13873","URI":["american samoa","american_samoa","oceania"]},{"id":"81974","channel":"PrimeHD TEST","link":"http://tv.skynetmd.eu:25461/live/Corona/Virus/891.m3u8?checkedby:iptvcat.com","country":"american samoa","liveliness":"66","status":"offline","lastChecked":"2020-08-10T00:00:00Z","format":"fhd 2k","mbps":"13873","URI":["american samoa","american_samoa","oceania"]},{"id":"81974","channel":"PrimeHD TEST","link":"http://tv.skynetmd.eu:25461/live/Corona/Virus/891.m3u8?checkedby:iptvcat.com","country":"american samoa","liveliness":"66","status":"offline","lastChecked":"2020-08-10T00:00:00Z","format":"fhd 2k","mbps":"13873","URI":["american samoa","american_samoa","oceania"]}]