[{"id":"40","channel":"RTVA","link":"https://videos.rtva.ad/live/web/chunklist_w1342231881.m3u8?checkedby:iptvcat.com","country":"andorra","liveliness":"99","status":"online","lastChecked":"2020-08-17T00:00:00Z","format":"hd","mbps":"5020","URI":["andorra"]},{"id":"37","channel":"RTVA","link":"http://videos.rtva.ad:1935/live/rtva/playlist.m3u8?checkedby:iptvcat.com","country":"andorra","liveliness":"99","status":"online","lastChecked":"2020-08-17T00:00:00Z","format":"hd","mbps":"5020","URI":["andorra"]},{"id":"39","channel":"RTVA","link":"https://videos.rtva.ad/live/rtva/chunklist_w1082760031.m3u8?checkedby:iptvcat.com","country":"andorra","liveliness":"99","status":"offline","lastChecked":"2020-08-18T00:00:00Z","format":"hd","mbps":"5020","URI":["andorra"]},{"id":"38","channel":"RTVA","link":"http://videos.rtva.ad:1935/live/web/playlist.m3u8?checkedby:iptvcat.com","country":"andorra","liveliness":"99","status":"offline","lastChecked":"2020-08-18T00:00:00Z","format":"hd","mbps":"5020","URI":["andorra"]}]