[{"id":"132512","channel":"5RTV Santa Fe","link":"https://api.new.livestream.com/accounts/5RTvSF/events/8242619/live.m3u8?checkedby:iptvcat.com","country":"argentina","liveliness":"99","status":"online","lastChecked":"2020-08-17T00:00:00Z","format":"hd","mbps":"5020","URI":["latin_america","south_america","south america","argentina","latin america"]},{"id":"132511","channel":"5RTV Santa Fe","link":"https://api.new.livestream.com/accounts/22636012/events/8242619/live.m3u8?checkedby:iptvcat.com","country":"argentina","liveliness":"99","status":"online","lastChecked":"2020-08-17T00:00:00Z","format":"hd","mbps":"5020","URI":["latin_america","south_america","south america","argentina","latin america"]},{"id":"24225","channel":"5TV Corrientes, AR | 5TV Corrientes","link":"http://www.coninfo.net:1935/tvcinco/live1/chunklist_w1546509083.m3u8?checkedby:iptvcat.com","country":"argentina","liveliness":"99","status":"online","lastChecked":"2020-08-17T00:00:00Z","format":"hd","mbps":"3799","URI":["latin_america","north_america","south_america","united_states_of_america","north america","south america","argentina","latin america","united states of america"]},{"id":"24935","channel":"AL Jazeera Arabic Live, AR:AL Jazeera Arabic Live","link":"https://live-hls-web-aja.getaj.net/AJA/02.m3u8?checkedby:iptvcat.com","country":"argentina","liveliness":"100","status":"online","lastChecked":"2020-08-17T00:00:00Z","format":"hd","mbps":"3188","URI":["latin_america","south_america","south america","argentina","latin america"]},{"id":"24936","channel":"AL Jazeera Mubashe, AR:AL Jazeera Mubashe","link":"https://live-hls-web-ajm.getaj.net/AJM/02.m3u8?checkedby:iptvcat.com","country":"argentina","liveliness":"100","status":"online","lastChecked":"2020-08-17T00:00:00Z","format":"hd","mbps":"3188","URI":["latin_america","south_america","south america","argentina","latin america"]},{"id":"24229","channel":"AR | BVC Bahia Blanca, BVC Bahia Blanca","link":"https://cdn2.zencast.tv:30443/bahiablanca/live/playlist.m3u8?checkedby:iptvcat.com","country":"argentina","liveliness":"100","status":"online","lastChecked":"2020-08-17T00:00:00Z","format":"sd","mbps":"1853","URI":["latin_america","north_america","south_america","united_states_of_america","north america","south america","argentina","latin america","united states of america"]},{"id":"55908","channel":"AR | Chaco TV, Chaco TV","link":"https://5b7ecefab6325.streamlock.net/Streamtv/chacotv/chunklist_w1504807357.m3u8?checkedby:iptvcat.com","country":"argentina","liveliness":"97","status":"offline","lastChecked":"2020-08-18T00:00:00Z","format":"hd","mbps":"7114","URI":["latin_america","south_america","south america","argentina","latin america"]},{"id":"55902","channel":"AR | Fenix TV, Fenix TV","link":"https://stmv1.questreaming.com/fenixlarioja/fenixlarioja/playlist.m3u8?checkedby:iptvcat.com","country":"argentina","liveliness":"97","status":"online","lastChecked":"2020-08-17T00:00:00Z","format":"hd","mbps":"3188","URI":["latin_america","south_america","south america","argentina","latin america"]},{"id":"55901","channel":"AR | Net TV, Net TV","link":"https://unlimited1-us.dps.live/nettv/nettv.smil/nettv/livestream1/chunks.m3u8?checkedby:iptvcat.com","country":"argentina","liveliness":"99","status":"online","lastChecked":"2020-08-17T00:00:00Z","format":"hd","mbps":"5997","URI":["latin_america","south_america","south america","argentina","latin america"]},{"id":"24937","channel":"AR:TRT Arabic, TRT Arabic","link":"https://tv-trtarabi.live.trt.com.tr/master_720.m3u8?checkedby:iptvcat.com","country":"argentina","liveliness":"100","status":"online","lastChecked":"2020-08-17T00:00:00Z","format":"hd","mbps":"3188","URI":["latin_america","south_america","south america","argentina","latin america"]},{"id":"24229","channel":"AR | BVC Bahia Blanca, BVC Bahia Blanca","link":"https://cdn2.zencast.tv:30443/bahiablanca/live/playlist.m3u8?checkedby:iptvcat.com","country":"argentina","liveliness":"100","status":"online","lastChecked":"2020-08-17T00:00:00Z","format":"sd","mbps":"1853","URI":["latin_america","north_america","south_america","united_states_of_america","north america","south america","argentina","latin america","united states of america"]},{"id":"24225","channel":"5TV Corrientes, AR | 5TV Corrientes","link":"http://www.coninfo.net:1935/tvcinco/live1/chunklist_w1546509083.m3u8?checkedby:iptvcat.com","country":"argentina","liveliness":"99","status":"online","lastChecked":"2020-08-17T00:00:00Z","format":"hd","mbps":"3799","URI":["latin_america","north_america","south_america","united_states_of_america","north america","south america","argentina","latin america","united states of america"]},{"id":"24225","channel":"5TV Corrientes, AR | 5TV Corrientes","link":"http://www.coninfo.net:1935/tvcinco/live1/chunklist_w1546509083.m3u8?checkedby:iptvcat.com","country":"argentina","liveliness":"99","status":"online","lastChecked":"2020-08-17T00:00:00Z","format":"hd","mbps":"3799","URI":["latin_america","north_america","south_america","united_states_of_america","north america","south america","argentina","latin america","united states of america"]},{"id":"132524","channel":"TLX","link":"https://live-edge01.telecentro.net.ar/live/tlxhd-720/master.m3u8?checkedby:iptvcat.com","country":"argentina","liveliness":"98","status":"online","lastChecked":"2020-08-17T00:00:00Z","format":"hd","mbps":"3625","URI":["south_america","south america","argentina","latin america","latin_america"]},{"id":"132522","channel":"Telemax","link":"https://live-edge01.telecentro.net.ar/live/tlxhd-720/playlist.m3u8?checkedby:iptvcat.com","country":"argentina","liveliness":"97","status":"online","lastChecked":"2020-08-17T00:00:00Z","format":"hd","mbps":"3625","URI":["south_america","south america","argentina","latin america","latin_america"]},{"id":"132523","channel":"Tierramia TV","link":"https://live-edge01.telecentro.net.ar/live/smil:tlx.smil/master.m3u8?checkedby:iptvcat.com","country":"argentina","liveliness":"91","status":"online","lastChecked":"2020-08-17T00:00:00Z","format":"hd","mbps":"3625, ...","URI":["south_america","south america","argentina","latin america","latin_america"]},{"id":"132521","channel":"T5 Satelital","link":"https://api.new.livestream.com/accounts/20819504/events/8664197/live.m3u8?checkedby:iptvcat.com","country":"argentina","liveliness":"88","status":"online","lastChecked":"2020-08-17T00:00:00Z","format":"sd","mbps":"2883","URI":["south_america","south america","argentina","latin america","latin_america"]},{"id":"132520","channel":"Music Top","link":"https://live-edge01.telecentro.net.ar/live/musictop.smil/.m3u8?checkedby:iptvcat.com","country":"argentina","liveliness":"83","status":"online","lastChecked":"2020-08-17T00:00:00Z","format":"hd","mbps":"3625, ...","URI":["south_america","south america","argentina","latin america","latin_america"]},{"id":"132519","channel":"Music Top","link":"https://live-edge01.telecentro.net.ar/live/msctphd-720/playlist.m3u8?checkedby:iptvcat.com","country":"argentina","liveliness":"98","status":"online","lastChecked":"2020-08-17T00:00:00Z","format":"hd","mbps":"3625","URI":["south_america","south america","argentina","latin america","latin_america"]},{"id":"132518","channel":"LA 90 FM","link":"http://streaming02.arcast.com.ar:1935/la90fm/la90fm/playlist.m3u8?checkedby:iptvcat.com","country":"argentina","liveliness":"99","status":"online","lastChecked":"2020-08-17T00:00:00Z","format":"sd","mbps":"2488","URI":["south_america","south america","argentina","latin america","latin_america"]},{"id":"132517","channel":"CPEtv","link":"https://dcunilive28-lh.akamaihd.net/i/dclive_1@533583/master.m3u8?checkedby:iptvcat.com","country":"argentina","liveliness":"100","status":"online","lastChecked":"2020-08-17T00:00:00Z","format":"hd","mbps":"3188, ...","URI":["south_america","south america","argentina","latin america","latin_america"]},{"id":"132515","channel":"Canal 26","link":"https://live-edge01.telecentro.net.ar/live/smil:c26.smil/playlist.m3u8?checkedby:iptvcat.com","country":"argentina","liveliness":"80","status":"online","lastChecked":"2020-08-17T00:00:00Z","format":"sd","mbps":"267","URI":["south_america","south america","argentina","latin america","latin_america"]},{"id":"132514","channel":"Canal 26","link":"https://live-edge01.telecentro.net.ar/live/26hd-720/playlist.m3u8?checkedby:iptvcat.com","country":"argentina","liveliness":"93","status":"online","lastChecked":"2020-08-17T00:00:00Z","format":"hd","mbps":"4322","URI":["south_america","south america","argentina","latin america","latin_america"]},{"id":"132513","channel":"Canal 26","link":"https://live-edge01.telecentro.net.ar/live/26hd-360/playlist.m3u8?checkedby:iptvcat.com","country":"argentina","liveliness":"98","status":"online","lastChecked":"2020-08-17T00:00:00Z","format":"sd","mbps":"1182","URI":["south_america","south america","argentina","latin america","latin_america"]},{"id":"132516","channel":"Conexion Abierta","link":"http://server1.mgmultimedios.com:8080/uai/live/playlist.m3u8?checkedby:iptvcat.com","country":"argentina","liveliness":"100","status":"online","lastChecked":"2020-08-17T00:00:00Z","format":"sd","mbps":"1456","URI":["south_america","south america","argentina","latin america","latin_america"]},{"id":"132512","channel":"5RTV Santa Fe","link":"https://api.new.livestream.com/accounts/5RTvSF/events/8242619/live.m3u8?checkedby:iptvcat.com","country":"argentina","liveliness":"99","status":"online","lastChecked":"2020-08-17T00:00:00Z","format":"hd","mbps":"5020","URI":["latin_america","south_america","south america","argentina","latin america"]},{"id":"132511","channel":"5RTV Santa Fe","link":"https://api.new.livestream.com/accounts/22636012/events/8242619/live.m3u8?checkedby:iptvcat.com","country":"argentina","liveliness":"99","status":"online","lastChecked":"2020-08-17T00:00:00Z","format":"hd","mbps":"5020","URI":["latin_america","south_america","south america","argentina","latin america"]},{"id":"24225","channel":"5TV Corrientes, AR | 5TV Corrientes","link":"http://www.coninfo.net:1935/tvcinco/live1/chunklist_w1546509083.m3u8?checkedby:iptvcat.com","country":"argentina","liveliness":"99","status":"online","lastChecked":"2020-08-17T00:00:00Z","format":"hd","mbps":"3799","URI":["latin_america","north_america","south_america","united_states_of_america","north america","south america","argentina","latin america","united states of america"]},{"id":"24935","channel":"AL Jazeera Arabic Live, AR:AL Jazeera Arabic Live","link":"https://live-hls-web-aja.getaj.net/AJA/02.m3u8?checkedby:iptvcat.com","country":"argentina","liveliness":"100","status":"online","lastChecked":"2020-08-17T00:00:00Z","format":"hd","mbps":"3188","URI":["latin_america","south_america","south america","argentina","latin america"]},{"id":"24936","channel":"AL Jazeera Mubashe, AR:AL Jazeera Mubashe","link":"https://live-hls-web-ajm.getaj.net/AJM/02.m3u8?checkedby:iptvcat.com","country":"argentina","liveliness":"100","status":"online","lastChecked":"2020-08-17T00:00:00Z","format":"hd","mbps":"3188","URI":["latin_america","south_america","south america","argentina","latin america"]},{"id":"24229","channel":"AR | BVC Bahia Blanca, BVC Bahia Blanca","link":"https://cdn2.zencast.tv:30443/bahiablanca/live/playlist.m3u8?checkedby:iptvcat.com","country":"argentina","liveliness":"100","status":"online","lastChecked":"2020-08-17T00:00:00Z","format":"sd","mbps":"1853","URI":["latin_america","north_america","south_america","united_states_of_america","north america","south america","argentina","latin america","united states of america"]},{"id":"55908","channel":"AR | Chaco TV, Chaco TV","link":"https://5b7ecefab6325.streamlock.net/Streamtv/chacotv/chunklist_w1504807357.m3u8?checkedby:iptvcat.com","country":"argentina","liveliness":"97","status":"offline","lastChecked":"2020-08-18T00:00:00Z","format":"hd","mbps":"7114","URI":["latin_america","south_america","south america","argentina","latin america"]},{"id":"55902","channel":"AR | Fenix TV, Fenix TV","link":"https://stmv1.questreaming.com/fenixlarioja/fenixlarioja/playlist.m3u8?checkedby:iptvcat.com","country":"argentina","liveliness":"97","status":"online","lastChecked":"2020-08-17T00:00:00Z","format":"hd","mbps":"3188","URI":["latin_america","south_america","south america","argentina","latin america"]},{"id":"55901","channel":"AR | Net TV, Net TV","link":"https://unlimited1-us.dps.live/nettv/nettv.smil/nettv/livestream1/chunks.m3u8?checkedby:iptvcat.com","country":"argentina","liveliness":"99","status":"online","lastChecked":"2020-08-17T00:00:00Z","format":"hd","mbps":"5997","URI":["latin_america","south_america","south america","argentina","latin america"]},{"id":"24937","channel":"AR:TRT Arabic, TRT Arabic","link":"https://tv-trtarabi.live.trt.com.tr/master_720.m3u8?checkedby:iptvcat.com","country":"argentina","liveliness":"100","status":"online","lastChecked":"2020-08-17T00:00:00Z","format":"hd","mbps":"3188","URI":["latin_america","south_america","south america","argentina","latin america"]},{"id":"132512","channel":"5RTV Santa Fe","link":"https://api.new.livestream.com/accounts/5RTvSF/events/8242619/live.m3u8?checkedby:iptvcat.com","country":"argentina","liveliness":"99","status":"online","lastChecked":"2020-08-17T00:00:00Z","format":"hd","mbps":"5020","URI":["latin_america","south_america","south america","argentina","latin america"]},{"id":"132511","channel":"5RTV Santa Fe","link":"https://api.new.livestream.com/accounts/22636012/events/8242619/live.m3u8?checkedby:iptvcat.com","country":"argentina","liveliness":"99","status":"online","lastChecked":"2020-08-17T00:00:00Z","format":"hd","mbps":"5020","URI":["latin_america","south_america","south america","argentina","latin america"]},{"id":"24225","channel":"5TV Corrientes, AR | 5TV Corrientes","link":"http://www.coninfo.net:1935/tvcinco/live1/chunklist_w1546509083.m3u8?checkedby:iptvcat.com","country":"argentina","liveliness":"99","status":"online","lastChecked":"2020-08-17T00:00:00Z","format":"hd","mbps":"3799","URI":["latin_america","north_america","south_america","united_states_of_america","north america","south america","argentina","latin america","united states of america"]},{"id":"24935","channel":"AL Jazeera Arabic Live, AR:AL Jazeera Arabic Live","link":"https://live-hls-web-aja.getaj.net/AJA/02.m3u8?checkedby:iptvcat.com","country":"argentina","liveliness":"100","status":"online","lastChecked":"2020-08-17T00:00:00Z","format":"hd","mbps":"3188","URI":["latin_america","south_america","south america","argentina","latin america"]},{"id":"24936","channel":"AL Jazeera Mubashe, AR:AL Jazeera Mubashe","link":"https://live-hls-web-ajm.getaj.net/AJM/02.m3u8?checkedby:iptvcat.com","country":"argentina","liveliness":"100","status":"online","lastChecked":"2020-08-17T00:00:00Z","format":"hd","mbps":"3188","URI":["latin_america","south_america","south america","argentina","latin america"]},{"id":"24229","channel":"AR | BVC Bahia Blanca, BVC Bahia Blanca","link":"https://cdn2.zencast.tv:30443/bahiablanca/live/playlist.m3u8?checkedby:iptvcat.com","country":"argentina","liveliness":"100","status":"online","lastChecked":"2020-08-17T00:00:00Z","format":"sd","mbps":"1853","URI":["latin_america","north_america","south_america","united_states_of_america","north america","south america","argentina","latin america","united states of america"]},{"id":"55908","channel":"AR | Chaco TV, Chaco TV","link":"https://5b7ecefab6325.streamlock.net/Streamtv/chacotv/chunklist_w1504807357.m3u8?checkedby:iptvcat.com","country":"argentina","liveliness":"97","status":"offline","lastChecked":"2020-08-18T00:00:00Z","format":"hd","mbps":"7114","URI":["latin_america","south_america","south america","argentina","latin america"]},{"id":"55902","channel":"AR | Fenix TV, Fenix TV","link":"https://stmv1.questreaming.com/fenixlarioja/fenixlarioja/playlist.m3u8?checkedby:iptvcat.com","country":"argentina","liveliness":"97","status":"online","lastChecked":"2020-08-17T00:00:00Z","format":"hd","mbps":"3188","URI":["latin_america","south_america","south america","argentina","latin america"]},{"id":"55901","channel":"AR | Net TV, Net TV","link":"https://unlimited1-us.dps.live/nettv/nettv.smil/nettv/livestream1/chunks.m3u8?checkedby:iptvcat.com","country":"argentina","liveliness":"99","status":"online","lastChecked":"2020-08-17T00:00:00Z","format":"hd","mbps":"5997","URI":["latin_america","south_america","south america","argentina","latin america"]},{"id":"24937","channel":"AR:TRT Arabic, TRT Arabic","link":"https://tv-trtarabi.live.trt.com.tr/master_720.m3u8?checkedby:iptvcat.com","country":"argentina","liveliness":"100","status":"online","lastChecked":"2020-08-17T00:00:00Z","format":"hd","mbps":"3188","URI":["latin_america","south_america","south america","argentina","latin america"]},{"id":"24229","channel":"AR | BVC Bahia Blanca, BVC Bahia Blanca","link":"https://cdn2.zencast.tv:30443/bahiablanca/live/playlist.m3u8?checkedby:iptvcat.com","country":"argentina","liveliness":"100","status":"online","lastChecked":"2020-08-17T00:00:00Z","format":"sd","mbps":"1853","URI":["latin_america","north_america","south_america","united_states_of_america","north america","south america","argentina","latin america","united states of america"]},{"id":"24225","channel":"5TV Corrientes, AR | 5TV Corrientes","link":"http://www.coninfo.net:1935/tvcinco/live1/chunklist_w1546509083.m3u8?checkedby:iptvcat.com","country":"argentina","liveliness":"99","status":"online","lastChecked":"2020-08-17T00:00:00Z","format":"hd","mbps":"3799","URI":["latin_america","north_america","south_america","united_states_of_america","north america","south america","argentina","latin america","united states of america"]},{"id":"24225","channel":"5TV Corrientes, AR | 5TV Corrientes","link":"http://www.coninfo.net:1935/tvcinco/live1/chunklist_w1546509083.m3u8?checkedby:iptvcat.com","country":"argentina","liveliness":"99","status":"online","lastChecked":"2020-08-17T00:00:00Z","format":"hd","mbps":"3799","URI":["latin_america","north_america","south_america","united_states_of_america","north america","south america","argentina","latin america","united states of america"]},{"id":"24229","channel":"AR | BVC Bahia Blanca, BVC Bahia Blanca","link":"https://cdn2.zencast.tv:30443/bahiablanca/live/playlist.m3u8?checkedby:iptvcat.com","country":"argentina","liveliness":"100","status":"online","lastChecked":"2020-08-17T00:00:00Z","format":"sd","mbps":"1853","URI":["latin_america","north_america","south_america","united_states_of_america","north america","south america","argentina","latin america","united states of america"]},{"id":"24225","channel":"5TV Corrientes, AR | 5TV Corrientes","link":"http://www.coninfo.net:1935/tvcinco/live1/chunklist_w1546509083.m3u8?checkedby:iptvcat.com","country":"argentina","liveliness":"99","status":"online","lastChecked":"2020-08-17T00:00:00Z","format":"hd","mbps":"3799","URI":["latin_america","north_america","south_america","united_states_of_america","north america","south america","argentina","latin america","united states of america"]},{"id":"24225","channel":"5TV Corrientes, AR | 5TV Corrientes","link":"http://www.coninfo.net:1935/tvcinco/live1/chunklist_w1546509083.m3u8?checkedby:iptvcat.com","country":"argentina","liveliness":"99","status":"online","lastChecked":"2020-08-17T00:00:00Z","format":"hd","mbps":"3799","URI":["latin_america","north_america","south_america","united_states_of_america","north america","south america","argentina","latin america","united states of america"]},{"id":"132524","channel":"TLX","link":"https://live-edge01.telecentro.net.ar/live/tlxhd-720/master.m3u8?checkedby:iptvcat.com","country":"argentina","liveliness":"98","status":"online","lastChecked":"2020-08-17T00:00:00Z","format":"hd","mbps":"3625","URI":["south_america","south america","argentina","latin america","latin_america"]},{"id":"132522","channel":"Telemax","link":"https://live-edge01.telecentro.net.ar/live/tlxhd-720/playlist.m3u8?checkedby:iptvcat.com","country":"argentina","liveliness":"97","status":"online","lastChecked":"2020-08-17T00:00:00Z","format":"hd","mbps":"3625","URI":["south_america","south america","argentina","latin america","latin_america"]},{"id":"132523","channel":"Tierramia TV","link":"https://live-edge01.telecentro.net.ar/live/smil:tlx.smil/master.m3u8?checkedby:iptvcat.com","country":"argentina","liveliness":"91","status":"online","lastChecked":"2020-08-17T00:00:00Z","format":"hd","mbps":"3625, ...","URI":["south_america","south america","argentina","latin america","latin_america"]},{"id":"132521","channel":"T5 Satelital","link":"https://api.new.livestream.com/accounts/20819504/events/8664197/live.m3u8?checkedby:iptvcat.com","country":"argentina","liveliness":"88","status":"online","lastChecked":"2020-08-17T00:00:00Z","format":"sd","mbps":"2883","URI":["south_america","south america","argentina","latin america","latin_america"]},{"id":"132520","channel":"Music Top","link":"https://live-edge01.telecentro.net.ar/live/musictop.smil/.m3u8?checkedby:iptvcat.com","country":"argentina","liveliness":"83","status":"online","lastChecked":"2020-08-17T00:00:00Z","format":"hd","mbps":"3625, ...","URI":["south_america","south america","argentina","latin america","latin_america"]},{"id":"132519","channel":"Music Top","link":"https://live-edge01.telecentro.net.ar/live/msctphd-720/playlist.m3u8?checkedby:iptvcat.com","country":"argentina","liveliness":"98","status":"online","lastChecked":"2020-08-17T00:00:00Z","format":"hd","mbps":"3625","URI":["south_america","south america","argentina","latin america","latin_america"]},{"id":"132518","channel":"LA 90 FM","link":"http://streaming02.arcast.com.ar:1935/la90fm/la90fm/playlist.m3u8?checkedby:iptvcat.com","country":"argentina","liveliness":"99","status":"online","lastChecked":"2020-08-17T00:00:00Z","format":"sd","mbps":"2488","URI":["south_america","south america","argentina","latin america","latin_america"]},{"id":"132517","channel":"CPEtv","link":"https://dcunilive28-lh.akamaihd.net/i/dclive_1@533583/master.m3u8?checkedby:iptvcat.com","country":"argentina","liveliness":"100","status":"online","lastChecked":"2020-08-17T00:00:00Z","format":"hd","mbps":"3188, ...","URI":["south_america","south america","argentina","latin america","latin_america"]},{"id":"132515","channel":"Canal 26","link":"https://live-edge01.telecentro.net.ar/live/smil:c26.smil/playlist.m3u8?checkedby:iptvcat.com","country":"argentina","liveliness":"80","status":"online","lastChecked":"2020-08-17T00:00:00Z","format":"sd","mbps":"267","URI":["south_america","south america","argentina","latin america","latin_america"]},{"id":"132514","channel":"Canal 26","link":"https://live-edge01.telecentro.net.ar/live/26hd-720/playlist.m3u8?checkedby:iptvcat.com","country":"argentina","liveliness":"93","status":"online","lastChecked":"2020-08-17T00:00:00Z","format":"hd","mbps":"4322","URI":["south_america","south america","argentina","latin america","latin_america"]},{"id":"132513","channel":"Canal 26","link":"https://live-edge01.telecentro.net.ar/live/26hd-360/playlist.m3u8?checkedby:iptvcat.com","country":"argentina","liveliness":"98","status":"online","lastChecked":"2020-08-17T00:00:00Z","format":"sd","mbps":"1182","URI":["south_america","south america","argentina","latin america","latin_america"]},{"id":"132516","channel":"Conexion Abierta","link":"http://server1.mgmultimedios.com:8080/uai/live/playlist.m3u8?checkedby:iptvcat.com","country":"argentina","liveliness":"100","status":"online","lastChecked":"2020-08-17T00:00:00Z","format":"sd","mbps":"1456","URI":["south_america","south america","argentina","latin america","latin_america"]},{"id":"132512","channel":"5RTV Santa Fe","link":"https://api.new.livestream.com/accounts/5RTvSF/events/8242619/live.m3u8?checkedby:iptvcat.com","country":"argentina","liveliness":"99","status":"online","lastChecked":"2020-08-17T00:00:00Z","format":"hd","mbps":"5020","URI":["latin_america","south_america","south america","argentina","latin america"]},{"id":"132511","channel":"5RTV Santa Fe","link":"https://api.new.livestream.com/accounts/22636012/events/8242619/live.m3u8?checkedby:iptvcat.com","country":"argentina","liveliness":"99","status":"online","lastChecked":"2020-08-17T00:00:00Z","format":"hd","mbps":"5020","URI":["latin_america","south_america","south america","argentina","latin america"]},{"id":"24225","channel":"5TV Corrientes, AR | 5TV Corrientes","link":"http://www.coninfo.net:1935/tvcinco/live1/chunklist_w1546509083.m3u8?checkedby:iptvcat.com","country":"argentina","liveliness":"99","status":"online","lastChecked":"2020-08-17T00:00:00Z","format":"hd","mbps":"3799","URI":["latin_america","north_america","south_america","united_states_of_america","north america","south america","argentina","latin america","united states of america"]},{"id":"24935","channel":"AL Jazeera Arabic Live, AR:AL Jazeera Arabic Live","link":"https://live-hls-web-aja.getaj.net/AJA/02.m3u8?checkedby:iptvcat.com","country":"argentina","liveliness":"100","status":"online","lastChecked":"2020-08-17T00:00:00Z","format":"hd","mbps":"3188","URI":["latin_america","south_america","south america","argentina","latin america"]},{"id":"24936","channel":"AL Jazeera Mubashe, AR:AL Jazeera Mubashe","link":"https://live-hls-web-ajm.getaj.net/AJM/02.m3u8?checkedby:iptvcat.com","country":"argentina","liveliness":"100","status":"online","lastChecked":"2020-08-17T00:00:00Z","format":"hd","mbps":"3188","URI":["latin_america","south_america","south america","argentina","latin america"]},{"id":"24229","channel":"AR | BVC Bahia Blanca, BVC Bahia Blanca","link":"https://cdn2.zencast.tv:30443/bahiablanca/live/playlist.m3u8?checkedby:iptvcat.com","country":"argentina","liveliness":"100","status":"online","lastChecked":"2020-08-17T00:00:00Z","format":"sd","mbps":"1853","URI":["latin_america","north_america","south_america","united_states_of_america","north america","south america","argentina","latin america","united states of america"]},{"id":"55908","channel":"AR | Chaco TV, Chaco TV","link":"https://5b7ecefab6325.streamlock.net/Streamtv/chacotv/chunklist_w1504807357.m3u8?checkedby:iptvcat.com","country":"argentina","liveliness":"97","status":"offline","lastChecked":"2020-08-18T00:00:00Z","format":"hd","mbps":"7114","URI":["latin_america","south_america","south america","argentina","latin america"]},{"id":"55902","channel":"AR | Fenix TV, Fenix TV","link":"https://stmv1.questreaming.com/fenixlarioja/fenixlarioja/playlist.m3u8?checkedby:iptvcat.com","country":"argentina","liveliness":"97","status":"online","lastChecked":"2020-08-17T00:00:00Z","format":"hd","mbps":"3188","URI":["latin_america","south_america","south america","argentina","latin america"]},{"id":"55901","channel":"AR | Net TV, Net TV","link":"https://unlimited1-us.dps.live/nettv/nettv.smil/nettv/livestream1/chunks.m3u8?checkedby:iptvcat.com","country":"argentina","liveliness":"99","status":"online","lastChecked":"2020-08-17T00:00:00Z","format":"hd","mbps":"5997","URI":["latin_america","south_america","south america","argentina","latin america"]},{"id":"24937","channel":"AR:TRT Arabic, TRT Arabic","link":"https://tv-trtarabi.live.trt.com.tr/master_720.m3u8?checkedby:iptvcat.com","country":"argentina","liveliness":"100","status":"online","lastChecked":"2020-08-17T00:00:00Z","format":"hd","mbps":"3188","URI":["latin_america","south_america","south america","argentina","latin america"]},{"id":"132512","channel":"5RTV Santa Fe","link":"https://api.new.livestream.com/accounts/5RTvSF/events/8242619/live.m3u8?checkedby:iptvcat.com","country":"argentina","liveliness":"99","status":"online","lastChecked":"2020-08-17T00:00:00Z","format":"hd","mbps":"5020","URI":["latin_america","south_america","south america","argentina","latin america"]},{"id":"132511","channel":"5RTV Santa Fe","link":"https://api.new.livestream.com/accounts/22636012/events/8242619/live.m3u8?checkedby:iptvcat.com","country":"argentina","liveliness":"99","status":"online","lastChecked":"2020-08-17T00:00:00Z","format":"hd","mbps":"5020","URI":["latin_america","south_america","south america","argentina","latin america"]},{"id":"24225","channel":"5TV Corrientes, AR | 5TV Corrientes","link":"http://www.coninfo.net:1935/tvcinco/live1/chunklist_w1546509083.m3u8?checkedby:iptvcat.com","country":"argentina","liveliness":"99","status":"online","lastChecked":"2020-08-17T00:00:00Z","format":"hd","mbps":"3799","URI":["latin_america","north_america","south_america","united_states_of_america","north america","south america","argentina","latin america","united states of america"]},{"id":"24935","channel":"AL Jazeera Arabic Live, AR:AL Jazeera Arabic Live","link":"https://live-hls-web-aja.getaj.net/AJA/02.m3u8?checkedby:iptvcat.com","country":"argentina","liveliness":"100","status":"online","lastChecked":"2020-08-17T00:00:00Z","format":"hd","mbps":"3188","URI":["latin_america","south_america","south america","argentina","latin america"]},{"id":"24936","channel":"AL Jazeera Mubashe, AR:AL Jazeera Mubashe","link":"https://live-hls-web-ajm.getaj.net/AJM/02.m3u8?checkedby:iptvcat.com","country":"argentina","liveliness":"100","status":"online","lastChecked":"2020-08-17T00:00:00Z","format":"hd","mbps":"3188","URI":["latin_america","south_america","south america","argentina","latin america"]},{"id":"24229","channel":"AR | BVC Bahia Blanca, BVC Bahia Blanca","link":"https://cdn2.zencast.tv:30443/bahiablanca/live/playlist.m3u8?checkedby:iptvcat.com","country":"argentina","liveliness":"100","status":"online","lastChecked":"2020-08-17T00:00:00Z","format":"sd","mbps":"1853","URI":["latin_america","north_america","south_america","united_states_of_america","north america","south america","argentina","latin america","united states of america"]},{"id":"55908","channel":"AR | Chaco TV, Chaco TV","link":"https://5b7ecefab6325.streamlock.net/Streamtv/chacotv/chunklist_w1504807357.m3u8?checkedby:iptvcat.com","country":"argentina","liveliness":"97","status":"offline","lastChecked":"2020-08-18T00:00:00Z","format":"hd","mbps":"7114","URI":["latin_america","south_america","south america","argentina","latin america"]},{"id":"55902","channel":"AR | Fenix TV, Fenix TV","link":"https://stmv1.questreaming.com/fenixlarioja/fenixlarioja/playlist.m3u8?checkedby:iptvcat.com","country":"argentina","liveliness":"97","status":"online","lastChecked":"2020-08-17T00:00:00Z","format":"hd","mbps":"3188","URI":["latin_america","south_america","south america","argentina","latin america"]},{"id":"55901","channel":"AR | Net TV, Net TV","link":"https://unlimited1-us.dps.live/nettv/nettv.smil/nettv/livestream1/chunks.m3u8?checkedby:iptvcat.com","country":"argentina","liveliness":"99","status":"online","lastChecked":"2020-08-17T00:00:00Z","format":"hd","mbps":"5997","URI":["latin_america","south_america","south america","argentina","latin america"]},{"id":"24937","channel":"AR:TRT Arabic, TRT Arabic","link":"https://tv-trtarabi.live.trt.com.tr/master_720.m3u8?checkedby:iptvcat.com","country":"argentina","liveliness":"100","status":"online","lastChecked":"2020-08-17T00:00:00Z","format":"hd","mbps":"3188","URI":["latin_america","south_america","south america","argentina","latin america"]},{"id":"24225","channel":"5TV Corrientes, AR | 5TV Corrientes","link":"http://www.coninfo.net:1935/tvcinco/live1/chunklist_w1546509083.m3u8?checkedby:iptvcat.com","country":"argentina","liveliness":"99","status":"online","lastChecked":"2020-08-17T00:00:00Z","format":"hd","mbps":"3799","URI":["latin_america","north_america","south_america","united_states_of_america","north america","south america","argentina","latin america","united states of america"]},{"id":"42","channel":"13 Max","link":"http://coninfo.net:1935/13maxhd/live_720p/chunklist_w352743074.m3u8?checkedby:iptvcat.com","country":"argentina","liveliness":"94","status":"offline","lastChecked":"2020-08-18T00:00:00Z","format":"hd","mbps":"3188","URI":["argentina"]},{"id":"41","channel":"13 Max","link":"http://coninfo.net:1935/13maxhd/live_720p/chunklist.m3u8?checkedby:iptvcat.com","country":"argentina","liveliness":"92","status":"offline","lastChecked":"2020-08-18T00:00:00Z","format":"hd","mbps":"3188","URI":["argentina"]},{"id":"22050","channel":"24/7 Canal de Noticias, CN 24/7","link":"http://59c5c86e10038.streamlock.net:1935/6605140/6605140/playlist.m3u8?checkedby:iptvcat.com","country":"argentina","liveliness":"95","status":"online","lastChecked":"2020-08-17T00:00:00Z","format":"hd","mbps":"5020","URI":["argentina"]},{"id":"132512","channel":"5RTV Santa Fe","link":"https://api.new.livestream.com/accounts/5RTvSF/events/8242619/live.m3u8?checkedby:iptvcat.com","country":"argentina","liveliness":"99","status":"online","lastChecked":"2020-08-17T00:00:00Z","format":"hd","mbps":"5020","URI":["latin_america","south_america","south america","argentina","latin america"]},{"id":"132511","channel":"5RTV Santa Fe","link":"https://api.new.livestream.com/accounts/22636012/events/8242619/live.m3u8?checkedby:iptvcat.com","country":"argentina","liveliness":"99","status":"online","lastChecked":"2020-08-17T00:00:00Z","format":"hd","mbps":"5020","URI":["latin_america","south_america","south america","argentina","latin america"]},{"id":"45","channel":"5RTV Santa Fe","link":"http://api.new.livestream.com/accounts/5RTvSF/events/8242619/live.m3u8?checkedby:iptvcat.com","country":"argentina","liveliness":"100","status":"online","lastChecked":"2020-08-17T00:00:00Z","format":"hd","mbps":"5020","URI":["argentina"]},{"id":"44","channel":"5RTV Santa Fe","link":"http://api.new.livestream.com/accounts/22636012/events/8242619/live.m3u8?checkedby:iptvcat.com","country":"argentina","liveliness":"100","status":"online","lastChecked":"2020-08-17T00:00:00Z","format":"hd","mbps":"5020","URI":["argentina"]},{"id":"24225","channel":"5TV Corrientes, AR | 5TV Corrientes","link":"http://www.coninfo.net:1935/tvcinco/live1/chunklist_w1546509083.m3u8?checkedby:iptvcat.com","country":"argentina","liveliness":"99","status":"online","lastChecked":"2020-08-17T00:00:00Z","format":"hd","mbps":"3799","URI":["latin_america","north_america","south_america","united_states_of_america","north america","south america","argentina","latin america","united states of america"]},{"id":"24935","channel":"AL Jazeera Arabic Live, AR:AL Jazeera Arabic Live","link":"https://live-hls-web-aja.getaj.net/AJA/02.m3u8?checkedby:iptvcat.com","country":"argentina","liveliness":"100","status":"online","lastChecked":"2020-08-17T00:00:00Z","format":"hd","mbps":"3188","URI":["latin_america","south_america","south america","argentina","latin america"]},{"id":"24936","channel":"AL Jazeera Mubashe, AR:AL Jazeera Mubashe","link":"https://live-hls-web-ajm.getaj.net/AJM/02.m3u8?checkedby:iptvcat.com","country":"argentina","liveliness":"100","status":"online","lastChecked":"2020-08-17T00:00:00Z","format":"hd","mbps":"3188","URI":["latin_america","south_america","south america","argentina","latin america"]},{"id":"24229","channel":"AR | BVC Bahia Blanca, BVC Bahia Blanca","link":"https://cdn2.zencast.tv:30443/bahiablanca/live/playlist.m3u8?checkedby:iptvcat.com","country":"argentina","liveliness":"100","status":"online","lastChecked":"2020-08-17T00:00:00Z","format":"sd","mbps":"1853","URI":["latin_america","north_america","south_america","united_states_of_america","north america","south america","argentina","latin america","united states of america"]},{"id":"55908","channel":"AR | Chaco TV, Chaco TV","link":"https://5b7ecefab6325.streamlock.net/Streamtv/chacotv/chunklist_w1504807357.m3u8?checkedby:iptvcat.com","country":"argentina","liveliness":"97","status":"offline","lastChecked":"2020-08-18T00:00:00Z","format":"hd","mbps":"7114","URI":["latin_america","south_america","south america","argentina","latin america"]},{"id":"55902","channel":"AR | Fenix TV, Fenix TV","link":"https://stmv1.questreaming.com/fenixlarioja/fenixlarioja/playlist.m3u8?checkedby:iptvcat.com","country":"argentina","liveliness":"97","status":"online","lastChecked":"2020-08-17T00:00:00Z","format":"hd","mbps":"3188","URI":["latin_america","south_america","south america","argentina","latin america"]},{"id":"55901","channel":"AR | Net TV, Net TV","link":"https://unlimited1-us.dps.live/nettv/nettv.smil/nettv/livestream1/chunks.m3u8?checkedby:iptvcat.com","country":"argentina","liveliness":"99","status":"online","lastChecked":"2020-08-17T00:00:00Z","format":"hd","mbps":"5997","URI":["latin_america","south_america","south america","argentina","latin america"]},{"id":"24937","channel":"AR:TRT Arabic, TRT Arabic","link":"https://tv-trtarabi.live.trt.com.tr/master_720.m3u8?checkedby:iptvcat.com","country":"argentina","liveliness":"100","status":"online","lastChecked":"2020-08-17T00:00:00Z","format":"hd","mbps":"3188","URI":["latin_america","south_america","south america","argentina","latin america"]},{"id":"48","channel":"Argentinísima Satelital","link":"http://186.0.233.76:1935/Argentinisima/smil:argentinisima.smil/playlist.m3u8?checkedby:iptvcat.com","country":"argentina","liveliness":"99","status":"online","lastChecked":"2020-08-17T00:00:00Z","format":"sd","mbps":"10118, ...","URI":["argentina"]},{"id":"73","channel":"CANAL PROVINCIAL SAN MIGUEL","link":"http://www.trimi.com.ar/provincial/streaming/mystream.m3u8?checkedby:iptvcat.com","country":"argentina","liveliness":"94","status":"online","lastChecked":"2020-08-17T00:00:00Z","format":"sd","mbps":"1181, ...","URI":["argentina"]},{"id":"132517","channel":"CPEtv","link":"https://dcunilive28-lh.akamaihd.net/i/dclive_1@533583/master.m3u8?checkedby:iptvcat.com","country":"argentina","liveliness":"100","status":"online","lastChecked":"2020-08-17T00:00:00Z","format":"hd","mbps":"3188, ...","URI":["south_america","south america","argentina","latin america","latin_america"]},{"id":"80","channel":"CPEtv","link":"http://dcunilive28-lh.akamaihd.net/i/dclive_1@533583/master.m3u8?checkedby:iptvcat.com","country":"argentina","liveliness":"97","status":"online","lastChecked":"2020-08-17T00:00:00Z","format":"hd","mbps":"3188, ...","URI":["argentina"]},{"id":"79","channel":"CPEtv","link":"http://dcunilive28-lh.akamaihd.net/i/dclive_1@533583/index_150_av-p.m3u8?checkedby:iptvcat.com","country":"argentina","liveliness":"97","status":"online","lastChecked":"2020-08-17T00:00:00Z","format":"hd","mbps":"3188","URI":["argentina"]},{"id":"53","channel":"Canal 17 Milenium Salta","link":"https://59c5c86e10038.streamlock.net/6605140/6605140/playlist.m3u8?checkedby:iptvcat.com","country":"argentina","liveliness":"96","status":"online","lastChecked":"2020-08-17T00:00:00Z","format":"hd","mbps":"5020","URI":["argentina"]},{"id":"132515","channel":"Canal 26","link":"https://live-edge01.telecentro.net.ar/live/smil:c26.smil/playlist.m3u8?checkedby:iptvcat.com","country":"argentina","liveliness":"80","status":"online","lastChecked":"2020-08-17T00:00:00Z","format":"sd","mbps":"267","URI":["south_america","south america","argentina","latin america","latin_america"]},{"id":"132514","channel":"Canal 26","link":"https://live-edge01.telecentro.net.ar/live/26hd-720/playlist.m3u8?checkedby:iptvcat.com","country":"argentina","liveliness":"93","status":"online","lastChecked":"2020-08-17T00:00:00Z","format":"hd","mbps":"4322","URI":["south_america","south america","argentina","latin america","latin_america"]},{"id":"63","channel":"Canal 26","link":"http://live-edge01.telecentro.net.ar:1935/live/26hd-720/livestream.m3u8?checkedby:iptvcat.com","country":"argentina","liveliness":"97","status":"online","lastChecked":"2020-08-17T00:00:00Z","format":"hd","mbps":"4322","URI":["argentina"]},{"id":"132513","channel":"Canal 26","link":"https://live-edge01.telecentro.net.ar/live/26hd-360/playlist.m3u8?checkedby:iptvcat.com","country":"argentina","liveliness":"98","status":"online","lastChecked":"2020-08-17T00:00:00Z","format":"sd","mbps":"1182","URI":["south_america","south america","argentina","latin america","latin_america"]},{"id":"62","channel":"Canal 26","link":"http://live-edge01.telecentro.net.ar/live/smil:c26.smil/playlist.m3u8?checkedby:iptvcat.com","country":"argentina","liveliness":"95","status":"online","lastChecked":"2020-08-17T00:00:00Z","format":"sd","mbps":"267","URI":["argentina"]},{"id":"59","channel":"Canal 26","link":"http://live-edge01.telecentro.net.ar/live/26hd-720/playlist.m3u8?checkedby:iptvcat.com","country":"argentina","liveliness":"97","status":"online","lastChecked":"2020-08-16T00:00:00Z","format":"hd","mbps":"4322","URI":["argentina"]},{"id":"58","channel":"Canal 26","link":"http://live-edge01.telecentro.net.ar/live/26hd-360/playlist.m3u8?checkedby:iptvcat.com","country":"argentina","liveliness":"100","status":"online","lastChecked":"2020-08-17T00:00:00Z","format":"sd","mbps":"1182","URI":["argentina"]},{"id":"57","channel":"Canal 26","link":"http://200.115.193.177/live/26hd-720/playlist.m3u8?checkedby:iptvcat.com","country":"argentina","liveliness":"97","status":"online","lastChecked":"2020-08-17T00:00:00Z","format":"hd","mbps":"4322","URI":["argentina"]},{"id":"56","channel":"Canal 26","link":"http://200.115.193.177/live/26hd-720/.m3u8?checkedby:iptvcat.com","country":"argentina","liveliness":"98","status":"online","lastChecked":"2020-08-18T00:00:00Z","format":"hd","mbps":"4322","URI":["argentina"]},{"id":"54","channel":"Canal 26","link":"http://200.115.193.177/live/26hd-180/playlist.m3u8?checkedby:iptvcat.com","country":"argentina","liveliness":"100","status":"online","lastChecked":"2020-08-17T00:00:00Z","format":"sd","mbps":"267","URI":["argentina"]},{"id":"66","channel":"Canal 79 Mar del Plata","link":"https://streamconex.com:1936/mardelplata/mardelplata/chunklist_w56484596.m3u8?checkedby:iptvcat.com","country":"argentina","liveliness":"98","status":"online","lastChecked":"2020-08-17T00:00:00Z","format":"sd","mbps":"426","URI":["argentina"]},{"id":"72","channel":"Canal Acequia","link":"http://api.new.livestream.com/accounts/6450028/events/5813077/live.m3u8?checkedby:iptvcat.com","country":"argentina","liveliness":"96","status":"online","lastChecked":"2020-08-17T00:00:00Z","format":"hd","mbps":"5020, ...","URI":["argentina"]},{"id":"74","channel":"Chacra TV","link":"http://s8.stweb.tv:1935/chacra/live/chunks.m3u8?checkedby:iptvcat.com","country":"argentina","liveliness":"100","status":"online","lastChecked":"2020-08-17T00:00:00Z","format":"sd","mbps":"1688","URI":["argentina"]},{"id":"75","channel":"Ciudad TV Chaco","link":"http://coninfo.net:1935/chacodxdtv/live/chunklist_w1251301598.m3u8?checkedby:iptvcat.com","country":"argentina","liveliness":"100","status":"online","lastChecked":"2020-08-17T00:00:00Z","format":"hd","mbps":"3188","URI":["argentina"]},{"id":"132516","channel":"Conexion Abierta","link":"http://server1.mgmultimedios.com:8080/uai/live/playlist.m3u8?checkedby:iptvcat.com","country":"argentina","liveliness":"100","status":"online","lastChecked":"2020-08-17T00:00:00Z","format":"sd","mbps":"1456","URI":["south_america","south america","argentina","latin america","latin_america"]},{"id":"84","channel":"Frecuencia Musical TV","link":"http://streaminglivehd.com:1935/8056/8056/playlist.m3u8?checkedby:iptvcat.com","country":"argentina","liveliness":"96","status":"online","lastChecked":"2020-08-17T00:00:00Z","format":"hd","mbps":"3799","URI":["argentina"]},{"id":"132518","channel":"LA 90 FM","link":"http://streaming02.arcast.com.ar:1935/la90fm/la90fm/playlist.m3u8?checkedby:iptvcat.com","country":"argentina","liveliness":"99","status":"online","lastChecked":"2020-08-17T00:00:00Z","format":"sd","mbps":"2488","URI":["south_america","south america","argentina","latin america","latin_america"]},{"id":"96","channel":"Music Top, MUSICA:Music Top Argentina","link":"http://live-edge01.telecentro.net.ar/live/smil:musictop.smil/playlist.m3u8?checkedby:iptvcat.com","country":"argentina","liveliness":"94","status":"online","lastChecked":"2020-08-17T00:00:00Z","format":"hd","mbps":"3625","URI":["argentina"]},{"id":"93","channel":"Music TOP","link":"http://live-edge01.telecentro.net.ar/live/smil:musictop.smil/chunklist_w1582140541_b364000_sleng.m3u8?checkedby:iptvcat.com","country":"argentina","liveliness":"98","status":"online","lastChecked":"2020-08-17T00:00:00Z","format":"sd","mbps":"354","URI":["argentina"]},{"id":"97","channel":"Music Top","link":"http://live-edge01.telecentro.net.ar:1935/live/msctphd-720/playlist.m3u8?checkedby:iptvcat.com","country":"argentina","liveliness":"98","status":"online","lastChecked":"2020-08-17T00:00:00Z","format":"hd","mbps":"3625","URI":["argentina"]},{"id":"95","channel":"Music Top","link":"http://live-edge01.telecentro.net.ar/live/smil:musictop.smil/chunklist_w767435128_b2028000_sleng.m3u8?checkedby:iptvcat.com","country":"argentina","liveliness":"99","status":"online","lastChecked":"2020-08-17T00:00:00Z","format":"hd","mbps":"3625","URI":["argentina"]},{"id":"94","channel":"Music Top","link":"http://live-edge01.telecentro.net.ar/live/smil:musictop.smil/chunklist_w538311571_b364000_sleng.m3u8?checkedby:iptvcat.com","country":"argentina","liveliness":"100","status":"online","lastChecked":"2020-08-17T00:00:00Z","format":"sd","mbps":"354","URI":["argentina"]},{"id":"92","channel":"Music Top","link":"http://live-edge01.telecentro.net.ar/live/musictop.smil/.m3u8?checkedby:iptvcat.com","country":"argentina","liveliness":"91","status":"online","lastChecked":"2020-08-17T00:00:00Z","format":"hd","mbps":"3625, ...","URI":["argentina"]},{"id":"91","channel":"Music Top","link":"http://live-edge01.telecentro.net.ar/live/msctphd-720/playlist.m3u8?checkedby:iptvcat.com","country":"argentina","liveliness":"99","status":"online","lastChecked":"2020-08-17T00:00:00Z","format":"hd","mbps":"3625","URI":["argentina"]},{"id":"132520","channel":"Music Top","link":"https://live-edge01.telecentro.net.ar/live/musictop.smil/.m3u8?checkedby:iptvcat.com","country":"argentina","liveliness":"83","status":"online","lastChecked":"2020-08-17T00:00:00Z","format":"hd","mbps":"3625, ...","URI":["south_america","south america","argentina","latin america","latin_america"]},{"id":"132519","channel":"Music Top","link":"https://live-edge01.telecentro.net.ar/live/msctphd-720/playlist.m3u8?checkedby:iptvcat.com","country":"argentina","liveliness":"98","status":"online","lastChecked":"2020-08-17T00:00:00Z","format":"hd","mbps":"3625","URI":["south_america","south america","argentina","latin america","latin_america"]},{"id":"101","channel":"RTN Neuquén","link":"http://media.neuquen.gov.ar/rtn/television/media.m3u8?checkedby:iptvcat.com","country":"argentina","liveliness":"97","status":"online","lastChecked":"2020-08-17T00:00:00Z","format":"hd","mbps":"3625","URI":["argentina"]},{"id":"100","channel":"RTN Neuquén","link":"http://media.neuquen.gov.ar/rtn/television/chunklist_w2042779766.m3u8?checkedby:iptvcat.com","country":"argentina","liveliness":"97","status":"online","lastChecked":"2020-08-17T00:00:00Z","format":"hd","mbps":"3625","URI":["argentina"]},{"id":"99","channel":"RTN Neuquén","link":"http://media.neuquen.gov.ar/rtn/television/chunklist_w1330236482.m3u8?checkedby:iptvcat.com","country":"argentina","liveliness":"97","status":"online","lastChecked":"2020-08-17T00:00:00Z","format":"hd","mbps":"3625","URI":["argentina"]},{"id":"102","channel":"T5 Satelital","link":"http://api.new.livestream.com/accounts/20819504/events/8664197/live.m3u8?checkedby:iptvcat.com","country":"argentina","liveliness":"92","status":"online","lastChecked":"2020-08-17T00:00:00Z","format":"sd","mbps":"2883","URI":["argentina"]},{"id":"132521","channel":"T5 Satelital","link":"https://api.new.livestream.com/accounts/20819504/events/8664197/live.m3u8?checkedby:iptvcat.com","country":"argentina","liveliness":"88","status":"online","lastChecked":"2020-08-17T00:00:00Z","format":"sd","mbps":"2883","URI":["south_america","south america","argentina","latin america","latin_america"]},{"id":"51287","channel":"TLX","link":"http://live-edge01.telecentro.net.ar/live/smil:tlx.smil/master.m3u8?checkedby:iptvcat.com","country":"argentina","liveliness":"96","status":"online","lastChecked":"2020-08-16T00:00:00Z","format":"hd","mbps":"3625, ...","URI":["argentina"]},{"id":"132524","channel":"TLX","link":"https://live-edge01.telecentro.net.ar/live/tlxhd-720/master.m3u8?checkedby:iptvcat.com","country":"argentina","liveliness":"98","status":"online","lastChecked":"2020-08-17T00:00:00Z","format":"hd","mbps":"3625","URI":["south_america","south america","argentina","latin america","latin_america"]},{"id":"111","channel":"TLX","link":"http://live-edge01.telecentro.net.ar/live/tlxhd-720/master.m3u8?checkedby:iptvcat.com","country":"argentina","liveliness":"100","status":"online","lastChecked":"2020-08-17T00:00:00Z","format":"hd","mbps":"3625","URI":["argentina"]},{"id":"114","channel":"TV Maná Córdoba","link":"http://streamspub.manasat.com:1935/tvar/tvmanaar2/playlist.m3u8?checkedby:iptvcat.com","country":"argentina","liveliness":"100","status":"online","lastChecked":"2020-08-17T00:00:00Z","format":"sd","mbps":"2334","URI":["argentina"]},{"id":"113","channel":"TV Maná Córdoba","link":"http://csvl03.manasat.com:1935/tvar/tvmanaar2/playlist.m3u8?checkedby:iptvcat.com","country":"argentina","liveliness":"100","status":"online","lastChecked":"2020-08-17T00:00:00Z","format":"sd","mbps":"2334","URI":["argentina"]},{"id":"104","channel":"TeleNord Corrientes","link":"http://www.coninfo.net:1935/previsoratv/live/playlist.m3u8?checkedby:iptvcat.com","country":"argentina","liveliness":"94","status":"offline","lastChecked":"2020-08-18T00:00:00Z","format":"sd","mbps":"1008","URI":["argentina"]},{"id":"103","channel":"Telemax","link":"http://live-edge01.telecentro.net.ar/live/tlxhd-720/playlist.m3u8?checkedby:iptvcat.com","country":"argentina","liveliness":"99","status":"online","lastChecked":"2020-08-17T00:00:00Z","format":"hd","mbps":"3625","URI":["argentina"]},{"id":"132522","channel":"Telemax","link":"https://live-edge01.telecentro.net.ar/live/tlxhd-720/playlist.m3u8?checkedby:iptvcat.com","country":"argentina","liveliness":"97","status":"online","lastChecked":"2020-08-17T00:00:00Z","format":"hd","mbps":"3625","URI":["south_america","south america","argentina","latin america","latin_america"]},{"id":"132523","channel":"Tierramia TV","link":"https://live-edge01.telecentro.net.ar/live/smil:tlx.smil/master.m3u8?checkedby:iptvcat.com","country":"argentina","liveliness":"91","status":"online","lastChecked":"2020-08-17T00:00:00Z","format":"hd","mbps":"3625, ...","URI":["south_america","south america","argentina","latin america","latin_america"]},{"id":"105","channel":"Tierramia TV","link":"https://live-edge01.telecentro.net.ar/live/smil:trm.smil/chunklist_w68879463_b1864000_sleng.m3u8?checkedby:iptvcat.com","country":"argentina","liveliness":"99","status":"online","lastChecked":"2020-08-17T00:00:00Z","format":"hd","mbps":"4322","URI":["argentina"]},{"id":"24225","channel":"5TV Corrientes, AR | 5TV Corrientes","link":"http://www.coninfo.net:1935/tvcinco/live1/chunklist_w1546509083.m3u8?checkedby:iptvcat.com","country":"argentina","liveliness":"99","status":"online","lastChecked":"2020-08-17T00:00:00Z","format":"hd","mbps":"3799","URI":["latin_america","north_america","south_america","united_states_of_america","north america","south america","argentina","latin america","united states of america"]},{"id":"24225","channel":"5TV Corrientes, AR | 5TV Corrientes","link":"http://www.coninfo.net:1935/tvcinco/live1/chunklist_w1546509083.m3u8?checkedby:iptvcat.com","country":"argentina","liveliness":"99","status":"online","lastChecked":"2020-08-17T00:00:00Z","format":"hd","mbps":"3799","URI":["latin_america","north_america","south_america","united_states_of_america","north america","south america","argentina","latin america","united states of america"]},{"id":"24225","channel":"5TV Corrientes, AR | 5TV Corrientes","link":"http://www.coninfo.net:1935/tvcinco/live1/chunklist_w1546509083.m3u8?checkedby:iptvcat.com","country":"argentina","liveliness":"99","status":"online","lastChecked":"2020-08-17T00:00:00Z","format":"hd","mbps":"3799","URI":["latin_america","north_america","south_america","united_states_of_america","north america","south america","argentina","latin america","united states of america"]},{"id":"42","channel":"13 Max","link":"http://coninfo.net:1935/13maxhd/live_720p/chunklist_w352743074.m3u8?checkedby:iptvcat.com","country":"argentina","liveliness":"94","status":"offline","lastChecked":"2020-08-18T00:00:00Z","format":"hd","mbps":"3188","URI":["argentina"]},{"id":"41","channel":"13 Max","link":"http://coninfo.net:1935/13maxhd/live_720p/chunklist.m3u8?checkedby:iptvcat.com","country":"argentina","liveliness":"92","status":"offline","lastChecked":"2020-08-18T00:00:00Z","format":"hd","mbps":"3188","URI":["argentina"]},{"id":"22050","channel":"24/7 Canal de Noticias, CN 24/7","link":"http://59c5c86e10038.streamlock.net:1935/6605140/6605140/playlist.m3u8?checkedby:iptvcat.com","country":"argentina","liveliness":"95","status":"online","lastChecked":"2020-08-17T00:00:00Z","format":"hd","mbps":"5020","URI":["argentina"]},{"id":"132512","channel":"5RTV Santa Fe","link":"https://api.new.livestream.com/accounts/5RTvSF/events/8242619/live.m3u8?checkedby:iptvcat.com","country":"argentina","liveliness":"99","status":"online","lastChecked":"2020-08-17T00:00:00Z","format":"hd","mbps":"5020","URI":["latin_america","south_america","south america","argentina","latin america"]},{"id":"132511","channel":"5RTV Santa Fe","link":"https://api.new.livestream.com/accounts/22636012/events/8242619/live.m3u8?checkedby:iptvcat.com","country":"argentina","liveliness":"99","status":"online","lastChecked":"2020-08-17T00:00:00Z","format":"hd","mbps":"5020","URI":["latin_america","south_america","south america","argentina","latin america"]},{"id":"45","channel":"5RTV Santa Fe","link":"http://api.new.livestream.com/accounts/5RTvSF/events/8242619/live.m3u8?checkedby:iptvcat.com","country":"argentina","liveliness":"100","status":"online","lastChecked":"2020-08-17T00:00:00Z","format":"hd","mbps":"5020","URI":["argentina"]},{"id":"44","channel":"5RTV Santa Fe","link":"http://api.new.livestream.com/accounts/22636012/events/8242619/live.m3u8?checkedby:iptvcat.com","country":"argentina","liveliness":"100","status":"online","lastChecked":"2020-08-17T00:00:00Z","format":"hd","mbps":"5020","URI":["argentina"]},{"id":"24225","channel":"5TV Corrientes, AR | 5TV Corrientes","link":"http://www.coninfo.net:1935/tvcinco/live1/chunklist_w1546509083.m3u8?checkedby:iptvcat.com","country":"argentina","liveliness":"99","status":"online","lastChecked":"2020-08-17T00:00:00Z","format":"hd","mbps":"3799","URI":["latin_america","north_america","south_america","united_states_of_america","north america","south america","argentina","latin america","united states of america"]},{"id":"24935","channel":"AL Jazeera Arabic Live, AR:AL Jazeera Arabic Live","link":"https://live-hls-web-aja.getaj.net/AJA/02.m3u8?checkedby:iptvcat.com","country":"argentina","liveliness":"100","status":"online","lastChecked":"2020-08-17T00:00:00Z","format":"hd","mbps":"3188","URI":["latin_america","south_america","south america","argentina","latin america"]},{"id":"24936","channel":"AL Jazeera Mubashe, AR:AL Jazeera Mubashe","link":"https://live-hls-web-ajm.getaj.net/AJM/02.m3u8?checkedby:iptvcat.com","country":"argentina","liveliness":"100","status":"online","lastChecked":"2020-08-17T00:00:00Z","format":"hd","mbps":"3188","URI":["latin_america","south_america","south america","argentina","latin america"]},{"id":"24229","channel":"AR | BVC Bahia Blanca, BVC Bahia Blanca","link":"https://cdn2.zencast.tv:30443/bahiablanca/live/playlist.m3u8?checkedby:iptvcat.com","country":"argentina","liveliness":"100","status":"online","lastChecked":"2020-08-17T00:00:00Z","format":"sd","mbps":"1853","URI":["latin_america","north_america","south_america","united_states_of_america","north america","south america","argentina","latin america","united states of america"]},{"id":"55908","channel":"AR | Chaco TV, Chaco TV","link":"https://5b7ecefab6325.streamlock.net/Streamtv/chacotv/chunklist_w1504807357.m3u8?checkedby:iptvcat.com","country":"argentina","liveliness":"97","status":"offline","lastChecked":"2020-08-18T00:00:00Z","format":"hd","mbps":"7114","URI":["latin_america","south_america","south america","argentina","latin america"]},{"id":"55902","channel":"AR | Fenix TV, Fenix TV","link":"https://stmv1.questreaming.com/fenixlarioja/fenixlarioja/playlist.m3u8?checkedby:iptvcat.com","country":"argentina","liveliness":"97","status":"online","lastChecked":"2020-08-17T00:00:00Z","format":"hd","mbps":"3188","URI":["latin_america","south_america","south america","argentina","latin america"]},{"id":"55901","channel":"AR | Net TV, Net TV","link":"https://unlimited1-us.dps.live/nettv/nettv.smil/nettv/livestream1/chunks.m3u8?checkedby:iptvcat.com","country":"argentina","liveliness":"99","status":"online","lastChecked":"2020-08-17T00:00:00Z","format":"hd","mbps":"5997","URI":["latin_america","south_america","south america","argentina","latin america"]},{"id":"24937","channel":"AR:TRT Arabic, TRT Arabic","link":"https://tv-trtarabi.live.trt.com.tr/master_720.m3u8?checkedby:iptvcat.com","country":"argentina","liveliness":"100","status":"online","lastChecked":"2020-08-17T00:00:00Z","format":"hd","mbps":"3188","URI":["latin_america","south_america","south america","argentina","latin america"]},{"id":"48","channel":"Argentinísima Satelital","link":"http://186.0.233.76:1935/Argentinisima/smil:argentinisima.smil/playlist.m3u8?checkedby:iptvcat.com","country":"argentina","liveliness":"99","status":"online","lastChecked":"2020-08-17T00:00:00Z","format":"sd","mbps":"10118, ...","URI":["argentina"]},{"id":"73","channel":"CANAL PROVINCIAL SAN MIGUEL","link":"http://www.trimi.com.ar/provincial/streaming/mystream.m3u8?checkedby:iptvcat.com","country":"argentina","liveliness":"94","status":"online","lastChecked":"2020-08-17T00:00:00Z","format":"sd","mbps":"1181, ...","URI":["argentina"]},{"id":"132517","channel":"CPEtv","link":"https://dcunilive28-lh.akamaihd.net/i/dclive_1@533583/master.m3u8?checkedby:iptvcat.com","country":"argentina","liveliness":"100","status":"online","lastChecked":"2020-08-17T00:00:00Z","format":"hd","mbps":"3188, ...","URI":["south_america","south america","argentina","latin america","latin_america"]},{"id":"80","channel":"CPEtv","link":"http://dcunilive28-lh.akamaihd.net/i/dclive_1@533583/master.m3u8?checkedby:iptvcat.com","country":"argentina","liveliness":"97","status":"online","lastChecked":"2020-08-17T00:00:00Z","format":"hd","mbps":"3188, ...","URI":["argentina"]},{"id":"79","channel":"CPEtv","link":"http://dcunilive28-lh.akamaihd.net/i/dclive_1@533583/index_150_av-p.m3u8?checkedby:iptvcat.com","country":"argentina","liveliness":"97","status":"online","lastChecked":"2020-08-17T00:00:00Z","format":"hd","mbps":"3188","URI":["argentina"]},{"id":"53","channel":"Canal 17 Milenium Salta","link":"https://59c5c86e10038.streamlock.net/6605140/6605140/playlist.m3u8?checkedby:iptvcat.com","country":"argentina","liveliness":"96","status":"online","lastChecked":"2020-08-17T00:00:00Z","format":"hd","mbps":"5020","URI":["argentina"]},{"id":"132515","channel":"Canal 26","link":"https://live-edge01.telecentro.net.ar/live/smil:c26.smil/playlist.m3u8?checkedby:iptvcat.com","country":"argentina","liveliness":"80","status":"online","lastChecked":"2020-08-17T00:00:00Z","format":"sd","mbps":"267","URI":["south_america","south america","argentina","latin america","latin_america"]},{"id":"132514","channel":"Canal 26","link":"https://live-edge01.telecentro.net.ar/live/26hd-720/playlist.m3u8?checkedby:iptvcat.com","country":"argentina","liveliness":"93","status":"online","lastChecked":"2020-08-17T00:00:00Z","format":"hd","mbps":"4322","URI":["south_america","south america","argentina","latin america","latin_america"]},{"id":"132513","channel":"Canal 26","link":"https://live-edge01.telecentro.net.ar/live/26hd-360/playlist.m3u8?checkedby:iptvcat.com","country":"argentina","liveliness":"98","status":"online","lastChecked":"2020-08-17T00:00:00Z","format":"sd","mbps":"1182","URI":["south_america","south america","argentina","latin america","latin_america"]},{"id":"63","channel":"Canal 26","link":"http://live-edge01.telecentro.net.ar:1935/live/26hd-720/livestream.m3u8?checkedby:iptvcat.com","country":"argentina","liveliness":"97","status":"online","lastChecked":"2020-08-17T00:00:00Z","format":"hd","mbps":"4322","URI":["argentina"]},{"id":"62","channel":"Canal 26","link":"http://live-edge01.telecentro.net.ar/live/smil:c26.smil/playlist.m3u8?checkedby:iptvcat.com","country":"argentina","liveliness":"95","status":"online","lastChecked":"2020-08-17T00:00:00Z","format":"sd","mbps":"267","URI":["argentina"]},{"id":"59","channel":"Canal 26","link":"http://live-edge01.telecentro.net.ar/live/26hd-720/playlist.m3u8?checkedby:iptvcat.com","country":"argentina","liveliness":"97","status":"online","lastChecked":"2020-08-16T00:00:00Z","format":"hd","mbps":"4322","URI":["argentina"]},{"id":"58","channel":"Canal 26","link":"http://live-edge01.telecentro.net.ar/live/26hd-360/playlist.m3u8?checkedby:iptvcat.com","country":"argentina","liveliness":"100","status":"online","lastChecked":"2020-08-17T00:00:00Z","format":"sd","mbps":"1182","URI":["argentina"]},{"id":"57","channel":"Canal 26","link":"http://200.115.193.177/live/26hd-720/playlist.m3u8?checkedby:iptvcat.com","country":"argentina","liveliness":"97","status":"online","lastChecked":"2020-08-17T00:00:00Z","format":"hd","mbps":"4322","URI":["argentina"]},{"id":"56","channel":"Canal 26","link":"http://200.115.193.177/live/26hd-720/.m3u8?checkedby:iptvcat.com","country":"argentina","liveliness":"98","status":"online","lastChecked":"2020-08-18T00:00:00Z","format":"hd","mbps":"4322","URI":["argentina"]},{"id":"54","channel":"Canal 26","link":"http://200.115.193.177/live/26hd-180/playlist.m3u8?checkedby:iptvcat.com","country":"argentina","liveliness":"100","status":"online","lastChecked":"2020-08-17T00:00:00Z","format":"sd","mbps":"267","URI":["argentina"]},{"id":"66","channel":"Canal 79 Mar del Plata","link":"https://streamconex.com:1936/mardelplata/mardelplata/chunklist_w56484596.m3u8?checkedby:iptvcat.com","country":"argentina","liveliness":"98","status":"online","lastChecked":"2020-08-17T00:00:00Z","format":"sd","mbps":"426","URI":["argentina"]},{"id":"72","channel":"Canal Acequia","link":"http://api.new.livestream.com/accounts/6450028/events/5813077/live.m3u8?checkedby:iptvcat.com","country":"argentina","liveliness":"96","status":"online","lastChecked":"2020-08-17T00:00:00Z","format":"hd","mbps":"5020, ...","URI":["argentina"]},{"id":"74","channel":"Chacra TV","link":"http://s8.stweb.tv:1935/chacra/live/chunks.m3u8?checkedby:iptvcat.com","country":"argentina","liveliness":"100","status":"online","lastChecked":"2020-08-17T00:00:00Z","format":"sd","mbps":"1688","URI":["argentina"]},{"id":"75","channel":"Ciudad TV Chaco","link":"http://coninfo.net:1935/chacodxdtv/live/chunklist_w1251301598.m3u8?checkedby:iptvcat.com","country":"argentina","liveliness":"100","status":"online","lastChecked":"2020-08-17T00:00:00Z","format":"hd","mbps":"3188","URI":["argentina"]},{"id":"132516","channel":"Conexion Abierta","link":"http://server1.mgmultimedios.com:8080/uai/live/playlist.m3u8?checkedby:iptvcat.com","country":"argentina","liveliness":"100","status":"online","lastChecked":"2020-08-17T00:00:00Z","format":"sd","mbps":"1456","URI":["south_america","south america","argentina","latin america","latin_america"]},{"id":"84","channel":"Frecuencia Musical TV","link":"http://streaminglivehd.com:1935/8056/8056/playlist.m3u8?checkedby:iptvcat.com","country":"argentina","liveliness":"96","status":"online","lastChecked":"2020-08-17T00:00:00Z","format":"hd","mbps":"3799","URI":["argentina"]},{"id":"132518","channel":"LA 90 FM","link":"http://streaming02.arcast.com.ar:1935/la90fm/la90fm/playlist.m3u8?checkedby:iptvcat.com","country":"argentina","liveliness":"99","status":"online","lastChecked":"2020-08-17T00:00:00Z","format":"sd","mbps":"2488","URI":["south_america","south america","argentina","latin america","latin_america"]},{"id":"96","channel":"Music Top, MUSICA:Music Top Argentina","link":"http://live-edge01.telecentro.net.ar/live/smil:musictop.smil/playlist.m3u8?checkedby:iptvcat.com","country":"argentina","liveliness":"94","status":"online","lastChecked":"2020-08-17T00:00:00Z","format":"hd","mbps":"3625","URI":["argentina"]},{"id":"93","channel":"Music TOP","link":"http://live-edge01.telecentro.net.ar/live/smil:musictop.smil/chunklist_w1582140541_b364000_sleng.m3u8?checkedby:iptvcat.com","country":"argentina","liveliness":"98","status":"online","lastChecked":"2020-08-17T00:00:00Z","format":"sd","mbps":"354","URI":["argentina"]},{"id":"97","channel":"Music Top","link":"http://live-edge01.telecentro.net.ar:1935/live/msctphd-720/playlist.m3u8?checkedby:iptvcat.com","country":"argentina","liveliness":"98","status":"online","lastChecked":"2020-08-17T00:00:00Z","format":"hd","mbps":"3625","URI":["argentina"]},{"id":"95","channel":"Music Top","link":"http://live-edge01.telecentro.net.ar/live/smil:musictop.smil/chunklist_w767435128_b2028000_sleng.m3u8?checkedby:iptvcat.com","country":"argentina","liveliness":"99","status":"online","lastChecked":"2020-08-17T00:00:00Z","format":"hd","mbps":"3625","URI":["argentina"]},{"id":"94","channel":"Music Top","link":"http://live-edge01.telecentro.net.ar/live/smil:musictop.smil/chunklist_w538311571_b364000_sleng.m3u8?checkedby:iptvcat.com","country":"argentina","liveliness":"100","status":"online","lastChecked":"2020-08-17T00:00:00Z","format":"sd","mbps":"354","URI":["argentina"]},{"id":"92","channel":"Music Top","link":"http://live-edge01.telecentro.net.ar/live/musictop.smil/.m3u8?checkedby:iptvcat.com","country":"argentina","liveliness":"91","status":"online","lastChecked":"2020-08-17T00:00:00Z","format":"hd","mbps":"3625, ...","URI":["argentina"]},{"id":"91","channel":"Music Top","link":"http://live-edge01.telecentro.net.ar/live/msctphd-720/playlist.m3u8?checkedby:iptvcat.com","country":"argentina","liveliness":"99","status":"online","lastChecked":"2020-08-17T00:00:00Z","format":"hd","mbps":"3625","URI":["argentina"]},{"id":"132520","channel":"Music Top","link":"https://live-edge01.telecentro.net.ar/live/musictop.smil/.m3u8?checkedby:iptvcat.com","country":"argentina","liveliness":"83","status":"online","lastChecked":"2020-08-17T00:00:00Z","format":"hd","mbps":"3625, ...","URI":["south_america","south america","argentina","latin america","latin_america"]},{"id":"132519","channel":"Music Top","link":"https://live-edge01.telecentro.net.ar/live/msctphd-720/playlist.m3u8?checkedby:iptvcat.com","country":"argentina","liveliness":"98","status":"online","lastChecked":"2020-08-17T00:00:00Z","format":"hd","mbps":"3625","URI":["south_america","south america","argentina","latin america","latin_america"]},{"id":"101","channel":"RTN Neuquén","link":"http://media.neuquen.gov.ar/rtn/television/media.m3u8?checkedby:iptvcat.com","country":"argentina","liveliness":"97","status":"online","lastChecked":"2020-08-17T00:00:00Z","format":"hd","mbps":"3625","URI":["argentina"]},{"id":"100","channel":"RTN Neuquén","link":"http://media.neuquen.gov.ar/rtn/television/chunklist_w2042779766.m3u8?checkedby:iptvcat.com","country":"argentina","liveliness":"97","status":"online","lastChecked":"2020-08-17T00:00:00Z","format":"hd","mbps":"3625","URI":["argentina"]},{"id":"99","channel":"RTN Neuquén","link":"http://media.neuquen.gov.ar/rtn/television/chunklist_w1330236482.m3u8?checkedby:iptvcat.com","country":"argentina","liveliness":"97","status":"online","lastChecked":"2020-08-17T00:00:00Z","format":"hd","mbps":"3625","URI":["argentina"]},{"id":"102","channel":"T5 Satelital","link":"http://api.new.livestream.com/accounts/20819504/events/8664197/live.m3u8?checkedby:iptvcat.com","country":"argentina","liveliness":"92","status":"online","lastChecked":"2020-08-17T00:00:00Z","format":"sd","mbps":"2883","URI":["argentina"]},{"id":"132521","channel":"T5 Satelital","link":"https://api.new.livestream.com/accounts/20819504/events/8664197/live.m3u8?checkedby:iptvcat.com","country":"argentina","liveliness":"88","status":"online","lastChecked":"2020-08-17T00:00:00Z","format":"sd","mbps":"2883","URI":["south_america","south america","argentina","latin america","latin_america"]},{"id":"51287","channel":"TLX","link":"http://live-edge01.telecentro.net.ar/live/smil:tlx.smil/master.m3u8?checkedby:iptvcat.com","country":"argentina","liveliness":"96","status":"online","lastChecked":"2020-08-16T00:00:00Z","format":"hd","mbps":"3625, ...","URI":["argentina"]},{"id":"132524","channel":"TLX","link":"https://live-edge01.telecentro.net.ar/live/tlxhd-720/master.m3u8?checkedby:iptvcat.com","country":"argentina","liveliness":"98","status":"online","lastChecked":"2020-08-17T00:00:00Z","format":"hd","mbps":"3625","URI":["south_america","south america","argentina","latin america","latin_america"]},{"id":"111","channel":"TLX","link":"http://live-edge01.telecentro.net.ar/live/tlxhd-720/master.m3u8?checkedby:iptvcat.com","country":"argentina","liveliness":"100","status":"online","lastChecked":"2020-08-17T00:00:00Z","format":"hd","mbps":"3625","URI":["argentina"]},{"id":"114","channel":"TV Maná Córdoba","link":"http://streamspub.manasat.com:1935/tvar/tvmanaar2/playlist.m3u8?checkedby:iptvcat.com","country":"argentina","liveliness":"100","status":"online","lastChecked":"2020-08-17T00:00:00Z","format":"sd","mbps":"2334","URI":["argentina"]},{"id":"113","channel":"TV Maná Córdoba","link":"http://csvl03.manasat.com:1935/tvar/tvmanaar2/playlist.m3u8?checkedby:iptvcat.com","country":"argentina","liveliness":"100","status":"online","lastChecked":"2020-08-17T00:00:00Z","format":"sd","mbps":"2334","URI":["argentina"]},{"id":"104","channel":"TeleNord Corrientes","link":"http://www.coninfo.net:1935/previsoratv/live/playlist.m3u8?checkedby:iptvcat.com","country":"argentina","liveliness":"94","status":"offline","lastChecked":"2020-08-18T00:00:00Z","format":"sd","mbps":"1008","URI":["argentina"]},{"id":"103","channel":"Telemax","link":"http://live-edge01.telecentro.net.ar/live/tlxhd-720/playlist.m3u8?checkedby:iptvcat.com","country":"argentina","liveliness":"99","status":"online","lastChecked":"2020-08-17T00:00:00Z","format":"hd","mbps":"3625","URI":["argentina"]},{"id":"132522","channel":"Telemax","link":"https://live-edge01.telecentro.net.ar/live/tlxhd-720/playlist.m3u8?checkedby:iptvcat.com","country":"argentina","liveliness":"97","status":"online","lastChecked":"2020-08-17T00:00:00Z","format":"hd","mbps":"3625","URI":["south_america","south america","argentina","latin america","latin_america"]},{"id":"132523","channel":"Tierramia TV","link":"https://live-edge01.telecentro.net.ar/live/smil:tlx.smil/master.m3u8?checkedby:iptvcat.com","country":"argentina","liveliness":"91","status":"online","lastChecked":"2020-08-17T00:00:00Z","format":"hd","mbps":"3625, ...","URI":["south_america","south america","argentina","latin america","latin_america"]},{"id":"105","channel":"Tierramia TV","link":"https://live-edge01.telecentro.net.ar/live/smil:trm.smil/chunklist_w68879463_b1864000_sleng.m3u8?checkedby:iptvcat.com","country":"argentina","liveliness":"99","status":"online","lastChecked":"2020-08-17T00:00:00Z","format":"hd","mbps":"4322","URI":["argentina"]},{"id":"132523","channel":"Tierramia TV","link":"https://live-edge01.telecentro.net.ar/live/smil:tlx.smil/master.m3u8?checkedby:iptvcat.com","country":"argentina","liveliness":"91","status":"online","lastChecked":"2020-08-17T00:00:00Z","format":"hd","mbps":"3625, ...","URI":["south_america","south america","argentina","latin america","latin_america"]},{"id":"132524","channel":"TLX","link":"https://live-edge01.telecentro.net.ar/live/tlxhd-720/master.m3u8?checkedby:iptvcat.com","country":"argentina","liveliness":"98","status":"online","lastChecked":"2020-08-17T00:00:00Z","format":"hd","mbps":"3625","URI":["south_america","south america","argentina","latin america","latin_america"]},{"id":"132522","channel":"Telemax","link":"https://live-edge01.telecentro.net.ar/live/tlxhd-720/playlist.m3u8?checkedby:iptvcat.com","country":"argentina","liveliness":"97","status":"online","lastChecked":"2020-08-17T00:00:00Z","format":"hd","mbps":"3625","URI":["south_america","south america","argentina","latin america","latin_america"]},{"id":"132521","channel":"T5 Satelital","link":"https://api.new.livestream.com/accounts/20819504/events/8664197/live.m3u8?checkedby:iptvcat.com","country":"argentina","liveliness":"88","status":"online","lastChecked":"2020-08-17T00:00:00Z","format":"sd","mbps":"2883","URI":["south_america","south america","argentina","latin america","latin_america"]},{"id":"132518","channel":"LA 90 FM","link":"http://streaming02.arcast.com.ar:1935/la90fm/la90fm/playlist.m3u8?checkedby:iptvcat.com","country":"argentina","liveliness":"99","status":"online","lastChecked":"2020-08-17T00:00:00Z","format":"sd","mbps":"2488","URI":["south_america","south america","argentina","latin america","latin_america"]},{"id":"132520","channel":"Music Top","link":"https://live-edge01.telecentro.net.ar/live/musictop.smil/.m3u8?checkedby:iptvcat.com","country":"argentina","liveliness":"83","status":"online","lastChecked":"2020-08-17T00:00:00Z","format":"hd","mbps":"3625, ...","URI":["south_america","south america","argentina","latin america","latin_america"]},{"id":"132519","channel":"Music Top","link":"https://live-edge01.telecentro.net.ar/live/msctphd-720/playlist.m3u8?checkedby:iptvcat.com","country":"argentina","liveliness":"98","status":"online","lastChecked":"2020-08-17T00:00:00Z","format":"hd","mbps":"3625","URI":["south_america","south america","argentina","latin america","latin_america"]},{"id":"132517","channel":"CPEtv","link":"https://dcunilive28-lh.akamaihd.net/i/dclive_1@533583/master.m3u8?checkedby:iptvcat.com","country":"argentina","liveliness":"100","status":"online","lastChecked":"2020-08-17T00:00:00Z","format":"hd","mbps":"3188, ...","URI":["south_america","south america","argentina","latin america","latin_america"]},{"id":"132515","channel":"Canal 26","link":"https://live-edge01.telecentro.net.ar/live/smil:c26.smil/playlist.m3u8?checkedby:iptvcat.com","country":"argentina","liveliness":"80","status":"online","lastChecked":"2020-08-17T00:00:00Z","format":"sd","mbps":"267","URI":["south_america","south america","argentina","latin america","latin_america"]},{"id":"132514","channel":"Canal 26","link":"https://live-edge01.telecentro.net.ar/live/26hd-720/playlist.m3u8?checkedby:iptvcat.com","country":"argentina","liveliness":"93","status":"online","lastChecked":"2020-08-17T00:00:00Z","format":"hd","mbps":"4322","URI":["south_america","south america","argentina","latin america","latin_america"]},{"id":"132513","channel":"Canal 26","link":"https://live-edge01.telecentro.net.ar/live/26hd-360/playlist.m3u8?checkedby:iptvcat.com","country":"argentina","liveliness":"98","status":"online","lastChecked":"2020-08-17T00:00:00Z","format":"sd","mbps":"1182","URI":["south_america","south america","argentina","latin america","latin_america"]},{"id":"132516","channel":"Conexion Abierta","link":"http://server1.mgmultimedios.com:8080/uai/live/playlist.m3u8?checkedby:iptvcat.com","country":"argentina","liveliness":"100","status":"online","lastChecked":"2020-08-17T00:00:00Z","format":"sd","mbps":"1456","URI":["south_america","south america","argentina","latin america","latin_america"]},{"id":"132512","channel":"5RTV Santa Fe","link":"https://api.new.livestream.com/accounts/5RTvSF/events/8242619/live.m3u8?checkedby:iptvcat.com","country":"argentina","liveliness":"99","status":"online","lastChecked":"2020-08-17T00:00:00Z","format":"hd","mbps":"5020","URI":["latin_america","south_america","south america","argentina","latin america"]},{"id":"132511","channel":"5RTV Santa Fe","link":"https://api.new.livestream.com/accounts/22636012/events/8242619/live.m3u8?checkedby:iptvcat.com","country":"argentina","liveliness":"99","status":"online","lastChecked":"2020-08-17T00:00:00Z","format":"hd","mbps":"5020","URI":["latin_america","south_america","south america","argentina","latin america"]},{"id":"24225","channel":"5TV Corrientes, AR | 5TV Corrientes","link":"http://www.coninfo.net:1935/tvcinco/live1/chunklist_w1546509083.m3u8?checkedby:iptvcat.com","country":"argentina","liveliness":"99","status":"online","lastChecked":"2020-08-17T00:00:00Z","format":"hd","mbps":"3799","URI":["latin_america","north_america","south_america","united_states_of_america","north america","south america","argentina","latin america","united states of america"]},{"id":"24935","channel":"AL Jazeera Arabic Live, AR:AL Jazeera Arabic Live","link":"https://live-hls-web-aja.getaj.net/AJA/02.m3u8?checkedby:iptvcat.com","country":"argentina","liveliness":"100","status":"online","lastChecked":"2020-08-17T00:00:00Z","format":"hd","mbps":"3188","URI":["latin_america","south_america","south america","argentina","latin america"]},{"id":"24936","channel":"AL Jazeera Mubashe, AR:AL Jazeera Mubashe","link":"https://live-hls-web-ajm.getaj.net/AJM/02.m3u8?checkedby:iptvcat.com","country":"argentina","liveliness":"100","status":"online","lastChecked":"2020-08-17T00:00:00Z","format":"hd","mbps":"3188","URI":["latin_america","south_america","south america","argentina","latin america"]},{"id":"24229","channel":"AR | BVC Bahia Blanca, BVC Bahia Blanca","link":"https://cdn2.zencast.tv:30443/bahiablanca/live/playlist.m3u8?checkedby:iptvcat.com","country":"argentina","liveliness":"100","status":"online","lastChecked":"2020-08-17T00:00:00Z","format":"sd","mbps":"1853","URI":["latin_america","north_america","south_america","united_states_of_america","north america","south america","argentina","latin america","united states of america"]},{"id":"55908","channel":"AR | Chaco TV, Chaco TV","link":"https://5b7ecefab6325.streamlock.net/Streamtv/chacotv/chunklist_w1504807357.m3u8?checkedby:iptvcat.com","country":"argentina","liveliness":"97","status":"offline","lastChecked":"2020-08-18T00:00:00Z","format":"hd","mbps":"7114","URI":["latin_america","south_america","south america","argentina","latin america"]},{"id":"55902","channel":"AR | Fenix TV, Fenix TV","link":"https://stmv1.questreaming.com/fenixlarioja/fenixlarioja/playlist.m3u8?checkedby:iptvcat.com","country":"argentina","liveliness":"97","status":"online","lastChecked":"2020-08-17T00:00:00Z","format":"hd","mbps":"3188","URI":["latin_america","south_america","south america","argentina","latin america"]},{"id":"55901","channel":"AR | Net TV, Net TV","link":"https://unlimited1-us.dps.live/nettv/nettv.smil/nettv/livestream1/chunks.m3u8?checkedby:iptvcat.com","country":"argentina","liveliness":"99","status":"online","lastChecked":"2020-08-17T00:00:00Z","format":"hd","mbps":"5997","URI":["latin_america","south_america","south america","argentina","latin america"]},{"id":"24937","channel":"AR:TRT Arabic, TRT Arabic","link":"https://tv-trtarabi.live.trt.com.tr/master_720.m3u8?checkedby:iptvcat.com","country":"argentina","liveliness":"100","status":"online","lastChecked":"2020-08-17T00:00:00Z","format":"hd","mbps":"3188","URI":["latin_america","south_america","south america","argentina","latin america"]},{"id":"132512","channel":"5RTV Santa Fe","link":"https://api.new.livestream.com/accounts/5RTvSF/events/8242619/live.m3u8?checkedby:iptvcat.com","country":"argentina","liveliness":"99","status":"online","lastChecked":"2020-08-17T00:00:00Z","format":"hd","mbps":"5020","URI":["latin_america","south_america","south america","argentina","latin america"]},{"id":"132511","channel":"5RTV Santa Fe","link":"https://api.new.livestream.com/accounts/22636012/events/8242619/live.m3u8?checkedby:iptvcat.com","country":"argentina","liveliness":"99","status":"online","lastChecked":"2020-08-17T00:00:00Z","format":"hd","mbps":"5020","URI":["latin_america","south_america","south america","argentina","latin america"]},{"id":"24225","channel":"5TV Corrientes, AR | 5TV Corrientes","link":"http://www.coninfo.net:1935/tvcinco/live1/chunklist_w1546509083.m3u8?checkedby:iptvcat.com","country":"argentina","liveliness":"99","status":"online","lastChecked":"2020-08-17T00:00:00Z","format":"hd","mbps":"3799","URI":["latin_america","north_america","south_america","united_states_of_america","north america","south america","argentina","latin america","united states of america"]},{"id":"24935","channel":"AL Jazeera Arabic Live, AR:AL Jazeera Arabic Live","link":"https://live-hls-web-aja.getaj.net/AJA/02.m3u8?checkedby:iptvcat.com","country":"argentina","liveliness":"100","status":"online","lastChecked":"2020-08-17T00:00:00Z","format":"hd","mbps":"3188","URI":["latin_america","south_america","south america","argentina","latin america"]},{"id":"24936","channel":"AL Jazeera Mubashe, AR:AL Jazeera Mubashe","link":"https://live-hls-web-ajm.getaj.net/AJM/02.m3u8?checkedby:iptvcat.com","country":"argentina","liveliness":"100","status":"online","lastChecked":"2020-08-17T00:00:00Z","format":"hd","mbps":"3188","URI":["latin_america","south_america","south america","argentina","latin america"]},{"id":"24229","channel":"AR | BVC Bahia Blanca, BVC Bahia Blanca","link":"https://cdn2.zencast.tv:30443/bahiablanca/live/playlist.m3u8?checkedby:iptvcat.com","country":"argentina","liveliness":"100","status":"online","lastChecked":"2020-08-17T00:00:00Z","format":"sd","mbps":"1853","URI":["latin_america","north_america","south_america","united_states_of_america","north america","south america","argentina","latin america","united states of america"]},{"id":"55908","channel":"AR | Chaco TV, Chaco TV","link":"https://5b7ecefab6325.streamlock.net/Streamtv/chacotv/chunklist_w1504807357.m3u8?checkedby:iptvcat.com","country":"argentina","liveliness":"97","status":"offline","lastChecked":"2020-08-18T00:00:00Z","format":"hd","mbps":"7114","URI":["latin_america","south_america","south america","argentina","latin america"]},{"id":"55902","channel":"AR | Fenix TV, Fenix TV","link":"https://stmv1.questreaming.com/fenixlarioja/fenixlarioja/playlist.m3u8?checkedby:iptvcat.com","country":"argentina","liveliness":"97","status":"online","lastChecked":"2020-08-17T00:00:00Z","format":"hd","mbps":"3188","URI":["latin_america","south_america","south america","argentina","latin america"]},{"id":"55901","channel":"AR | Net TV, Net TV","link":"https://unlimited1-us.dps.live/nettv/nettv.smil/nettv/livestream1/chunks.m3u8?checkedby:iptvcat.com","country":"argentina","liveliness":"99","status":"online","lastChecked":"2020-08-17T00:00:00Z","format":"hd","mbps":"5997","URI":["latin_america","south_america","south america","argentina","latin america"]},{"id":"24937","channel":"AR:TRT Arabic, TRT Arabic","link":"https://tv-trtarabi.live.trt.com.tr/master_720.m3u8?checkedby:iptvcat.com","country":"argentina","liveliness":"100","status":"online","lastChecked":"2020-08-17T00:00:00Z","format":"hd","mbps":"3188","URI":["latin_america","south_america","south america","argentina","latin america"]},{"id":"132523","channel":"Tierramia TV","link":"https://live-edge01.telecentro.net.ar/live/smil:tlx.smil/master.m3u8?checkedby:iptvcat.com","country":"argentina","liveliness":"91","status":"online","lastChecked":"2020-08-17T00:00:00Z","format":"hd","mbps":"3625, ...","URI":["south_america","south america","argentina","latin america","latin_america"]},{"id":"132524","channel":"TLX","link":"https://live-edge01.telecentro.net.ar/live/tlxhd-720/master.m3u8?checkedby:iptvcat.com","country":"argentina","liveliness":"98","status":"online","lastChecked":"2020-08-17T00:00:00Z","format":"hd","mbps":"3625","URI":["south_america","south america","argentina","latin america","latin_america"]},{"id":"132522","channel":"Telemax","link":"https://live-edge01.telecentro.net.ar/live/tlxhd-720/playlist.m3u8?checkedby:iptvcat.com","country":"argentina","liveliness":"97","status":"online","lastChecked":"2020-08-17T00:00:00Z","format":"hd","mbps":"3625","URI":["south_america","south america","argentina","latin america","latin_america"]},{"id":"132521","channel":"T5 Satelital","link":"https://api.new.livestream.com/accounts/20819504/events/8664197/live.m3u8?checkedby:iptvcat.com","country":"argentina","liveliness":"88","status":"online","lastChecked":"2020-08-17T00:00:00Z","format":"sd","mbps":"2883","URI":["south_america","south america","argentina","latin america","latin_america"]},{"id":"132518","channel":"LA 90 FM","link":"http://streaming02.arcast.com.ar:1935/la90fm/la90fm/playlist.m3u8?checkedby:iptvcat.com","country":"argentina","liveliness":"99","status":"online","lastChecked":"2020-08-17T00:00:00Z","format":"sd","mbps":"2488","URI":["south_america","south america","argentina","latin america","latin_america"]},{"id":"132520","channel":"Music Top","link":"https://live-edge01.telecentro.net.ar/live/musictop.smil/.m3u8?checkedby:iptvcat.com","country":"argentina","liveliness":"83","status":"online","lastChecked":"2020-08-17T00:00:00Z","format":"hd","mbps":"3625, ...","URI":["south_america","south america","argentina","latin america","latin_america"]},{"id":"132519","channel":"Music Top","link":"https://live-edge01.telecentro.net.ar/live/msctphd-720/playlist.m3u8?checkedby:iptvcat.com","country":"argentina","liveliness":"98","status":"online","lastChecked":"2020-08-17T00:00:00Z","format":"hd","mbps":"3625","URI":["south_america","south america","argentina","latin america","latin_america"]},{"id":"132517","channel":"CPEtv","link":"https://dcunilive28-lh.akamaihd.net/i/dclive_1@533583/master.m3u8?checkedby:iptvcat.com","country":"argentina","liveliness":"100","status":"online","lastChecked":"2020-08-17T00:00:00Z","format":"hd","mbps":"3188, ...","URI":["south_america","south america","argentina","latin america","latin_america"]},{"id":"132515","channel":"Canal 26","link":"https://live-edge01.telecentro.net.ar/live/smil:c26.smil/playlist.m3u8?checkedby:iptvcat.com","country":"argentina","liveliness":"80","status":"online","lastChecked":"2020-08-17T00:00:00Z","format":"sd","mbps":"267","URI":["south_america","south america","argentina","latin america","latin_america"]},{"id":"132514","channel":"Canal 26","link":"https://live-edge01.telecentro.net.ar/live/26hd-720/playlist.m3u8?checkedby:iptvcat.com","country":"argentina","liveliness":"93","status":"online","lastChecked":"2020-08-17T00:00:00Z","format":"hd","mbps":"4322","URI":["south_america","south america","argentina","latin america","latin_america"]},{"id":"132513","channel":"Canal 26","link":"https://live-edge01.telecentro.net.ar/live/26hd-360/playlist.m3u8?checkedby:iptvcat.com","country":"argentina","liveliness":"98","status":"online","lastChecked":"2020-08-17T00:00:00Z","format":"sd","mbps":"1182","URI":["south_america","south america","argentina","latin america","latin_america"]},{"id":"132516","channel":"Conexion Abierta","link":"http://server1.mgmultimedios.com:8080/uai/live/playlist.m3u8?checkedby:iptvcat.com","country":"argentina","liveliness":"100","status":"online","lastChecked":"2020-08-17T00:00:00Z","format":"sd","mbps":"1456","URI":["south_america","south america","argentina","latin america","latin_america"]},{"id":"132512","channel":"5RTV Santa Fe","link":"https://api.new.livestream.com/accounts/5RTvSF/events/8242619/live.m3u8?checkedby:iptvcat.com","country":"argentina","liveliness":"99","status":"online","lastChecked":"2020-08-17T00:00:00Z","format":"hd","mbps":"5020","URI":["latin_america","south_america","south america","argentina","latin america"]},{"id":"132511","channel":"5RTV Santa Fe","link":"https://api.new.livestream.com/accounts/22636012/events/8242619/live.m3u8?checkedby:iptvcat.com","country":"argentina","liveliness":"99","status":"online","lastChecked":"2020-08-17T00:00:00Z","format":"hd","mbps":"5020","URI":["latin_america","south_america","south america","argentina","latin america"]},{"id":"24225","channel":"5TV Corrientes, AR | 5TV Corrientes","link":"http://www.coninfo.net:1935/tvcinco/live1/chunklist_w1546509083.m3u8?checkedby:iptvcat.com","country":"argentina","liveliness":"99","status":"online","lastChecked":"2020-08-17T00:00:00Z","format":"hd","mbps":"3799","URI":["latin_america","north_america","south_america","united_states_of_america","north america","south america","argentina","latin america","united states of america"]},{"id":"24935","channel":"AL Jazeera Arabic Live, AR:AL Jazeera Arabic Live","link":"https://live-hls-web-aja.getaj.net/AJA/02.m3u8?checkedby:iptvcat.com","country":"argentina","liveliness":"100","status":"online","lastChecked":"2020-08-17T00:00:00Z","format":"hd","mbps":"3188","URI":["latin_america","south_america","south america","argentina","latin america"]},{"id":"24936","channel":"AL Jazeera Mubashe, AR:AL Jazeera Mubashe","link":"https://live-hls-web-ajm.getaj.net/AJM/02.m3u8?checkedby:iptvcat.com","country":"argentina","liveliness":"100","status":"online","lastChecked":"2020-08-17T00:00:00Z","format":"hd","mbps":"3188","URI":["latin_america","south_america","south america","argentina","latin america"]},{"id":"24229","channel":"AR | BVC Bahia Blanca, BVC Bahia Blanca","link":"https://cdn2.zencast.tv:30443/bahiablanca/live/playlist.m3u8?checkedby:iptvcat.com","country":"argentina","liveliness":"100","status":"online","lastChecked":"2020-08-17T00:00:00Z","format":"sd","mbps":"1853","URI":["latin_america","north_america","south_america","united_states_of_america","north america","south america","argentina","latin america","united states of america"]},{"id":"55908","channel":"AR | Chaco TV, Chaco TV","link":"https://5b7ecefab6325.streamlock.net/Streamtv/chacotv/chunklist_w1504807357.m3u8?checkedby:iptvcat.com","country":"argentina","liveliness":"97","status":"offline","lastChecked":"2020-08-18T00:00:00Z","format":"hd","mbps":"7114","URI":["latin_america","south_america","south america","argentina","latin america"]},{"id":"55902","channel":"AR | Fenix TV, Fenix TV","link":"https://stmv1.questreaming.com/fenixlarioja/fenixlarioja/playlist.m3u8?checkedby:iptvcat.com","country":"argentina","liveliness":"97","status":"online","lastChecked":"2020-08-17T00:00:00Z","format":"hd","mbps":"3188","URI":["latin_america","south_america","south america","argentina","latin america"]},{"id":"55901","channel":"AR | Net TV, Net TV","link":"https://unlimited1-us.dps.live/nettv/nettv.smil/nettv/livestream1/chunks.m3u8?checkedby:iptvcat.com","country":"argentina","liveliness":"99","status":"online","lastChecked":"2020-08-17T00:00:00Z","format":"hd","mbps":"5997","URI":["latin_america","south_america","south america","argentina","latin america"]},{"id":"24937","channel":"AR:TRT Arabic, TRT Arabic","link":"https://tv-trtarabi.live.trt.com.tr/master_720.m3u8?checkedby:iptvcat.com","country":"argentina","liveliness":"100","status":"online","lastChecked":"2020-08-17T00:00:00Z","format":"hd","mbps":"3188","URI":["latin_america","south_america","south america","argentina","latin america"]},{"id":"132512","channel":"5RTV Santa Fe","link":"https://api.new.livestream.com/accounts/5RTvSF/events/8242619/live.m3u8?checkedby:iptvcat.com","country":"argentina","liveliness":"99","status":"online","lastChecked":"2020-08-17T00:00:00Z","format":"hd","mbps":"5020","URI":["latin_america","south_america","south america","argentina","latin america"]},{"id":"132511","channel":"5RTV Santa Fe","link":"https://api.new.livestream.com/accounts/22636012/events/8242619/live.m3u8?checkedby:iptvcat.com","country":"argentina","liveliness":"99","status":"online","lastChecked":"2020-08-17T00:00:00Z","format":"hd","mbps":"5020","URI":["latin_america","south_america","south america","argentina","latin america"]},{"id":"24225","channel":"5TV Corrientes, AR | 5TV Corrientes","link":"http://www.coninfo.net:1935/tvcinco/live1/chunklist_w1546509083.m3u8?checkedby:iptvcat.com","country":"argentina","liveliness":"99","status":"online","lastChecked":"2020-08-17T00:00:00Z","format":"hd","mbps":"3799","URI":["latin_america","north_america","south_america","united_states_of_america","north america","south america","argentina","latin america","united states of america"]},{"id":"24935","channel":"AL Jazeera Arabic Live, AR:AL Jazeera Arabic Live","link":"https://live-hls-web-aja.getaj.net/AJA/02.m3u8?checkedby:iptvcat.com","country":"argentina","liveliness":"100","status":"online","lastChecked":"2020-08-17T00:00:00Z","format":"hd","mbps":"3188","URI":["latin_america","south_america","south america","argentina","latin america"]},{"id":"24936","channel":"AL Jazeera Mubashe, AR:AL Jazeera Mubashe","link":"https://live-hls-web-ajm.getaj.net/AJM/02.m3u8?checkedby:iptvcat.com","country":"argentina","liveliness":"100","status":"online","lastChecked":"2020-08-17T00:00:00Z","format":"hd","mbps":"3188","URI":["latin_america","south_america","south america","argentina","latin america"]},{"id":"24229","channel":"AR | BVC Bahia Blanca, BVC Bahia Blanca","link":"https://cdn2.zencast.tv:30443/bahiablanca/live/playlist.m3u8?checkedby:iptvcat.com","country":"argentina","liveliness":"100","status":"online","lastChecked":"2020-08-17T00:00:00Z","format":"sd","mbps":"1853","URI":["latin_america","north_america","south_america","united_states_of_america","north america","south america","argentina","latin america","united states of america"]},{"id":"55908","channel":"AR | Chaco TV, Chaco TV","link":"https://5b7ecefab6325.streamlock.net/Streamtv/chacotv/chunklist_w1504807357.m3u8?checkedby:iptvcat.com","country":"argentina","liveliness":"97","status":"offline","lastChecked":"2020-08-18T00:00:00Z","format":"hd","mbps":"7114","URI":["latin_america","south_america","south america","argentina","latin america"]},{"id":"55902","channel":"AR | Fenix TV, Fenix TV","link":"https://stmv1.questreaming.com/fenixlarioja/fenixlarioja/playlist.m3u8?checkedby:iptvcat.com","country":"argentina","liveliness":"97","status":"online","lastChecked":"2020-08-17T00:00:00Z","format":"hd","mbps":"3188","URI":["latin_america","south_america","south america","argentina","latin america"]},{"id":"55901","channel":"AR | Net TV, Net TV","link":"https://unlimited1-us.dps.live/nettv/nettv.smil/nettv/livestream1/chunks.m3u8?checkedby:iptvcat.com","country":"argentina","liveliness":"99","status":"online","lastChecked":"2020-08-17T00:00:00Z","format":"hd","mbps":"5997","URI":["latin_america","south_america","south america","argentina","latin america"]},{"id":"24937","channel":"AR:TRT Arabic, TRT Arabic","link":"https://tv-trtarabi.live.trt.com.tr/master_720.m3u8?checkedby:iptvcat.com","country":"argentina","liveliness":"100","status":"online","lastChecked":"2020-08-17T00:00:00Z","format":"hd","mbps":"3188","URI":["latin_america","south_america","south america","argentina","latin america"]},{"id":"24229","channel":"AR | BVC Bahia Blanca, BVC Bahia Blanca","link":"https://cdn2.zencast.tv:30443/bahiablanca/live/playlist.m3u8?checkedby:iptvcat.com","country":"argentina","liveliness":"100","status":"online","lastChecked":"2020-08-17T00:00:00Z","format":"sd","mbps":"1853","URI":["latin_america","north_america","south_america","united_states_of_america","north america","south america","argentina","latin america","united states of america"]},{"id":"24225","channel":"5TV Corrientes, AR | 5TV Corrientes","link":"http://www.coninfo.net:1935/tvcinco/live1/chunklist_w1546509083.m3u8?checkedby:iptvcat.com","country":"argentina","liveliness":"99","status":"online","lastChecked":"2020-08-17T00:00:00Z","format":"hd","mbps":"3799","URI":["latin_america","north_america","south_america","united_states_of_america","north america","south america","argentina","latin america","united states of america"]},{"id":"24225","channel":"5TV Corrientes, AR | 5TV Corrientes","link":"http://www.coninfo.net:1935/tvcinco/live1/chunklist_w1546509083.m3u8?checkedby:iptvcat.com","country":"argentina","liveliness":"99","status":"online","lastChecked":"2020-08-17T00:00:00Z","format":"hd","mbps":"3799","URI":["latin_america","north_america","south_america","united_states_of_america","north america","south america","argentina","latin america","united states of america"]}]