[{"id":"11968","channel":"AM | Yerkir Media, Yerkir Media, Yerkir Media TV","link":"http://fr.cdn.edem.tv/iptv/AILIO9MOXEEJOHBAHPAI3OHSH/608/index.m3u8?checkedby:iptvcat.com","country":"armenia","liveliness":"100","status":"online","lastChecked":"2020-08-17T00:00:00Z","format":"hd","mbps":"3188","URI":["armenia","europe"]},{"id":"24500","channel":"Amga","link":"https://streamer1.connectto.com/AMGA_WEB_1202/tracks-v1a1/mono.m3u8?checkedby:iptvcat.com","country":"armenia","liveliness":"100","status":"online","lastChecked":"2020-08-17T00:00:00Z","format":"hd","mbps":"3795","URI":["armenia"]},{"id":"119","channel":"H1","link":"http://amtv1.livestreamingcdn.com/am2abr/tracks-v2a1/index.m3u8?checkedby:iptvcat.com","country":"armenia","liveliness":"98","status":"online","lastChecked":"2020-08-17T00:00:00Z","format":"hd","mbps":"5991","URI":["armenia"]},{"id":"118","channel":"H1","link":"http://amtv1.livestreamingcdn.com/am2abr/tracks-v1a1/index.m3u8?checkedby:iptvcat.com","country":"armenia","liveliness":"98","status":"online","lastChecked":"2020-08-17T00:00:00Z","format":"fhd 2k","mbps":"13311","URI":["armenia"]},{"id":"120","channel":"Radio Van 103.0 FM Yerevan","link":"http://stream.radiovan.fm/stream/index.m3u8?checkedby:iptvcat.com","country":"armenia","liveliness":"99","status":"online","lastChecked":"2020-08-18T00:00:00Z","format":"hd","mbps":"5020","URI":["armenia"]},{"id":"12754","channel":"SONG TV Armenia","link":"http://songtvam.ru:8060/hd/playlist.m3u8?checkedby:iptvcat.com","country":"armenia","liveliness":"100","status":"online","lastChecked":"2020-08-17T00:00:00Z","format":"fhd 2k","mbps":"7004","URI":["armenia"]},{"id":"132525","channel":"TBN Armenia","link":"https://bogtvhdlive-f.akamaihd.net/i/tbn_armenia@198331/master.m3u8?checkedby:iptvcat.com","country":"armenia","liveliness":"97","status":"online","lastChecked":"2020-08-17T00:00:00Z","format":"fhd 2k","mbps":"7986","URI":["armenia","europe"]},{"id":"123","channel":"TBN Armenia","link":"http://bogtvhdlive-f.akamaihd.net/i/tbn_armenia@198331/master.m3u8?checkedby:iptvcat.com","country":"armenia","liveliness":"97","status":"online","lastChecked":"2020-08-17T00:00:00Z","format":"fhd 2k","mbps":"7986","URI":["armenia"]},{"id":"121","channel":"TBN Armenia","link":"http://bogtvhdlive-f.akamaihd.net/i/tbn_armenia@198331/index_500_av-p.m3u8?checkedby:iptvcat.com","country":"armenia","liveliness":"99","status":"online","lastChecked":"2020-08-17T00:00:00Z","format":"fhd 2k","mbps":"7986","URI":["armenia","europe"]},{"id":"132525","channel":"TBN Armenia","link":"https://bogtvhdlive-f.akamaihd.net/i/tbn_armenia@198331/master.m3u8?checkedby:iptvcat.com","country":"armenia","liveliness":"97","status":"online","lastChecked":"2020-08-17T00:00:00Z","format":"fhd 2k","mbps":"7986","URI":["armenia","europe"]},{"id":"121","channel":"TBN Armenia","link":"http://bogtvhdlive-f.akamaihd.net/i/tbn_armenia@198331/index_500_av-p.m3u8?checkedby:iptvcat.com","country":"armenia","liveliness":"99","status":"online","lastChecked":"2020-08-17T00:00:00Z","format":"fhd 2k","mbps":"7986","URI":["armenia","europe"]},{"id":"11968","channel":"AM | Yerkir Media, Yerkir Media, Yerkir Media TV","link":"http://fr.cdn.edem.tv/iptv/AILIO9MOXEEJOHBAHPAI3OHSH/608/index.m3u8?checkedby:iptvcat.com","country":"armenia","liveliness":"100","status":"online","lastChecked":"2020-08-17T00:00:00Z","format":"hd","mbps":"3188","URI":["armenia","europe"]},{"id":"11968","channel":"AM | Yerkir Media, Yerkir Media, Yerkir Media TV","link":"http://fr.cdn.edem.tv/iptv/AILIO9MOXEEJOHBAHPAI3OHSH/608/index.m3u8?checkedby:iptvcat.com","country":"armenia","liveliness":"100","status":"online","lastChecked":"2020-08-17T00:00:00Z","format":"hd","mbps":"3188","URI":["armenia","europe"]},{"id":"24500","channel":"Amga","link":"https://streamer1.connectto.com/AMGA_WEB_1202/tracks-v1a1/mono.m3u8?checkedby:iptvcat.com","country":"armenia","liveliness":"100","status":"online","lastChecked":"2020-08-17T00:00:00Z","format":"hd","mbps":"3795","URI":["armenia"]},{"id":"119","channel":"H1","link":"http://amtv1.livestreamingcdn.com/am2abr/tracks-v2a1/index.m3u8?checkedby:iptvcat.com","country":"armenia","liveliness":"98","status":"online","lastChecked":"2020-08-17T00:00:00Z","format":"hd","mbps":"5991","URI":["armenia"]},{"id":"118","channel":"H1","link":"http://amtv1.livestreamingcdn.com/am2abr/tracks-v1a1/index.m3u8?checkedby:iptvcat.com","country":"armenia","liveliness":"98","status":"online","lastChecked":"2020-08-17T00:00:00Z","format":"fhd 2k","mbps":"13311","URI":["armenia"]},{"id":"120","channel":"Radio Van 103.0 FM Yerevan","link":"http://stream.radiovan.fm/stream/index.m3u8?checkedby:iptvcat.com","country":"armenia","liveliness":"99","status":"online","lastChecked":"2020-08-18T00:00:00Z","format":"hd","mbps":"5020","URI":["armenia"]},{"id":"12754","channel":"SONG TV Armenia","link":"http://songtvam.ru:8060/hd/playlist.m3u8?checkedby:iptvcat.com","country":"armenia","liveliness":"100","status":"online","lastChecked":"2020-08-17T00:00:00Z","format":"fhd 2k","mbps":"7004","URI":["armenia"]},{"id":"132525","channel":"TBN Armenia","link":"https://bogtvhdlive-f.akamaihd.net/i/tbn_armenia@198331/master.m3u8?checkedby:iptvcat.com","country":"armenia","liveliness":"97","status":"online","lastChecked":"2020-08-17T00:00:00Z","format":"fhd 2k","mbps":"7986","URI":["armenia","europe"]},{"id":"123","channel":"TBN Armenia","link":"http://bogtvhdlive-f.akamaihd.net/i/tbn_armenia@198331/master.m3u8?checkedby:iptvcat.com","country":"armenia","liveliness":"97","status":"online","lastChecked":"2020-08-17T00:00:00Z","format":"fhd 2k","mbps":"7986","URI":["armenia"]},{"id":"121","channel":"TBN Armenia","link":"http://bogtvhdlive-f.akamaihd.net/i/tbn_armenia@198331/index_500_av-p.m3u8?checkedby:iptvcat.com","country":"armenia","liveliness":"99","status":"online","lastChecked":"2020-08-17T00:00:00Z","format":"fhd 2k","mbps":"7986","URI":["armenia","europe"]}]