[{"id":"55922","channel":"AW | Tele Aruba, Tele Aruba","link":"http://cdn.setar.aw:1935/Telearuba/smil:telearuba.smil/chunklist.m3u8?checkedby:iptvcat.com","country":"aruba","liveliness":"96","status":"online","lastChecked":"2020-08-17T00:00:00Z","format":"hd","mbps":"4318, ...","URI":["aruba","south_america","south america"]},{"id":"132526","channel":"Tele Aruba","link":"http://cdn.setar.aw:1935/Telearuba/smil:telearuba.smil/playlist.m3u8?checkedby:iptvcat.com","country":"aruba","liveliness":"99","status":"online","lastChecked":"2020-08-17T00:00:00Z","format":"hd","mbps":"4318, ...","URI":["aruba","south_america","south america"]},{"id":"125","channel":"Tele Aruba","link":"http://cdn.setar.aw:1935/Telearuba/smil:telearuba.smil/chunklist_w964107368_b896000_sleng.m3u8?checkedby:iptvcat.com","country":"aruba","liveliness":"99","status":"online","lastChecked":"2020-08-17T00:00:00Z","format":"sd","mbps":"1181","URI":["aruba"]},{"id":"132527","channel":"Tele Aruba Channel 13","link":"https://backend-server-dot-telearuba-app.appspot.com/media/livestream13/playlist.m3u8?checkedby:iptvcat.com","country":"aruba","liveliness":"99","status":"online","lastChecked":"2020-08-17T00:00:00Z","format":"hd","mbps":"4318, ...","URI":["aruba","south_america","south america"]},{"id":"126","channel":"Tele Aruba Channel 13","link":"https://backend-server-dot-telearuba-app.appspot.com/media/livestream13/chunklist_w812279767_b1596000_sleng.m3u8?checkedby:iptvcat.com","country":"aruba","liveliness":"99","status":"online","lastChecked":"2020-08-17T00:00:00Z","format":"hd","mbps":"4318","URI":["aruba"]},{"id":"132526","channel":"Tele Aruba","link":"http://cdn.setar.aw:1935/Telearuba/smil:telearuba.smil/playlist.m3u8?checkedby:iptvcat.com","country":"aruba","liveliness":"99","status":"online","lastChecked":"2020-08-17T00:00:00Z","format":"hd","mbps":"4318, ...","URI":["aruba","south_america","south america"]},{"id":"132527","channel":"Tele Aruba Channel 13","link":"https://backend-server-dot-telearuba-app.appspot.com/media/livestream13/playlist.m3u8?checkedby:iptvcat.com","country":"aruba","liveliness":"99","status":"online","lastChecked":"2020-08-17T00:00:00Z","format":"hd","mbps":"4318, ...","URI":["aruba","south_america","south america"]},{"id":"55922","channel":"AW | Tele Aruba, Tele Aruba","link":"http://cdn.setar.aw:1935/Telearuba/smil:telearuba.smil/chunklist.m3u8?checkedby:iptvcat.com","country":"aruba","liveliness":"96","status":"online","lastChecked":"2020-08-17T00:00:00Z","format":"hd","mbps":"4318, ...","URI":["aruba","south_america","south america"]},{"id":"55922","channel":"AW | Tele Aruba, Tele Aruba","link":"http://cdn.setar.aw:1935/Telearuba/smil:telearuba.smil/chunklist.m3u8?checkedby:iptvcat.com","country":"aruba","liveliness":"96","status":"online","lastChecked":"2020-08-17T00:00:00Z","format":"hd","mbps":"4318, ...","URI":["aruba","south_america","south america"]},{"id":"132526","channel":"Tele Aruba","link":"http://cdn.setar.aw:1935/Telearuba/smil:telearuba.smil/playlist.m3u8?checkedby:iptvcat.com","country":"aruba","liveliness":"99","status":"online","lastChecked":"2020-08-17T00:00:00Z","format":"hd","mbps":"4318, ...","URI":["aruba","south_america","south america"]},{"id":"132527","channel":"Tele Aruba Channel 13","link":"https://backend-server-dot-telearuba-app.appspot.com/media/livestream13/playlist.m3u8?checkedby:iptvcat.com","country":"aruba","liveliness":"99","status":"online","lastChecked":"2020-08-17T00:00:00Z","format":"hd","mbps":"4318, ...","URI":["aruba","south_america","south america"]},{"id":"55922","channel":"AW | Tele Aruba, Tele Aruba","link":"http://cdn.setar.aw:1935/Telearuba/smil:telearuba.smil/chunklist.m3u8?checkedby:iptvcat.com","country":"aruba","liveliness":"96","status":"online","lastChecked":"2020-08-17T00:00:00Z","format":"hd","mbps":"4318, ...","URI":["aruba","south_america","south america"]},{"id":"55922","channel":"AW | Tele Aruba, Tele Aruba","link":"http://cdn.setar.aw:1935/Telearuba/smil:telearuba.smil/chunklist.m3u8?checkedby:iptvcat.com","country":"aruba","liveliness":"96","status":"online","lastChecked":"2020-08-17T00:00:00Z","format":"hd","mbps":"4318, ...","URI":["aruba","south_america","south america"]}]