[{"id":"132531","channel":"oe24 TV, oe24.TV","link":"https://apasfoe24l.sf.apa.at/ipad/oe24-live1/oe24.sdp/playlist.m3u8?checkedby:iptvcat.com","country":"austria","liveliness":"100","status":"online","lastChecked":"2020-08-18T00:00:00Z","format":"sd","mbps":"1357","URI":["europe","austria","germany"]},{"id":"132532","channel":"Teins TV","link":"https://live1.markenfunk.com/t1/live/chunklist.m3u8?checkedby:iptvcat.com","country":"austria","liveliness":"99","status":"online","lastChecked":"2020-08-17T00:00:00Z","format":"fhd 2k","mbps":"11126","URI":["europe","austria"]},{"id":"132529","channel":"K-TV","link":"https://d1pz8zear993v8.cloudfront.net/hlsme/kathtv.m3u8?checkedby:iptvcat.com","country":"austria","liveliness":"100","status":"online","lastChecked":"2020-08-18T00:00:00Z","format":"hd","mbps":"5020","URI":["europe","austria","germany"]},{"id":"21696","channel":"Austria 24 (Opt-1)","link":"rtmp://streaming.austria24.tv/live/stream_360p?checkedby:iptvcat.com","country":"austria","liveliness":"97","status":"online","lastChecked":"2020-08-17T00:00:00Z","format":"sd","mbps":"1357","URI":["europe","austria"]},{"id":"21697","channel":"Austria 24 (Opt-2)","link":"rtmp://streaming.austria24.tv/live/mp4:stream_720p?checkedby:iptvcat.com","country":"austria","liveliness":"97","status":"online","lastChecked":"2020-08-17T00:00:00Z","format":"hd","mbps":"5020","URI":["europe","austria"]},{"id":"55872","channel":"AT | M4, M4","link":"https://5a32c05065c79.streamlock.net/live/stream/chunklist.m3u8?checkedby:iptvcat.com","country":"austria","liveliness":"88","status":"online","lastChecked":"2020-08-17T00:00:00Z","format":"fhd 2k","mbps":"7004","URI":["europe","austria"]},{"id":"55869","channel":"AT | Uppera Balkan, Uppera Balkan","link":"http://163.172.15.177/live/sUPPERchannel2/index.m3u8?checkedby:iptvcat.com","country":"austria","liveliness":"100","status":"online","lastChecked":"2020-08-17T00:00:00Z","format":"hd","mbps":"7114","URI":["europe","austria"]},{"id":"14013","channel":"Kronehit HD","link":"https://bitcdn-kronehit.bitmovin.com/v2/hls/chunklist_b3128000.m3u8?checkedby:iptvcat.com","country":"austria","liveliness":"95","status":"online","lastChecked":"2020-08-17T00:00:00Z","format":"fhd 2k","mbps":"11126","URI":["russian_federation","russian federation","austria"]},{"id":"14013","channel":"Kronehit HD","link":"https://bitcdn-kronehit.bitmovin.com/v2/hls/chunklist_b3128000.m3u8?checkedby:iptvcat.com","country":"austria","liveliness":"95","status":"online","lastChecked":"2020-08-17T00:00:00Z","format":"fhd 2k","mbps":"11126","URI":["russian_federation","russian federation","austria"]},{"id":"14013","channel":"Kronehit HD","link":"https://bitcdn-kronehit.bitmovin.com/v2/hls/chunklist_b3128000.m3u8?checkedby:iptvcat.com","country":"austria","liveliness":"95","status":"online","lastChecked":"2020-08-17T00:00:00Z","format":"fhd 2k","mbps":"11126","URI":["russian_federation","russian federation","austria"]},{"id":"14013","channel":"Kronehit HD","link":"https://bitcdn-kronehit.bitmovin.com/v2/hls/chunklist_b3128000.m3u8?checkedby:iptvcat.com","country":"austria","liveliness":"95","status":"online","lastChecked":"2020-08-17T00:00:00Z","format":"fhd 2k","mbps":"11126","URI":["russian_federation","russian federation","austria"]},{"id":"14013","channel":"Kronehit HD","link":"https://bitcdn-kronehit.bitmovin.com/v2/hls/chunklist_b3128000.m3u8?checkedby:iptvcat.com","country":"austria","liveliness":"95","status":"online","lastChecked":"2020-08-17T00:00:00Z","format":"fhd 2k","mbps":"11126","URI":["russian_federation","russian federation","austria"]},{"id":"14013","channel":"Kronehit HD","link":"https://bitcdn-kronehit.bitmovin.com/v2/hls/chunklist_b3128000.m3u8?checkedby:iptvcat.com","country":"austria","liveliness":"95","status":"online","lastChecked":"2020-08-17T00:00:00Z","format":"fhd 2k","mbps":"11126","URI":["russian_federation","russian federation","austria"]},{"id":"14013","channel":"Kronehit HD","link":"https://bitcdn-kronehit.bitmovin.com/v2/hls/chunklist_b3128000.m3u8?checkedby:iptvcat.com","country":"austria","liveliness":"95","status":"online","lastChecked":"2020-08-17T00:00:00Z","format":"fhd 2k","mbps":"11126","URI":["russian_federation","russian federation","austria"]},{"id":"55872","channel":"AT | M4, M4","link":"https://5a32c05065c79.streamlock.net/live/stream/chunklist.m3u8?checkedby:iptvcat.com","country":"austria","liveliness":"88","status":"online","lastChecked":"2020-08-17T00:00:00Z","format":"fhd 2k","mbps":"7004","URI":["europe","austria"]},{"id":"55869","channel":"AT | Uppera Balkan, Uppera Balkan","link":"http://163.172.15.177/live/sUPPERchannel2/index.m3u8?checkedby:iptvcat.com","country":"austria","liveliness":"100","status":"online","lastChecked":"2020-08-17T00:00:00Z","format":"hd","mbps":"7114","URI":["europe","austria"]},{"id":"21696","channel":"Austria 24 (Opt-1)","link":"rtmp://streaming.austria24.tv/live/stream_360p?checkedby:iptvcat.com","country":"austria","liveliness":"97","status":"online","lastChecked":"2020-08-17T00:00:00Z","format":"sd","mbps":"1357","URI":["europe","austria"]},{"id":"21697","channel":"Austria 24 (Opt-2)","link":"rtmp://streaming.austria24.tv/live/mp4:stream_720p?checkedby:iptvcat.com","country":"austria","liveliness":"97","status":"online","lastChecked":"2020-08-17T00:00:00Z","format":"hd","mbps":"5020","URI":["europe","austria"]},{"id":"147","channel":"Brandnite TV","link":"https://markenfunk.tv/plive/chunks.php?tenant=brandnite\u0026id=48c8fa3d82fe3afa989c641eca4538c0\u0026variant=2\u0026checkedby:iptvcat.com","country":"austria","liveliness":"100","status":"online","lastChecked":"2020-08-17T00:00:00Z","format":"sd","mbps":"4982","URI":["austria"]},{"id":"148","channel":"Dorf TV","link":"https://stream.openplayout.org/hls/dorf.m3u8?checkedby:iptvcat.com","country":"austria","liveliness":"99","status":"online","lastChecked":"2020-08-17T00:00:00Z","format":"sd","mbps":"2089, ...","URI":["austria"]},{"id":"149","channel":"FS1 Salzburg","link":"http://stream.fs1.tv:8080/hls/webstream.m3u8?checkedby:iptvcat.com","country":"austria","liveliness":"99","status":"online","lastChecked":"2020-08-17T00:00:00Z","format":"hd","mbps":"3188","URI":["austria"]},{"id":"151","channel":"Hitradio Ö3","link":"http://185.85.28.19/oe3sd/orf.sdp/master.m3u8?checkedby:iptvcat.com","country":"austria","liveliness":"100","status":"online","lastChecked":"2020-08-17T00:00:00Z","format":"sd","mbps":"1357","URI":["austria"]},{"id":"132529","channel":"K-TV","link":"https://d1pz8zear993v8.cloudfront.net/hlsme/kathtv.m3u8?checkedby:iptvcat.com","country":"austria","liveliness":"100","status":"online","lastChecked":"2020-08-18T00:00:00Z","format":"hd","mbps":"5020","URI":["europe","austria","germany"]},{"id":"152","channel":"K-TV","link":"http://d1pz8zear993v8.cloudfront.net/hlsme/kathtv.m3u8?checkedby:iptvcat.com","country":"austria","liveliness":"99","status":"online","lastChecked":"2020-08-17T00:00:00Z","format":"hd","mbps":"5020","URI":["austria"]},{"id":"154","channel":"KroneHit TV","link":"http://bitcdn-kronehit.bitmovin.com/v2/hls/chunklist_b3128000.m3u8?checkedby:iptvcat.com","country":"austria","liveliness":"100","status":"online","lastChecked":"2020-08-17T00:00:00Z","format":"fhd 2k","mbps":"11126","URI":["austria"]},{"id":"153","channel":"KroneHit TV","link":"http://bitcdn-kronehit.bitmovin.com/v2/hls/chunklist_b1628000.m3u8?checkedby:iptvcat.com","country":"austria","liveliness":"100","status":"online","lastChecked":"2020-08-17T00:00:00Z","format":"hd","mbps":"5020","URI":["austria"]},{"id":"14013","channel":"Kronehit HD","link":"https://bitcdn-kronehit.bitmovin.com/v2/hls/chunklist_b3128000.m3u8?checkedby:iptvcat.com","country":"austria","liveliness":"95","status":"online","lastChecked":"2020-08-17T00:00:00Z","format":"fhd 2k","mbps":"11126","URI":["russian_federation","russian federation","austria"]},{"id":"156","channel":"M4","link":"https://5a32c05065c79.streamlock.net/live/stream/chunklist_w286280757.m3u8?checkedby:iptvcat.com","country":"austria","liveliness":"95","status":"online","lastChecked":"2020-08-17T00:00:00Z","format":"fhd 2k","mbps":"7004","URI":["austria"]},{"id":"159","channel":"Okto Eight","link":"https://d38d1dtxhym0zi.cloudfront.net/LiveHTTPOrigin/okto/chunklist.m3u8?checkedby:iptvcat.com","country":"austria","liveliness":"100","status":"online","lastChecked":"2020-08-17T00:00:00Z","format":"hd","mbps":"5020","URI":["austria"]},{"id":"160","channel":"P3tv","link":"http://p3-6.mov.at:1935/live/weekstream/master.m3u8?checkedby:iptvcat.com","country":"austria","liveliness":"100","status":"online","lastChecked":"2020-08-17T00:00:00Z","format":"hd","mbps":"5020","URI":["austria"]},{"id":"164","channel":"Teins TV","link":"http://live1.markenfunk.com/t1/live/chunklist.m3u8?checkedby:iptvcat.com","country":"austria","liveliness":"99","status":"online","lastChecked":"2020-08-17T00:00:00Z","format":"fhd 2k","mbps":"11126","URI":["austria"]},{"id":"132532","channel":"Teins TV","link":"https://live1.markenfunk.com/t1/live/chunklist.m3u8?checkedby:iptvcat.com","country":"austria","liveliness":"99","status":"online","lastChecked":"2020-08-17T00:00:00Z","format":"fhd 2k","mbps":"11126","URI":["europe","austria"]},{"id":"132531","channel":"oe24 TV, oe24.TV","link":"https://apasfoe24l.sf.apa.at/ipad/oe24-live1/oe24.sdp/playlist.m3u8?checkedby:iptvcat.com","country":"austria","liveliness":"100","status":"online","lastChecked":"2020-08-18T00:00:00Z","format":"sd","mbps":"1357","URI":["europe","austria","germany"]},{"id":"158","channel":"oe24.TV","link":"http://apasfoe24l.sf.apa.at/ipad/oe24-live1/oe24.sdp/playlist.m3u8?checkedby:iptvcat.com","country":"austria","liveliness":"100","status":"online","lastChecked":"2020-08-17T00:00:00Z","format":"sd","mbps":"1357","URI":["austria"]},{"id":"132529","channel":"K-TV","link":"https://d1pz8zear993v8.cloudfront.net/hlsme/kathtv.m3u8?checkedby:iptvcat.com","country":"austria","liveliness":"100","status":"online","lastChecked":"2020-08-18T00:00:00Z","format":"hd","mbps":"5020","URI":["europe","austria","germany"]},{"id":"132531","channel":"oe24 TV, oe24.TV","link":"https://apasfoe24l.sf.apa.at/ipad/oe24-live1/oe24.sdp/playlist.m3u8?checkedby:iptvcat.com","country":"austria","liveliness":"100","status":"online","lastChecked":"2020-08-18T00:00:00Z","format":"sd","mbps":"1357","URI":["europe","austria","germany"]},{"id":"132529","channel":"K-TV","link":"https://d1pz8zear993v8.cloudfront.net/hlsme/kathtv.m3u8?checkedby:iptvcat.com","country":"austria","liveliness":"100","status":"online","lastChecked":"2020-08-18T00:00:00Z","format":"hd","mbps":"5020","URI":["europe","austria","germany"]}]