[{"id":"26324","channel":"ABC ME","link":"http://58.96.43.121:9981/stream/channelid/739262830?profile=pass\u0026checkedby:iptvcat.com","country":"australia","liveliness":"59","status":"offline","lastChecked":"2020-08-19T00:00:00Z","format":"sd","mbps":"2334","URI":["australia","oceania"]},{"id":"134","channel":"AU | Australia Channel, Australia Channel","link":"https://austchannel-live.akamaized.net/hls/live/2002729/austchannel-news/master1280x720.m3u8?checkedby:iptvcat.com","country":"australia","liveliness":"99","status":"online","lastChecked":"2020-08-17T00:00:00Z","format":"hd","mbps":"3188","URI":["australia","oceania"]},{"id":"139","channel":"AU | Fox Sports News, Fox Sports News","link":"https://austchannel-live.akamaized.net/hls/live/2002736/austchannel-sport/master1280x720.m3u8?checkedby:iptvcat.com","country":"australia","liveliness":"99","status":"online","lastChecked":"2020-08-17T00:00:00Z","format":"hd","mbps":"3188","URI":["australia","oceania","sport"]},{"id":"51310","channel":"Australia Channel","link":"https://austchannel-live.akamaized.net/hls/live/2002729/austchannel-news/master.m3u8?checkedby:iptvcat.com","country":"australia","liveliness":"100","status":"online","lastChecked":"2020-08-18T00:00:00Z","format":"hd","mbps":"3188, ...","URI":["australia"]},{"id":"135","channel":"Australia Rainbow TV, 澳大利亚天和电视台","link":"http://rtvcdn.com.au:8082/TV_GG.m3u8?checkedby:iptvcat.com","country":"australia","liveliness":"93","status":"online","lastChecked":"2020-08-17T00:00:00Z","format":"sd","mbps":"1509","URI":["australia","china"]},{"id":"137","channel":"Bloomberg TV Australia","link":"https://liveprodapnortheast.global.ssl.fastly.net/oz1/Channel-OZTVqvs-AWS-tokyo-1/Source-OZTVqvs-1000-1_live.m3u8?checkedby:iptvcat.com","country":"australia","liveliness":"100","status":"online","lastChecked":"2020-08-17T00:00:00Z","format":"hd","mbps":"5020","URI":["australia"]},{"id":"136","channel":"Bloomberg TV Australia","link":"https://liveprodapnortheast.global.ssl.fastly.net/btv/desktop/aus_live.m3u8?checkedby:iptvcat.com","country":"australia","liveliness":"100","status":"online","lastChecked":"2020-08-17T00:00:00Z","format":"hd","mbps":"5020, ...","URI":["australia"]},{"id":"21695","channel":"C31 Melbourne","link":"https://dcunilive47-lh.akamaihd.net/i/dclive_1@739220/master.m3u8?checkedby:iptvcat.com","country":"australia","liveliness":"96","status":"online","lastChecked":"2020-08-17T00:00:00Z","format":"sd","mbps":"1237","URI":["australia","north_america","oceania","united_states_of_america","north america","united states of america"]},{"id":"51313","channel":"Expo Channel","link":"https://tvsn-i.akamaihd.net/hls/live/261837/expo/expo.m3u8?checkedby:iptvcat.com","country":"australia","liveliness":"100","status":"online","lastChecked":"2020-08-18T00:00:00Z","format":"sd","mbps":"1357","URI":["australia"]},{"id":"138","channel":"Expo Channel","link":"http://tvsn-i.akamaihd.net/hls/live/261837/expo/expo_750.m3u8?checkedby:iptvcat.com","country":"australia","liveliness":"100","status":"online","lastChecked":"2020-08-17T00:00:00Z","format":"sd","mbps":"1357","URI":["australia"]},{"id":"296459","channel":"Fox SPORTS HD 501","link":"http://ingrid.ltd:25461/Juan123456/Juan123456/40903?checkedby:iptvcat.com","country":"australia","liveliness":"100","status":"online","lastChecked":"2020-08-17T00:00:00Z","format":"fhd 2k","mbps":"13873","URI":["australia","oceania","sport"]},{"id":"296461","channel":"Fox SPORTS HD 502","link":"http://ingrid.ltd:25461/Juan123456/Juan123456/40902?checkedby:iptvcat.com","country":"australia","liveliness":"100","status":"online","lastChecked":"2020-08-17T00:00:00Z","format":"fhd 2k","mbps":"13873","URI":["australia","oceania","sport"]},{"id":"296466","channel":"Fox SPORTS HD 503","link":"http://ingrid.ltd:25461/Juan123456/Juan123456/40901?checkedby:iptvcat.com","country":"australia","liveliness":"100","status":"online","lastChecked":"2020-08-17T00:00:00Z","format":"fhd 2k","mbps":"13873","URI":["australia","oceania","sport"]},{"id":"296468","channel":"Fox SPORTS HD 504","link":"http://ingrid.ltd:25461/Juan123456/Juan123456/40900?checkedby:iptvcat.com","country":"australia","liveliness":"100","status":"online","lastChecked":"2020-08-17T00:00:00Z","format":"fhd 2k","mbps":"13873","URI":["australia","oceania","sport"]},{"id":"296469","channel":"Fox SPORTS HD 505","link":"http://ingrid.ltd:25461/Juan123456/Juan123456/40899?checkedby:iptvcat.com","country":"australia","liveliness":"100","status":"online","lastChecked":"2020-08-17T00:00:00Z","format":"fhd 2k","mbps":"13873","URI":["australia","oceania","sport"]},{"id":"296470","channel":"Fox SPORTS HD 506","link":"http://ingrid.ltd:25461/Juan123456/Juan123456/40898?checkedby:iptvcat.com","country":"australia","liveliness":"89","status":"online","lastChecked":"2020-08-17T00:00:00Z","format":"fhd 2k","mbps":"13873","URI":["australia","oceania","sport"]},{"id":"296471","channel":"Fox SPORTS HD 507","link":"http://ingrid.ltd:25461/Juan123456/Juan123456/40897?checkedby:iptvcat.com","country":"australia","liveliness":"100","status":"online","lastChecked":"2020-08-17T00:00:00Z","format":"fhd 2k","mbps":"13873","URI":["australia","oceania","sport"]},{"id":"296472","channel":"Fox SPORTS HD News","link":"http://ingrid.ltd:25461/Juan123456/Juan123456/40896?checkedby:iptvcat.com","country":"australia","liveliness":"100","status":"online","lastChecked":"2020-08-17T00:00:00Z","format":"hd","mbps":"6241","URI":["australia","oceania","sport"]},{"id":"51314","channel":"Fox Sports News","link":"https://austchannel-live.akamaized.net/hls/live/2002736/austchannel-sport/master.m3u8?checkedby:iptvcat.com","country":"australia","liveliness":"100","status":"online","lastChecked":"2020-08-18T00:00:00Z","format":"hd","mbps":"3188, ...","URI":["australia","sport"]},{"id":"132528","channel":"Racing.com","link":"https://racingvic-i.akamaized.net/hls/live/598695/racingvic/index.m3u8?checkedby:iptvcat.com","country":"australia","liveliness":"99","status":"online","lastChecked":"2020-08-17T00:00:00Z","format":"sd","mbps":"2089, ...","URI":["australia","oceania","sport"]},{"id":"296473","channel":"Racing.com","link":"http://ingrid.ltd:25461/Juan123456/Juan123456/40895?checkedby:iptvcat.com","country":"australia","liveliness":"100","status":"online","lastChecked":"2020-08-17T00:00:00Z","format":"hd","mbps":"6241","URI":["australia","oceania"]},{"id":"142","channel":"Racing.com","link":"https://racingvic-i.akamaized.net/hls/live/598695/racingvic/628.m3u8?checkedby:iptvcat.com","country":"australia","liveliness":"100","status":"online","lastChecked":"2020-08-17T00:00:00Z","format":"sd","mbps":"899","URI":["australia","sport"]},{"id":"141","channel":"Racing.com","link":"https://racingvic-i.akamaized.net/hls/live/598695/racingvic/1500.m3u8?checkedby:iptvcat.com","country":"australia","liveliness":"100","status":"online","lastChecked":"2020-08-17T00:00:00Z","format":"sd","mbps":"2089","URI":["australia","sport"]},{"id":"144","channel":"Sky News Extra 1","link":"https://skynewsau-live.akamaized.net/hls/live/2002689/skynewsau-extra1/master.m3u8?checkedby:iptvcat.com","country":"australia","liveliness":"99","status":"online","lastChecked":"2020-08-17T00:00:00Z","format":"sd","mbps":"3262, ...","URI":["australia"]},{"id":"145","channel":"Sky News Extra 2","link":"https://skynewsau-live.akamaized.net/hls/live/2002690/skynewsau-extra2/master.m3u8?checkedby:iptvcat.com","country":"australia","liveliness":"99","status":"online","lastChecked":"2020-08-17T00:00:00Z","format":"sd","mbps":"1853, ...","URI":["australia"]},{"id":"146","channel":"Sky News Extra 3","link":"https://skynewsau-live.akamaized.net/hls/live/2002691/skynewsau-extra3/master.m3u8?checkedby:iptvcat.com","country":"australia","liveliness":"99","status":"online","lastChecked":"2020-08-17T00:00:00Z","format":"sd","mbps":"1853, ...","URI":["australia"]},{"id":"135","channel":"Australia Rainbow TV, 澳大利亚天和电视台","link":"http://rtvcdn.com.au:8082/TV_GG.m3u8?checkedby:iptvcat.com","country":"australia","liveliness":"93","status":"online","lastChecked":"2020-08-17T00:00:00Z","format":"sd","mbps":"1509","URI":["australia","china"]},{"id":"135","channel":"Australia Rainbow TV, 澳大利亚天和电视台","link":"http://rtvcdn.com.au:8082/TV_GG.m3u8?checkedby:iptvcat.com","country":"australia","liveliness":"93","status":"online","lastChecked":"2020-08-17T00:00:00Z","format":"sd","mbps":"1509","URI":["australia","china"]},{"id":"21695","channel":"C31 Melbourne","link":"https://dcunilive47-lh.akamaihd.net/i/dclive_1@739220/master.m3u8?checkedby:iptvcat.com","country":"australia","liveliness":"96","status":"online","lastChecked":"2020-08-17T00:00:00Z","format":"sd","mbps":"1237","URI":["australia","north_america","oceania","united_states_of_america","north america","united states of america"]},{"id":"26324","channel":"ABC ME","link":"http://58.96.43.121:9981/stream/channelid/739262830?profile=pass\u0026checkedby:iptvcat.com","country":"australia","liveliness":"59","status":"offline","lastChecked":"2020-08-19T00:00:00Z","format":"sd","mbps":"2334","URI":["australia","oceania"]},{"id":"134","channel":"AU | Australia Channel, Australia Channel","link":"https://austchannel-live.akamaized.net/hls/live/2002729/austchannel-news/master1280x720.m3u8?checkedby:iptvcat.com","country":"australia","liveliness":"99","status":"online","lastChecked":"2020-08-17T00:00:00Z","format":"hd","mbps":"3188","URI":["australia","oceania"]},{"id":"139","channel":"AU | Fox Sports News, Fox Sports News","link":"https://austchannel-live.akamaized.net/hls/live/2002736/austchannel-sport/master1280x720.m3u8?checkedby:iptvcat.com","country":"australia","liveliness":"99","status":"online","lastChecked":"2020-08-17T00:00:00Z","format":"hd","mbps":"3188","URI":["australia","oceania","sport"]},{"id":"21695","channel":"C31 Melbourne","link":"https://dcunilive47-lh.akamaihd.net/i/dclive_1@739220/master.m3u8?checkedby:iptvcat.com","country":"australia","liveliness":"96","status":"online","lastChecked":"2020-08-17T00:00:00Z","format":"sd","mbps":"1237","URI":["australia","north_america","oceania","united_states_of_america","north america","united states of america"]},{"id":"296459","channel":"Fox SPORTS HD 501","link":"http://ingrid.ltd:25461/Juan123456/Juan123456/40903?checkedby:iptvcat.com","country":"australia","liveliness":"100","status":"online","lastChecked":"2020-08-17T00:00:00Z","format":"fhd 2k","mbps":"13873","URI":["australia","oceania","sport"]},{"id":"296461","channel":"Fox SPORTS HD 502","link":"http://ingrid.ltd:25461/Juan123456/Juan123456/40902?checkedby:iptvcat.com","country":"australia","liveliness":"100","status":"online","lastChecked":"2020-08-17T00:00:00Z","format":"fhd 2k","mbps":"13873","URI":["australia","oceania","sport"]},{"id":"296466","channel":"Fox SPORTS HD 503","link":"http://ingrid.ltd:25461/Juan123456/Juan123456/40901?checkedby:iptvcat.com","country":"australia","liveliness":"100","status":"online","lastChecked":"2020-08-17T00:00:00Z","format":"fhd 2k","mbps":"13873","URI":["australia","oceania","sport"]},{"id":"296468","channel":"Fox SPORTS HD 504","link":"http://ingrid.ltd:25461/Juan123456/Juan123456/40900?checkedby:iptvcat.com","country":"australia","liveliness":"100","status":"online","lastChecked":"2020-08-17T00:00:00Z","format":"fhd 2k","mbps":"13873","URI":["australia","oceania","sport"]},{"id":"296469","channel":"Fox SPORTS HD 505","link":"http://ingrid.ltd:25461/Juan123456/Juan123456/40899?checkedby:iptvcat.com","country":"australia","liveliness":"100","status":"online","lastChecked":"2020-08-17T00:00:00Z","format":"fhd 2k","mbps":"13873","URI":["australia","oceania","sport"]},{"id":"296470","channel":"Fox SPORTS HD 506","link":"http://ingrid.ltd:25461/Juan123456/Juan123456/40898?checkedby:iptvcat.com","country":"australia","liveliness":"89","status":"online","lastChecked":"2020-08-17T00:00:00Z","format":"fhd 2k","mbps":"13873","URI":["australia","oceania","sport"]},{"id":"296471","channel":"Fox SPORTS HD 507","link":"http://ingrid.ltd:25461/Juan123456/Juan123456/40897?checkedby:iptvcat.com","country":"australia","liveliness":"100","status":"online","lastChecked":"2020-08-17T00:00:00Z","format":"fhd 2k","mbps":"13873","URI":["australia","oceania","sport"]},{"id":"296472","channel":"Fox SPORTS HD News","link":"http://ingrid.ltd:25461/Juan123456/Juan123456/40896?checkedby:iptvcat.com","country":"australia","liveliness":"100","status":"online","lastChecked":"2020-08-17T00:00:00Z","format":"hd","mbps":"6241","URI":["australia","oceania","sport"]},{"id":"296473","channel":"Racing.com","link":"http://ingrid.ltd:25461/Juan123456/Juan123456/40895?checkedby:iptvcat.com","country":"australia","liveliness":"100","status":"online","lastChecked":"2020-08-17T00:00:00Z","format":"hd","mbps":"6241","URI":["australia","oceania"]},{"id":"132528","channel":"Racing.com","link":"https://racingvic-i.akamaized.net/hls/live/598695/racingvic/index.m3u8?checkedby:iptvcat.com","country":"australia","liveliness":"99","status":"online","lastChecked":"2020-08-17T00:00:00Z","format":"sd","mbps":"2089, ...","URI":["australia","oceania","sport"]},{"id":"21695","channel":"C31 Melbourne","link":"https://dcunilive47-lh.akamaihd.net/i/dclive_1@739220/master.m3u8?checkedby:iptvcat.com","country":"australia","liveliness":"96","status":"online","lastChecked":"2020-08-17T00:00:00Z","format":"sd","mbps":"1237","URI":["australia","north_america","oceania","united_states_of_america","north america","united states of america"]},{"id":"21695","channel":"C31 Melbourne","link":"https://dcunilive47-lh.akamaihd.net/i/dclive_1@739220/master.m3u8?checkedby:iptvcat.com","country":"australia","liveliness":"96","status":"online","lastChecked":"2020-08-17T00:00:00Z","format":"sd","mbps":"1237","URI":["australia","north_america","oceania","united_states_of_america","north america","united states of america"]},{"id":"139","channel":"AU | Fox Sports News, Fox Sports News","link":"https://austchannel-live.akamaized.net/hls/live/2002736/austchannel-sport/master1280x720.m3u8?checkedby:iptvcat.com","country":"australia","liveliness":"99","status":"online","lastChecked":"2020-08-17T00:00:00Z","format":"hd","mbps":"3188","URI":["australia","oceania","sport"]},{"id":"296459","channel":"Fox SPORTS HD 501","link":"http://ingrid.ltd:25461/Juan123456/Juan123456/40903?checkedby:iptvcat.com","country":"australia","liveliness":"100","status":"online","lastChecked":"2020-08-17T00:00:00Z","format":"fhd 2k","mbps":"13873","URI":["australia","oceania","sport"]},{"id":"296461","channel":"Fox SPORTS HD 502","link":"http://ingrid.ltd:25461/Juan123456/Juan123456/40902?checkedby:iptvcat.com","country":"australia","liveliness":"100","status":"online","lastChecked":"2020-08-17T00:00:00Z","format":"fhd 2k","mbps":"13873","URI":["australia","oceania","sport"]},{"id":"296466","channel":"Fox SPORTS HD 503","link":"http://ingrid.ltd:25461/Juan123456/Juan123456/40901?checkedby:iptvcat.com","country":"australia","liveliness":"100","status":"online","lastChecked":"2020-08-17T00:00:00Z","format":"fhd 2k","mbps":"13873","URI":["australia","oceania","sport"]},{"id":"296468","channel":"Fox SPORTS HD 504","link":"http://ingrid.ltd:25461/Juan123456/Juan123456/40900?checkedby:iptvcat.com","country":"australia","liveliness":"100","status":"online","lastChecked":"2020-08-17T00:00:00Z","format":"fhd 2k","mbps":"13873","URI":["australia","oceania","sport"]},{"id":"296469","channel":"Fox SPORTS HD 505","link":"http://ingrid.ltd:25461/Juan123456/Juan123456/40899?checkedby:iptvcat.com","country":"australia","liveliness":"100","status":"online","lastChecked":"2020-08-17T00:00:00Z","format":"fhd 2k","mbps":"13873","URI":["australia","oceania","sport"]},{"id":"296470","channel":"Fox SPORTS HD 506","link":"http://ingrid.ltd:25461/Juan123456/Juan123456/40898?checkedby:iptvcat.com","country":"australia","liveliness":"89","status":"online","lastChecked":"2020-08-17T00:00:00Z","format":"fhd 2k","mbps":"13873","URI":["australia","oceania","sport"]},{"id":"296471","channel":"Fox SPORTS HD 507","link":"http://ingrid.ltd:25461/Juan123456/Juan123456/40897?checkedby:iptvcat.com","country":"australia","liveliness":"100","status":"online","lastChecked":"2020-08-17T00:00:00Z","format":"fhd 2k","mbps":"13873","URI":["australia","oceania","sport"]},{"id":"296472","channel":"Fox SPORTS HD News","link":"http://ingrid.ltd:25461/Juan123456/Juan123456/40896?checkedby:iptvcat.com","country":"australia","liveliness":"100","status":"online","lastChecked":"2020-08-17T00:00:00Z","format":"hd","mbps":"6241","URI":["australia","oceania","sport"]},{"id":"51314","channel":"Fox Sports News","link":"https://austchannel-live.akamaized.net/hls/live/2002736/austchannel-sport/master.m3u8?checkedby:iptvcat.com","country":"australia","liveliness":"100","status":"online","lastChecked":"2020-08-18T00:00:00Z","format":"hd","mbps":"3188, ...","URI":["australia","sport"]},{"id":"132528","channel":"Racing.com","link":"https://racingvic-i.akamaized.net/hls/live/598695/racingvic/index.m3u8?checkedby:iptvcat.com","country":"australia","liveliness":"99","status":"online","lastChecked":"2020-08-17T00:00:00Z","format":"sd","mbps":"2089, ...","URI":["australia","oceania","sport"]},{"id":"142","channel":"Racing.com","link":"https://racingvic-i.akamaized.net/hls/live/598695/racingvic/628.m3u8?checkedby:iptvcat.com","country":"australia","liveliness":"100","status":"online","lastChecked":"2020-08-17T00:00:00Z","format":"sd","mbps":"899","URI":["australia","sport"]},{"id":"141","channel":"Racing.com","link":"https://racingvic-i.akamaized.net/hls/live/598695/racingvic/1500.m3u8?checkedby:iptvcat.com","country":"australia","liveliness":"100","status":"online","lastChecked":"2020-08-17T00:00:00Z","format":"sd","mbps":"2089","URI":["australia","sport"]},{"id":"139","channel":"AU | Fox Sports News, Fox Sports News","link":"https://austchannel-live.akamaized.net/hls/live/2002736/austchannel-sport/master1280x720.m3u8?checkedby:iptvcat.com","country":"australia","liveliness":"99","status":"online","lastChecked":"2020-08-17T00:00:00Z","format":"hd","mbps":"3188","URI":["australia","oceania","sport"]},{"id":"296459","channel":"Fox SPORTS HD 501","link":"http://ingrid.ltd:25461/Juan123456/Juan123456/40903?checkedby:iptvcat.com","country":"australia","liveliness":"100","status":"online","lastChecked":"2020-08-17T00:00:00Z","format":"fhd 2k","mbps":"13873","URI":["australia","oceania","sport"]},{"id":"296461","channel":"Fox SPORTS HD 502","link":"http://ingrid.ltd:25461/Juan123456/Juan123456/40902?checkedby:iptvcat.com","country":"australia","liveliness":"100","status":"online","lastChecked":"2020-08-17T00:00:00Z","format":"fhd 2k","mbps":"13873","URI":["australia","oceania","sport"]},{"id":"296466","channel":"Fox SPORTS HD 503","link":"http://ingrid.ltd:25461/Juan123456/Juan123456/40901?checkedby:iptvcat.com","country":"australia","liveliness":"100","status":"online","lastChecked":"2020-08-17T00:00:00Z","format":"fhd 2k","mbps":"13873","URI":["australia","oceania","sport"]},{"id":"296468","channel":"Fox SPORTS HD 504","link":"http://ingrid.ltd:25461/Juan123456/Juan123456/40900?checkedby:iptvcat.com","country":"australia","liveliness":"100","status":"online","lastChecked":"2020-08-17T00:00:00Z","format":"fhd 2k","mbps":"13873","URI":["australia","oceania","sport"]},{"id":"296469","channel":"Fox SPORTS HD 505","link":"http://ingrid.ltd:25461/Juan123456/Juan123456/40899?checkedby:iptvcat.com","country":"australia","liveliness":"100","status":"online","lastChecked":"2020-08-17T00:00:00Z","format":"fhd 2k","mbps":"13873","URI":["australia","oceania","sport"]},{"id":"296470","channel":"Fox SPORTS HD 506","link":"http://ingrid.ltd:25461/Juan123456/Juan123456/40898?checkedby:iptvcat.com","country":"australia","liveliness":"89","status":"online","lastChecked":"2020-08-17T00:00:00Z","format":"fhd 2k","mbps":"13873","URI":["australia","oceania","sport"]},{"id":"296471","channel":"Fox SPORTS HD 507","link":"http://ingrid.ltd:25461/Juan123456/Juan123456/40897?checkedby:iptvcat.com","country":"australia","liveliness":"100","status":"online","lastChecked":"2020-08-17T00:00:00Z","format":"fhd 2k","mbps":"13873","URI":["australia","oceania","sport"]},{"id":"296472","channel":"Fox SPORTS HD News","link":"http://ingrid.ltd:25461/Juan123456/Juan123456/40896?checkedby:iptvcat.com","country":"australia","liveliness":"100","status":"online","lastChecked":"2020-08-17T00:00:00Z","format":"hd","mbps":"6241","URI":["australia","oceania","sport"]},{"id":"51314","channel":"Fox Sports News","link":"https://austchannel-live.akamaized.net/hls/live/2002736/austchannel-sport/master.m3u8?checkedby:iptvcat.com","country":"australia","liveliness":"100","status":"online","lastChecked":"2020-08-18T00:00:00Z","format":"hd","mbps":"3188, ...","URI":["australia","sport"]},{"id":"142","channel":"Racing.com","link":"https://racingvic-i.akamaized.net/hls/live/598695/racingvic/628.m3u8?checkedby:iptvcat.com","country":"australia","liveliness":"100","status":"online","lastChecked":"2020-08-17T00:00:00Z","format":"sd","mbps":"899","URI":["australia","sport"]},{"id":"132528","channel":"Racing.com","link":"https://racingvic-i.akamaized.net/hls/live/598695/racingvic/index.m3u8?checkedby:iptvcat.com","country":"australia","liveliness":"99","status":"online","lastChecked":"2020-08-17T00:00:00Z","format":"sd","mbps":"2089, ...","URI":["australia","oceania","sport"]},{"id":"141","channel":"Racing.com","link":"https://racingvic-i.akamaized.net/hls/live/598695/racingvic/1500.m3u8?checkedby:iptvcat.com","country":"australia","liveliness":"100","status":"online","lastChecked":"2020-08-17T00:00:00Z","format":"sd","mbps":"2089","URI":["australia","sport"]},{"id":"139","channel":"AU | Fox Sports News, Fox Sports News","link":"https://austchannel-live.akamaized.net/hls/live/2002736/austchannel-sport/master1280x720.m3u8?checkedby:iptvcat.com","country":"australia","liveliness":"99","status":"online","lastChecked":"2020-08-17T00:00:00Z","format":"hd","mbps":"3188","URI":["australia","oceania","sport"]},{"id":"296459","channel":"Fox SPORTS HD 501","link":"http://ingrid.ltd:25461/Juan123456/Juan123456/40903?checkedby:iptvcat.com","country":"australia","liveliness":"100","status":"online","lastChecked":"2020-08-17T00:00:00Z","format":"fhd 2k","mbps":"13873","URI":["australia","oceania","sport"]},{"id":"296461","channel":"Fox SPORTS HD 502","link":"http://ingrid.ltd:25461/Juan123456/Juan123456/40902?checkedby:iptvcat.com","country":"australia","liveliness":"100","status":"online","lastChecked":"2020-08-17T00:00:00Z","format":"fhd 2k","mbps":"13873","URI":["australia","oceania","sport"]},{"id":"296466","channel":"Fox SPORTS HD 503","link":"http://ingrid.ltd:25461/Juan123456/Juan123456/40901?checkedby:iptvcat.com","country":"australia","liveliness":"100","status":"online","lastChecked":"2020-08-17T00:00:00Z","format":"fhd 2k","mbps":"13873","URI":["australia","oceania","sport"]},{"id":"296468","channel":"Fox SPORTS HD 504","link":"http://ingrid.ltd:25461/Juan123456/Juan123456/40900?checkedby:iptvcat.com","country":"australia","liveliness":"100","status":"online","lastChecked":"2020-08-17T00:00:00Z","format":"fhd 2k","mbps":"13873","URI":["australia","oceania","sport"]},{"id":"296469","channel":"Fox SPORTS HD 505","link":"http://ingrid.ltd:25461/Juan123456/Juan123456/40899?checkedby:iptvcat.com","country":"australia","liveliness":"100","status":"online","lastChecked":"2020-08-17T00:00:00Z","format":"fhd 2k","mbps":"13873","URI":["australia","oceania","sport"]},{"id":"296470","channel":"Fox SPORTS HD 506","link":"http://ingrid.ltd:25461/Juan123456/Juan123456/40898?checkedby:iptvcat.com","country":"australia","liveliness":"89","status":"online","lastChecked":"2020-08-17T00:00:00Z","format":"fhd 2k","mbps":"13873","URI":["australia","oceania","sport"]},{"id":"296471","channel":"Fox SPORTS HD 507","link":"http://ingrid.ltd:25461/Juan123456/Juan123456/40897?checkedby:iptvcat.com","country":"australia","liveliness":"100","status":"online","lastChecked":"2020-08-17T00:00:00Z","format":"fhd 2k","mbps":"13873","URI":["australia","oceania","sport"]},{"id":"296472","channel":"Fox SPORTS HD News","link":"http://ingrid.ltd:25461/Juan123456/Juan123456/40896?checkedby:iptvcat.com","country":"australia","liveliness":"100","status":"online","lastChecked":"2020-08-17T00:00:00Z","format":"hd","mbps":"6241","URI":["australia","oceania","sport"]},{"id":"51314","channel":"Fox Sports News","link":"https://austchannel-live.akamaized.net/hls/live/2002736/austchannel-sport/master.m3u8?checkedby:iptvcat.com","country":"australia","liveliness":"100","status":"online","lastChecked":"2020-08-18T00:00:00Z","format":"hd","mbps":"3188, ...","URI":["australia","sport"]},{"id":"142","channel":"Racing.com","link":"https://racingvic-i.akamaized.net/hls/live/598695/racingvic/628.m3u8?checkedby:iptvcat.com","country":"australia","liveliness":"100","status":"online","lastChecked":"2020-08-17T00:00:00Z","format":"sd","mbps":"899","URI":["australia","sport"]},{"id":"132528","channel":"Racing.com","link":"https://racingvic-i.akamaized.net/hls/live/598695/racingvic/index.m3u8?checkedby:iptvcat.com","country":"australia","liveliness":"99","status":"online","lastChecked":"2020-08-17T00:00:00Z","format":"sd","mbps":"2089, ...","URI":["australia","oceania","sport"]},{"id":"141","channel":"Racing.com","link":"https://racingvic-i.akamaized.net/hls/live/598695/racingvic/1500.m3u8?checkedby:iptvcat.com","country":"australia","liveliness":"100","status":"online","lastChecked":"2020-08-17T00:00:00Z","format":"sd","mbps":"2089","URI":["australia","sport"]},{"id":"139","channel":"AU | Fox Sports News, Fox Sports News","link":"https://austchannel-live.akamaized.net/hls/live/2002736/austchannel-sport/master1280x720.m3u8?checkedby:iptvcat.com","country":"australia","liveliness":"99","status":"online","lastChecked":"2020-08-17T00:00:00Z","format":"hd","mbps":"3188","URI":["australia","oceania","sport"]},{"id":"296459","channel":"Fox SPORTS HD 501","link":"http://ingrid.ltd:25461/Juan123456/Juan123456/40903?checkedby:iptvcat.com","country":"australia","liveliness":"100","status":"online","lastChecked":"2020-08-17T00:00:00Z","format":"fhd 2k","mbps":"13873","URI":["australia","oceania","sport"]},{"id":"296461","channel":"Fox SPORTS HD 502","link":"http://ingrid.ltd:25461/Juan123456/Juan123456/40902?checkedby:iptvcat.com","country":"australia","liveliness":"100","status":"online","lastChecked":"2020-08-17T00:00:00Z","format":"fhd 2k","mbps":"13873","URI":["australia","oceania","sport"]},{"id":"296466","channel":"Fox SPORTS HD 503","link":"http://ingrid.ltd:25461/Juan123456/Juan123456/40901?checkedby:iptvcat.com","country":"australia","liveliness":"100","status":"online","lastChecked":"2020-08-17T00:00:00Z","format":"fhd 2k","mbps":"13873","URI":["australia","oceania","sport"]},{"id":"296468","channel":"Fox SPORTS HD 504","link":"http://ingrid.ltd:25461/Juan123456/Juan123456/40900?checkedby:iptvcat.com","country":"australia","liveliness":"100","status":"online","lastChecked":"2020-08-17T00:00:00Z","format":"fhd 2k","mbps":"13873","URI":["australia","oceania","sport"]},{"id":"296469","channel":"Fox SPORTS HD 505","link":"http://ingrid.ltd:25461/Juan123456/Juan123456/40899?checkedby:iptvcat.com","country":"australia","liveliness":"100","status":"online","lastChecked":"2020-08-17T00:00:00Z","format":"fhd 2k","mbps":"13873","URI":["australia","oceania","sport"]},{"id":"296470","channel":"Fox SPORTS HD 506","link":"http://ingrid.ltd:25461/Juan123456/Juan123456/40898?checkedby:iptvcat.com","country":"australia","liveliness":"89","status":"online","lastChecked":"2020-08-17T00:00:00Z","format":"fhd 2k","mbps":"13873","URI":["australia","oceania","sport"]},{"id":"296471","channel":"Fox SPORTS HD 507","link":"http://ingrid.ltd:25461/Juan123456/Juan123456/40897?checkedby:iptvcat.com","country":"australia","liveliness":"100","status":"online","lastChecked":"2020-08-17T00:00:00Z","format":"fhd 2k","mbps":"13873","URI":["australia","oceania","sport"]},{"id":"296472","channel":"Fox SPORTS HD News","link":"http://ingrid.ltd:25461/Juan123456/Juan123456/40896?checkedby:iptvcat.com","country":"australia","liveliness":"100","status":"online","lastChecked":"2020-08-17T00:00:00Z","format":"hd","mbps":"6241","URI":["australia","oceania","sport"]},{"id":"51314","channel":"Fox Sports News","link":"https://austchannel-live.akamaized.net/hls/live/2002736/austchannel-sport/master.m3u8?checkedby:iptvcat.com","country":"australia","liveliness":"100","status":"online","lastChecked":"2020-08-18T00:00:00Z","format":"hd","mbps":"3188, ...","URI":["australia","sport"]},{"id":"142","channel":"Racing.com","link":"https://racingvic-i.akamaized.net/hls/live/598695/racingvic/628.m3u8?checkedby:iptvcat.com","country":"australia","liveliness":"100","status":"online","lastChecked":"2020-08-17T00:00:00Z","format":"sd","mbps":"899","URI":["australia","sport"]},{"id":"132528","channel":"Racing.com","link":"https://racingvic-i.akamaized.net/hls/live/598695/racingvic/index.m3u8?checkedby:iptvcat.com","country":"australia","liveliness":"99","status":"online","lastChecked":"2020-08-17T00:00:00Z","format":"sd","mbps":"2089, ...","URI":["australia","oceania","sport"]},{"id":"141","channel":"Racing.com","link":"https://racingvic-i.akamaized.net/hls/live/598695/racingvic/1500.m3u8?checkedby:iptvcat.com","country":"australia","liveliness":"100","status":"online","lastChecked":"2020-08-17T00:00:00Z","format":"sd","mbps":"2089","URI":["australia","sport"]},{"id":"21695","channel":"C31 Melbourne","link":"https://dcunilive47-lh.akamaihd.net/i/dclive_1@739220/master.m3u8?checkedby:iptvcat.com","country":"australia","liveliness":"96","status":"online","lastChecked":"2020-08-17T00:00:00Z","format":"sd","mbps":"1237","URI":["australia","north_america","oceania","united_states_of_america","north america","united states of america"]},{"id":"139","channel":"AU | Fox Sports News, Fox Sports News","link":"https://austchannel-live.akamaized.net/hls/live/2002736/austchannel-sport/master1280x720.m3u8?checkedby:iptvcat.com","country":"australia","liveliness":"99","status":"online","lastChecked":"2020-08-17T00:00:00Z","format":"hd","mbps":"3188","URI":["australia","oceania","sport"]},{"id":"296459","channel":"Fox SPORTS HD 501","link":"http://ingrid.ltd:25461/Juan123456/Juan123456/40903?checkedby:iptvcat.com","country":"australia","liveliness":"100","status":"online","lastChecked":"2020-08-17T00:00:00Z","format":"fhd 2k","mbps":"13873","URI":["australia","oceania","sport"]},{"id":"296461","channel":"Fox SPORTS HD 502","link":"http://ingrid.ltd:25461/Juan123456/Juan123456/40902?checkedby:iptvcat.com","country":"australia","liveliness":"100","status":"online","lastChecked":"2020-08-17T00:00:00Z","format":"fhd 2k","mbps":"13873","URI":["australia","oceania","sport"]},{"id":"296466","channel":"Fox SPORTS HD 503","link":"http://ingrid.ltd:25461/Juan123456/Juan123456/40901?checkedby:iptvcat.com","country":"australia","liveliness":"100","status":"online","lastChecked":"2020-08-17T00:00:00Z","format":"fhd 2k","mbps":"13873","URI":["australia","oceania","sport"]},{"id":"296468","channel":"Fox SPORTS HD 504","link":"http://ingrid.ltd:25461/Juan123456/Juan123456/40900?checkedby:iptvcat.com","country":"australia","liveliness":"100","status":"online","lastChecked":"2020-08-17T00:00:00Z","format":"fhd 2k","mbps":"13873","URI":["australia","oceania","sport"]},{"id":"296469","channel":"Fox SPORTS HD 505","link":"http://ingrid.ltd:25461/Juan123456/Juan123456/40899?checkedby:iptvcat.com","country":"australia","liveliness":"100","status":"online","lastChecked":"2020-08-17T00:00:00Z","format":"fhd 2k","mbps":"13873","URI":["australia","oceania","sport"]},{"id":"296470","channel":"Fox SPORTS HD 506","link":"http://ingrid.ltd:25461/Juan123456/Juan123456/40898?checkedby:iptvcat.com","country":"australia","liveliness":"89","status":"online","lastChecked":"2020-08-17T00:00:00Z","format":"fhd 2k","mbps":"13873","URI":["australia","oceania","sport"]},{"id":"296471","channel":"Fox SPORTS HD 507","link":"http://ingrid.ltd:25461/Juan123456/Juan123456/40897?checkedby:iptvcat.com","country":"australia","liveliness":"100","status":"online","lastChecked":"2020-08-17T00:00:00Z","format":"fhd 2k","mbps":"13873","URI":["australia","oceania","sport"]},{"id":"296472","channel":"Fox SPORTS HD News","link":"http://ingrid.ltd:25461/Juan123456/Juan123456/40896?checkedby:iptvcat.com","country":"australia","liveliness":"100","status":"online","lastChecked":"2020-08-17T00:00:00Z","format":"hd","mbps":"6241","URI":["australia","oceania","sport"]},{"id":"51314","channel":"Fox Sports News","link":"https://austchannel-live.akamaized.net/hls/live/2002736/austchannel-sport/master.m3u8?checkedby:iptvcat.com","country":"australia","liveliness":"100","status":"online","lastChecked":"2020-08-18T00:00:00Z","format":"hd","mbps":"3188, ...","URI":["australia","sport"]},{"id":"132528","channel":"Racing.com","link":"https://racingvic-i.akamaized.net/hls/live/598695/racingvic/index.m3u8?checkedby:iptvcat.com","country":"australia","liveliness":"99","status":"online","lastChecked":"2020-08-17T00:00:00Z","format":"sd","mbps":"2089, ...","URI":["australia","oceania","sport"]},{"id":"142","channel":"Racing.com","link":"https://racingvic-i.akamaized.net/hls/live/598695/racingvic/628.m3u8?checkedby:iptvcat.com","country":"australia","liveliness":"100","status":"online","lastChecked":"2020-08-17T00:00:00Z","format":"sd","mbps":"899","URI":["australia","sport"]},{"id":"141","channel":"Racing.com","link":"https://racingvic-i.akamaized.net/hls/live/598695/racingvic/1500.m3u8?checkedby:iptvcat.com","country":"australia","liveliness":"100","status":"online","lastChecked":"2020-08-17T00:00:00Z","format":"sd","mbps":"2089","URI":["australia","sport"]}]