[{"id":"188","channel":"Channel-S","link":"https://a.jsrdn.com/r-373576a3/publish/22679_24MrQma9TX/index.m3u8?checkedby:iptvcat.com","country":"bangladesh","liveliness":"99","status":"online","lastChecked":"2020-08-17T00:00:00Z","format":"hd","mbps":"5020","URI":["bangladesh"]},{"id":"25822","channel":"Gazi Tv","link":"https://itpolly.iptv.digijadoo.net/live/gazi_tv/chunks.m3u8?checkedby:iptvcat.com","country":"bangladesh","liveliness":"99","status":"online","lastChecked":"2020-08-16T00:00:00Z","format":"hd","mbps":"3188","URI":["bangladesh","asia"]},{"id":"191","channel":"NTV (UK Time)","link":"https://a.jsrdn.com/r-373576a1/publish/22680_3BR3zocwi9/index.m3u8?checkedby:iptvcat.com","country":"bangladesh","liveliness":"99","status":"online","lastChecked":"2020-08-17T00:00:00Z","format":"hd","mbps":"5020","URI":["bangladesh"]},{"id":"192","channel":"NTV (US Pacific Time)","link":"https://a.jsrdn.com/broadcast/22680_3BR3zocwi9/-0800/c.m3u8?checkedby:iptvcat.com","country":"bangladesh","liveliness":"94","status":"online","lastChecked":"2020-08-17T00:00:00Z","format":"hd","mbps":"5020","URI":["bangladesh"]},{"id":"25823","channel":"News 18 Bangla","link":"https://news18bangla-lh.akamaihd.net/i/n18bangla_1@2289/index_4_av-p.m3u8?checkedby:iptvcat.com","country":"bangladesh","liveliness":"100","status":"online","lastChecked":"2020-08-17T00:00:00Z","format":"sd","mbps":"1357","URI":["bangladesh","asia"]},{"id":"25823","channel":"News 18 Bangla","link":"https://news18bangla-lh.akamaihd.net/i/n18bangla_1@2289/index_4_av-p.m3u8?checkedby:iptvcat.com","country":"bangladesh","liveliness":"100","status":"online","lastChecked":"2020-08-17T00:00:00Z","format":"sd","mbps":"1357","URI":["bangladesh","asia"]},{"id":"25822","channel":"Gazi Tv","link":"https://itpolly.iptv.digijadoo.net/live/gazi_tv/chunks.m3u8?checkedby:iptvcat.com","country":"bangladesh","liveliness":"99","status":"online","lastChecked":"2020-08-16T00:00:00Z","format":"hd","mbps":"3188","URI":["bangladesh","asia"]},{"id":"188","channel":"Channel-S","link":"https://a.jsrdn.com/r-373576a3/publish/22679_24MrQma9TX/index.m3u8?checkedby:iptvcat.com","country":"bangladesh","liveliness":"99","status":"online","lastChecked":"2020-08-17T00:00:00Z","format":"hd","mbps":"5020","URI":["bangladesh"]},{"id":"25822","channel":"Gazi Tv","link":"https://itpolly.iptv.digijadoo.net/live/gazi_tv/chunks.m3u8?checkedby:iptvcat.com","country":"bangladesh","liveliness":"99","status":"online","lastChecked":"2020-08-16T00:00:00Z","format":"hd","mbps":"3188","URI":["bangladesh","asia"]},{"id":"191","channel":"NTV (UK Time)","link":"https://a.jsrdn.com/r-373576a1/publish/22680_3BR3zocwi9/index.m3u8?checkedby:iptvcat.com","country":"bangladesh","liveliness":"99","status":"online","lastChecked":"2020-08-17T00:00:00Z","format":"hd","mbps":"5020","URI":["bangladesh"]},{"id":"192","channel":"NTV (US Pacific Time)","link":"https://a.jsrdn.com/broadcast/22680_3BR3zocwi9/-0800/c.m3u8?checkedby:iptvcat.com","country":"bangladesh","liveliness":"94","status":"online","lastChecked":"2020-08-17T00:00:00Z","format":"hd","mbps":"5020","URI":["bangladesh"]},{"id":"25823","channel":"News 18 Bangla","link":"https://news18bangla-lh.akamaihd.net/i/n18bangla_1@2289/index_4_av-p.m3u8?checkedby:iptvcat.com","country":"bangladesh","liveliness":"100","status":"online","lastChecked":"2020-08-17T00:00:00Z","format":"sd","mbps":"1357","URI":["bangladesh","asia"]},{"id":"188","channel":"Channel-S","link":"https://a.jsrdn.com/r-373576a3/publish/22679_24MrQma9TX/index.m3u8?checkedby:iptvcat.com","country":"bangladesh","liveliness":"99","status":"online","lastChecked":"2020-08-17T00:00:00Z","format":"hd","mbps":"5020","URI":["bangladesh"]},{"id":"25822","channel":"Gazi Tv","link":"https://itpolly.iptv.digijadoo.net/live/gazi_tv/chunks.m3u8?checkedby:iptvcat.com","country":"bangladesh","liveliness":"99","status":"online","lastChecked":"2020-08-16T00:00:00Z","format":"hd","mbps":"3188","URI":["bangladesh","asia"]},{"id":"191","channel":"NTV (UK Time)","link":"https://a.jsrdn.com/r-373576a1/publish/22680_3BR3zocwi9/index.m3u8?checkedby:iptvcat.com","country":"bangladesh","liveliness":"99","status":"online","lastChecked":"2020-08-17T00:00:00Z","format":"hd","mbps":"5020","URI":["bangladesh"]},{"id":"192","channel":"NTV (US Pacific Time)","link":"https://a.jsrdn.com/broadcast/22680_3BR3zocwi9/-0800/c.m3u8?checkedby:iptvcat.com","country":"bangladesh","liveliness":"94","status":"online","lastChecked":"2020-08-17T00:00:00Z","format":"hd","mbps":"5020","URI":["bangladesh"]},{"id":"25823","channel":"News 18 Bangla","link":"https://news18bangla-lh.akamaihd.net/i/n18bangla_1@2289/index_4_av-p.m3u8?checkedby:iptvcat.com","country":"bangladesh","liveliness":"100","status":"online","lastChecked":"2020-08-17T00:00:00Z","format":"sd","mbps":"1357","URI":["bangladesh","asia"]},{"id":"188","channel":"Channel-S","link":"https://a.jsrdn.com/r-373576a3/publish/22679_24MrQma9TX/index.m3u8?checkedby:iptvcat.com","country":"bangladesh","liveliness":"99","status":"online","lastChecked":"2020-08-17T00:00:00Z","format":"hd","mbps":"5020","URI":["bangladesh"]},{"id":"25822","channel":"Gazi Tv","link":"https://itpolly.iptv.digijadoo.net/live/gazi_tv/chunks.m3u8?checkedby:iptvcat.com","country":"bangladesh","liveliness":"99","status":"online","lastChecked":"2020-08-16T00:00:00Z","format":"hd","mbps":"3188","URI":["bangladesh","asia"]},{"id":"191","channel":"NTV (UK Time)","link":"https://a.jsrdn.com/r-373576a1/publish/22680_3BR3zocwi9/index.m3u8?checkedby:iptvcat.com","country":"bangladesh","liveliness":"99","status":"online","lastChecked":"2020-08-17T00:00:00Z","format":"hd","mbps":"5020","URI":["bangladesh"]},{"id":"192","channel":"NTV (US Pacific Time)","link":"https://a.jsrdn.com/broadcast/22680_3BR3zocwi9/-0800/c.m3u8?checkedby:iptvcat.com","country":"bangladesh","liveliness":"94","status":"online","lastChecked":"2020-08-17T00:00:00Z","format":"hd","mbps":"5020","URI":["bangladesh"]},{"id":"25823","channel":"News 18 Bangla","link":"https://news18bangla-lh.akamaihd.net/i/n18bangla_1@2289/index_4_av-p.m3u8?checkedby:iptvcat.com","country":"bangladesh","liveliness":"100","status":"online","lastChecked":"2020-08-17T00:00:00Z","format":"sd","mbps":"1357","URI":["bangladesh","asia"]},{"id":"188","channel":"Channel-S","link":"https://a.jsrdn.com/r-373576a3/publish/22679_24MrQma9TX/index.m3u8?checkedby:iptvcat.com","country":"bangladesh","liveliness":"99","status":"online","lastChecked":"2020-08-17T00:00:00Z","format":"hd","mbps":"5020","URI":["bangladesh"]},{"id":"25822","channel":"Gazi Tv","link":"https://itpolly.iptv.digijadoo.net/live/gazi_tv/chunks.m3u8?checkedby:iptvcat.com","country":"bangladesh","liveliness":"99","status":"online","lastChecked":"2020-08-16T00:00:00Z","format":"hd","mbps":"3188","URI":["bangladesh","asia"]},{"id":"191","channel":"NTV (UK Time)","link":"https://a.jsrdn.com/r-373576a1/publish/22680_3BR3zocwi9/index.m3u8?checkedby:iptvcat.com","country":"bangladesh","liveliness":"99","status":"online","lastChecked":"2020-08-17T00:00:00Z","format":"hd","mbps":"5020","URI":["bangladesh"]},{"id":"192","channel":"NTV (US Pacific Time)","link":"https://a.jsrdn.com/broadcast/22680_3BR3zocwi9/-0800/c.m3u8?checkedby:iptvcat.com","country":"bangladesh","liveliness":"94","status":"online","lastChecked":"2020-08-17T00:00:00Z","format":"hd","mbps":"5020","URI":["bangladesh"]},{"id":"25823","channel":"News 18 Bangla","link":"https://news18bangla-lh.akamaihd.net/i/n18bangla_1@2289/index_4_av-p.m3u8?checkedby:iptvcat.com","country":"bangladesh","liveliness":"100","status":"online","lastChecked":"2020-08-17T00:00:00Z","format":"sd","mbps":"1357","URI":["bangladesh","asia"]},{"id":"188","channel":"Channel-S","link":"https://a.jsrdn.com/r-373576a3/publish/22679_24MrQma9TX/index.m3u8?checkedby:iptvcat.com","country":"bangladesh","liveliness":"99","status":"online","lastChecked":"2020-08-17T00:00:00Z","format":"hd","mbps":"5020","URI":["bangladesh"]},{"id":"25822","channel":"Gazi Tv","link":"https://itpolly.iptv.digijadoo.net/live/gazi_tv/chunks.m3u8?checkedby:iptvcat.com","country":"bangladesh","liveliness":"99","status":"online","lastChecked":"2020-08-16T00:00:00Z","format":"hd","mbps":"3188","URI":["bangladesh","asia"]},{"id":"191","channel":"NTV (UK Time)","link":"https://a.jsrdn.com/r-373576a1/publish/22680_3BR3zocwi9/index.m3u8?checkedby:iptvcat.com","country":"bangladesh","liveliness":"99","status":"online","lastChecked":"2020-08-17T00:00:00Z","format":"hd","mbps":"5020","URI":["bangladesh"]},{"id":"192","channel":"NTV (US Pacific Time)","link":"https://a.jsrdn.com/broadcast/22680_3BR3zocwi9/-0800/c.m3u8?checkedby:iptvcat.com","country":"bangladesh","liveliness":"94","status":"online","lastChecked":"2020-08-17T00:00:00Z","format":"hd","mbps":"5020","URI":["bangladesh"]},{"id":"25823","channel":"News 18 Bangla","link":"https://news18bangla-lh.akamaihd.net/i/n18bangla_1@2289/index_4_av-p.m3u8?checkedby:iptvcat.com","country":"bangladesh","liveliness":"100","status":"online","lastChecked":"2020-08-17T00:00:00Z","format":"sd","mbps":"1357","URI":["bangladesh","asia"]},{"id":"188","channel":"Channel-S","link":"https://a.jsrdn.com/r-373576a3/publish/22679_24MrQma9TX/index.m3u8?checkedby:iptvcat.com","country":"bangladesh","liveliness":"99","status":"online","lastChecked":"2020-08-17T00:00:00Z","format":"hd","mbps":"5020","URI":["bangladesh"]},{"id":"25822","channel":"Gazi Tv","link":"https://itpolly.iptv.digijadoo.net/live/gazi_tv/chunks.m3u8?checkedby:iptvcat.com","country":"bangladesh","liveliness":"99","status":"online","lastChecked":"2020-08-16T00:00:00Z","format":"hd","mbps":"3188","URI":["bangladesh","asia"]},{"id":"191","channel":"NTV (UK Time)","link":"https://a.jsrdn.com/r-373576a1/publish/22680_3BR3zocwi9/index.m3u8?checkedby:iptvcat.com","country":"bangladesh","liveliness":"99","status":"online","lastChecked":"2020-08-17T00:00:00Z","format":"hd","mbps":"5020","URI":["bangladesh"]},{"id":"192","channel":"NTV (US Pacific Time)","link":"https://a.jsrdn.com/broadcast/22680_3BR3zocwi9/-0800/c.m3u8?checkedby:iptvcat.com","country":"bangladesh","liveliness":"94","status":"online","lastChecked":"2020-08-17T00:00:00Z","format":"hd","mbps":"5020","URI":["bangladesh"]},{"id":"25823","channel":"News 18 Bangla","link":"https://news18bangla-lh.akamaihd.net/i/n18bangla_1@2289/index_4_av-p.m3u8?checkedby:iptvcat.com","country":"bangladesh","liveliness":"100","status":"online","lastChecked":"2020-08-17T00:00:00Z","format":"sd","mbps":"1357","URI":["bangladesh","asia"]}]