[{"id":"55923","channel":"BB | CBC TV 8, CBC TV 8","link":"https://1740288887.rsc.cdn77.org/1740288887/tracks-v2a1/rewind-3600.m3u8?checkedby:iptvcat.com","country":"barbados","liveliness":"100","status":"online","lastChecked":"2020-08-17T00:00:00Z","format":"hd","mbps":"3795","URI":["barbados","north_america","north america"]},{"id":"193","channel":"Trident 10 TV","link":"http://161.0.157.9/PLTV/88888888/224/3221226832/index.m3u8?checkedby:iptvcat.com","country":"barbados","liveliness":"100","status":"online","lastChecked":"2020-08-17T00:00:00Z","format":"sd","mbps":"2088, ...","URI":["barbados"]},{"id":"55923","channel":"BB | CBC TV 8, CBC TV 8","link":"https://1740288887.rsc.cdn77.org/1740288887/tracks-v2a1/rewind-3600.m3u8?checkedby:iptvcat.com","country":"barbados","liveliness":"100","status":"online","lastChecked":"2020-08-17T00:00:00Z","format":"hd","mbps":"3795","URI":["barbados","north_america","north america"]},{"id":"55923","channel":"BB | CBC TV 8, CBC TV 8","link":"https://1740288887.rsc.cdn77.org/1740288887/tracks-v2a1/rewind-3600.m3u8?checkedby:iptvcat.com","country":"barbados","liveliness":"100","status":"online","lastChecked":"2020-08-17T00:00:00Z","format":"hd","mbps":"3795","URI":["barbados","north_america","north america"]}]