[{"id":"11161","channel":"777 Tehnika TV, BA | 777 Tehnika TV","link":"http://109.123.70.27:1935/tehnikatv777/tehnikatv777/playlist.m3u8?checkedby:iptvcat.com","country":"bosnia and herzegovina","liveliness":"79","status":"online","lastChecked":"2020-08-17T00:00:00Z","format":"sd","mbps":"1299","URI":["bosnia and herzegovina","bosnia_and_herzegovina","ex yugoslavia","europe","ex_yugoslavia"]},{"id":"56045","channel":"B1 TV, BA | B1 TV","link":"http://wowza.bihnet.net:88/hls/b1-live.m3u8?checkedby:iptvcat.com","country":"bosnia and herzegovina","liveliness":"93","status":"online","lastChecked":"2020-08-17T00:00:00Z","format":"fhd 2k","mbps":"8378","URI":["bosnia and herzegovina","bosnia_and_herzegovina","ex yugoslavia","europe","ex_yugoslavia"]},{"id":"246","channel":"Hema Televizija","link":"http://77.238.209.50:8080/hema1?checkedby:iptvcat.com","country":"bosnia and herzegovina","liveliness":"96","status":"online","lastChecked":"2020-08-17T00:00:00Z","format":"sd","mbps":"136","URI":["bosnia and herzegovina","bosnia_and_herzegovina"]},{"id":"11161","channel":"777 Tehnika TV, BA | 777 Tehnika TV","link":"http://109.123.70.27:1935/tehnikatv777/tehnikatv777/playlist.m3u8?checkedby:iptvcat.com","country":"bosnia and herzegovina","liveliness":"79","status":"online","lastChecked":"2020-08-17T00:00:00Z","format":"sd","mbps":"1299","URI":["bosnia and herzegovina","bosnia_and_herzegovina","ex yugoslavia","europe","ex_yugoslavia"]},{"id":"56045","channel":"B1 TV, BA | B1 TV","link":"http://wowza.bihnet.net:88/hls/b1-live.m3u8?checkedby:iptvcat.com","country":"bosnia and herzegovina","liveliness":"93","status":"online","lastChecked":"2020-08-17T00:00:00Z","format":"fhd 2k","mbps":"8378","URI":["bosnia and herzegovina","bosnia_and_herzegovina","ex yugoslavia","europe","ex_yugoslavia"]},{"id":"246","channel":"Hema Televizija","link":"http://77.238.209.50:8080/hema1?checkedby:iptvcat.com","country":"bosnia and herzegovina","liveliness":"96","status":"online","lastChecked":"2020-08-17T00:00:00Z","format":"sd","mbps":"136","URI":["bosnia and herzegovina","bosnia_and_herzegovina"]},{"id":"11161","channel":"777 Tehnika TV, BA | 777 Tehnika TV","link":"http://109.123.70.27:1935/tehnikatv777/tehnikatv777/playlist.m3u8?checkedby:iptvcat.com","country":"bosnia and herzegovina","liveliness":"79","status":"online","lastChecked":"2020-08-17T00:00:00Z","format":"sd","mbps":"1299","URI":["bosnia and herzegovina","bosnia_and_herzegovina","ex yugoslavia","europe","ex_yugoslavia"]},{"id":"56045","channel":"B1 TV, BA | B1 TV","link":"http://wowza.bihnet.net:88/hls/b1-live.m3u8?checkedby:iptvcat.com","country":"bosnia and herzegovina","liveliness":"93","status":"online","lastChecked":"2020-08-17T00:00:00Z","format":"fhd 2k","mbps":"8378","URI":["bosnia and herzegovina","bosnia_and_herzegovina","ex yugoslavia","europe","ex_yugoslavia"]},{"id":"11161","channel":"777 Tehnika TV, BA | 777 Tehnika TV","link":"http://109.123.70.27:1935/tehnikatv777/tehnikatv777/playlist.m3u8?checkedby:iptvcat.com","country":"bosnia and herzegovina","liveliness":"79","status":"online","lastChecked":"2020-08-17T00:00:00Z","format":"sd","mbps":"1299","URI":["bosnia and herzegovina","bosnia_and_herzegovina","ex yugoslavia","europe","ex_yugoslavia"]},{"id":"56045","channel":"B1 TV, BA | B1 TV","link":"http://wowza.bihnet.net:88/hls/b1-live.m3u8?checkedby:iptvcat.com","country":"bosnia and herzegovina","liveliness":"93","status":"online","lastChecked":"2020-08-17T00:00:00Z","format":"fhd 2k","mbps":"8378","URI":["bosnia and herzegovina","bosnia_and_herzegovina","ex yugoslavia","europe","ex_yugoslavia"]},{"id":"56045","channel":"B1 TV, BA | B1 TV","link":"http://wowza.bihnet.net:88/hls/b1-live.m3u8?checkedby:iptvcat.com","country":"bosnia and herzegovina","liveliness":"93","status":"online","lastChecked":"2020-08-17T00:00:00Z","format":"fhd 2k","mbps":"8378","URI":["bosnia and herzegovina","bosnia_and_herzegovina","ex yugoslavia","europe","ex_yugoslavia"]},{"id":"11161","channel":"777 Tehnika TV, BA | 777 Tehnika TV","link":"http://109.123.70.27:1935/tehnikatv777/tehnikatv777/playlist.m3u8?checkedby:iptvcat.com","country":"bosnia and herzegovina","liveliness":"79","status":"online","lastChecked":"2020-08-17T00:00:00Z","format":"sd","mbps":"1299","URI":["bosnia and herzegovina","bosnia_and_herzegovina","ex yugoslavia","europe","ex_yugoslavia"]},{"id":"11161","channel":"777 Tehnika TV, BA | 777 Tehnika TV","link":"http://109.123.70.27:1935/tehnikatv777/tehnikatv777/playlist.m3u8?checkedby:iptvcat.com","country":"bosnia and herzegovina","liveliness":"79","status":"online","lastChecked":"2020-08-17T00:00:00Z","format":"sd","mbps":"1299","URI":["bosnia and herzegovina","bosnia_and_herzegovina","ex yugoslavia","europe","ex_yugoslavia"]},{"id":"56045","channel":"B1 TV, BA | B1 TV","link":"http://wowza.bihnet.net:88/hls/b1-live.m3u8?checkedby:iptvcat.com","country":"bosnia and herzegovina","liveliness":"93","status":"online","lastChecked":"2020-08-17T00:00:00Z","format":"fhd 2k","mbps":"8378","URI":["bosnia and herzegovina","bosnia_and_herzegovina","ex yugoslavia","europe","ex_yugoslavia"]},{"id":"11161","channel":"777 Tehnika TV, BA | 777 Tehnika TV","link":"http://109.123.70.27:1935/tehnikatv777/tehnikatv777/playlist.m3u8?checkedby:iptvcat.com","country":"bosnia and herzegovina","liveliness":"79","status":"online","lastChecked":"2020-08-17T00:00:00Z","format":"sd","mbps":"1299","URI":["bosnia and herzegovina","bosnia_and_herzegovina","ex yugoslavia","europe","ex_yugoslavia"]},{"id":"56045","channel":"B1 TV, BA | B1 TV","link":"http://wowza.bihnet.net:88/hls/b1-live.m3u8?checkedby:iptvcat.com","country":"bosnia and herzegovina","liveliness":"93","status":"online","lastChecked":"2020-08-17T00:00:00Z","format":"fhd 2k","mbps":"8378","URI":["bosnia and herzegovina","bosnia_and_herzegovina","ex yugoslavia","europe","ex_yugoslavia"]}]