[{"id":"309","channel":"RTB Sukmaindera","link":"https://rtb-channel.glue.live/smil:rtb1/chunklist.m3u8?checkedby:iptvcat.com","country":"brunei","liveliness":"99","status":"online","lastChecked":"2020-08-17T00:00:00Z","format":"hd","mbps":"11126, ...","URI":["brunei"]},{"id":"309","channel":"RTB Sukmaindera","link":"https://rtb-channel.glue.live/smil:rtb1/chunklist.m3u8?checkedby:iptvcat.com","country":"brunei","liveliness":"99","status":"online","lastChecked":"2020-08-17T00:00:00Z","format":"hd","mbps":"11126, ...","URI":["brunei"]}]