[{"id":"56051","channel":"BF | RTB, RTB","link":"https://edge2.vedge.infomaniak.com/livecast/ik:rtbtvlive1/manifest.m3u8?checkedby:iptvcat.com","country":"burkina faso","liveliness":"70","status":"offline","lastChecked":"2020-08-19T00:00:00Z","format":"sd","mbps":"1008","URI":["burkina faso","africa","burkina_faso"]},{"id":"132570","channel":"Impac TV","link":"https://edge10.vedge.infomaniak.com/livecast/impacttele/playlist.m3u8?checkedby:iptvcat.com","country":"burkina faso","liveliness":"97","status":"online","lastChecked":"2020-08-17T00:00:00Z","format":"sd","mbps":"2334","URI":["burkina faso","africa","burkina_faso"]},{"id":"56051","channel":"BF | RTB, RTB","link":"https://edge2.vedge.infomaniak.com/livecast/ik:rtbtvlive1/manifest.m3u8?checkedby:iptvcat.com","country":"burkina faso","liveliness":"70","status":"offline","lastChecked":"2020-08-19T00:00:00Z","format":"sd","mbps":"1008","URI":["burkina faso","africa","burkina_faso"]},{"id":"132570","channel":"Impac TV","link":"https://edge10.vedge.infomaniak.com/livecast/impacttele/playlist.m3u8?checkedby:iptvcat.com","country":"burkina faso","liveliness":"97","status":"online","lastChecked":"2020-08-17T00:00:00Z","format":"sd","mbps":"2334","URI":["burkina faso","africa","burkina_faso"]},{"id":"56051","channel":"BF | RTB, RTB","link":"https://edge2.vedge.infomaniak.com/livecast/ik:rtbtvlive1/manifest.m3u8?checkedby:iptvcat.com","country":"burkina faso","liveliness":"70","status":"offline","lastChecked":"2020-08-19T00:00:00Z","format":"sd","mbps":"1008","URI":["burkina faso","africa","burkina_faso"]},{"id":"132570","channel":"Impac TV","link":"https://edge10.vedge.infomaniak.com/livecast/impacttele/playlist.m3u8?checkedby:iptvcat.com","country":"burkina faso","liveliness":"97","status":"online","lastChecked":"2020-08-17T00:00:00Z","format":"sd","mbps":"2334","URI":["burkina faso","africa","burkina_faso"]},{"id":"56051","channel":"BF | RTB, RTB","link":"https://edge2.vedge.infomaniak.com/livecast/ik:rtbtvlive1/manifest.m3u8?checkedby:iptvcat.com","country":"burkina faso","liveliness":"70","status":"offline","lastChecked":"2020-08-19T00:00:00Z","format":"sd","mbps":"1008","URI":["burkina faso","africa","burkina_faso"]},{"id":"132570","channel":"Impac TV","link":"https://edge10.vedge.infomaniak.com/livecast/impacttele/playlist.m3u8?checkedby:iptvcat.com","country":"burkina faso","liveliness":"97","status":"online","lastChecked":"2020-08-17T00:00:00Z","format":"sd","mbps":"2334","URI":["burkina faso","africa","burkina_faso"]}]