[{"id":"357","channel":"Afrique Média TV","link":"https://stream.ecable.tv/afc/BANDAKANY.mp4/tracks-v1a1/mono.m3u8?checkedby:iptvcat.com","country":"cameroon","liveliness":"98","status":"offline","lastChecked":"2020-08-19T00:00:00Z","format":"sd","mbps":"2308","URI":["cameroon"]},{"id":"358","channel":"GC TV","link":"https://5c4984c4d9146.streamlock.net:1937/live/ngrp:GCTV_all/chunklist.m3u8?checkedby:iptvcat.com","country":"cameroon","liveliness":"98","status":"online","lastChecked":"2020-08-17T00:00:00Z","format":"sd","mbps":"1509, ...","URI":["cameroon"]},{"id":"132571","channel":"Vision 4","link":"https://cdnamd-hls-globecast.akamaized.net/live/ramdisk/vision4/hls_video/index.m3u8?checkedby:iptvcat.com","country":"cameroon","liveliness":"100","status":"online","lastChecked":"2020-08-17T00:00:00Z","format":"sd","mbps":"1764, ...","URI":["cameroon","africa"]},{"id":"359","channel":"Vision 4","link":"http://cdnamd-hls-globecast.akamaized.net/live/ramdisk/vision4/hls_video/index.m3u8?checkedby:iptvcat.com","country":"cameroon","liveliness":"99","status":"online","lastChecked":"2020-08-17T00:00:00Z","format":"sd","mbps":"1764, ...","URI":["cameroon"]},{"id":"132571","channel":"Vision 4","link":"https://cdnamd-hls-globecast.akamaized.net/live/ramdisk/vision4/hls_video/index.m3u8?checkedby:iptvcat.com","country":"cameroon","liveliness":"100","status":"online","lastChecked":"2020-08-17T00:00:00Z","format":"sd","mbps":"1764, ...","URI":["cameroon","africa"]},{"id":"132571","channel":"Vision 4","link":"https://cdnamd-hls-globecast.akamaized.net/live/ramdisk/vision4/hls_video/index.m3u8?checkedby:iptvcat.com","country":"cameroon","liveliness":"100","status":"online","lastChecked":"2020-08-17T00:00:00Z","format":"sd","mbps":"1764, ...","URI":["cameroon","africa"]}]