[{"id":"132574","channel":"Antofagasta TV","link":"https://unlimited1-us.dps.live/atv/atv.smil/atv/livestream2/playlist.m3u8?checkedby:iptvcat.com","country":"chile","liveliness":"99","status":"online","lastChecked":"2020-08-18T00:00:00Z","format":"sd","mbps":"1181","URI":["latin_america","south_america","south america","chile","latin america"]},{"id":"132579","channel":"TV5 Linares","link":"https://unlimited1-us.dps.live/tv5/tv5.smil/tv5/livestream1/playlist.m3u8?checkedby:iptvcat.com","country":"chile","liveliness":"97","status":"online","lastChecked":"2020-08-17T00:00:00Z","format":"hd","mbps":"5991","URI":["south_america","south america","chile","latin america","latin_america"]},{"id":"312860","channel":"Teletrak HD","link":"http://iptv.deluxeplay.live:80/live/hfdbtaso/6sTwL137vo/8681.m3u8?checkedby:iptvcat.com","country":"chile","liveliness":"25","status":"offline","lastChecked":"2020-08-19T00:00:00Z","format":"hd","mbps":"5997","URI":["south_america","south america","chile","latin america","latin_america"]},{"id":"132580","channel":"VC ONLINE HD","link":"https://593b04c4c5670.streamlock.net/8068/8068/playlist.m3u8?checkedby:iptvcat.com","country":"chile","liveliness":"99","status":"online","lastChecked":"2020-08-17T00:00:00Z","format":"sd","mbps":"868","URI":["south_america","south america","chile","latin america","latin_america"]},{"id":"132576","channel":"T13 Radio","link":"https://t13-radio-live.cdn.nedmedia.io/index.m3u8?checkedby:iptvcat.com","country":"chile","liveliness":"100","status":"online","lastChecked":"2020-08-17T00:00:00Z","format":"sd","mbps":"1453, ...","URI":["south_america","south america","chile","latin america","latin_america"]},{"id":"132575","channel":"Real Madrid TV","link":"https://rmtvlive-lh.akamaihd.net/i/rmtv_1@154306/master.m3u8?checkedby:iptvcat.com","country":"chile","liveliness":"97","status":"online","lastChecked":"2020-08-17T00:00:00Z","format":"sd","mbps":"1099, ...","URI":["south_america","south america","chile","latin america","latin_america","sport"]},{"id":"132574","channel":"Antofagasta TV","link":"https://unlimited1-us.dps.live/atv/atv.smil/atv/livestream2/playlist.m3u8?checkedby:iptvcat.com","country":"chile","liveliness":"99","status":"online","lastChecked":"2020-08-18T00:00:00Z","format":"sd","mbps":"1181","URI":["latin_america","south_america","south america","chile","latin america"]},{"id":"132574","channel":"Antofagasta TV","link":"https://unlimited1-us.dps.live/atv/atv.smil/atv/livestream2/playlist.m3u8?checkedby:iptvcat.com","country":"chile","liveliness":"99","status":"online","lastChecked":"2020-08-18T00:00:00Z","format":"sd","mbps":"1181","URI":["latin_america","south_america","south america","chile","latin america"]},{"id":"132579","channel":"TV5 Linares","link":"https://unlimited1-us.dps.live/tv5/tv5.smil/tv5/livestream1/playlist.m3u8?checkedby:iptvcat.com","country":"chile","liveliness":"97","status":"online","lastChecked":"2020-08-17T00:00:00Z","format":"hd","mbps":"5991","URI":["south_america","south america","chile","latin america","latin_america"]},{"id":"312860","channel":"Teletrak HD","link":"http://iptv.deluxeplay.live:80/live/hfdbtaso/6sTwL137vo/8681.m3u8?checkedby:iptvcat.com","country":"chile","liveliness":"25","status":"offline","lastChecked":"2020-08-19T00:00:00Z","format":"hd","mbps":"5997","URI":["south_america","south america","chile","latin america","latin_america"]},{"id":"132580","channel":"VC ONLINE HD","link":"https://593b04c4c5670.streamlock.net/8068/8068/playlist.m3u8?checkedby:iptvcat.com","country":"chile","liveliness":"99","status":"online","lastChecked":"2020-08-17T00:00:00Z","format":"sd","mbps":"868","URI":["south_america","south america","chile","latin america","latin_america"]},{"id":"132576","channel":"T13 Radio","link":"https://t13-radio-live.cdn.nedmedia.io/index.m3u8?checkedby:iptvcat.com","country":"chile","liveliness":"100","status":"online","lastChecked":"2020-08-17T00:00:00Z","format":"sd","mbps":"1453, ...","URI":["south_america","south america","chile","latin america","latin_america"]},{"id":"132575","channel":"Real Madrid TV","link":"https://rmtvlive-lh.akamaihd.net/i/rmtv_1@154306/master.m3u8?checkedby:iptvcat.com","country":"chile","liveliness":"97","status":"online","lastChecked":"2020-08-17T00:00:00Z","format":"sd","mbps":"1099, ...","URI":["south_america","south america","chile","latin america","latin_america","sport"]},{"id":"132574","channel":"Antofagasta TV","link":"https://unlimited1-us.dps.live/atv/atv.smil/atv/livestream2/playlist.m3u8?checkedby:iptvcat.com","country":"chile","liveliness":"99","status":"online","lastChecked":"2020-08-18T00:00:00Z","format":"sd","mbps":"1181","URI":["latin_america","south_america","south america","chile","latin america"]},{"id":"132574","channel":"Antofagasta TV","link":"https://unlimited1-us.dps.live/atv/atv.smil/atv/livestream2/playlist.m3u8?checkedby:iptvcat.com","country":"chile","liveliness":"99","status":"online","lastChecked":"2020-08-18T00:00:00Z","format":"sd","mbps":"1181","URI":["latin_america","south_america","south america","chile","latin america"]},{"id":"395","channel":"Antofagasta TV","link":"https://unlimited1-us.dps.live/atv/atv.smil/atv/livestream2/chunks.m3u8?checkedby:iptvcat.com","country":"chile","liveliness":"99","status":"online","lastChecked":"2020-08-17T00:00:00Z","format":"sd","mbps":"1181","URI":["chile"]},{"id":"132574","channel":"Antofagasta TV","link":"https://unlimited1-us.dps.live/atv/atv.smil/atv/livestream2/playlist.m3u8?checkedby:iptvcat.com","country":"chile","liveliness":"99","status":"online","lastChecked":"2020-08-18T00:00:00Z","format":"sd","mbps":"1181","URI":["latin_america","south_america","south america","chile","latin america"]},{"id":"400","channel":"Campus TV","link":"https://unlimited1-us.dps.live/campustv/campustv.smil/campustv/livestream1/chunks.m3u8?checkedby:iptvcat.com","country":"chile","liveliness":"85","status":"online","lastChecked":"2020-08-17T00:00:00Z","format":"hd","mbps":"5997","URI":["chile"]},{"id":"403","channel":"Chile 5 FTA","link":"http://streaming.elpinguino.com:1935/live/pinguinotv_360p/sat.m3u8?checkedby:iptvcat.com","country":"chile","liveliness":"94","status":"online","lastChecked":"2020-08-17T00:00:00Z","format":"sd","mbps":"1600","URI":["chile"]},{"id":"405","channel":"El Pinguino TV","link":"http://streaming.elpinguino.com:1935/live/pinguinotv_720p/playlist.m3u8?checkedby:iptvcat.com","country":"chile","liveliness":"94","status":"online","lastChecked":"2020-08-17T00:00:00Z","format":"hd","mbps":"5991","URI":["chile"]},{"id":"406","channel":"El Pingüino TV, El Pinguino Tv Punta Arenas","link":"http://streaming.elpinguino.com:1935/live/pinguinotv_240p/playlist.m3u8?checkedby:iptvcat.com","country":"chile","liveliness":"94","status":"online","lastChecked":"2020-08-17T00:00:00Z","format":"sd","mbps":"600","URI":["chile"]},{"id":"413","channel":"El Pingüino TV","link":"http://streaming.elpinguino.com:1935/live/pinguinotv_720p/livestream.m3u8?checkedby:iptvcat.com","country":"chile","liveliness":"94","status":"online","lastChecked":"2020-08-17T00:00:00Z","format":"hd","mbps":"5991","URI":["chile"]},{"id":"411","channel":"El Pingüino TV","link":"http://streaming.elpinguino.com:1935/live/pinguinotv_720p/hasbahca.m3u8?checkedby:iptvcat.com","country":"chile","liveliness":"94","status":"online","lastChecked":"2020-08-17T00:00:00Z","format":"hd","mbps":"5991","URI":["chile"]},{"id":"410","channel":"El Pingüino TV","link":"http://streaming.elpinguino.com:1935/live/pinguinotv_360p/playlist.m3u8?checkedby:iptvcat.com","country":"chile","liveliness":"94","status":"online","lastChecked":"2020-08-17T00:00:00Z","format":"sd","mbps":"1600","URI":["chile"]},{"id":"409","channel":"El Pingüino TV","link":"http://streaming.elpinguino.com:1935/live/pinguinotv_360p/livestream.m3u8?checkedby:iptvcat.com","country":"chile","liveliness":"94","status":"online","lastChecked":"2020-08-17T00:00:00Z","format":"sd","mbps":"1600","URI":["chile"]},{"id":"408","channel":"El Pingüino TV","link":"http://streaming.elpinguino.com:1935/live/pinguinotv_360p/chunklist_w194650448.m3u8?checkedby:iptvcat.com","country":"chile","liveliness":"94","status":"online","lastChecked":"2020-08-17T00:00:00Z","format":"sd","mbps":"1600","URI":["chile"]},{"id":"407","channel":"El Pingüino TV","link":"http://streaming.elpinguino.com:1935/live/pinguinotv_360p/BratuMarian.m3u8?checkedby:iptvcat.com","country":"chile","liveliness":"94","status":"online","lastChecked":"2020-08-17T00:00:00Z","format":"sd","mbps":"1600","URI":["chile"]},{"id":"418","channel":"Holvoet TV","link":"http://unlimited6-cl.dps.live/holvoettv/holvoettv.smil/holvoettv/livestream3/chunks.m3u8?checkedby:iptvcat.com","country":"chile","liveliness":"99","status":"online","lastChecked":"2020-08-17T00:00:00Z","format":"sd","mbps":"600","URI":["chile"]},{"id":"51593","channel":"Holvoet TV","link":"http://unlimited6-cl.dps.live/holvoettv/holvoettv.smil/holvoettv/livestream1/chunks.m3u8?checkedby:iptvcat.com","country":"chile","liveliness":"100","status":"online","lastChecked":"2020-08-18T00:00:00Z","format":"hd","mbps":"4318","URI":["chile"]},{"id":"419","channel":"ITV Patagonia","link":"https://unlimited1-us.dps.live/itv/itv.smil/itv/livestream1/chunks.m3u8?checkedby:iptvcat.com","country":"chile","liveliness":"98","status":"online","lastChecked":"2020-08-17T00:00:00Z","format":"hd","mbps":"5991","URI":["chile"]},{"id":"428","channel":"Madird tv, Real Madrid, Real Madrid HD, Real Madrid TV, REAL MADRID TV HD","link":"http://rmtvlive-lh.akamaihd.net/i/rmtv_1@154306/index_1000_av-p.m3u8?checkedby:iptvcat.com","country":"chile","liveliness":"98","status":"online","lastChecked":"2020-08-17T00:00:00Z","format":"sd","mbps":"1099","URI":["chile","sport","spain"]},{"id":"425","channel":"Quinta TV","link":"https://593b04c4c5670.streamlock.net/8042/8042/chunklist_w19663722.m3u8?checkedby:iptvcat.com","country":"chile","liveliness":"99","status":"online","lastChecked":"2020-08-17T00:00:00Z","format":"sd","mbps":"806","URI":["chile"]},{"id":"426","channel":"Radio El Conquistador","link":"http://eu1.servers10.com:1935/8282/8282/playlist.m3u8?checkedby:iptvcat.com","country":"chile","liveliness":"100","status":"online","lastChecked":"2020-08-17T00:00:00Z","format":"hd","mbps":"5020","URI":["chile"]},{"id":"132575","channel":"Real Madrid TV","link":"https://rmtvlive-lh.akamaihd.net/i/rmtv_1@154306/master.m3u8?checkedby:iptvcat.com","country":"chile","liveliness":"97","status":"online","lastChecked":"2020-08-17T00:00:00Z","format":"sd","mbps":"1099, ...","URI":["south_america","south america","chile","latin america","latin_america","sport"]},{"id":"132576","channel":"T13 Radio","link":"https://t13-radio-live.cdn.nedmedia.io/index.m3u8?checkedby:iptvcat.com","country":"chile","liveliness":"100","status":"online","lastChecked":"2020-08-17T00:00:00Z","format":"sd","mbps":"1453, ...","URI":["south_america","south america","chile","latin america","latin_america"]},{"id":"430","channel":"T13 Radio","link":"https://t13-radio-live.cdn.nedmedia.io/index_1.m3u8?checkedby:iptvcat.com","country":"chile","liveliness":"100","status":"online","lastChecked":"2020-08-17T00:00:00Z","format":"sd","mbps":"1453","URI":["chile"]},{"id":"132579","channel":"TV5 Linares","link":"https://unlimited1-us.dps.live/tv5/tv5.smil/tv5/livestream1/playlist.m3u8?checkedby:iptvcat.com","country":"chile","liveliness":"97","status":"online","lastChecked":"2020-08-17T00:00:00Z","format":"hd","mbps":"5991","URI":["south_america","south america","chile","latin america","latin_america"]},{"id":"434","channel":"TV5 Linares","link":"http://unlimited1-us.dps.live/tv5/tv5.smil/tv5/livestream1/chunks.m3u8?checkedby:iptvcat.com","country":"chile","liveliness":"99","status":"online","lastChecked":"2020-08-17T00:00:00Z","format":"hd","mbps":"5991","URI":["chile"]},{"id":"312860","channel":"Teletrak HD","link":"http://iptv.deluxeplay.live:80/live/hfdbtaso/6sTwL137vo/8681.m3u8?checkedby:iptvcat.com","country":"chile","liveliness":"25","status":"offline","lastChecked":"2020-08-19T00:00:00Z","format":"hd","mbps":"5997","URI":["south_america","south america","chile","latin america","latin_america"]},{"id":"437","channel":"UESTV","link":"http://cl.origin.grupoz.cl:1935/uestv/live/playlist.m3u8?checkedby:iptvcat.com","country":"chile","liveliness":"99","status":"online","lastChecked":"2020-08-17T00:00:00Z","format":"hd","mbps":"5991","URI":["chile"]},{"id":"436","channel":"UESTV","link":"http://cl.origin.grupoz.cl/uestv/live/playlist.m3u8?checkedby:iptvcat.com","country":"chile","liveliness":"99","status":"online","lastChecked":"2020-08-17T00:00:00Z","format":"hd","mbps":"5991","URI":["chile"]},{"id":"435","channel":"UESTV","link":"http://cl.origin.grupoz.cl/uestv/live/playlist.m3u?checkedby:iptvcat.com","country":"chile","liveliness":"99","status":"online","lastChecked":"2020-08-17T00:00:00Z","format":"hd","mbps":"5991","URI":["chile"]},{"id":"132580","channel":"VC ONLINE HD","link":"https://593b04c4c5670.streamlock.net/8068/8068/playlist.m3u8?checkedby:iptvcat.com","country":"chile","liveliness":"99","status":"online","lastChecked":"2020-08-17T00:00:00Z","format":"sd","mbps":"868","URI":["south_america","south america","chile","latin america","latin_america"]},{"id":"51614","channel":"Wow (El Salvador), WOW! TV","link":"http://cdn.elsalvadordigital.com:1935/wowtv/wowtv/playlist.m3u8?checkedby:iptvcat.com","country":"chile","liveliness":"97","status":"online","lastChecked":"2020-08-18T00:00:00Z","format":"hd","mbps":"3795","URI":["chile"]},{"id":"312860","channel":"Teletrak HD","link":"http://iptv.deluxeplay.live:80/live/hfdbtaso/6sTwL137vo/8681.m3u8?checkedby:iptvcat.com","country":"chile","liveliness":"25","status":"offline","lastChecked":"2020-08-19T00:00:00Z","format":"hd","mbps":"5997","URI":["south_america","south america","chile","latin america","latin_america"]},{"id":"132580","channel":"VC ONLINE HD","link":"https://593b04c4c5670.streamlock.net/8068/8068/playlist.m3u8?checkedby:iptvcat.com","country":"chile","liveliness":"99","status":"online","lastChecked":"2020-08-17T00:00:00Z","format":"sd","mbps":"868","URI":["south_america","south america","chile","latin america","latin_america"]},{"id":"132579","channel":"TV5 Linares","link":"https://unlimited1-us.dps.live/tv5/tv5.smil/tv5/livestream1/playlist.m3u8?checkedby:iptvcat.com","country":"chile","liveliness":"97","status":"online","lastChecked":"2020-08-17T00:00:00Z","format":"hd","mbps":"5991","URI":["south_america","south america","chile","latin america","latin_america"]},{"id":"132576","channel":"T13 Radio","link":"https://t13-radio-live.cdn.nedmedia.io/index.m3u8?checkedby:iptvcat.com","country":"chile","liveliness":"100","status":"online","lastChecked":"2020-08-17T00:00:00Z","format":"sd","mbps":"1453, ...","URI":["south_america","south america","chile","latin america","latin_america"]},{"id":"132575","channel":"Real Madrid TV","link":"https://rmtvlive-lh.akamaihd.net/i/rmtv_1@154306/master.m3u8?checkedby:iptvcat.com","country":"chile","liveliness":"97","status":"online","lastChecked":"2020-08-17T00:00:00Z","format":"sd","mbps":"1099, ...","URI":["south_america","south america","chile","latin america","latin_america","sport"]},{"id":"132574","channel":"Antofagasta TV","link":"https://unlimited1-us.dps.live/atv/atv.smil/atv/livestream2/playlist.m3u8?checkedby:iptvcat.com","country":"chile","liveliness":"99","status":"online","lastChecked":"2020-08-18T00:00:00Z","format":"sd","mbps":"1181","URI":["latin_america","south_america","south america","chile","latin america"]},{"id":"132574","channel":"Antofagasta TV","link":"https://unlimited1-us.dps.live/atv/atv.smil/atv/livestream2/playlist.m3u8?checkedby:iptvcat.com","country":"chile","liveliness":"99","status":"online","lastChecked":"2020-08-18T00:00:00Z","format":"sd","mbps":"1181","URI":["latin_america","south_america","south america","chile","latin america"]},{"id":"312860","channel":"Teletrak HD","link":"http://iptv.deluxeplay.live:80/live/hfdbtaso/6sTwL137vo/8681.m3u8?checkedby:iptvcat.com","country":"chile","liveliness":"25","status":"offline","lastChecked":"2020-08-19T00:00:00Z","format":"hd","mbps":"5997","URI":["south_america","south america","chile","latin america","latin_america"]},{"id":"132580","channel":"VC ONLINE HD","link":"https://593b04c4c5670.streamlock.net/8068/8068/playlist.m3u8?checkedby:iptvcat.com","country":"chile","liveliness":"99","status":"online","lastChecked":"2020-08-17T00:00:00Z","format":"sd","mbps":"868","URI":["south_america","south america","chile","latin america","latin_america"]},{"id":"132579","channel":"TV5 Linares","link":"https://unlimited1-us.dps.live/tv5/tv5.smil/tv5/livestream1/playlist.m3u8?checkedby:iptvcat.com","country":"chile","liveliness":"97","status":"online","lastChecked":"2020-08-17T00:00:00Z","format":"hd","mbps":"5991","URI":["south_america","south america","chile","latin america","latin_america"]},{"id":"132576","channel":"T13 Radio","link":"https://t13-radio-live.cdn.nedmedia.io/index.m3u8?checkedby:iptvcat.com","country":"chile","liveliness":"100","status":"online","lastChecked":"2020-08-17T00:00:00Z","format":"sd","mbps":"1453, ...","URI":["south_america","south america","chile","latin america","latin_america"]},{"id":"132575","channel":"Real Madrid TV","link":"https://rmtvlive-lh.akamaihd.net/i/rmtv_1@154306/master.m3u8?checkedby:iptvcat.com","country":"chile","liveliness":"97","status":"online","lastChecked":"2020-08-17T00:00:00Z","format":"sd","mbps":"1099, ...","URI":["south_america","south america","chile","latin america","latin_america","sport"]},{"id":"132574","channel":"Antofagasta TV","link":"https://unlimited1-us.dps.live/atv/atv.smil/atv/livestream2/playlist.m3u8?checkedby:iptvcat.com","country":"chile","liveliness":"99","status":"online","lastChecked":"2020-08-18T00:00:00Z","format":"sd","mbps":"1181","URI":["latin_america","south_america","south america","chile","latin america"]},{"id":"132574","channel":"Antofagasta TV","link":"https://unlimited1-us.dps.live/atv/atv.smil/atv/livestream2/playlist.m3u8?checkedby:iptvcat.com","country":"chile","liveliness":"99","status":"online","lastChecked":"2020-08-18T00:00:00Z","format":"sd","mbps":"1181","URI":["latin_america","south_america","south america","chile","latin america"]},{"id":"428","channel":"Madird tv, Real Madrid, Real Madrid HD, Real Madrid TV, REAL MADRID TV HD","link":"http://rmtvlive-lh.akamaihd.net/i/rmtv_1@154306/index_1000_av-p.m3u8?checkedby:iptvcat.com","country":"chile","liveliness":"98","status":"online","lastChecked":"2020-08-17T00:00:00Z","format":"sd","mbps":"1099","URI":["chile","sport","spain"]},{"id":"132575","channel":"Real Madrid TV","link":"https://rmtvlive-lh.akamaihd.net/i/rmtv_1@154306/master.m3u8?checkedby:iptvcat.com","country":"chile","liveliness":"97","status":"online","lastChecked":"2020-08-17T00:00:00Z","format":"sd","mbps":"1099, ...","URI":["south_america","south america","chile","latin america","latin_america","sport"]},{"id":"428","channel":"Madird tv, Real Madrid, Real Madrid HD, Real Madrid TV, REAL MADRID TV HD","link":"http://rmtvlive-lh.akamaihd.net/i/rmtv_1@154306/index_1000_av-p.m3u8?checkedby:iptvcat.com","country":"chile","liveliness":"98","status":"online","lastChecked":"2020-08-17T00:00:00Z","format":"sd","mbps":"1099","URI":["chile","sport","spain"]},{"id":"132575","channel":"Real Madrid TV","link":"https://rmtvlive-lh.akamaihd.net/i/rmtv_1@154306/master.m3u8?checkedby:iptvcat.com","country":"chile","liveliness":"97","status":"online","lastChecked":"2020-08-17T00:00:00Z","format":"sd","mbps":"1099, ...","URI":["south_america","south america","chile","latin america","latin_america","sport"]},{"id":"428","channel":"Madird tv, Real Madrid, Real Madrid HD, Real Madrid TV, REAL MADRID TV HD","link":"http://rmtvlive-lh.akamaihd.net/i/rmtv_1@154306/index_1000_av-p.m3u8?checkedby:iptvcat.com","country":"chile","liveliness":"98","status":"online","lastChecked":"2020-08-17T00:00:00Z","format":"sd","mbps":"1099","URI":["chile","sport","spain"]}]