[{"id":"55911","channel":"Avivamiento, CO | Avivamiento","link":"https://s1.abntelevision.com/avivamientoabr/stream/avivamientohd/avivamientohd/chunks.m3u8?checkedby:iptvcat.com","country":"colombia","liveliness":"100","status":"online","lastChecked":"2020-08-17T00:00:00Z","format":"hd","mbps":"4318","URI":["latin_america","south_america","south america","colombia","latin america"]},{"id":"132582","channel":"Telecaribe Deportes","link":"https://telecaribe-deportes.gcdn.anvato.net/hls/live/telecaribedeporteshd2/2196k/index.m3u8?checkedby:iptvcat.com","country":"colombia","liveliness":"100","status":"online","lastChecked":"2020-08-17T00:00:00Z","format":"hd","mbps":"3795","URI":["south_america","south america","colombia","latin america","latin_america","sport"]},{"id":"132583","channel":"Televid","link":"https://api.new.livestream.com/accounts/28238881/events/8574038/live.m3u8?checkedby:iptvcat.com","country":"colombia","liveliness":"72","status":"offline","lastChecked":"2020-08-19T00:00:00Z","format":"sd","mbps":"2804, ...","URI":["south_america","south america","colombia","latin america","latin_america"]},{"id":"132581","channel":"Canal Doce","link":"https://api.new.livestream.com/accounts/27724665/events/8376416/live.m3u8?checkedby:iptvcat.com","country":"colombia","liveliness":"69","status":"online","lastChecked":"2020-08-17T00:00:00Z","format":"sd","mbps":"1660","URI":["south_america","south america","colombia","latin america","latin_america"]},{"id":"55911","channel":"Avivamiento, CO | Avivamiento","link":"https://s1.abntelevision.com/avivamientoabr/stream/avivamientohd/avivamientohd/chunks.m3u8?checkedby:iptvcat.com","country":"colombia","liveliness":"100","status":"online","lastChecked":"2020-08-17T00:00:00Z","format":"hd","mbps":"4318","URI":["latin_america","south_america","south america","colombia","latin america"]},{"id":"55911","channel":"Avivamiento, CO | Avivamiento","link":"https://s1.abntelevision.com/avivamientoabr/stream/avivamientohd/avivamientohd/chunks.m3u8?checkedby:iptvcat.com","country":"colombia","liveliness":"100","status":"online","lastChecked":"2020-08-17T00:00:00Z","format":"hd","mbps":"4318","URI":["latin_america","south_america","south america","colombia","latin america"]},{"id":"132582","channel":"Telecaribe Deportes","link":"https://telecaribe-deportes.gcdn.anvato.net/hls/live/telecaribedeporteshd2/2196k/index.m3u8?checkedby:iptvcat.com","country":"colombia","liveliness":"100","status":"online","lastChecked":"2020-08-17T00:00:00Z","format":"hd","mbps":"3795","URI":["south_america","south america","colombia","latin america","latin_america","sport"]},{"id":"132583","channel":"Televid","link":"https://api.new.livestream.com/accounts/28238881/events/8574038/live.m3u8?checkedby:iptvcat.com","country":"colombia","liveliness":"72","status":"offline","lastChecked":"2020-08-19T00:00:00Z","format":"sd","mbps":"2804, ...","URI":["south_america","south america","colombia","latin america","latin_america"]},{"id":"132581","channel":"Canal Doce","link":"https://api.new.livestream.com/accounts/27724665/events/8376416/live.m3u8?checkedby:iptvcat.com","country":"colombia","liveliness":"69","status":"online","lastChecked":"2020-08-17T00:00:00Z","format":"sd","mbps":"1660","URI":["south_america","south america","colombia","latin america","latin_america"]},{"id":"55911","channel":"Avivamiento, CO | Avivamiento","link":"https://s1.abntelevision.com/avivamientoabr/stream/avivamientohd/avivamientohd/chunks.m3u8?checkedby:iptvcat.com","country":"colombia","liveliness":"100","status":"online","lastChecked":"2020-08-17T00:00:00Z","format":"hd","mbps":"4318","URI":["latin_america","south_america","south america","colombia","latin america"]},{"id":"55911","channel":"Avivamiento, CO | Avivamiento","link":"https://s1.abntelevision.com/avivamientoabr/stream/avivamientohd/avivamientohd/chunks.m3u8?checkedby:iptvcat.com","country":"colombia","liveliness":"100","status":"online","lastChecked":"2020-08-17T00:00:00Z","format":"hd","mbps":"4318","URI":["latin_america","south_america","south america","colombia","latin america"]},{"id":"55911","channel":"Avivamiento, CO | Avivamiento","link":"https://s1.abntelevision.com/avivamientoabr/stream/avivamientohd/avivamientohd/chunks.m3u8?checkedby:iptvcat.com","country":"colombia","liveliness":"100","status":"online","lastChecked":"2020-08-17T00:00:00Z","format":"hd","mbps":"4318","URI":["latin_america","south_america","south america","colombia","latin america"]},{"id":"446","channel":"Canal 8 Teleenvigado","link":"http://iptvcolombia.ddns.net/hls-live/livepkgr/_definst_/liveevent/vivo.m3u8?checkedby:iptvcat.com","country":"colombia","liveliness":"98","status":"online","lastChecked":"2020-08-17T00:00:00Z","format":"sd","mbps":"1996","URI":["colombia"]},{"id":"448","channel":"Canal CNC Medellin","link":"http://66.240.236.25:1936/canalcnc/canalcnc/chunklist.m3u8?checkedby:iptvcat.com","country":"colombia","liveliness":"98","status":"online","lastChecked":"2020-08-17T00:00:00Z","format":"hd","mbps":"4318","URI":["colombia"]},{"id":"449","channel":"Canal Doce","link":"http://api.new.livestream.com/accounts/27724665/events/8376416/live.m3u8?checkedby:iptvcat.com","country":"colombia","liveliness":"79","status":"online","lastChecked":"2020-08-17T00:00:00Z","format":"sd","mbps":"1660","URI":["colombia"]},{"id":"132581","channel":"Canal Doce","link":"https://api.new.livestream.com/accounts/27724665/events/8376416/live.m3u8?checkedby:iptvcat.com","country":"colombia","liveliness":"69","status":"online","lastChecked":"2020-08-17T00:00:00Z","format":"sd","mbps":"1660","URI":["south_america","south america","colombia","latin america","latin_america"]},{"id":"10360","channel":"Mundo Mas, Mundo+","link":"http://vcp1.myplaytv.com:1935/mundomas/mundomas/playlist.m3u8?checkedby:iptvcat.com","country":"colombia","liveliness":"94","status":"online","lastChecked":"2020-08-17T00:00:00Z","format":"sd","mbps":"2575","URI":["colombia"]},{"id":"8990","channel":"RCN, rcnhd","link":"https://rcnhd.cdn.net.co/live01/rcnhd_720p.m3u8?checkedby:iptvcat.com","country":"colombia","liveliness":"98","status":"online","lastChecked":"2020-08-17T00:00:00Z","format":"hd","mbps":"4318","URI":["colombia","undefined"]},{"id":"455","channel":"Suram","link":"https://5b3050bb1b2d8.streamlock.net/suramtv/suramtv/chunklist_w1875220129.m3u8?checkedby:iptvcat.com","country":"colombia","liveliness":"97","status":"online","lastChecked":"2020-08-17T00:00:00Z","format":"fhd 2k","mbps":"13324","URI":["colombia"]},{"id":"456","channel":"Tele Medellin","link":"http://api.new.livestream.com/accounts/4608897/events/7111788/live.m3u8?checkedby:iptvcat.com","country":"colombia","liveliness":"97","status":"online","lastChecked":"2020-08-17T00:00:00Z","format":"hd","mbps":"5991","URI":["colombia"]},{"id":"459","channel":"Telecaribe","link":"https://telecaribe-hd.gcdn.anvato.net/hls/live/telecaribehd/2196k/index.m3u8?checkedby:iptvcat.com","country":"colombia","liveliness":"100","status":"online","lastChecked":"2020-08-17T00:00:00Z","format":"hd","mbps":"3795","URI":["colombia"]},{"id":"460","channel":"Telecaribe Deportes","link":"http://telecaribe-deportes.gcdn.anvato.net/hls/live/telecaribedeporteshd2/2196k/index.m3u8?checkedby:iptvcat.com","country":"colombia","liveliness":"100","status":"online","lastChecked":"2020-08-17T00:00:00Z","format":"hd","mbps":"3795","URI":["colombia","sport"]},{"id":"132582","channel":"Telecaribe Deportes","link":"https://telecaribe-deportes.gcdn.anvato.net/hls/live/telecaribedeporteshd2/2196k/index.m3u8?checkedby:iptvcat.com","country":"colombia","liveliness":"100","status":"online","lastChecked":"2020-08-17T00:00:00Z","format":"hd","mbps":"3795","URI":["south_america","south america","colombia","latin america","latin_america","sport"]},{"id":"461","channel":"Teleislas","link":"http://vbox2.cehis.net/live-teleislas/smil:teleislas.smil/playlist.m3u8?checkedby:iptvcat.com","country":"colombia","liveliness":"95","status":"online","lastChecked":"2020-08-17T00:00:00Z","format":"sd","mbps":"1724","URI":["colombia"]},{"id":"132583","channel":"Televid","link":"https://api.new.livestream.com/accounts/28238881/events/8574038/live.m3u8?checkedby:iptvcat.com","country":"colombia","liveliness":"72","status":"offline","lastChecked":"2020-08-19T00:00:00Z","format":"sd","mbps":"2804, ...","URI":["south_america","south america","colombia","latin america","latin_america"]},{"id":"55911","channel":"Avivamiento, CO | Avivamiento","link":"https://s1.abntelevision.com/avivamientoabr/stream/avivamientohd/avivamientohd/chunks.m3u8?checkedby:iptvcat.com","country":"colombia","liveliness":"100","status":"online","lastChecked":"2020-08-17T00:00:00Z","format":"hd","mbps":"4318","URI":["latin_america","south_america","south america","colombia","latin america"]},{"id":"446","channel":"Canal 8 Teleenvigado","link":"http://iptvcolombia.ddns.net/hls-live/livepkgr/_definst_/liveevent/vivo.m3u8?checkedby:iptvcat.com","country":"colombia","liveliness":"98","status":"online","lastChecked":"2020-08-17T00:00:00Z","format":"sd","mbps":"1996","URI":["colombia"]},{"id":"448","channel":"Canal CNC Medellin","link":"http://66.240.236.25:1936/canalcnc/canalcnc/chunklist.m3u8?checkedby:iptvcat.com","country":"colombia","liveliness":"98","status":"online","lastChecked":"2020-08-17T00:00:00Z","format":"hd","mbps":"4318","URI":["colombia"]},{"id":"132581","channel":"Canal Doce","link":"https://api.new.livestream.com/accounts/27724665/events/8376416/live.m3u8?checkedby:iptvcat.com","country":"colombia","liveliness":"69","status":"online","lastChecked":"2020-08-17T00:00:00Z","format":"sd","mbps":"1660","URI":["south_america","south america","colombia","latin america","latin_america"]},{"id":"449","channel":"Canal Doce","link":"http://api.new.livestream.com/accounts/27724665/events/8376416/live.m3u8?checkedby:iptvcat.com","country":"colombia","liveliness":"79","status":"online","lastChecked":"2020-08-17T00:00:00Z","format":"sd","mbps":"1660","URI":["colombia"]},{"id":"10360","channel":"Mundo Mas, Mundo+","link":"http://vcp1.myplaytv.com:1935/mundomas/mundomas/playlist.m3u8?checkedby:iptvcat.com","country":"colombia","liveliness":"94","status":"online","lastChecked":"2020-08-17T00:00:00Z","format":"sd","mbps":"2575","URI":["colombia"]},{"id":"8990","channel":"RCN, rcnhd","link":"https://rcnhd.cdn.net.co/live01/rcnhd_720p.m3u8?checkedby:iptvcat.com","country":"colombia","liveliness":"98","status":"online","lastChecked":"2020-08-17T00:00:00Z","format":"hd","mbps":"4318","URI":["colombia","undefined"]},{"id":"455","channel":"Suram","link":"https://5b3050bb1b2d8.streamlock.net/suramtv/suramtv/chunklist_w1875220129.m3u8?checkedby:iptvcat.com","country":"colombia","liveliness":"97","status":"online","lastChecked":"2020-08-17T00:00:00Z","format":"fhd 2k","mbps":"13324","URI":["colombia"]},{"id":"456","channel":"Tele Medellin","link":"http://api.new.livestream.com/accounts/4608897/events/7111788/live.m3u8?checkedby:iptvcat.com","country":"colombia","liveliness":"97","status":"online","lastChecked":"2020-08-17T00:00:00Z","format":"hd","mbps":"5991","URI":["colombia"]},{"id":"459","channel":"Telecaribe","link":"https://telecaribe-hd.gcdn.anvato.net/hls/live/telecaribehd/2196k/index.m3u8?checkedby:iptvcat.com","country":"colombia","liveliness":"100","status":"online","lastChecked":"2020-08-17T00:00:00Z","format":"hd","mbps":"3795","URI":["colombia"]},{"id":"132582","channel":"Telecaribe Deportes","link":"https://telecaribe-deportes.gcdn.anvato.net/hls/live/telecaribedeporteshd2/2196k/index.m3u8?checkedby:iptvcat.com","country":"colombia","liveliness":"100","status":"online","lastChecked":"2020-08-17T00:00:00Z","format":"hd","mbps":"3795","URI":["south_america","south america","colombia","latin america","latin_america","sport"]},{"id":"460","channel":"Telecaribe Deportes","link":"http://telecaribe-deportes.gcdn.anvato.net/hls/live/telecaribedeporteshd2/2196k/index.m3u8?checkedby:iptvcat.com","country":"colombia","liveliness":"100","status":"online","lastChecked":"2020-08-17T00:00:00Z","format":"hd","mbps":"3795","URI":["colombia","sport"]},{"id":"461","channel":"Teleislas","link":"http://vbox2.cehis.net/live-teleislas/smil:teleislas.smil/playlist.m3u8?checkedby:iptvcat.com","country":"colombia","liveliness":"95","status":"online","lastChecked":"2020-08-17T00:00:00Z","format":"sd","mbps":"1724","URI":["colombia"]},{"id":"132583","channel":"Televid","link":"https://api.new.livestream.com/accounts/28238881/events/8574038/live.m3u8?checkedby:iptvcat.com","country":"colombia","liveliness":"72","status":"offline","lastChecked":"2020-08-19T00:00:00Z","format":"sd","mbps":"2804, ...","URI":["south_america","south america","colombia","latin america","latin_america"]},{"id":"132583","channel":"Televid","link":"https://api.new.livestream.com/accounts/28238881/events/8574038/live.m3u8?checkedby:iptvcat.com","country":"colombia","liveliness":"72","status":"offline","lastChecked":"2020-08-19T00:00:00Z","format":"sd","mbps":"2804, ...","URI":["south_america","south america","colombia","latin america","latin_america"]},{"id":"132582","channel":"Telecaribe Deportes","link":"https://telecaribe-deportes.gcdn.anvato.net/hls/live/telecaribedeporteshd2/2196k/index.m3u8?checkedby:iptvcat.com","country":"colombia","liveliness":"100","status":"online","lastChecked":"2020-08-17T00:00:00Z","format":"hd","mbps":"3795","URI":["south_america","south america","colombia","latin america","latin_america","sport"]},{"id":"132581","channel":"Canal Doce","link":"https://api.new.livestream.com/accounts/27724665/events/8376416/live.m3u8?checkedby:iptvcat.com","country":"colombia","liveliness":"69","status":"online","lastChecked":"2020-08-17T00:00:00Z","format":"sd","mbps":"1660","URI":["south_america","south america","colombia","latin america","latin_america"]},{"id":"55911","channel":"Avivamiento, CO | Avivamiento","link":"https://s1.abntelevision.com/avivamientoabr/stream/avivamientohd/avivamientohd/chunks.m3u8?checkedby:iptvcat.com","country":"colombia","liveliness":"100","status":"online","lastChecked":"2020-08-17T00:00:00Z","format":"hd","mbps":"4318","URI":["latin_america","south_america","south america","colombia","latin america"]},{"id":"55911","channel":"Avivamiento, CO | Avivamiento","link":"https://s1.abntelevision.com/avivamientoabr/stream/avivamientohd/avivamientohd/chunks.m3u8?checkedby:iptvcat.com","country":"colombia","liveliness":"100","status":"online","lastChecked":"2020-08-17T00:00:00Z","format":"hd","mbps":"4318","URI":["latin_america","south_america","south america","colombia","latin america"]},{"id":"132583","channel":"Televid","link":"https://api.new.livestream.com/accounts/28238881/events/8574038/live.m3u8?checkedby:iptvcat.com","country":"colombia","liveliness":"72","status":"offline","lastChecked":"2020-08-19T00:00:00Z","format":"sd","mbps":"2804, ...","URI":["south_america","south america","colombia","latin america","latin_america"]},{"id":"132582","channel":"Telecaribe Deportes","link":"https://telecaribe-deportes.gcdn.anvato.net/hls/live/telecaribedeporteshd2/2196k/index.m3u8?checkedby:iptvcat.com","country":"colombia","liveliness":"100","status":"online","lastChecked":"2020-08-17T00:00:00Z","format":"hd","mbps":"3795","URI":["south_america","south america","colombia","latin america","latin_america","sport"]},{"id":"132581","channel":"Canal Doce","link":"https://api.new.livestream.com/accounts/27724665/events/8376416/live.m3u8?checkedby:iptvcat.com","country":"colombia","liveliness":"69","status":"online","lastChecked":"2020-08-17T00:00:00Z","format":"sd","mbps":"1660","URI":["south_america","south america","colombia","latin america","latin_america"]},{"id":"55911","channel":"Avivamiento, CO | Avivamiento","link":"https://s1.abntelevision.com/avivamientoabr/stream/avivamientohd/avivamientohd/chunks.m3u8?checkedby:iptvcat.com","country":"colombia","liveliness":"100","status":"online","lastChecked":"2020-08-17T00:00:00Z","format":"hd","mbps":"4318","URI":["latin_america","south_america","south america","colombia","latin america"]},{"id":"55911","channel":"Avivamiento, CO | Avivamiento","link":"https://s1.abntelevision.com/avivamientoabr/stream/avivamientohd/avivamientohd/chunks.m3u8?checkedby:iptvcat.com","country":"colombia","liveliness":"100","status":"online","lastChecked":"2020-08-17T00:00:00Z","format":"hd","mbps":"4318","URI":["latin_america","south_america","south america","colombia","latin america"]},{"id":"460","channel":"Telecaribe Deportes","link":"http://telecaribe-deportes.gcdn.anvato.net/hls/live/telecaribedeporteshd2/2196k/index.m3u8?checkedby:iptvcat.com","country":"colombia","liveliness":"100","status":"online","lastChecked":"2020-08-17T00:00:00Z","format":"hd","mbps":"3795","URI":["colombia","sport"]},{"id":"132582","channel":"Telecaribe Deportes","link":"https://telecaribe-deportes.gcdn.anvato.net/hls/live/telecaribedeporteshd2/2196k/index.m3u8?checkedby:iptvcat.com","country":"colombia","liveliness":"100","status":"online","lastChecked":"2020-08-17T00:00:00Z","format":"hd","mbps":"3795","URI":["south_america","south america","colombia","latin america","latin_america","sport"]},{"id":"132582","channel":"Telecaribe Deportes","link":"https://telecaribe-deportes.gcdn.anvato.net/hls/live/telecaribedeporteshd2/2196k/index.m3u8?checkedby:iptvcat.com","country":"colombia","liveliness":"100","status":"online","lastChecked":"2020-08-17T00:00:00Z","format":"hd","mbps":"3795","URI":["south_america","south america","colombia","latin america","latin_america","sport"]},{"id":"460","channel":"Telecaribe Deportes","link":"http://telecaribe-deportes.gcdn.anvato.net/hls/live/telecaribedeporteshd2/2196k/index.m3u8?checkedby:iptvcat.com","country":"colombia","liveliness":"100","status":"online","lastChecked":"2020-08-17T00:00:00Z","format":"hd","mbps":"3795","URI":["colombia","sport"]},{"id":"8990","channel":"RCN, rcnhd","link":"https://rcnhd.cdn.net.co/live01/rcnhd_720p.m3u8?checkedby:iptvcat.com","country":"colombia","liveliness":"98","status":"online","lastChecked":"2020-08-17T00:00:00Z","format":"hd","mbps":"4318","URI":["colombia","undefined"]}]