[{"id":"466","channel":"Anexion TV","link":"https://rtmp.info/anexiontv/envivo/playlist.m3u8?checkedby:iptvcat.com","country":"costa rica","liveliness":"97","status":"online","lastChecked":"2020-08-17T00:00:00Z","format":"sd","mbps":"1880","URI":["costa_rica","costa rica"]},{"id":"467","channel":"Extrema TV","link":"http://livestreamcdn.net:1935/ExtremaTV/ExtremaTV/playlist.m3u8?checkedby:iptvcat.com","country":"costa rica","liveliness":"99","status":"online","lastChecked":"2020-08-17T00:00:00Z","format":"hd","mbps":"5991","URI":["costa_rica","costa rica"]},{"id":"13064","channel":"Multimedios CR","link":"https://mdstrm.com/live-stream-playlist/5a7b1e63a8da282c34d65445.m3u8?checkedby:iptvcat.com","country":"costa rica","liveliness":"82","status":"online","lastChecked":"2020-08-18T00:00:00Z","format":"hd","mbps":"5991, ...","URI":["costa_rica","costa rica"]},{"id":"13063","channel":"Multimedios Costa Rica","link":"http://mdstrm.com:80/live-stream-playlist/5a7b1e63a8da282c34d65445.m3u8?checkedby:iptvcat.com","country":"costa rica","liveliness":"80","status":"offline","lastChecked":"2020-08-19T00:00:00Z","format":"hd","mbps":"5991, ...","URI":["costa_rica","costa rica"]},{"id":"469","channel":"Multimedios Costa Rica","link":"http://mdstrm.com/live-stream-playlist/5a7b1e63a8da282c34d65445.m3u8?checkedby:iptvcat.com","country":"costa rica","liveliness":"80","status":"offline","lastChecked":"2020-08-17T00:00:00Z","format":"hd","mbps":"5991, ...","URI":["costa_rica","costa rica"]},{"id":"132584","channel":"Repretel 11","link":"https://cr-repretel-canal6-app-2xtaqe-live-0-cdn-0.ned.media/repretel/canal11/smil:live.smil/playlist.m3u8?checkedby:iptvcat.com","country":"costa rica","liveliness":"89","status":"offline","lastChecked":"2020-08-17T00:00:00Z","format":"sd","mbps":"1051, ...","URI":["costa_rica","north_america","north america","costa rica","latin america","latin_america"]},{"id":"132585","channel":"Repretel 6","link":"https://cr-repretel-canal6-app-2xtaqe-live-0-cdn-0.ned.media/repretel/canal6/smil:live.smil/playlist.m3u8?checkedby:iptvcat.com","country":"costa rica","liveliness":"99","status":"online","lastChecked":"2020-08-17T00:00:00Z","format":"sd","mbps":"1051, ...","URI":["costa_rica","north_america","north america","costa rica","latin america","latin_america"]},{"id":"470","channel":"Telesur","link":"http://k3.usastreams.com:1935/telesur/telesur/playlist.m3u8?checkedby:iptvcat.com","country":"costa rica","liveliness":"98","status":"online","lastChecked":"2020-08-17T00:00:00Z","format":"hd","mbps":"3799","URI":["costa_rica","costa rica"]},{"id":"132584","channel":"Repretel 11","link":"https://cr-repretel-canal6-app-2xtaqe-live-0-cdn-0.ned.media/repretel/canal11/smil:live.smil/playlist.m3u8?checkedby:iptvcat.com","country":"costa rica","liveliness":"89","status":"offline","lastChecked":"2020-08-17T00:00:00Z","format":"sd","mbps":"1051, ...","URI":["costa_rica","north_america","north america","costa rica","latin america","latin_america"]},{"id":"132585","channel":"Repretel 6","link":"https://cr-repretel-canal6-app-2xtaqe-live-0-cdn-0.ned.media/repretel/canal6/smil:live.smil/playlist.m3u8?checkedby:iptvcat.com","country":"costa rica","liveliness":"99","status":"online","lastChecked":"2020-08-17T00:00:00Z","format":"sd","mbps":"1051, ...","URI":["costa_rica","north_america","north america","costa rica","latin america","latin_america"]},{"id":"132584","channel":"Repretel 11","link":"https://cr-repretel-canal6-app-2xtaqe-live-0-cdn-0.ned.media/repretel/canal11/smil:live.smil/playlist.m3u8?checkedby:iptvcat.com","country":"costa rica","liveliness":"89","status":"offline","lastChecked":"2020-08-17T00:00:00Z","format":"sd","mbps":"1051, ...","URI":["costa_rica","north_america","north america","costa rica","latin america","latin_america"]},{"id":"132585","channel":"Repretel 6","link":"https://cr-repretel-canal6-app-2xtaqe-live-0-cdn-0.ned.media/repretel/canal6/smil:live.smil/playlist.m3u8?checkedby:iptvcat.com","country":"costa rica","liveliness":"99","status":"online","lastChecked":"2020-08-17T00:00:00Z","format":"sd","mbps":"1051, ...","URI":["costa_rica","north_america","north america","costa rica","latin america","latin_america"]},{"id":"466","channel":"Anexion TV","link":"https://rtmp.info/anexiontv/envivo/playlist.m3u8?checkedby:iptvcat.com","country":"costa rica","liveliness":"97","status":"online","lastChecked":"2020-08-17T00:00:00Z","format":"sd","mbps":"1880","URI":["costa_rica","costa rica"]},{"id":"467","channel":"Extrema TV","link":"http://livestreamcdn.net:1935/ExtremaTV/ExtremaTV/playlist.m3u8?checkedby:iptvcat.com","country":"costa rica","liveliness":"99","status":"online","lastChecked":"2020-08-17T00:00:00Z","format":"hd","mbps":"5991","URI":["costa_rica","costa rica"]},{"id":"13064","channel":"Multimedios CR","link":"https://mdstrm.com/live-stream-playlist/5a7b1e63a8da282c34d65445.m3u8?checkedby:iptvcat.com","country":"costa rica","liveliness":"82","status":"online","lastChecked":"2020-08-18T00:00:00Z","format":"hd","mbps":"5991, ...","URI":["costa_rica","costa rica"]},{"id":"13063","channel":"Multimedios Costa Rica","link":"http://mdstrm.com:80/live-stream-playlist/5a7b1e63a8da282c34d65445.m3u8?checkedby:iptvcat.com","country":"costa rica","liveliness":"80","status":"offline","lastChecked":"2020-08-19T00:00:00Z","format":"hd","mbps":"5991, ...","URI":["costa_rica","costa rica"]},{"id":"469","channel":"Multimedios Costa Rica","link":"http://mdstrm.com/live-stream-playlist/5a7b1e63a8da282c34d65445.m3u8?checkedby:iptvcat.com","country":"costa rica","liveliness":"80","status":"offline","lastChecked":"2020-08-17T00:00:00Z","format":"hd","mbps":"5991, ...","URI":["costa_rica","costa rica"]},{"id":"132584","channel":"Repretel 11","link":"https://cr-repretel-canal6-app-2xtaqe-live-0-cdn-0.ned.media/repretel/canal11/smil:live.smil/playlist.m3u8?checkedby:iptvcat.com","country":"costa rica","liveliness":"89","status":"offline","lastChecked":"2020-08-17T00:00:00Z","format":"sd","mbps":"1051, ...","URI":["costa_rica","north_america","north america","costa rica","latin america","latin_america"]},{"id":"132585","channel":"Repretel 6","link":"https://cr-repretel-canal6-app-2xtaqe-live-0-cdn-0.ned.media/repretel/canal6/smil:live.smil/playlist.m3u8?checkedby:iptvcat.com","country":"costa rica","liveliness":"99","status":"online","lastChecked":"2020-08-17T00:00:00Z","format":"sd","mbps":"1051, ...","URI":["costa_rica","north_america","north america","costa rica","latin america","latin_america"]},{"id":"470","channel":"Telesur","link":"http://k3.usastreams.com:1935/telesur/telesur/playlist.m3u8?checkedby:iptvcat.com","country":"costa rica","liveliness":"98","status":"online","lastChecked":"2020-08-17T00:00:00Z","format":"hd","mbps":"3799","URI":["costa_rica","costa rica"]},{"id":"466","channel":"Anexion TV","link":"https://rtmp.info/anexiontv/envivo/playlist.m3u8?checkedby:iptvcat.com","country":"costa rica","liveliness":"97","status":"online","lastChecked":"2020-08-17T00:00:00Z","format":"sd","mbps":"1880","URI":["costa_rica","costa rica"]},{"id":"467","channel":"Extrema TV","link":"http://livestreamcdn.net:1935/ExtremaTV/ExtremaTV/playlist.m3u8?checkedby:iptvcat.com","country":"costa rica","liveliness":"99","status":"online","lastChecked":"2020-08-17T00:00:00Z","format":"hd","mbps":"5991","URI":["costa_rica","costa rica"]},{"id":"13064","channel":"Multimedios CR","link":"https://mdstrm.com/live-stream-playlist/5a7b1e63a8da282c34d65445.m3u8?checkedby:iptvcat.com","country":"costa rica","liveliness":"82","status":"online","lastChecked":"2020-08-18T00:00:00Z","format":"hd","mbps":"5991, ...","URI":["costa_rica","costa rica"]},{"id":"13063","channel":"Multimedios Costa Rica","link":"http://mdstrm.com:80/live-stream-playlist/5a7b1e63a8da282c34d65445.m3u8?checkedby:iptvcat.com","country":"costa rica","liveliness":"80","status":"offline","lastChecked":"2020-08-19T00:00:00Z","format":"hd","mbps":"5991, ...","URI":["costa_rica","costa rica"]},{"id":"469","channel":"Multimedios Costa Rica","link":"http://mdstrm.com/live-stream-playlist/5a7b1e63a8da282c34d65445.m3u8?checkedby:iptvcat.com","country":"costa rica","liveliness":"80","status":"offline","lastChecked":"2020-08-17T00:00:00Z","format":"hd","mbps":"5991, ...","URI":["costa_rica","costa rica"]},{"id":"132584","channel":"Repretel 11","link":"https://cr-repretel-canal6-app-2xtaqe-live-0-cdn-0.ned.media/repretel/canal11/smil:live.smil/playlist.m3u8?checkedby:iptvcat.com","country":"costa rica","liveliness":"89","status":"offline","lastChecked":"2020-08-17T00:00:00Z","format":"sd","mbps":"1051, ...","URI":["costa_rica","north_america","north america","costa rica","latin america","latin_america"]},{"id":"132585","channel":"Repretel 6","link":"https://cr-repretel-canal6-app-2xtaqe-live-0-cdn-0.ned.media/repretel/canal6/smil:live.smil/playlist.m3u8?checkedby:iptvcat.com","country":"costa rica","liveliness":"99","status":"online","lastChecked":"2020-08-17T00:00:00Z","format":"sd","mbps":"1051, ...","URI":["costa_rica","north_america","north america","costa rica","latin america","latin_america"]},{"id":"470","channel":"Telesur","link":"http://k3.usastreams.com:1935/telesur/telesur/playlist.m3u8?checkedby:iptvcat.com","country":"costa rica","liveliness":"98","status":"online","lastChecked":"2020-08-17T00:00:00Z","format":"hd","mbps":"3799","URI":["costa_rica","costa rica"]},{"id":"466","channel":"Anexion TV","link":"https://rtmp.info/anexiontv/envivo/playlist.m3u8?checkedby:iptvcat.com","country":"costa rica","liveliness":"97","status":"online","lastChecked":"2020-08-17T00:00:00Z","format":"sd","mbps":"1880","URI":["costa_rica","costa rica"]},{"id":"467","channel":"Extrema TV","link":"http://livestreamcdn.net:1935/ExtremaTV/ExtremaTV/playlist.m3u8?checkedby:iptvcat.com","country":"costa rica","liveliness":"99","status":"online","lastChecked":"2020-08-17T00:00:00Z","format":"hd","mbps":"5991","URI":["costa_rica","costa rica"]},{"id":"13064","channel":"Multimedios CR","link":"https://mdstrm.com/live-stream-playlist/5a7b1e63a8da282c34d65445.m3u8?checkedby:iptvcat.com","country":"costa rica","liveliness":"82","status":"online","lastChecked":"2020-08-18T00:00:00Z","format":"hd","mbps":"5991, ...","URI":["costa_rica","costa rica"]},{"id":"13063","channel":"Multimedios Costa Rica","link":"http://mdstrm.com:80/live-stream-playlist/5a7b1e63a8da282c34d65445.m3u8?checkedby:iptvcat.com","country":"costa rica","liveliness":"80","status":"offline","lastChecked":"2020-08-19T00:00:00Z","format":"hd","mbps":"5991, ...","URI":["costa_rica","costa rica"]},{"id":"469","channel":"Multimedios Costa Rica","link":"http://mdstrm.com/live-stream-playlist/5a7b1e63a8da282c34d65445.m3u8?checkedby:iptvcat.com","country":"costa rica","liveliness":"80","status":"offline","lastChecked":"2020-08-17T00:00:00Z","format":"hd","mbps":"5991, ...","URI":["costa_rica","costa rica"]},{"id":"132584","channel":"Repretel 11","link":"https://cr-repretel-canal6-app-2xtaqe-live-0-cdn-0.ned.media/repretel/canal11/smil:live.smil/playlist.m3u8?checkedby:iptvcat.com","country":"costa rica","liveliness":"89","status":"offline","lastChecked":"2020-08-17T00:00:00Z","format":"sd","mbps":"1051, ...","URI":["costa_rica","north_america","north america","costa rica","latin america","latin_america"]},{"id":"132585","channel":"Repretel 6","link":"https://cr-repretel-canal6-app-2xtaqe-live-0-cdn-0.ned.media/repretel/canal6/smil:live.smil/playlist.m3u8?checkedby:iptvcat.com","country":"costa rica","liveliness":"99","status":"online","lastChecked":"2020-08-17T00:00:00Z","format":"sd","mbps":"1051, ...","URI":["costa_rica","north_america","north america","costa rica","latin america","latin_america"]},{"id":"470","channel":"Telesur","link":"http://k3.usastreams.com:1935/telesur/telesur/playlist.m3u8?checkedby:iptvcat.com","country":"costa rica","liveliness":"98","status":"online","lastChecked":"2020-08-17T00:00:00Z","format":"hd","mbps":"3799","URI":["costa_rica","costa rica"]},{"id":"466","channel":"Anexion TV","link":"https://rtmp.info/anexiontv/envivo/playlist.m3u8?checkedby:iptvcat.com","country":"costa rica","liveliness":"97","status":"online","lastChecked":"2020-08-17T00:00:00Z","format":"sd","mbps":"1880","URI":["costa_rica","costa rica"]},{"id":"467","channel":"Extrema TV","link":"http://livestreamcdn.net:1935/ExtremaTV/ExtremaTV/playlist.m3u8?checkedby:iptvcat.com","country":"costa rica","liveliness":"99","status":"online","lastChecked":"2020-08-17T00:00:00Z","format":"hd","mbps":"5991","URI":["costa_rica","costa rica"]},{"id":"13064","channel":"Multimedios CR","link":"https://mdstrm.com/live-stream-playlist/5a7b1e63a8da282c34d65445.m3u8?checkedby:iptvcat.com","country":"costa rica","liveliness":"82","status":"online","lastChecked":"2020-08-18T00:00:00Z","format":"hd","mbps":"5991, ...","URI":["costa_rica","costa rica"]},{"id":"13063","channel":"Multimedios Costa Rica","link":"http://mdstrm.com:80/live-stream-playlist/5a7b1e63a8da282c34d65445.m3u8?checkedby:iptvcat.com","country":"costa rica","liveliness":"80","status":"offline","lastChecked":"2020-08-19T00:00:00Z","format":"hd","mbps":"5991, ...","URI":["costa_rica","costa rica"]},{"id":"469","channel":"Multimedios Costa Rica","link":"http://mdstrm.com/live-stream-playlist/5a7b1e63a8da282c34d65445.m3u8?checkedby:iptvcat.com","country":"costa rica","liveliness":"80","status":"offline","lastChecked":"2020-08-17T00:00:00Z","format":"hd","mbps":"5991, ...","URI":["costa_rica","costa rica"]},{"id":"132584","channel":"Repretel 11","link":"https://cr-repretel-canal6-app-2xtaqe-live-0-cdn-0.ned.media/repretel/canal11/smil:live.smil/playlist.m3u8?checkedby:iptvcat.com","country":"costa rica","liveliness":"89","status":"offline","lastChecked":"2020-08-17T00:00:00Z","format":"sd","mbps":"1051, ...","URI":["costa_rica","north_america","north america","costa rica","latin america","latin_america"]},{"id":"132585","channel":"Repretel 6","link":"https://cr-repretel-canal6-app-2xtaqe-live-0-cdn-0.ned.media/repretel/canal6/smil:live.smil/playlist.m3u8?checkedby:iptvcat.com","country":"costa rica","liveliness":"99","status":"online","lastChecked":"2020-08-17T00:00:00Z","format":"sd","mbps":"1051, ...","URI":["costa_rica","north_america","north america","costa rica","latin america","latin_america"]},{"id":"470","channel":"Telesur","link":"http://k3.usastreams.com:1935/telesur/telesur/playlist.m3u8?checkedby:iptvcat.com","country":"costa rica","liveliness":"98","status":"online","lastChecked":"2020-08-17T00:00:00Z","format":"hd","mbps":"3799","URI":["costa_rica","costa rica"]},{"id":"466","channel":"Anexion TV","link":"https://rtmp.info/anexiontv/envivo/playlist.m3u8?checkedby:iptvcat.com","country":"costa rica","liveliness":"97","status":"online","lastChecked":"2020-08-17T00:00:00Z","format":"sd","mbps":"1880","URI":["costa_rica","costa rica"]},{"id":"467","channel":"Extrema TV","link":"http://livestreamcdn.net:1935/ExtremaTV/ExtremaTV/playlist.m3u8?checkedby:iptvcat.com","country":"costa rica","liveliness":"99","status":"online","lastChecked":"2020-08-17T00:00:00Z","format":"hd","mbps":"5991","URI":["costa_rica","costa rica"]},{"id":"13064","channel":"Multimedios CR","link":"https://mdstrm.com/live-stream-playlist/5a7b1e63a8da282c34d65445.m3u8?checkedby:iptvcat.com","country":"costa rica","liveliness":"82","status":"online","lastChecked":"2020-08-18T00:00:00Z","format":"hd","mbps":"5991, ...","URI":["costa_rica","costa rica"]},{"id":"469","channel":"Multimedios Costa Rica","link":"http://mdstrm.com/live-stream-playlist/5a7b1e63a8da282c34d65445.m3u8?checkedby:iptvcat.com","country":"costa rica","liveliness":"80","status":"offline","lastChecked":"2020-08-17T00:00:00Z","format":"hd","mbps":"5991, ...","URI":["costa_rica","costa rica"]},{"id":"13063","channel":"Multimedios Costa Rica","link":"http://mdstrm.com:80/live-stream-playlist/5a7b1e63a8da282c34d65445.m3u8?checkedby:iptvcat.com","country":"costa rica","liveliness":"80","status":"offline","lastChecked":"2020-08-19T00:00:00Z","format":"hd","mbps":"5991, ...","URI":["costa_rica","costa rica"]},{"id":"132584","channel":"Repretel 11","link":"https://cr-repretel-canal6-app-2xtaqe-live-0-cdn-0.ned.media/repretel/canal11/smil:live.smil/playlist.m3u8?checkedby:iptvcat.com","country":"costa rica","liveliness":"89","status":"offline","lastChecked":"2020-08-17T00:00:00Z","format":"sd","mbps":"1051, ...","URI":["costa_rica","north_america","north america","costa rica","latin america","latin_america"]},{"id":"132585","channel":"Repretel 6","link":"https://cr-repretel-canal6-app-2xtaqe-live-0-cdn-0.ned.media/repretel/canal6/smil:live.smil/playlist.m3u8?checkedby:iptvcat.com","country":"costa rica","liveliness":"99","status":"online","lastChecked":"2020-08-17T00:00:00Z","format":"sd","mbps":"1051, ...","URI":["costa_rica","north_america","north america","costa rica","latin america","latin_america"]},{"id":"470","channel":"Telesur","link":"http://k3.usastreams.com:1935/telesur/telesur/playlist.m3u8?checkedby:iptvcat.com","country":"costa rica","liveliness":"98","status":"online","lastChecked":"2020-08-17T00:00:00Z","format":"hd","mbps":"3799","URI":["costa_rica","costa rica"]},{"id":"132584","channel":"Repretel 11","link":"https://cr-repretel-canal6-app-2xtaqe-live-0-cdn-0.ned.media/repretel/canal11/smil:live.smil/playlist.m3u8?checkedby:iptvcat.com","country":"costa rica","liveliness":"89","status":"offline","lastChecked":"2020-08-17T00:00:00Z","format":"sd","mbps":"1051, ...","URI":["costa_rica","north_america","north america","costa rica","latin america","latin_america"]},{"id":"132585","channel":"Repretel 6","link":"https://cr-repretel-canal6-app-2xtaqe-live-0-cdn-0.ned.media/repretel/canal6/smil:live.smil/playlist.m3u8?checkedby:iptvcat.com","country":"costa rica","liveliness":"99","status":"online","lastChecked":"2020-08-17T00:00:00Z","format":"sd","mbps":"1051, ...","URI":["costa_rica","north_america","north america","costa rica","latin america","latin_america"]},{"id":"132584","channel":"Repretel 11","link":"https://cr-repretel-canal6-app-2xtaqe-live-0-cdn-0.ned.media/repretel/canal11/smil:live.smil/playlist.m3u8?checkedby:iptvcat.com","country":"costa rica","liveliness":"89","status":"offline","lastChecked":"2020-08-17T00:00:00Z","format":"sd","mbps":"1051, ...","URI":["costa_rica","north_america","north america","costa rica","latin america","latin_america"]},{"id":"132585","channel":"Repretel 6","link":"https://cr-repretel-canal6-app-2xtaqe-live-0-cdn-0.ned.media/repretel/canal6/smil:live.smil/playlist.m3u8?checkedby:iptvcat.com","country":"costa rica","liveliness":"99","status":"online","lastChecked":"2020-08-17T00:00:00Z","format":"sd","mbps":"1051, ...","URI":["costa_rica","north_america","north america","costa rica","latin america","latin_america"]}]