[{"id":"51678","channel":"Nos Païs","link":"http://highvolume04.streampartner.nl:1935/nos_pais_24_7/smil:livestream.stream.smil/playlist.m3u8?checkedby:iptvcat.com","country":"curaçao","liveliness":"99","status":"online","lastChecked":"2020-08-17T00:00:00Z","format":"hd","mbps":"5991, ...","URI":["curaçao"]},{"id":"13101","channel":"Nos Païs","link":"http://highvolume04.streampartner.nl:1935/nos_pais_24_7/smil:livestream.stream.smil/chunklist_w1798703532_b2000000.m3u8?checkedby:iptvcat.com","country":"curaçao","liveliness":"97","status":"online","lastChecked":"2020-08-17T00:00:00Z","format":"hd","mbps":"5991","URI":["curaçao"]},{"id":"51679","channel":"TV Direct 13","link":"https://edge1.tvdirect13.com/live/smil:mystream.smil/playlist.m3u8?checkedby:iptvcat.com","country":"curaçao","liveliness":"97","status":"online","lastChecked":"2020-08-17T00:00:00Z","format":"hd","mbps":"3795, ...","URI":["curaçao"]},{"id":"508","channel":"TV Direct 13","link":"http://edge1.tvdirect13.com/live/smil:mystream.smil/playlist_720p.m3u8?checkedby:iptvcat.com","country":"curaçao","liveliness":"99","status":"online","lastChecked":"2020-08-18T00:00:00Z","format":"hd","mbps":"3795","URI":["curaçao"]}]