[{"id":"55937","channel":"Ada TV, CY | Ada TV","link":"https://59cba4d34b678.streamlock.net/canlitv/kibrisadatv/chunklist.m3u8?checkedby:iptvcat.com","country":"cyprus","liveliness":"92","status":"online","lastChecked":"2020-08-17T00:00:00Z","format":"sd","mbps":"1967","URI":["cyprus","europe"]},{"id":"509","channel":"Ada TV","link":"https://59cba4d34b678.streamlock.net/canlitv/kibrisadatv/chunklist_w326024869.m3u8?checkedby:iptvcat.com","country":"cyprus","liveliness":"95","status":"online","lastChecked":"2020-08-17T00:00:00Z","format":"sd","mbps":"1967","URI":["cyprus"]},{"id":"132592","channel":"Ada TV","link":"https://59cba4d34b678.streamlock.net/canlitv/kibrisadatv/playlist.m3u8?checkedby:iptvcat.com","country":"cyprus","liveliness":"91","status":"online","lastChecked":"2020-08-17T00:00:00Z","format":"sd","mbps":"2332","URI":["cyprus","europe"]},{"id":"511","channel":"BRT 2","link":"http://wms.brtk.net:1935/live/brt2/playlist.m3u8?checkedby:iptvcat.com","country":"cyprus","liveliness":"98","status":"online","lastChecked":"2020-08-16T00:00:00Z","format":"sd","mbps":"1464","URI":["cyprus"]},{"id":"514","channel":"BRT 3","link":"rtmp://wms.brtk.net:1935/live/brt1?checkedby:iptvcat.com","country":"cyprus","liveliness":"98","status":"online","lastChecked":"2020-08-17T00:00:00Z","format":"sd","mbps":"1464","URI":["cyprus"]},{"id":"513","channel":"BRT 3","link":"http://wms.brtk.net:1935/live/brt1/playlist.m3u8?checkedby:iptvcat.com","country":"cyprus","liveliness":"97","status":"online","lastChecked":"2020-08-17T00:00:00Z","format":"sd","mbps":"1464","URI":["cyprus"]},{"id":"55938","channel":"CY | Sat 7 Kids, Sat 7 Kids","link":"https://unirtmp.tulix.tv/sat7kids/sat7kids1/playlist.m3u8?checkedby:iptvcat.com","country":"cyprus","liveliness":"100","status":"online","lastChecked":"2020-08-17T00:00:00Z","format":"sd","mbps":"1684","URI":["cyprus","europe"]},{"id":"25670","channel":"Sat 7 Arabic","link":"https://unirtmp.tulix.tv/sat7arabic/satarabiclive-web.smil/playlist.m3u8?checkedby:iptvcat.com","country":"cyprus","liveliness":"100","status":"online","lastChecked":"2020-08-17T00:00:00Z","format":"sd","mbps":"1684, ...","URI":["cyprus"]},{"id":"517","channel":"Sat 7 Arabic","link":"https://unirtmp.tulix.tv/sat7arabic/satarabiclive-web.smil/chunklist_w1635903706_b1000000.m3u8?checkedby:iptvcat.com","country":"cyprus","liveliness":"100","status":"online","lastChecked":"2020-08-17T00:00:00Z","format":"sd","mbps":"1684","URI":["cyprus"]},{"id":"518","channel":"Sat 7 Kids","link":"http://unirtmp.tulix.tv:1935/sat7kids/sat7kids1/playlist.m3u8?checkedby:iptvcat.com","country":"cyprus","liveliness":"100","status":"online","lastChecked":"2020-08-17T00:00:00Z","format":"sd","mbps":"1684","URI":["cyprus"]},{"id":"520","channel":"Sat 7 Pars","link":"https://unirtmp.tulix.tv/sat7pars/satparslive-web.smil/chunklist_w879240201_b1000000.m3u8?checkedby:iptvcat.com","country":"cyprus","liveliness":"100","status":"online","lastChecked":"2020-08-17T00:00:00Z","format":"sd","mbps":"1684","URI":["cyprus"]},{"id":"519","channel":"Sat 7 Pars","link":"http://unirtmp.tulix.tv:1935/sat7pars/satparslive-web.smil/playlist.m3u8?checkedby:iptvcat.com","country":"cyprus","liveliness":"100","status":"online","lastChecked":"2020-08-17T00:00:00Z","format":"sd","mbps":"1684, ...","URI":["cyprus"]},{"id":"521","channel":"Sat 7 Türk","link":"https://unirtmp.tulix.tv/sat7turk/satturklive-web.smil/chunklist_w328296882_b1000000.m3u8?checkedby:iptvcat.com","country":"cyprus","liveliness":"100","status":"online","lastChecked":"2020-08-17T00:00:00Z","format":"sd","mbps":"1684","URI":["cyprus"]},{"id":"522","channel":"Sat7 Kids","link":"http://unirtmp.tulix.tv:1935/sat7kids/sat7kids1/chunklist_w918104804.m3u8?checkedby:iptvcat.com","country":"cyprus","liveliness":"100","status":"online","lastChecked":"2020-08-17T00:00:00Z","format":"sd","mbps":"1684","URI":["cyprus"]},{"id":"523","channel":"Sigma TV","link":"http://81.21.47.74/hls/live.m3u8?checkedby:iptvcat.com","country":"cyprus","liveliness":"99","status":"online","lastChecked":"2020-08-17T00:00:00Z","format":"sd","mbps":"6165","URI":["cyprus"]},{"id":"55938","channel":"CY | Sat 7 Kids, Sat 7 Kids","link":"https://unirtmp.tulix.tv/sat7kids/sat7kids1/playlist.m3u8?checkedby:iptvcat.com","country":"cyprus","liveliness":"100","status":"online","lastChecked":"2020-08-17T00:00:00Z","format":"sd","mbps":"1684","URI":["cyprus","europe"]},{"id":"132592","channel":"Ada TV","link":"https://59cba4d34b678.streamlock.net/canlitv/kibrisadatv/playlist.m3u8?checkedby:iptvcat.com","country":"cyprus","liveliness":"91","status":"online","lastChecked":"2020-08-17T00:00:00Z","format":"sd","mbps":"2332","URI":["cyprus","europe"]},{"id":"55937","channel":"Ada TV, CY | Ada TV","link":"https://59cba4d34b678.streamlock.net/canlitv/kibrisadatv/chunklist.m3u8?checkedby:iptvcat.com","country":"cyprus","liveliness":"92","status":"online","lastChecked":"2020-08-17T00:00:00Z","format":"sd","mbps":"1967","URI":["cyprus","europe"]},{"id":"509","channel":"Ada TV","link":"https://59cba4d34b678.streamlock.net/canlitv/kibrisadatv/chunklist_w326024869.m3u8?checkedby:iptvcat.com","country":"cyprus","liveliness":"95","status":"online","lastChecked":"2020-08-17T00:00:00Z","format":"sd","mbps":"1967","URI":["cyprus"]},{"id":"132592","channel":"Ada TV","link":"https://59cba4d34b678.streamlock.net/canlitv/kibrisadatv/playlist.m3u8?checkedby:iptvcat.com","country":"cyprus","liveliness":"91","status":"online","lastChecked":"2020-08-17T00:00:00Z","format":"sd","mbps":"2332","URI":["cyprus","europe"]},{"id":"55937","channel":"Ada TV, CY | Ada TV","link":"https://59cba4d34b678.streamlock.net/canlitv/kibrisadatv/chunklist.m3u8?checkedby:iptvcat.com","country":"cyprus","liveliness":"92","status":"online","lastChecked":"2020-08-17T00:00:00Z","format":"sd","mbps":"1967","URI":["cyprus","europe"]},{"id":"511","channel":"BRT 2","link":"http://wms.brtk.net:1935/live/brt2/playlist.m3u8?checkedby:iptvcat.com","country":"cyprus","liveliness":"98","status":"online","lastChecked":"2020-08-16T00:00:00Z","format":"sd","mbps":"1464","URI":["cyprus"]},{"id":"514","channel":"BRT 3","link":"rtmp://wms.brtk.net:1935/live/brt1?checkedby:iptvcat.com","country":"cyprus","liveliness":"98","status":"online","lastChecked":"2020-08-17T00:00:00Z","format":"sd","mbps":"1464","URI":["cyprus"]},{"id":"513","channel":"BRT 3","link":"http://wms.brtk.net:1935/live/brt1/playlist.m3u8?checkedby:iptvcat.com","country":"cyprus","liveliness":"97","status":"online","lastChecked":"2020-08-17T00:00:00Z","format":"sd","mbps":"1464","URI":["cyprus"]},{"id":"55938","channel":"CY | Sat 7 Kids, Sat 7 Kids","link":"https://unirtmp.tulix.tv/sat7kids/sat7kids1/playlist.m3u8?checkedby:iptvcat.com","country":"cyprus","liveliness":"100","status":"online","lastChecked":"2020-08-17T00:00:00Z","format":"sd","mbps":"1684","URI":["cyprus","europe"]},{"id":"25670","channel":"Sat 7 Arabic","link":"https://unirtmp.tulix.tv/sat7arabic/satarabiclive-web.smil/playlist.m3u8?checkedby:iptvcat.com","country":"cyprus","liveliness":"100","status":"online","lastChecked":"2020-08-17T00:00:00Z","format":"sd","mbps":"1684, ...","URI":["cyprus"]},{"id":"517","channel":"Sat 7 Arabic","link":"https://unirtmp.tulix.tv/sat7arabic/satarabiclive-web.smil/chunklist_w1635903706_b1000000.m3u8?checkedby:iptvcat.com","country":"cyprus","liveliness":"100","status":"online","lastChecked":"2020-08-17T00:00:00Z","format":"sd","mbps":"1684","URI":["cyprus"]},{"id":"518","channel":"Sat 7 Kids","link":"http://unirtmp.tulix.tv:1935/sat7kids/sat7kids1/playlist.m3u8?checkedby:iptvcat.com","country":"cyprus","liveliness":"100","status":"online","lastChecked":"2020-08-17T00:00:00Z","format":"sd","mbps":"1684","URI":["cyprus"]},{"id":"520","channel":"Sat 7 Pars","link":"https://unirtmp.tulix.tv/sat7pars/satparslive-web.smil/chunklist_w879240201_b1000000.m3u8?checkedby:iptvcat.com","country":"cyprus","liveliness":"100","status":"online","lastChecked":"2020-08-17T00:00:00Z","format":"sd","mbps":"1684","URI":["cyprus"]},{"id":"519","channel":"Sat 7 Pars","link":"http://unirtmp.tulix.tv:1935/sat7pars/satparslive-web.smil/playlist.m3u8?checkedby:iptvcat.com","country":"cyprus","liveliness":"100","status":"online","lastChecked":"2020-08-17T00:00:00Z","format":"sd","mbps":"1684, ...","URI":["cyprus"]},{"id":"521","channel":"Sat 7 Türk","link":"https://unirtmp.tulix.tv/sat7turk/satturklive-web.smil/chunklist_w328296882_b1000000.m3u8?checkedby:iptvcat.com","country":"cyprus","liveliness":"100","status":"online","lastChecked":"2020-08-17T00:00:00Z","format":"sd","mbps":"1684","URI":["cyprus"]},{"id":"522","channel":"Sat7 Kids","link":"http://unirtmp.tulix.tv:1935/sat7kids/sat7kids1/chunklist_w918104804.m3u8?checkedby:iptvcat.com","country":"cyprus","liveliness":"100","status":"online","lastChecked":"2020-08-17T00:00:00Z","format":"sd","mbps":"1684","URI":["cyprus"]},{"id":"523","channel":"Sigma TV","link":"http://81.21.47.74/hls/live.m3u8?checkedby:iptvcat.com","country":"cyprus","liveliness":"99","status":"online","lastChecked":"2020-08-17T00:00:00Z","format":"sd","mbps":"6165","URI":["cyprus"]}]