[{"id":"132597","channel":"Afrobeats","link":"https://stream.ecable.tv/afrobeats/index.m3u8?checkedby:iptvcat.com","country":"democratic republic of the congo","liveliness":"100","status":"online","lastChecked":"2020-08-17T00:00:00Z","format":"hd","mbps":"4322, ...","URI":["democratic republic of the congo","africa","democratic_republic_of_the_congo"]},{"id":"83266","channel":"BOSS BROTHERS TV","link":"http://51.254.199.122:8080/bossbrothersTV/index.m3u8?checkedby:iptvcat.com","country":"democratic republic of the congo","liveliness":"99","status":"online","lastChecked":"2020-08-16T00:00:00Z","format":"fhd 2k","mbps":"7986","URI":["democratic republic of the congo","africa","democratic_republic_of_the_congo"]},{"id":"56047","channel":"CD | Congo Planet Television, Congo Planet Television","link":"https://radio.congoplanet.com/Congo_Planet_TV.sdp/Congo_Planet_TV/playlist_1080.m3u8?checkedby:iptvcat.com","country":"democratic republic of the congo","liveliness":"100","status":"online","lastChecked":"2020-08-17T00:00:00Z","format":"fhd 2k","mbps":"11126","URI":["democratic republic of the congo","africa","democratic_republic_of_the_congo"]},{"id":"56048","channel":"CD | Congo Planet Television 2, Congo Planet Television 2","link":"https://radio.congoplanet.com/Congo_Planet_TV_Pop.sdp/Congo_Planet_TV_Pop/playlist_1080.m3u8?checkedby:iptvcat.com","country":"democratic republic of the congo","liveliness":"100","status":"online","lastChecked":"2020-08-17T00:00:00Z","format":"fhd 2k","mbps":"11126","URI":["democratic republic of the congo","africa","democratic_republic_of_the_congo"]},{"id":"214225","channel":"Congo Planet Television","link":"https://radio.congoplanet.com/Congo_Planet_TV_Pop.sdp/Congo_Planet_TV_Pop/playlist.m3u8?checkedby:iptvcat.com","country":"democratic republic of the congo","liveliness":"99","status":"online","lastChecked":"2020-08-17T00:00:00Z","format":"fhd 2k","mbps":"11126, ...","URI":["democratic republic of the congo","africa","democratic_republic_of_the_congo"]},{"id":"214224","channel":"Congo Planet Television","link":"https://radio.congoplanet.com/Congo_Planet_TV.sdp/Congo_Planet_TV/playlist.m3u8?checkedby:iptvcat.com","country":"democratic republic of the congo","liveliness":"100","status":"online","lastChecked":"2020-08-17T00:00:00Z","format":"fhd 2k","mbps":"10686, ...","URI":["democratic republic of the congo","africa","democratic_republic_of_the_congo"]},{"id":"132597","channel":"Afrobeats","link":"https://stream.ecable.tv/afrobeats/index.m3u8?checkedby:iptvcat.com","country":"democratic republic of the congo","liveliness":"100","status":"online","lastChecked":"2020-08-17T00:00:00Z","format":"hd","mbps":"4322, ...","URI":["democratic republic of the congo","africa","democratic_republic_of_the_congo"]},{"id":"83266","channel":"BOSS BROTHERS TV","link":"http://51.254.199.122:8080/bossbrothersTV/index.m3u8?checkedby:iptvcat.com","country":"democratic republic of the congo","liveliness":"99","status":"online","lastChecked":"2020-08-16T00:00:00Z","format":"fhd 2k","mbps":"7986","URI":["democratic republic of the congo","africa","democratic_republic_of_the_congo"]},{"id":"56047","channel":"CD | Congo Planet Television, Congo Planet Television","link":"https://radio.congoplanet.com/Congo_Planet_TV.sdp/Congo_Planet_TV/playlist_1080.m3u8?checkedby:iptvcat.com","country":"democratic republic of the congo","liveliness":"100","status":"online","lastChecked":"2020-08-17T00:00:00Z","format":"fhd 2k","mbps":"11126","URI":["democratic republic of the congo","africa","democratic_republic_of_the_congo"]},{"id":"56048","channel":"CD | Congo Planet Television 2, Congo Planet Television 2","link":"https://radio.congoplanet.com/Congo_Planet_TV_Pop.sdp/Congo_Planet_TV_Pop/playlist_1080.m3u8?checkedby:iptvcat.com","country":"democratic republic of the congo","liveliness":"100","status":"online","lastChecked":"2020-08-17T00:00:00Z","format":"fhd 2k","mbps":"11126","URI":["democratic republic of the congo","africa","democratic_republic_of_the_congo"]},{"id":"214225","channel":"Congo Planet Television","link":"https://radio.congoplanet.com/Congo_Planet_TV_Pop.sdp/Congo_Planet_TV_Pop/playlist.m3u8?checkedby:iptvcat.com","country":"democratic republic of the congo","liveliness":"99","status":"online","lastChecked":"2020-08-17T00:00:00Z","format":"fhd 2k","mbps":"11126, ...","URI":["democratic republic of the congo","africa","democratic_republic_of_the_congo"]},{"id":"214224","channel":"Congo Planet Television","link":"https://radio.congoplanet.com/Congo_Planet_TV.sdp/Congo_Planet_TV/playlist.m3u8?checkedby:iptvcat.com","country":"democratic republic of the congo","liveliness":"100","status":"online","lastChecked":"2020-08-17T00:00:00Z","format":"fhd 2k","mbps":"10686, ...","URI":["democratic republic of the congo","africa","democratic_republic_of_the_congo"]},{"id":"132597","channel":"Afrobeats","link":"https://stream.ecable.tv/afrobeats/index.m3u8?checkedby:iptvcat.com","country":"democratic republic of the congo","liveliness":"100","status":"online","lastChecked":"2020-08-17T00:00:00Z","format":"hd","mbps":"4322, ...","URI":["democratic republic of the congo","africa","democratic_republic_of_the_congo"]},{"id":"83266","channel":"BOSS BROTHERS TV","link":"http://51.254.199.122:8080/bossbrothersTV/index.m3u8?checkedby:iptvcat.com","country":"democratic republic of the congo","liveliness":"99","status":"online","lastChecked":"2020-08-16T00:00:00Z","format":"fhd 2k","mbps":"7986","URI":["democratic republic of the congo","africa","democratic_republic_of_the_congo"]},{"id":"56047","channel":"CD | Congo Planet Television, Congo Planet Television","link":"https://radio.congoplanet.com/Congo_Planet_TV.sdp/Congo_Planet_TV/playlist_1080.m3u8?checkedby:iptvcat.com","country":"democratic republic of the congo","liveliness":"100","status":"online","lastChecked":"2020-08-17T00:00:00Z","format":"fhd 2k","mbps":"11126","URI":["democratic republic of the congo","africa","democratic_republic_of_the_congo"]},{"id":"56048","channel":"CD | Congo Planet Television 2, Congo Planet Television 2","link":"https://radio.congoplanet.com/Congo_Planet_TV_Pop.sdp/Congo_Planet_TV_Pop/playlist_1080.m3u8?checkedby:iptvcat.com","country":"democratic republic of the congo","liveliness":"100","status":"online","lastChecked":"2020-08-17T00:00:00Z","format":"fhd 2k","mbps":"11126","URI":["democratic republic of the congo","africa","democratic_republic_of_the_congo"]},{"id":"214225","channel":"Congo Planet Television","link":"https://radio.congoplanet.com/Congo_Planet_TV_Pop.sdp/Congo_Planet_TV_Pop/playlist.m3u8?checkedby:iptvcat.com","country":"democratic republic of the congo","liveliness":"99","status":"online","lastChecked":"2020-08-17T00:00:00Z","format":"fhd 2k","mbps":"11126, ...","URI":["democratic republic of the congo","africa","democratic_republic_of_the_congo"]},{"id":"214224","channel":"Congo Planet Television","link":"https://radio.congoplanet.com/Congo_Planet_TV.sdp/Congo_Planet_TV/playlist.m3u8?checkedby:iptvcat.com","country":"democratic republic of the congo","liveliness":"100","status":"online","lastChecked":"2020-08-17T00:00:00Z","format":"fhd 2k","mbps":"10686, ...","URI":["democratic republic of the congo","africa","democratic_republic_of_the_congo"]},{"id":"132597","channel":"Afrobeats","link":"https://stream.ecable.tv/afrobeats/index.m3u8?checkedby:iptvcat.com","country":"democratic republic of the congo","liveliness":"100","status":"online","lastChecked":"2020-08-17T00:00:00Z","format":"hd","mbps":"4322, ...","URI":["democratic republic of the congo","africa","democratic_republic_of_the_congo"]},{"id":"83266","channel":"BOSS BROTHERS TV","link":"http://51.254.199.122:8080/bossbrothersTV/index.m3u8?checkedby:iptvcat.com","country":"democratic republic of the congo","liveliness":"99","status":"online","lastChecked":"2020-08-16T00:00:00Z","format":"fhd 2k","mbps":"7986","URI":["democratic republic of the congo","africa","democratic_republic_of_the_congo"]},{"id":"56047","channel":"CD | Congo Planet Television, Congo Planet Television","link":"https://radio.congoplanet.com/Congo_Planet_TV.sdp/Congo_Planet_TV/playlist_1080.m3u8?checkedby:iptvcat.com","country":"democratic republic of the congo","liveliness":"100","status":"online","lastChecked":"2020-08-17T00:00:00Z","format":"fhd 2k","mbps":"11126","URI":["democratic republic of the congo","africa","democratic_republic_of_the_congo"]},{"id":"56048","channel":"CD | Congo Planet Television 2, Congo Planet Television 2","link":"https://radio.congoplanet.com/Congo_Planet_TV_Pop.sdp/Congo_Planet_TV_Pop/playlist_1080.m3u8?checkedby:iptvcat.com","country":"democratic republic of the congo","liveliness":"100","status":"online","lastChecked":"2020-08-17T00:00:00Z","format":"fhd 2k","mbps":"11126","URI":["democratic republic of the congo","africa","democratic_republic_of_the_congo"]},{"id":"214225","channel":"Congo Planet Television","link":"https://radio.congoplanet.com/Congo_Planet_TV_Pop.sdp/Congo_Planet_TV_Pop/playlist.m3u8?checkedby:iptvcat.com","country":"democratic republic of the congo","liveliness":"99","status":"online","lastChecked":"2020-08-17T00:00:00Z","format":"fhd 2k","mbps":"11126, ...","URI":["democratic republic of the congo","africa","democratic_republic_of_the_congo"]},{"id":"214224","channel":"Congo Planet Television","link":"https://radio.congoplanet.com/Congo_Planet_TV.sdp/Congo_Planet_TV/playlist.m3u8?checkedby:iptvcat.com","country":"democratic republic of the congo","liveliness":"100","status":"online","lastChecked":"2020-08-17T00:00:00Z","format":"fhd 2k","mbps":"10686, ...","URI":["democratic republic of the congo","africa","democratic_republic_of_the_congo"]}]