[{"id":"55885","channel":"DK | TV 2 Lorry, TV 2 Lorry","link":"https://cdn-lt-live.tv2lorry.dk/dc-1/live/hls/p/2045321/e/1_grusx1zd/sd/6000/t/SBqf2reMLuRFOX3tQQv_Iw/index-s32.m3u8?checkedby:iptvcat.com","country":"denmark","liveliness":"75","status":"online","lastChecked":"2020-08-17T00:00:00Z","format":"hd","mbps":"9905","URI":["denmark","europe","scandinavia"]},{"id":"55886","channel":"DK | TV 2 Øst, TV 2 Øst","link":"https://cdn-lt-live.tveast.dk/dc-1/live/hls/p/1953381/e/0_zphj9q61/sd/6000/t/fq8LzmI7TH1TOAjc3wuvqA/index-s32.m3u8?checkedby:iptvcat.com","country":"denmark","liveliness":"95","status":"online","lastChecked":"2020-08-17T00:00:00Z","format":"fhd 2k","mbps":"11126","URI":["denmark","europe","scandinavia"]},{"id":"562","channel":"KKRtv","link":"http://stream.kkr.dk/live/ngrp:kkr_adaptive/playlist.m3u8?checkedby:iptvcat.com","country":"denmark","liveliness":"100","status":"online","lastChecked":"2020-08-17T00:00:00Z","format":"hd","mbps":"5020, ...","URI":["denmark"]},{"id":"563","channel":"KVF","link":"https://w1.kringvarp.fo/uttanlands/_definst_/smil:uttanlands.smil/playlist.m3u8?checkedby:iptvcat.com","country":"denmark","liveliness":"100","status":"online","lastChecked":"2020-08-17T00:00:00Z","format":"sd","mbps":"734","URI":["denmark"]},{"id":"564","channel":"KVF","link":"https://w2.kringvarp.fo/uttanlands/480/manifest.m3u8?checkedby:iptvcat.com","country":"denmark","liveliness":"95","status":"offline","lastChecked":"2020-08-18T00:00:00Z","format":"sd","mbps":"2293","URI":["denmark"]},{"id":"561","channel":"Kanal Hovedstaden","link":"https://59b954022ec35.streamlock.net:443/liveTV2/_definst_/smil:liveTVstream2.transcoder.smil/playlist.m3u8?checkedby:iptvcat.com","country":"denmark","liveliness":"100","status":"online","lastChecked":"2020-08-17T00:00:00Z","format":"hd","mbps":"5020, ...","URI":["denmark"]},{"id":"565","channel":"TV 2 Fyn","link":"https://cdn-lt-live.tv2fyn.dk/dc-0/live/hls/p/1966291/e/0_vsfrv0zm/sd/6000/t/2eGlsBmOnpkK1g0-J_56AA/index-s32.m3u8?checkedby:iptvcat.com","country":"denmark","liveliness":"99","status":"online","lastChecked":"2020-08-17T00:00:00Z","format":"sd","mbps":"3615","URI":["denmark"]},{"id":"132598","channel":"TV 2 Fyn","link":"https://cdn-lt-live.tv2fyn.dk/dc-0/live/hls/p/1966291/e/0_vsfrv0zm/sd/6000/t/2eGlsBmOnpkK1g0-J_56AA/master.m3u8?checkedby:iptvcat.com","country":"denmark","liveliness":"98","status":"online","lastChecked":"2020-08-17T00:00:00Z","format":"sd","mbps":"3615, ...","URI":["denmark","europe","scandinavia"]},{"id":"567","channel":"TV 2 Nord Salto","link":"https://cdn-lt-live.tv2nord.dk/dc-0/live/hls/p/1956931/e/0_74s20zcv/sd/6000/t/U6L8elLqfaGmZ1aA6yR23A/index-s32.m3u8?checkedby:iptvcat.com","country":"denmark","liveliness":"95","status":"online","lastChecked":"2020-08-17T00:00:00Z","format":"hd","mbps":"3625","URI":["denmark"]},{"id":"132599","channel":"TV 2 Øst","link":"https://cdn-lt-live.tveast.dk/dc-0/live/hls/p/1953381/e/0_zphj9q61/sd/6000/t/-YKISZ71uQSojctuBa_EhQ/master.m3u8?checkedby:iptvcat.com","country":"denmark","liveliness":"90","status":"online","lastChecked":"2020-08-18T00:00:00Z","format":"fhd 2k","mbps":"11126, ...","URI":["denmark","europe","scandinavia"]},{"id":"568","channel":"TV 2 Østjylland","link":"https://cdn-lt-live.tv2oj.dk/dc-1/live/hls/p/2102081/e/0_x4p3licd/sd/6000/t/5aoqiGIZk5dVwQnsYa1OiQ/index-s32.m3u8?checkedby:iptvcat.com","country":"denmark","liveliness":"99","status":"online","lastChecked":"2020-08-17T00:00:00Z","format":"hd","mbps":"9905","URI":["denmark"]},{"id":"132600","channel":"TV 2 Østjylland","link":"https://cdn-lt-live.tv2oj.dk/dc-1/live/hls/p/2102081/e/0_x4p3licd/sd/6000/t/5aoqiGIZk5dVwQnsYa1OiQ/master.m3u8?checkedby:iptvcat.com","country":"denmark","liveliness":"100","status":"online","lastChecked":"2020-08-17T00:00:00Z","format":"hd","mbps":"5020, ...","URI":["denmark","europe","scandinavia"]},{"id":"569","channel":"TV 2/Bornholm","link":"http://live.tv2bornholm.dk/stream/live/chunklist.m3u8?checkedby:iptvcat.com","country":"denmark","liveliness":"100","status":"online","lastChecked":"2020-08-17T00:00:00Z","format":"fhd 2k","mbps":"7004","URI":["denmark"]},{"id":"132601","channel":"TV 2/Bornholm","link":"https://live.tv2bornholm.dk/stream/live/chunklist.m3u8?checkedby:iptvcat.com","country":"denmark","liveliness":"100","status":"online","lastChecked":"2020-08-17T00:00:00Z","format":"fhd 2k","mbps":"7004","URI":["denmark","europe","scandinavia"]},{"id":"570","channel":"TV Aarhus","link":"https://streaming.media.digicast.dk/clients_live/tv3/tv3_live/chunklist.m3u8?checkedby:iptvcat.com","country":"denmark","liveliness":"100","status":"online","lastChecked":"2020-08-17T00:00:00Z","format":"hd","mbps":"3188","URI":["denmark"]},{"id":"132602","channel":"TV Midtvest","link":"https://cdn-lt-live.tvmidtvest.dk/dc-0/live/hls/p/1953371/e/0_ghzg9q0q/sd/6000/t/EG-gDRIyoxKp9xWooxW-8w/master.m3u8?checkedby:iptvcat.com","country":"denmark","liveliness":"99","status":"online","lastChecked":"2020-08-17T00:00:00Z","format":"hd","mbps":"5020, ...","URI":["denmark","europe","scandinavia"]},{"id":"574","channel":"TV Syd+","link":"https://cdn-lt-live.tvsyd.dk/dc-0/live/hls/p/1956351/e/0_e9slj9wh/sd/6000/t/nhL_cf3qCsI0cg242553pQ/index-s33.m3u8?checkedby:iptvcat.com","country":"denmark","liveliness":"96","status":"online","lastChecked":"2020-08-17T00:00:00Z","format":"sd","mbps":"626","URI":["denmark"]},{"id":"573","channel":"TV Syd+","link":"http://cdn-lt-live.tvsyd.dk/dc-1/live/hls/p/1956351/e/0_e9slj9wh/t/ut3_n5VQ1FqzlqMhwbQmJg/index-s32.m3u8?checkedby:iptvcat.com","country":"denmark","liveliness":"86","status":"online","lastChecked":"2020-08-17T00:00:00Z","format":"hd","mbps":"3625","URI":["denmark"]},{"id":"132602","channel":"TV Midtvest","link":"https://cdn-lt-live.tvmidtvest.dk/dc-0/live/hls/p/1953371/e/0_ghzg9q0q/sd/6000/t/EG-gDRIyoxKp9xWooxW-8w/master.m3u8?checkedby:iptvcat.com","country":"denmark","liveliness":"99","status":"online","lastChecked":"2020-08-17T00:00:00Z","format":"hd","mbps":"5020, ...","URI":["denmark","europe","scandinavia"]},{"id":"132598","channel":"TV 2 Fyn","link":"https://cdn-lt-live.tv2fyn.dk/dc-0/live/hls/p/1966291/e/0_vsfrv0zm/sd/6000/t/2eGlsBmOnpkK1g0-J_56AA/master.m3u8?checkedby:iptvcat.com","country":"denmark","liveliness":"98","status":"online","lastChecked":"2020-08-17T00:00:00Z","format":"sd","mbps":"3615, ...","URI":["denmark","europe","scandinavia"]},{"id":"132599","channel":"TV 2 Øst","link":"https://cdn-lt-live.tveast.dk/dc-0/live/hls/p/1953381/e/0_zphj9q61/sd/6000/t/-YKISZ71uQSojctuBa_EhQ/master.m3u8?checkedby:iptvcat.com","country":"denmark","liveliness":"90","status":"online","lastChecked":"2020-08-18T00:00:00Z","format":"fhd 2k","mbps":"11126, ...","URI":["denmark","europe","scandinavia"]},{"id":"132600","channel":"TV 2 Østjylland","link":"https://cdn-lt-live.tv2oj.dk/dc-1/live/hls/p/2102081/e/0_x4p3licd/sd/6000/t/5aoqiGIZk5dVwQnsYa1OiQ/master.m3u8?checkedby:iptvcat.com","country":"denmark","liveliness":"100","status":"online","lastChecked":"2020-08-17T00:00:00Z","format":"hd","mbps":"5020, ...","URI":["denmark","europe","scandinavia"]},{"id":"132601","channel":"TV 2/Bornholm","link":"https://live.tv2bornholm.dk/stream/live/chunklist.m3u8?checkedby:iptvcat.com","country":"denmark","liveliness":"100","status":"online","lastChecked":"2020-08-17T00:00:00Z","format":"fhd 2k","mbps":"7004","URI":["denmark","europe","scandinavia"]},{"id":"55885","channel":"DK | TV 2 Lorry, TV 2 Lorry","link":"https://cdn-lt-live.tv2lorry.dk/dc-1/live/hls/p/2045321/e/1_grusx1zd/sd/6000/t/SBqf2reMLuRFOX3tQQv_Iw/index-s32.m3u8?checkedby:iptvcat.com","country":"denmark","liveliness":"75","status":"online","lastChecked":"2020-08-17T00:00:00Z","format":"hd","mbps":"9905","URI":["denmark","europe","scandinavia"]},{"id":"55886","channel":"DK | TV 2 Øst, TV 2 Øst","link":"https://cdn-lt-live.tveast.dk/dc-1/live/hls/p/1953381/e/0_zphj9q61/sd/6000/t/fq8LzmI7TH1TOAjc3wuvqA/index-s32.m3u8?checkedby:iptvcat.com","country":"denmark","liveliness":"95","status":"online","lastChecked":"2020-08-17T00:00:00Z","format":"fhd 2k","mbps":"11126","URI":["denmark","europe","scandinavia"]},{"id":"55885","channel":"DK | TV 2 Lorry, TV 2 Lorry","link":"https://cdn-lt-live.tv2lorry.dk/dc-1/live/hls/p/2045321/e/1_grusx1zd/sd/6000/t/SBqf2reMLuRFOX3tQQv_Iw/index-s32.m3u8?checkedby:iptvcat.com","country":"denmark","liveliness":"75","status":"online","lastChecked":"2020-08-17T00:00:00Z","format":"hd","mbps":"9905","URI":["denmark","europe","scandinavia"]},{"id":"55886","channel":"DK | TV 2 Øst, TV 2 Øst","link":"https://cdn-lt-live.tveast.dk/dc-1/live/hls/p/1953381/e/0_zphj9q61/sd/6000/t/fq8LzmI7TH1TOAjc3wuvqA/index-s32.m3u8?checkedby:iptvcat.com","country":"denmark","liveliness":"95","status":"online","lastChecked":"2020-08-17T00:00:00Z","format":"fhd 2k","mbps":"11126","URI":["denmark","europe","scandinavia"]},{"id":"132598","channel":"TV 2 Fyn","link":"https://cdn-lt-live.tv2fyn.dk/dc-0/live/hls/p/1966291/e/0_vsfrv0zm/sd/6000/t/2eGlsBmOnpkK1g0-J_56AA/master.m3u8?checkedby:iptvcat.com","country":"denmark","liveliness":"98","status":"online","lastChecked":"2020-08-17T00:00:00Z","format":"sd","mbps":"3615, ...","URI":["denmark","europe","scandinavia"]},{"id":"132599","channel":"TV 2 Øst","link":"https://cdn-lt-live.tveast.dk/dc-0/live/hls/p/1953381/e/0_zphj9q61/sd/6000/t/-YKISZ71uQSojctuBa_EhQ/master.m3u8?checkedby:iptvcat.com","country":"denmark","liveliness":"90","status":"online","lastChecked":"2020-08-18T00:00:00Z","format":"fhd 2k","mbps":"11126, ...","URI":["denmark","europe","scandinavia"]},{"id":"132600","channel":"TV 2 Østjylland","link":"https://cdn-lt-live.tv2oj.dk/dc-1/live/hls/p/2102081/e/0_x4p3licd/sd/6000/t/5aoqiGIZk5dVwQnsYa1OiQ/master.m3u8?checkedby:iptvcat.com","country":"denmark","liveliness":"100","status":"online","lastChecked":"2020-08-17T00:00:00Z","format":"hd","mbps":"5020, ...","URI":["denmark","europe","scandinavia"]},{"id":"132601","channel":"TV 2/Bornholm","link":"https://live.tv2bornholm.dk/stream/live/chunklist.m3u8?checkedby:iptvcat.com","country":"denmark","liveliness":"100","status":"online","lastChecked":"2020-08-17T00:00:00Z","format":"fhd 2k","mbps":"7004","URI":["denmark","europe","scandinavia"]},{"id":"132602","channel":"TV Midtvest","link":"https://cdn-lt-live.tvmidtvest.dk/dc-0/live/hls/p/1953371/e/0_ghzg9q0q/sd/6000/t/EG-gDRIyoxKp9xWooxW-8w/master.m3u8?checkedby:iptvcat.com","country":"denmark","liveliness":"99","status":"online","lastChecked":"2020-08-17T00:00:00Z","format":"hd","mbps":"5020, ...","URI":["denmark","europe","scandinavia"]}]