[{"id":"578","channel":"Canal 4 RD","link":"http://api.new.livestream.com/accounts/27035275/events/8371710/live.m3u8?checkedby:iptvcat.com","country":"dominican republic","liveliness":"99","status":"online","lastChecked":"2020-08-17T00:00:00Z","format":"hd","mbps":"5991, ...","URI":["dominican_republic","dominican republic"]},{"id":"132604","channel":"Canal 4 RD","link":"https://api.new.livestream.com/accounts/27035275/events/8371710/live.m3u8?checkedby:iptvcat.com","country":"dominican republic","liveliness":"100","status":"online","lastChecked":"2020-08-17T00:00:00Z","format":"hd","mbps":"5991, ...","URI":["dominican_republic","north_america","north america","dominican republic","latin america","latin_america"]},{"id":"579","channel":"Canal Amé 47","link":"http://ss6.domint.net:2028/ame_str/amecanal47/master.m3u8?checkedby:iptvcat.com","country":"dominican republic","liveliness":"98","status":"online","lastChecked":"2020-08-17T00:00:00Z","format":"hd","mbps":"5997","URI":["dominican_republic","dominican republic"]},{"id":"582","channel":"Cinevision Canal 19","link":"http://cinevision01.streamprolive.com/hls/live.m3u8?checkedby:iptvcat.com","country":"dominican republic","liveliness":"97","status":"online","lastChecked":"2020-08-17T00:00:00Z","format":"hd","mbps":"2927","URI":["dominican_republic","dominican republic"]},{"id":"589","channel":"Fuego TV, Fuego TV (New!)","link":"http://184.173.181.2:1935/8020/8020/playlist.m3u8?checkedby:iptvcat.com","country":"dominican republic","liveliness":"99","status":"online","lastChecked":"2020-08-17T00:00:00Z","format":"sd","mbps":"1996","URI":["dominican_republic","dominican republic"]},{"id":"593","channel":"Microvision 10","link":"http://190.103.183.24:1935/live/MicroHD/chunklist_w1468779956.m3u8?checkedby:iptvcat.com","country":"dominican republic","liveliness":"98","status":"online","lastChecked":"2020-08-17T00:00:00Z","format":"hd","mbps":"4318","URI":["dominican_republic","dominican republic"]},{"id":"132607","channel":"Microvision 10","link":"http://190.103.183.24:1935/live/MicroHD/playlist.m3u8?checkedby:iptvcat.com","country":"dominican republic","liveliness":"98","status":"online","lastChecked":"2020-08-17T00:00:00Z","format":"hd","mbps":"4318","URI":["dominican_republic","north_america","north america","dominican republic","latin america","latin_america"]},{"id":"594","channel":"ONDA TV CANAL 10","link":"http://ss6.domint.net:2052/otv_str/tv10/chunklist_w1442080980.m3u8?checkedby:iptvcat.com","country":"dominican republic","liveliness":"95","status":"online","lastChecked":"2020-08-18T00:00:00Z","format":"sd","mbps":"1996","URI":["dominican_republic","dominican republic"]},{"id":"598","channel":"Super TV 55 Santiago","link":"https://ss8.domint.net:3128/stv_str/tv55/master.m3u8?checkedby:iptvcat.com","country":"dominican republic","liveliness":"97","status":"online","lastChecked":"2020-08-17T00:00:00Z","format":"sd","mbps":"2359","URI":["dominican_republic","dominican republic"]},{"id":"601","channel":"TELECENTRO 13","link":"http://api.new.livestream.com/accounts/28126860/events/8555433/live.m3u8?checkedby:iptvcat.com","country":"dominican republic","liveliness":"99","status":"online","lastChecked":"2020-08-16T00:00:00Z","format":"sd","mbps":"1993","URI":["dominican_republic","dominican republic"]},{"id":"599","channel":"TeleBendicion","link":"http://ss8.domint.net:2124/tbt_str/telebendicion/playlist.m3u8?checkedby:iptvcat.com","country":"dominican republic","liveliness":"93","status":"online","lastChecked":"2020-08-17T00:00:00Z","format":"hd","mbps":"4318","URI":["dominican_republic","dominican republic"]},{"id":"607","channel":"Telever Canal 12","link":"http://tengomusica.ddns.net:1935/telever/telever.sdp/playlist.m3u8?checkedby:iptvcat.com","country":"dominican republic","liveliness":"96","status":"online","lastChecked":"2020-08-17T00:00:00Z","format":"sd","mbps":"2608","URI":["dominican_republic","dominican republic"]},{"id":"132607","channel":"Microvision 10","link":"http://190.103.183.24:1935/live/MicroHD/playlist.m3u8?checkedby:iptvcat.com","country":"dominican republic","liveliness":"98","status":"online","lastChecked":"2020-08-17T00:00:00Z","format":"hd","mbps":"4318","URI":["dominican_republic","north_america","north america","dominican republic","latin america","latin_america"]},{"id":"132604","channel":"Canal 4 RD","link":"https://api.new.livestream.com/accounts/27035275/events/8371710/live.m3u8?checkedby:iptvcat.com","country":"dominican republic","liveliness":"100","status":"online","lastChecked":"2020-08-17T00:00:00Z","format":"hd","mbps":"5991, ...","URI":["dominican_republic","north_america","north america","dominican republic","latin america","latin_america"]},{"id":"132607","channel":"Microvision 10","link":"http://190.103.183.24:1935/live/MicroHD/playlist.m3u8?checkedby:iptvcat.com","country":"dominican republic","liveliness":"98","status":"online","lastChecked":"2020-08-17T00:00:00Z","format":"hd","mbps":"4318","URI":["dominican_republic","north_america","north america","dominican republic","latin america","latin_america"]},{"id":"132604","channel":"Canal 4 RD","link":"https://api.new.livestream.com/accounts/27035275/events/8371710/live.m3u8?checkedby:iptvcat.com","country":"dominican republic","liveliness":"100","status":"online","lastChecked":"2020-08-17T00:00:00Z","format":"hd","mbps":"5991, ...","URI":["dominican_republic","north_america","north america","dominican republic","latin america","latin_america"]},{"id":"578","channel":"Canal 4 RD","link":"http://api.new.livestream.com/accounts/27035275/events/8371710/live.m3u8?checkedby:iptvcat.com","country":"dominican republic","liveliness":"99","status":"online","lastChecked":"2020-08-17T00:00:00Z","format":"hd","mbps":"5991, ...","URI":["dominican_republic","dominican republic"]},{"id":"132604","channel":"Canal 4 RD","link":"https://api.new.livestream.com/accounts/27035275/events/8371710/live.m3u8?checkedby:iptvcat.com","country":"dominican republic","liveliness":"100","status":"online","lastChecked":"2020-08-17T00:00:00Z","format":"hd","mbps":"5991, ...","URI":["dominican_republic","north_america","north america","dominican republic","latin america","latin_america"]},{"id":"579","channel":"Canal Amé 47","link":"http://ss6.domint.net:2028/ame_str/amecanal47/master.m3u8?checkedby:iptvcat.com","country":"dominican republic","liveliness":"98","status":"online","lastChecked":"2020-08-17T00:00:00Z","format":"hd","mbps":"5997","URI":["dominican_republic","dominican republic"]},{"id":"582","channel":"Cinevision Canal 19","link":"http://cinevision01.streamprolive.com/hls/live.m3u8?checkedby:iptvcat.com","country":"dominican republic","liveliness":"97","status":"online","lastChecked":"2020-08-17T00:00:00Z","format":"hd","mbps":"2927","URI":["dominican_republic","dominican republic"]},{"id":"589","channel":"Fuego TV, Fuego TV (New!)","link":"http://184.173.181.2:1935/8020/8020/playlist.m3u8?checkedby:iptvcat.com","country":"dominican republic","liveliness":"99","status":"online","lastChecked":"2020-08-17T00:00:00Z","format":"sd","mbps":"1996","URI":["dominican_republic","dominican republic"]},{"id":"132607","channel":"Microvision 10","link":"http://190.103.183.24:1935/live/MicroHD/playlist.m3u8?checkedby:iptvcat.com","country":"dominican republic","liveliness":"98","status":"online","lastChecked":"2020-08-17T00:00:00Z","format":"hd","mbps":"4318","URI":["dominican_republic","north_america","north america","dominican republic","latin america","latin_america"]},{"id":"593","channel":"Microvision 10","link":"http://190.103.183.24:1935/live/MicroHD/chunklist_w1468779956.m3u8?checkedby:iptvcat.com","country":"dominican republic","liveliness":"98","status":"online","lastChecked":"2020-08-17T00:00:00Z","format":"hd","mbps":"4318","URI":["dominican_republic","dominican republic"]},{"id":"594","channel":"ONDA TV CANAL 10","link":"http://ss6.domint.net:2052/otv_str/tv10/chunklist_w1442080980.m3u8?checkedby:iptvcat.com","country":"dominican republic","liveliness":"95","status":"online","lastChecked":"2020-08-18T00:00:00Z","format":"sd","mbps":"1996","URI":["dominican_republic","dominican republic"]},{"id":"598","channel":"Super TV 55 Santiago","link":"https://ss8.domint.net:3128/stv_str/tv55/master.m3u8?checkedby:iptvcat.com","country":"dominican republic","liveliness":"97","status":"online","lastChecked":"2020-08-17T00:00:00Z","format":"sd","mbps":"2359","URI":["dominican_republic","dominican republic"]},{"id":"601","channel":"TELECENTRO 13","link":"http://api.new.livestream.com/accounts/28126860/events/8555433/live.m3u8?checkedby:iptvcat.com","country":"dominican republic","liveliness":"99","status":"online","lastChecked":"2020-08-16T00:00:00Z","format":"sd","mbps":"1993","URI":["dominican_republic","dominican republic"]},{"id":"599","channel":"TeleBendicion","link":"http://ss8.domint.net:2124/tbt_str/telebendicion/playlist.m3u8?checkedby:iptvcat.com","country":"dominican republic","liveliness":"93","status":"online","lastChecked":"2020-08-17T00:00:00Z","format":"hd","mbps":"4318","URI":["dominican_republic","dominican republic"]},{"id":"607","channel":"Telever Canal 12","link":"http://tengomusica.ddns.net:1935/telever/telever.sdp/playlist.m3u8?checkedby:iptvcat.com","country":"dominican republic","liveliness":"96","status":"online","lastChecked":"2020-08-17T00:00:00Z","format":"sd","mbps":"2608","URI":["dominican_republic","dominican republic"]},{"id":"132607","channel":"Microvision 10","link":"http://190.103.183.24:1935/live/MicroHD/playlist.m3u8?checkedby:iptvcat.com","country":"dominican republic","liveliness":"98","status":"online","lastChecked":"2020-08-17T00:00:00Z","format":"hd","mbps":"4318","URI":["dominican_republic","north_america","north america","dominican republic","latin america","latin_america"]},{"id":"132604","channel":"Canal 4 RD","link":"https://api.new.livestream.com/accounts/27035275/events/8371710/live.m3u8?checkedby:iptvcat.com","country":"dominican republic","liveliness":"100","status":"online","lastChecked":"2020-08-17T00:00:00Z","format":"hd","mbps":"5991, ...","URI":["dominican_republic","north_america","north america","dominican republic","latin america","latin_america"]},{"id":"132607","channel":"Microvision 10","link":"http://190.103.183.24:1935/live/MicroHD/playlist.m3u8?checkedby:iptvcat.com","country":"dominican republic","liveliness":"98","status":"online","lastChecked":"2020-08-17T00:00:00Z","format":"hd","mbps":"4318","URI":["dominican_republic","north_america","north america","dominican republic","latin america","latin_america"]},{"id":"132604","channel":"Canal 4 RD","link":"https://api.new.livestream.com/accounts/27035275/events/8371710/live.m3u8?checkedby:iptvcat.com","country":"dominican republic","liveliness":"100","status":"online","lastChecked":"2020-08-17T00:00:00Z","format":"hd","mbps":"5991, ...","URI":["dominican_republic","north_america","north america","dominican republic","latin america","latin_america"]}]