[{"id":"132608","channel":"Teleamazonas","link":"https://api.new.livestream.com/accounts/1359588/events/4428723/live.m3u8?checkedby:iptvcat.com","country":"ecuador","liveliness":"95","status":"online","lastChecked":"2020-08-17T00:00:00Z","format":"hd","mbps":"3795, ...","URI":["south_america","south america","ecuador","latin america","latin_america"]},{"id":"132608","channel":"Teleamazonas","link":"https://api.new.livestream.com/accounts/1359588/events/4428723/live.m3u8?checkedby:iptvcat.com","country":"ecuador","liveliness":"95","status":"online","lastChecked":"2020-08-17T00:00:00Z","format":"hd","mbps":"3795, ...","URI":["south_america","south america","ecuador","latin america","latin_america"]},{"id":"11979","channel":"CANAL UNO Ecuador, Gama TV HD","link":"http://173.212.247.99/hls/tvec1.m3u8?checkedby:iptvcat.com","country":"ecuador","liveliness":"99","status":"online","lastChecked":"2020-08-17T00:00:00Z","format":"fhd 2k","mbps":"9546","URI":["ecuador"]},{"id":"22112","channel":"Ecuavisa HD","link":"http://173.212.247.99/hls/tvec2.m3u8?checkedby:iptvcat.com","country":"ecuador","liveliness":"100","status":"online","lastChecked":"2020-08-17T00:00:00Z","format":"fhd 2k","mbps":"9546","URI":["ecuador"]},{"id":"22113","channel":"RTS Ecuador","link":"http://173.212.247.99/hls/tvec3.m3u8?checkedby:iptvcat.com","country":"ecuador","liveliness":"100","status":"online","lastChecked":"2020-08-17T00:00:00Z","format":"fhd 2k","mbps":"9546","URI":["ecuador"]},{"id":"132608","channel":"Teleamazonas","link":"https://api.new.livestream.com/accounts/1359588/events/4428723/live.m3u8?checkedby:iptvcat.com","country":"ecuador","liveliness":"95","status":"online","lastChecked":"2020-08-17T00:00:00Z","format":"hd","mbps":"3795, ...","URI":["south_america","south america","ecuador","latin america","latin_america"]},{"id":"614","channel":"Teleamazonas","link":"http://api.new.livestream.com/accounts/1359588/events/4428723/live.m3u8?checkedby:iptvcat.com","country":"ecuador","liveliness":"94","status":"online","lastChecked":"2020-08-17T00:00:00Z","format":"hd","mbps":"3795, ...","URI":["ecuador"]},{"id":"22114","channel":"Teleamazonas HD","link":"http://173.212.247.99/hls/tvec4.m3u8?checkedby:iptvcat.com","country":"ecuador","liveliness":"100","status":"online","lastChecked":"2020-08-17T00:00:00Z","format":"fhd 2k","mbps":"9546","URI":["ecuador"]},{"id":"11979","channel":"CANAL UNO Ecuador, Gama TV HD","link":"http://173.212.247.99/hls/tvec1.m3u8?checkedby:iptvcat.com","country":"ecuador","liveliness":"99","status":"online","lastChecked":"2020-08-17T00:00:00Z","format":"fhd 2k","mbps":"9546","URI":["ecuador"]},{"id":"22112","channel":"Ecuavisa HD","link":"http://173.212.247.99/hls/tvec2.m3u8?checkedby:iptvcat.com","country":"ecuador","liveliness":"100","status":"online","lastChecked":"2020-08-17T00:00:00Z","format":"fhd 2k","mbps":"9546","URI":["ecuador"]},{"id":"22113","channel":"RTS Ecuador","link":"http://173.212.247.99/hls/tvec3.m3u8?checkedby:iptvcat.com","country":"ecuador","liveliness":"100","status":"online","lastChecked":"2020-08-17T00:00:00Z","format":"fhd 2k","mbps":"9546","URI":["ecuador"]},{"id":"614","channel":"Teleamazonas","link":"http://api.new.livestream.com/accounts/1359588/events/4428723/live.m3u8?checkedby:iptvcat.com","country":"ecuador","liveliness":"94","status":"online","lastChecked":"2020-08-17T00:00:00Z","format":"hd","mbps":"3795, ...","URI":["ecuador"]},{"id":"132608","channel":"Teleamazonas","link":"https://api.new.livestream.com/accounts/1359588/events/4428723/live.m3u8?checkedby:iptvcat.com","country":"ecuador","liveliness":"95","status":"online","lastChecked":"2020-08-17T00:00:00Z","format":"hd","mbps":"3795, ...","URI":["south_america","south america","ecuador","latin america","latin_america"]},{"id":"22114","channel":"Teleamazonas HD","link":"http://173.212.247.99/hls/tvec4.m3u8?checkedby:iptvcat.com","country":"ecuador","liveliness":"100","status":"online","lastChecked":"2020-08-17T00:00:00Z","format":"fhd 2k","mbps":"9546","URI":["ecuador"]},{"id":"132608","channel":"Teleamazonas","link":"https://api.new.livestream.com/accounts/1359588/events/4428723/live.m3u8?checkedby:iptvcat.com","country":"ecuador","liveliness":"95","status":"online","lastChecked":"2020-08-17T00:00:00Z","format":"hd","mbps":"3795, ...","URI":["south_america","south america","ecuador","latin america","latin_america"]},{"id":"132608","channel":"Teleamazonas","link":"https://api.new.livestream.com/accounts/1359588/events/4428723/live.m3u8?checkedby:iptvcat.com","country":"ecuador","liveliness":"95","status":"online","lastChecked":"2020-08-17T00:00:00Z","format":"hd","mbps":"3795, ...","URI":["south_america","south america","ecuador","latin america","latin_america"]}]