[{"id":"650","channel":"Elim TV","link":"http://live-15.viewer.dacast.com:80/i/dclive_1@397642/master.m3u8?checkedby:iptvcat.com","country":"el salvador","liveliness":"98","status":"online","lastChecked":"2020-08-17T00:00:00Z","format":"sd","mbps":"2088, ...","URI":["el_salvador","el salvador"]},{"id":"3734","channel":"WOW! TV, WOW!TV HD","link":"http://cdn.elsalvadordigital.com:1935/wowtv/wowtv/chunklist_w84588335.m3u8?checkedby:iptvcat.com","country":"el salvador","liveliness":"94","status":"online","lastChecked":"2020-08-18T00:00:00Z","format":"hd","mbps":"3795","URI":["el_salvador","united_states_of_america","el salvador","united states of america"]},{"id":"3733","channel":"WOW! TV, WOW!TV","link":"http://cdn.elsalvadordigital.com:1935/wowtv/wowtv/chunklist_w454258933.m3u8?checkedby:iptvcat.com","country":"el salvador","liveliness":"95","status":"online","lastChecked":"2020-08-18T00:00:00Z","format":"hd","mbps":"3795","URI":["el_salvador","united_states_of_america","el salvador","united states of america"]},{"id":"3734","channel":"WOW! TV, WOW!TV HD","link":"http://cdn.elsalvadordigital.com:1935/wowtv/wowtv/chunklist_w84588335.m3u8?checkedby:iptvcat.com","country":"el salvador","liveliness":"94","status":"online","lastChecked":"2020-08-18T00:00:00Z","format":"hd","mbps":"3795","URI":["el_salvador","united_states_of_america","el salvador","united states of america"]},{"id":"3733","channel":"WOW! TV, WOW!TV","link":"http://cdn.elsalvadordigital.com:1935/wowtv/wowtv/chunklist_w454258933.m3u8?checkedby:iptvcat.com","country":"el salvador","liveliness":"95","status":"online","lastChecked":"2020-08-18T00:00:00Z","format":"hd","mbps":"3795","URI":["el_salvador","united_states_of_america","el salvador","united states of america"]},{"id":"650","channel":"Elim TV","link":"http://live-15.viewer.dacast.com:80/i/dclive_1@397642/master.m3u8?checkedby:iptvcat.com","country":"el salvador","liveliness":"98","status":"online","lastChecked":"2020-08-17T00:00:00Z","format":"sd","mbps":"2088, ...","URI":["el_salvador","el salvador"]},{"id":"3734","channel":"WOW! TV, WOW!TV HD","link":"http://cdn.elsalvadordigital.com:1935/wowtv/wowtv/chunklist_w84588335.m3u8?checkedby:iptvcat.com","country":"el salvador","liveliness":"94","status":"online","lastChecked":"2020-08-18T00:00:00Z","format":"hd","mbps":"3795","URI":["el_salvador","united_states_of_america","el salvador","united states of america"]},{"id":"3733","channel":"WOW! TV, WOW!TV","link":"http://cdn.elsalvadordigital.com:1935/wowtv/wowtv/chunklist_w454258933.m3u8?checkedby:iptvcat.com","country":"el salvador","liveliness":"95","status":"online","lastChecked":"2020-08-18T00:00:00Z","format":"hd","mbps":"3795","URI":["el_salvador","united_states_of_america","el salvador","united states of america"]},{"id":"650","channel":"Elim TV","link":"http://live-15.viewer.dacast.com:80/i/dclive_1@397642/master.m3u8?checkedby:iptvcat.com","country":"el salvador","liveliness":"98","status":"online","lastChecked":"2020-08-17T00:00:00Z","format":"sd","mbps":"2088, ...","URI":["el_salvador","el salvador"]},{"id":"3733","channel":"WOW! TV, WOW!TV","link":"http://cdn.elsalvadordigital.com:1935/wowtv/wowtv/chunklist_w454258933.m3u8?checkedby:iptvcat.com","country":"el salvador","liveliness":"95","status":"online","lastChecked":"2020-08-18T00:00:00Z","format":"hd","mbps":"3795","URI":["el_salvador","united_states_of_america","el salvador","united states of america"]},{"id":"3734","channel":"WOW! TV, WOW!TV HD","link":"http://cdn.elsalvadordigital.com:1935/wowtv/wowtv/chunklist_w84588335.m3u8?checkedby:iptvcat.com","country":"el salvador","liveliness":"94","status":"online","lastChecked":"2020-08-18T00:00:00Z","format":"hd","mbps":"3795","URI":["el_salvador","united_states_of_america","el salvador","united states of america"]},{"id":"650","channel":"Elim TV","link":"http://live-15.viewer.dacast.com:80/i/dclive_1@397642/master.m3u8?checkedby:iptvcat.com","country":"el salvador","liveliness":"98","status":"online","lastChecked":"2020-08-17T00:00:00Z","format":"sd","mbps":"2088, ...","URI":["el_salvador","el salvador"]},{"id":"3734","channel":"WOW! TV, WOW!TV HD","link":"http://cdn.elsalvadordigital.com:1935/wowtv/wowtv/chunklist_w84588335.m3u8?checkedby:iptvcat.com","country":"el salvador","liveliness":"94","status":"online","lastChecked":"2020-08-18T00:00:00Z","format":"hd","mbps":"3795","URI":["el_salvador","united_states_of_america","el salvador","united states of america"]},{"id":"3733","channel":"WOW! TV, WOW!TV","link":"http://cdn.elsalvadordigital.com:1935/wowtv/wowtv/chunklist_w454258933.m3u8?checkedby:iptvcat.com","country":"el salvador","liveliness":"95","status":"online","lastChecked":"2020-08-18T00:00:00Z","format":"hd","mbps":"3795","URI":["el_salvador","united_states_of_america","el salvador","united states of america"]},{"id":"3734","channel":"WOW! TV, WOW!TV HD","link":"http://cdn.elsalvadordigital.com:1935/wowtv/wowtv/chunklist_w84588335.m3u8?checkedby:iptvcat.com","country":"el salvador","liveliness":"94","status":"online","lastChecked":"2020-08-18T00:00:00Z","format":"hd","mbps":"3795","URI":["el_salvador","united_states_of_america","el salvador","united states of america"]},{"id":"3733","channel":"WOW! TV, WOW!TV","link":"http://cdn.elsalvadordigital.com:1935/wowtv/wowtv/chunklist_w454258933.m3u8?checkedby:iptvcat.com","country":"el salvador","liveliness":"95","status":"online","lastChecked":"2020-08-18T00:00:00Z","format":"hd","mbps":"3795","URI":["el_salvador","united_states_of_america","el salvador","united states of america"]}]