[{"id":"651","channel":"Televisión de Guinea Ecuatorial","link":"http://rtmp.ott.mx1.com/tvge1/tvge1multi.smil/chunklist_w2108596902_b1500000.m3u8?checkedby:iptvcat.com","country":"equatorial guinea","liveliness":"99","status":"online","lastChecked":"2020-08-17T00:00:00Z","format":"sd","mbps":"1764","URI":["equatorial guinea","equatorial_guinea"]},{"id":"651","channel":"Televisión de Guinea Ecuatorial","link":"http://rtmp.ott.mx1.com/tvge1/tvge1multi.smil/chunklist_w2108596902_b1500000.m3u8?checkedby:iptvcat.com","country":"equatorial guinea","liveliness":"99","status":"online","lastChecked":"2020-08-17T00:00:00Z","format":"sd","mbps":"1764","URI":["equatorial guinea","equatorial_guinea"]}]