[{"id":"22123","channel":"ETV EE","link":"https://errstreams4.cdn.eurovisioncdn.net/live/etv-kval2/index.m3u8?checkedby:iptvcat.com","country":"estonia","liveliness":"100","status":"online","lastChecked":"2020-08-17T00:00:00Z","format":"hd","mbps":"3188","URI":["estonia"]},{"id":"22124","channel":"ETV+ EE","link":"https://errstreams4.cdn.eurovisioncdn.net/live/etvpluss-kval2/index.m3u8?checkedby:iptvcat.com","country":"estonia","liveliness":"100","status":"online","lastChecked":"2020-08-17T00:00:00Z","format":"hd","mbps":"3188","URI":["estonia"]},{"id":"22125","channel":"ETV2 EE","link":"https://errstreams4.cdn.eurovisioncdn.net/live/etv2-kval2/index.m3u8?checkedby:iptvcat.com","country":"estonia","liveliness":"100","status":"online","lastChecked":"2020-08-17T00:00:00Z","format":"hd","mbps":"3188","URI":["estonia"]},{"id":"22123","channel":"ETV EE","link":"https://errstreams4.cdn.eurovisioncdn.net/live/etv-kval2/index.m3u8?checkedby:iptvcat.com","country":"estonia","liveliness":"100","status":"online","lastChecked":"2020-08-17T00:00:00Z","format":"hd","mbps":"3188","URI":["estonia"]},{"id":"22124","channel":"ETV+ EE","link":"https://errstreams4.cdn.eurovisioncdn.net/live/etvpluss-kval2/index.m3u8?checkedby:iptvcat.com","country":"estonia","liveliness":"100","status":"online","lastChecked":"2020-08-17T00:00:00Z","format":"hd","mbps":"3188","URI":["estonia"]},{"id":"22125","channel":"ETV2 EE","link":"https://errstreams4.cdn.eurovisioncdn.net/live/etv2-kval2/index.m3u8?checkedby:iptvcat.com","country":"estonia","liveliness":"100","status":"online","lastChecked":"2020-08-17T00:00:00Z","format":"hd","mbps":"3188","URI":["estonia"]}]