[{"id":"663","channel":"Addis TV","link":"https://rrsatrtmp.tulix.tv/addis1/addis1multi.smil/playlist.m3u8?checkedby:iptvcat.com","country":"ethiopia","liveliness":"99","status":"online","lastChecked":"2020-08-17T00:00:00Z","format":"sd","mbps":"2425, ...","URI":["ethiopia"]},{"id":"662","channel":"Addis TV","link":"https://rrsatrtmp.tulix.tv/addis1/addis1multi.smil/chunklist_w418104290_b2130000.m3u8?checkedby:iptvcat.com","country":"ethiopia","liveliness":"99","status":"online","lastChecked":"2020-08-17T00:00:00Z","format":"sd","mbps":"2425","URI":["ethiopia"]}]