[{"id":"55887","channel":"FO | KVF, KVF","link":"https://w1.kringvarp.fo/uttanlands/_definst_/smil:uttanlands.smil/chunklist.m3u8?checkedby:iptvcat.com","country":"faroe islands","liveliness":"100","status":"online","lastChecked":"2020-08-17T00:00:00Z","format":"sd","mbps":"245","URI":["faroe islands","europe","faroe_islands","scandinavia"]},{"id":"665","channel":"KVF","link":"https://w1.kringvarp.fo/uttanlands/_definst_/smil:uttanlands.smil/chunklist_w65435769_b300000_slfao.m3u8?checkedby:iptvcat.com","country":"faroe islands","liveliness":"100","status":"online","lastChecked":"2020-08-17T00:00:00Z","format":"sd","mbps":"245","URI":["faroe islands","faroe_islands"]},{"id":"664","channel":"KVF","link":"https://w1.kringvarp.fo/uttanlands/_definst_/smil:uttanlands.smil/chunklist_w65435769_b2236000_slfao.m3u8?checkedby:iptvcat.com","country":"faroe islands","liveliness":"100","status":"online","lastChecked":"2020-08-17T00:00:00Z","format":"sd","mbps":"2293","URI":["faroe islands","faroe_islands"]},{"id":"55887","channel":"FO | KVF, KVF","link":"https://w1.kringvarp.fo/uttanlands/_definst_/smil:uttanlands.smil/chunklist.m3u8?checkedby:iptvcat.com","country":"faroe islands","liveliness":"100","status":"online","lastChecked":"2020-08-17T00:00:00Z","format":"sd","mbps":"245","URI":["faroe islands","europe","faroe_islands","scandinavia"]},{"id":"55887","channel":"FO | KVF, KVF","link":"https://w1.kringvarp.fo/uttanlands/_definst_/smil:uttanlands.smil/chunklist.m3u8?checkedby:iptvcat.com","country":"faroe islands","liveliness":"100","status":"online","lastChecked":"2020-08-17T00:00:00Z","format":"sd","mbps":"245","URI":["faroe islands","europe","faroe_islands","scandinavia"]},{"id":"665","channel":"KVF","link":"https://w1.kringvarp.fo/uttanlands/_definst_/smil:uttanlands.smil/chunklist_w65435769_b300000_slfao.m3u8?checkedby:iptvcat.com","country":"faroe islands","liveliness":"100","status":"online","lastChecked":"2020-08-17T00:00:00Z","format":"sd","mbps":"245","URI":["faroe islands","faroe_islands"]},{"id":"664","channel":"KVF","link":"https://w1.kringvarp.fo/uttanlands/_definst_/smil:uttanlands.smil/chunklist_w65435769_b2236000_slfao.m3u8?checkedby:iptvcat.com","country":"faroe islands","liveliness":"100","status":"online","lastChecked":"2020-08-17T00:00:00Z","format":"sd","mbps":"2293","URI":["faroe islands","faroe_islands"]},{"id":"55887","channel":"FO | KVF, KVF","link":"https://w1.kringvarp.fo/uttanlands/_definst_/smil:uttanlands.smil/chunklist.m3u8?checkedby:iptvcat.com","country":"faroe islands","liveliness":"100","status":"online","lastChecked":"2020-08-17T00:00:00Z","format":"sd","mbps":"245","URI":["faroe islands","europe","faroe_islands","scandinavia"]}]