[{"id":"55647","channel":"Fiji TV, FJ | Fiji TV","link":"https://api.new.livestream.com/accounts/19514369/events/fijitvstream/live.m3u8?checkedby:iptvcat.com","country":"fiji","liveliness":"100","status":"online","lastChecked":"2020-08-16T00:00:00Z","format":"sd","mbps":"2313","URI":["fiji","oceania"]},{"id":"51802","channel":"Fiji One","link":"https://api.new.livestream.com/accounts/19514369/events/6947821/live.m3u8?checkedby:iptvcat.com","country":"fiji","liveliness":"97","status":"online","lastChecked":"2020-08-16T00:00:00Z","format":"sd","mbps":"2313","URI":["fiji"]},{"id":"669","channel":"Fiji One","link":"http://api.new.livestream.com/accounts/19514369/events/6947821/live.m3u8?checkedby:iptvcat.com","country":"fiji","liveliness":"99","status":"online","lastChecked":"2020-08-17T00:00:00Z","format":"sd","mbps":"2313","URI":["fiji"]},{"id":"55647","channel":"Fiji TV, FJ | Fiji TV","link":"https://api.new.livestream.com/accounts/19514369/events/fijitvstream/live.m3u8?checkedby:iptvcat.com","country":"fiji","liveliness":"100","status":"online","lastChecked":"2020-08-16T00:00:00Z","format":"sd","mbps":"2313","URI":["fiji","oceania"]}]