[{"id":"666","channel":"Taivas TV7","link":"http://vod.tv7.fi:1935/tv7-fi/tv7-fi.stream_720p/chunklist_w2131949141.m3u8?checkedby:iptvcat.com","country":"finland","liveliness":"100","status":"online","lastChecked":"2020-08-17T00:00:00Z","format":"hd","mbps":"5020","URI":["finland"]},{"id":"132609","channel":"Yle TV1","link":"https://yletvhdliveworld-lh.akamaihd.net/i/yletv1hdworld_1@187592/master.m3u8?checkedby:iptvcat.com","country":"finland","liveliness":"100","status":"online","lastChecked":"2020-08-17T00:00:00Z","format":"sd","mbps":"1357","URI":["finland","europe","scandinavia"]},{"id":"667","channel":"Yle TV1","link":"http://yletvhdliveworld-lh.akamaihd.net/i/yletv1hdworld_1@187592/index_2764_av-p.m3u8?checkedby:iptvcat.com","country":"finland","liveliness":"100","status":"online","lastChecked":"2020-08-17T00:00:00Z","format":"hd","mbps":"5997","URI":["finland"]},{"id":"132610","channel":"Yle TV2","link":"https://yletvhdliveworld-lh.akamaihd.net/i/yletv2hdworld_1@187593/master.m3u8?checkedby:iptvcat.com","country":"finland","liveliness":"100","status":"online","lastChecked":"2020-08-17T00:00:00Z","format":"hd","mbps":"5997, ...","URI":["finland","europe","scandinavia"]},{"id":"668","channel":"Yle TV2","link":"http://yletvhdliveworld-lh.akamaihd.net/i/yletv2hdworld_1@187593/index_2764_av-p.m3u8?checkedby:iptvcat.com","country":"finland","liveliness":"100","status":"online","lastChecked":"2020-08-17T00:00:00Z","format":"hd","mbps":"5997","URI":["finland"]},{"id":"132609","channel":"Yle TV1","link":"https://yletvhdliveworld-lh.akamaihd.net/i/yletv1hdworld_1@187592/master.m3u8?checkedby:iptvcat.com","country":"finland","liveliness":"100","status":"online","lastChecked":"2020-08-17T00:00:00Z","format":"sd","mbps":"1357","URI":["finland","europe","scandinavia"]},{"id":"132610","channel":"Yle TV2","link":"https://yletvhdliveworld-lh.akamaihd.net/i/yletv2hdworld_1@187593/master.m3u8?checkedby:iptvcat.com","country":"finland","liveliness":"100","status":"online","lastChecked":"2020-08-17T00:00:00Z","format":"hd","mbps":"5997, ...","URI":["finland","europe","scandinavia"]},{"id":"132609","channel":"Yle TV1","link":"https://yletvhdliveworld-lh.akamaihd.net/i/yletv1hdworld_1@187592/master.m3u8?checkedby:iptvcat.com","country":"finland","liveliness":"100","status":"online","lastChecked":"2020-08-17T00:00:00Z","format":"sd","mbps":"1357","URI":["finland","europe","scandinavia"]},{"id":"132610","channel":"Yle TV2","link":"https://yletvhdliveworld-lh.akamaihd.net/i/yletv2hdworld_1@187593/master.m3u8?checkedby:iptvcat.com","country":"finland","liveliness":"100","status":"online","lastChecked":"2020-08-17T00:00:00Z","format":"hd","mbps":"5997, ...","URI":["finland","europe","scandinavia"]}]