[{"id":"56017","channel":"1 TV, GE | 1 TV","link":"https://tv.cdn.xsg.ge/gpb-1tv/tracks-v1a1/index.m3u8?checkedby:iptvcat.com","country":"georgia","liveliness":"99","status":"offline","lastChecked":"2020-08-18T00:00:00Z","format":"hd","mbps":"5020","URI":["georgia","asia"]},{"id":"742","channel":"1TV","link":"http://tv.cdn.xsg.ge/gpb-1tv/tracks-v1a1/index.m3u8?checkedby:iptvcat.com","country":"georgia","liveliness":"99","status":"online","lastChecked":"2020-08-17T00:00:00Z","format":"hd","mbps":"5020","URI":["georgia"]},{"id":"744","channel":"2TV","link":"https://tv.cdn.xsg.ge/gpb-2tv/tracks-v1a1/mono.m3u8?checkedby:iptvcat.com","country":"georgia","liveliness":"99","status":"online","lastChecked":"2020-08-17T00:00:00Z","format":"hd","mbps":"5020","URI":["georgia"]},{"id":"25692","channel":"Abkhaz","link":"http://tv.cdn.xsg.ge/abkhaz/playlist.m3u8?checkedby:iptvcat.com","country":"georgia","liveliness":"100","status":"online","lastChecked":"2020-08-17T00:00:00Z","format":"fhd 2k","mbps":"7986","URI":["georgia"]},{"id":"31827","channel":"Adjara Sports, SPORT : Adjarasport 1, SPORT | Adjarasport 1","link":"https://receiver.adjara.com/adjarasport_live/LiveTV/index.m3u8?checkedby:iptvcat.com","country":"georgia","liveliness":"100","status":"online","lastChecked":"2020-08-17T00:00:00Z","format":"fhd 2k","mbps":"7004","URI":["georgia","asia","sport"]},{"id":"31828","channel":"Adjara Sports 2, SPORT : Adjarasport 2, SPORT | Adjarasport 2","link":"https://receiver.adjara.com/adjarasport_live/LiveTV2/index.m3u8?checkedby:iptvcat.com","country":"georgia","liveliness":"100","status":"online","lastChecked":"2020-08-17T00:00:00Z","format":"fhd 2k","mbps":"7986","URI":["georgia","asia","sport"]},{"id":"25693","channel":"Agro tv","link":"http://tv.cdn.xsg.ge/agrotv/tracks-v1a1/index.m3u8?checkedby:iptvcat.com","country":"georgia","liveliness":"100","status":"online","lastChecked":"2020-08-17T00:00:00Z","format":"fhd 2k","mbps":"7986","URI":["georgia"]},{"id":"25694","channel":"Artarea","link":"http://tv.cdn.xsg.ge/artarea/playlist.m3u8?checkedby:iptvcat.com","country":"georgia","liveliness":"100","status":"online","lastChecked":"2020-08-17T00:00:00Z","format":"sd","mbps":"1677","URI":["georgia"]},{"id":"56018","channel":"BBB, GE | BBB","link":"http://tv.cdn.xsg.ge/bbb/tracks-v1a1/index.m3u8?checkedby:iptvcat.com","country":"georgia","liveliness":"100","status":"online","lastChecked":"2020-08-17T00:00:00Z","format":"sd","mbps":"6865","URI":["georgia","asia"]},{"id":"25695","channel":"Batumi TV","link":"http://tv.cdn.xsg.ge/batumitv/playlist.m3u8?checkedby:iptvcat.com","country":"georgia","liveliness":"100","status":"online","lastChecked":"2020-08-17T00:00:00Z","format":"fhd 2k","mbps":"11126","URI":["georgia"]},{"id":"25696","channel":"Caucasia","link":"http://tv.cdn.xsg.ge/caucasia/playlist.m3u8?checkedby:iptvcat.com","country":"georgia","liveliness":"100","status":"online","lastChecked":"2020-08-17T00:00:00Z","format":"sd","mbps":"1706","URI":["georgia"]},{"id":"25697","channel":"Comedy","link":"http://tv.cdn.xsg.ge/comedy/tracks-v1a1/index.m3u8?checkedby:iptvcat.com","country":"georgia","liveliness":"100","status":"online","lastChecked":"2020-08-17T00:00:00Z","format":"sd","mbps":"2480","URI":["georgia"]},{"id":"25698","channel":"Dia TV","link":"http://tv.cdn.xsg.ge/diatv/playlist.m3u8?checkedby:iptvcat.com","country":"georgia","liveliness":"99","status":"online","lastChecked":"2020-08-17T00:00:00Z","format":"sd","mbps":"1234","URI":["georgia"]},{"id":"56016","channel":"Discover Georgia HD, GE | Discover Georgia HD","link":"http://tv.cdn.xsg.ge/discovergeorgia/tracks-v1a1/index.m3u8?checkedby:iptvcat.com","country":"georgia","liveliness":"99","status":"online","lastChecked":"2020-08-17T00:00:00Z","format":"sd","mbps":"6865","URI":["georgia","asia"]},{"id":"25699","channel":"Dro TV","link":"http://tv.cdn.xsg.ge/drotv/playlist.m3u8?checkedby:iptvcat.com","country":"georgia","liveliness":"100","status":"online","lastChecked":"2020-08-17T00:00:00Z","format":"fhd 2k","mbps":"7004","URI":["georgia"]},{"id":"745","channel":"Enki-Benki","link":"http://94.43.239.178:8080/CHANNEL678/BITRATE0/playlist.m3u8?checkedby:iptvcat.com","country":"georgia","liveliness":"100","status":"online","lastChecked":"2020-08-17T00:00:00Z","format":"sd","mbps":"416","URI":["georgia"]},{"id":"25700","channel":"Ertsulovneba","link":"http://tv.cdn.xsg.ge/ertsulovneba/playlist.m3u8?checkedby:iptvcat.com","country":"georgia","liveliness":"100","status":"online","lastChecked":"2020-08-17T00:00:00Z","format":"sd","mbps":"2334","URI":["georgia"]},{"id":"25701","channel":"Food TV","link":"http://tv.cdn.xsg.ge/foodtv/playlist.m3u8?checkedby:iptvcat.com","country":"georgia","liveliness":"100","status":"online","lastChecked":"2020-08-17T00:00:00Z","format":"sd","mbps":"1460","URI":["georgia"]},{"id":"25702","channel":"Formula","link":"http://tv.cdn.xsg.ge/formula/tracks-v1a1/index.m3u8?checkedby:iptvcat.com","country":"georgia","liveliness":"100","status":"online","lastChecked":"2020-08-17T00:00:00Z","format":"fhd 2k","mbps":"11126","URI":["georgia"]},{"id":"746","channel":"Formula","link":"https://c4635.cdn.xsg.ge/c4635/TVFormula/tracks-v1a1/mono.m3u8?checkedby:iptvcat.com","country":"georgia","liveliness":"100","status":"online","lastChecked":"2020-08-17T00:00:00Z","format":"fhd 2k","mbps":"11126","URI":["georgia"]},{"id":"25703","channel":"GDS TV","link":"http://tv.cdn.xsg.ge/gdstv/tracks-v1a1/index.m3u8?checkedby:iptvcat.com","country":"georgia","liveliness":"100","status":"online","lastChecked":"2020-08-17T00:00:00Z","format":"sd","mbps":"2480","URI":["georgia"]},{"id":"56021","channel":"GE | Mall TV, Mall TV","link":"http://tv.cdn.xsg.ge/malltv/playlist.m3u8?checkedby:iptvcat.com","country":"georgia","liveliness":"100","status":"online","lastChecked":"2020-08-17T00:00:00Z","format":"sd","mbps":"1677","URI":["georgia","asia"]},{"id":"31831","channel":"GE | Obieqtivi TV, Obieqtivi TV","link":"http://tv.cdn.xsg.ge/obiektivi/playlist.m3u8?checkedby:iptvcat.com","country":"georgia","liveliness":"100","status":"online","lastChecked":"2020-08-17T00:00:00Z","format":"sd","mbps":"2334","URI":["georgia","asia"]},{"id":"25704","channel":"Guria tv","link":"http://tv.cdn.xsg.ge/guriatv/playlist.m3u8?checkedby:iptvcat.com","country":"georgia","liveliness":"100","status":"online","lastChecked":"2020-08-17T00:00:00Z","format":"hd","mbps":"5020","URI":["georgia"]},{"id":"747","channel":"Imedi","link":"http://hls.t.stream-dns.net/hls/imedi/imedi.m3u8?checkedby:iptvcat.com","country":"georgia","liveliness":"99","status":"online","lastChecked":"2020-08-17T00:00:00Z","format":"sd","mbps":"1764","URI":["georgia"]},{"id":"25705","channel":"Imedi HD","link":"https://imedi-tv.cdn.xsg.ge/imedihd/tracks-v1a1/index.m3u8?checkedby:iptvcat.com","country":"georgia","liveliness":"100","status":"online","lastChecked":"2020-08-17T00:00:00Z","format":"sd","mbps":"3262","URI":["georgia"]},{"id":"31829","channel":"Imervizia TV","link":"http://tv.cdn.xsg.ge/imervizia/playlist.m3u8?checkedby:iptvcat.com","country":"georgia","liveliness":"79","status":"online","lastChecked":"2020-08-17T00:00:00Z","format":"hd","mbps":"7114","URI":["georgia","asia"]},{"id":"25706","channel":"Maestro","link":"http://tv.cdn.xsg.ge/maestro/playlist.m3u8?checkedby:iptvcat.com","country":"georgia","liveliness":"100","status":"online","lastChecked":"2020-08-17T00:00:00Z","format":"sd","mbps":"2334","URI":["georgia"]},{"id":"31830","channel":"Marneuli TV","link":"http://tv.cdn.xsg.ge/marneulitv/playlist.m3u8?checkedby:iptvcat.com","country":"georgia","liveliness":"100","status":"online","lastChecked":"2020-08-17T00:00:00Z","format":"sd","mbps":"1701","URI":["georgia","asia"]},{"id":"25707","channel":"Mtavari","link":"http://tv.cdn.xsg.ge/mtavari/playlist.m3u8?checkedby:iptvcat.com","country":"georgia","liveliness":"100","status":"online","lastChecked":"2020-08-17T00:00:00Z","format":"sd","mbps":"2480","URI":["georgia"]},{"id":"750","channel":"Music Box Georgia","link":"http://94.43.239.178:8080/CHANNEL470/BITRATE0/playlist.m3u8?checkedby:iptvcat.com","country":"georgia","liveliness":"100","status":"online","lastChecked":"2020-08-17T00:00:00Z","format":"sd","mbps":"455","URI":["georgia"]},{"id":"25709","channel":"PKTV","link":"http://tv.cdn.xsg.ge/pktv/playlist.m3u8?checkedby:iptvcat.com","country":"georgia","liveliness":"100","status":"online","lastChecked":"2020-08-17T00:00:00Z","format":"fhd 2k","mbps":"7986","URI":["georgia"]},{"id":"25710","channel":"POS TV","link":"https://tv.cdn.xsg.ge/c4315/PosTV/tracks-v1a1/index.m3u8?checkedby:iptvcat.com","country":"georgia","liveliness":"100","status":"online","lastChecked":"2020-08-17T00:00:00Z","format":"hd","mbps":"3188","URI":["georgia"]},{"id":"751","channel":"Palitra News","link":"https://livestream.palitra.ge/hls/palitratv/index.m3u8?checkedby:iptvcat.com","country":"georgia","liveliness":"100","status":"online","lastChecked":"2020-08-17T00:00:00Z","format":"sd","mbps":"2743","URI":["georgia"]},{"id":"25708","channel":"Pirveli","link":"http://tv.cdn.xsg.ge/pirvelitv/playlist.m3u8?checkedby:iptvcat.com","country":"georgia","liveliness":"100","status":"online","lastChecked":"2020-08-17T00:00:00Z","format":"sd","mbps":"2334","URI":["georgia"]},{"id":"25712","channel":"Rugby TV","link":"http://tv.cdn.xsg.ge/rtv/tracks-v1a1/index.m3u8?checkedby:iptvcat.com","country":"georgia","liveliness":"100","status":"online","lastChecked":"2020-08-17T00:00:00Z","format":"hd","mbps":"5020","URI":["georgia","sport"]},{"id":"754","channel":"Rustavi 2","link":"http://r2.t.stream-dns.net/hls/rustavi2/rustavi2.m3u8?checkedby:iptvcat.com","country":"georgia","liveliness":"99","status":"online","lastChecked":"2020-08-17T00:00:00Z","format":"sd","mbps":"1764","URI":["georgia"]},{"id":"753","channel":"Rustavi 2","link":"http://md-store4.tulix.tv/rustavi2/index.m3u8?checkedby:iptvcat.com","country":"georgia","liveliness":"99","status":"online","lastChecked":"2020-08-17T00:00:00Z","format":"sd","mbps":"1153","URI":["georgia"]},{"id":"752","channel":"Rustavi 2","link":"http://hls.t.stream-dns.net/hls/rustavi2/rustavi2.m3u8?checkedby:iptvcat.com","country":"georgia","liveliness":"99","status":"online","lastChecked":"2020-08-17T00:00:00Z","format":"sd","mbps":"1764","URI":["georgia"]},{"id":"25713","channel":"Rustavi 2","link":"http://tv.cdn.xsg.ge/rustavi2hqnew/tracks-v1a1/index.m3u8?checkedby:iptvcat.com","country":"georgia","liveliness":"100","status":"online","lastChecked":"2020-08-17T00:00:00Z","format":"sd","mbps":"2334","URI":["georgia"]},{"id":"25714","channel":"Shonitv","link":"http://tv.cdn.xsg.ge/shonitv/tracks-v1a1/index.m3u8?checkedby:iptvcat.com","country":"georgia","liveliness":"100","status":"online","lastChecked":"2020-08-17T00:00:00Z","format":"sd","mbps":"2480","URI":["georgia"]},{"id":"25715","channel":"TV 24","link":"http://tv.cdn.xsg.ge/tv24/playlist.m3u8?checkedby:iptvcat.com","country":"georgia","liveliness":"99","status":"online","lastChecked":"2020-08-17T00:00:00Z","format":"fhd 2k","mbps":"11126","URI":["georgia"]},{"id":"25716","channel":"TV 25","link":"http://tv.cdn.xsg.ge/tv25/playlist.m3u8?checkedby:iptvcat.com","country":"georgia","liveliness":"100","status":"online","lastChecked":"2020-08-17T00:00:00Z","format":"sd","mbps":"2334","URI":["georgia"]},{"id":"25717","channel":"TV MAX","link":"http://tv.cdn.xsg.ge/tvmax/playlist.m3u8?checkedby:iptvcat.com","country":"georgia","liveliness":"100","status":"online","lastChecked":"2020-08-17T00:00:00Z","format":"fhd 2k","mbps":"7986","URI":["georgia"]},{"id":"25718","channel":"Universe HD Channel","link":"http://tv.cdn.xsg.ge/universehd/playlist.m3u8?checkedby:iptvcat.com","country":"georgia","liveliness":"90","status":"online","lastChecked":"2020-08-17T00:00:00Z","format":"fhd 2k","mbps":"7986","URI":["georgia"]},{"id":"31830","channel":"Marneuli TV","link":"http://tv.cdn.xsg.ge/marneulitv/playlist.m3u8?checkedby:iptvcat.com","country":"georgia","liveliness":"100","status":"online","lastChecked":"2020-08-17T00:00:00Z","format":"sd","mbps":"1701","URI":["georgia","asia"]},{"id":"56016","channel":"Discover Georgia HD, GE | Discover Georgia HD","link":"http://tv.cdn.xsg.ge/discovergeorgia/tracks-v1a1/index.m3u8?checkedby:iptvcat.com","country":"georgia","liveliness":"99","status":"online","lastChecked":"2020-08-17T00:00:00Z","format":"sd","mbps":"6865","URI":["georgia","asia"]},{"id":"56021","channel":"GE | Mall TV, Mall TV","link":"http://tv.cdn.xsg.ge/malltv/playlist.m3u8?checkedby:iptvcat.com","country":"georgia","liveliness":"100","status":"online","lastChecked":"2020-08-17T00:00:00Z","format":"sd","mbps":"1677","URI":["georgia","asia"]},{"id":"31831","channel":"GE | Obieqtivi TV, Obieqtivi TV","link":"http://tv.cdn.xsg.ge/obiektivi/playlist.m3u8?checkedby:iptvcat.com","country":"georgia","liveliness":"100","status":"online","lastChecked":"2020-08-17T00:00:00Z","format":"sd","mbps":"2334","URI":["georgia","asia"]},{"id":"31829","channel":"Imervizia TV","link":"http://tv.cdn.xsg.ge/imervizia/playlist.m3u8?checkedby:iptvcat.com","country":"georgia","liveliness":"79","status":"online","lastChecked":"2020-08-17T00:00:00Z","format":"hd","mbps":"7114","URI":["georgia","asia"]},{"id":"56017","channel":"1 TV, GE | 1 TV","link":"https://tv.cdn.xsg.ge/gpb-1tv/tracks-v1a1/index.m3u8?checkedby:iptvcat.com","country":"georgia","liveliness":"99","status":"offline","lastChecked":"2020-08-18T00:00:00Z","format":"hd","mbps":"5020","URI":["georgia","asia"]},{"id":"31827","channel":"Adjara Sports, SPORT : Adjarasport 1, SPORT | Adjarasport 1","link":"https://receiver.adjara.com/adjarasport_live/LiveTV/index.m3u8?checkedby:iptvcat.com","country":"georgia","liveliness":"100","status":"online","lastChecked":"2020-08-17T00:00:00Z","format":"fhd 2k","mbps":"7004","URI":["georgia","asia","sport"]},{"id":"31828","channel":"Adjara Sports 2, SPORT : Adjarasport 2, SPORT | Adjarasport 2","link":"https://receiver.adjara.com/adjarasport_live/LiveTV2/index.m3u8?checkedby:iptvcat.com","country":"georgia","liveliness":"100","status":"online","lastChecked":"2020-08-17T00:00:00Z","format":"fhd 2k","mbps":"7986","URI":["georgia","asia","sport"]},{"id":"56018","channel":"BBB, GE | BBB","link":"http://tv.cdn.xsg.ge/bbb/tracks-v1a1/index.m3u8?checkedby:iptvcat.com","country":"georgia","liveliness":"100","status":"online","lastChecked":"2020-08-17T00:00:00Z","format":"sd","mbps":"6865","URI":["georgia","asia"]},{"id":"56017","channel":"1 TV, GE | 1 TV","link":"https://tv.cdn.xsg.ge/gpb-1tv/tracks-v1a1/index.m3u8?checkedby:iptvcat.com","country":"georgia","liveliness":"99","status":"offline","lastChecked":"2020-08-18T00:00:00Z","format":"hd","mbps":"5020","URI":["georgia","asia"]},{"id":"31827","channel":"Adjara Sports, SPORT : Adjarasport 1, SPORT | Adjarasport 1","link":"https://receiver.adjara.com/adjarasport_live/LiveTV/index.m3u8?checkedby:iptvcat.com","country":"georgia","liveliness":"100","status":"online","lastChecked":"2020-08-17T00:00:00Z","format":"fhd 2k","mbps":"7004","URI":["georgia","asia","sport"]},{"id":"31828","channel":"Adjara Sports 2, SPORT : Adjarasport 2, SPORT | Adjarasport 2","link":"https://receiver.adjara.com/adjarasport_live/LiveTV2/index.m3u8?checkedby:iptvcat.com","country":"georgia","liveliness":"100","status":"online","lastChecked":"2020-08-17T00:00:00Z","format":"fhd 2k","mbps":"7986","URI":["georgia","asia","sport"]},{"id":"56017","channel":"1 TV, GE | 1 TV","link":"https://tv.cdn.xsg.ge/gpb-1tv/tracks-v1a1/index.m3u8?checkedby:iptvcat.com","country":"georgia","liveliness":"99","status":"offline","lastChecked":"2020-08-18T00:00:00Z","format":"hd","mbps":"5020","URI":["georgia","asia"]},{"id":"742","channel":"1TV","link":"http://tv.cdn.xsg.ge/gpb-1tv/tracks-v1a1/index.m3u8?checkedby:iptvcat.com","country":"georgia","liveliness":"99","status":"online","lastChecked":"2020-08-17T00:00:00Z","format":"hd","mbps":"5020","URI":["georgia"]},{"id":"744","channel":"2TV","link":"https://tv.cdn.xsg.ge/gpb-2tv/tracks-v1a1/mono.m3u8?checkedby:iptvcat.com","country":"georgia","liveliness":"99","status":"online","lastChecked":"2020-08-17T00:00:00Z","format":"hd","mbps":"5020","URI":["georgia"]},{"id":"25692","channel":"Abkhaz","link":"http://tv.cdn.xsg.ge/abkhaz/playlist.m3u8?checkedby:iptvcat.com","country":"georgia","liveliness":"100","status":"online","lastChecked":"2020-08-17T00:00:00Z","format":"fhd 2k","mbps":"7986","URI":["georgia"]},{"id":"31827","channel":"Adjara Sports, SPORT : Adjarasport 1, SPORT | Adjarasport 1","link":"https://receiver.adjara.com/adjarasport_live/LiveTV/index.m3u8?checkedby:iptvcat.com","country":"georgia","liveliness":"100","status":"online","lastChecked":"2020-08-17T00:00:00Z","format":"fhd 2k","mbps":"7004","URI":["georgia","asia","sport"]},{"id":"31828","channel":"Adjara Sports 2, SPORT : Adjarasport 2, SPORT | Adjarasport 2","link":"https://receiver.adjara.com/adjarasport_live/LiveTV2/index.m3u8?checkedby:iptvcat.com","country":"georgia","liveliness":"100","status":"online","lastChecked":"2020-08-17T00:00:00Z","format":"fhd 2k","mbps":"7986","URI":["georgia","asia","sport"]},{"id":"25693","channel":"Agro tv","link":"http://tv.cdn.xsg.ge/agrotv/tracks-v1a1/index.m3u8?checkedby:iptvcat.com","country":"georgia","liveliness":"100","status":"online","lastChecked":"2020-08-17T00:00:00Z","format":"fhd 2k","mbps":"7986","URI":["georgia"]},{"id":"25694","channel":"Artarea","link":"http://tv.cdn.xsg.ge/artarea/playlist.m3u8?checkedby:iptvcat.com","country":"georgia","liveliness":"100","status":"online","lastChecked":"2020-08-17T00:00:00Z","format":"sd","mbps":"1677","URI":["georgia"]},{"id":"56018","channel":"BBB, GE | BBB","link":"http://tv.cdn.xsg.ge/bbb/tracks-v1a1/index.m3u8?checkedby:iptvcat.com","country":"georgia","liveliness":"100","status":"online","lastChecked":"2020-08-17T00:00:00Z","format":"sd","mbps":"6865","URI":["georgia","asia"]},{"id":"25695","channel":"Batumi TV","link":"http://tv.cdn.xsg.ge/batumitv/playlist.m3u8?checkedby:iptvcat.com","country":"georgia","liveliness":"100","status":"online","lastChecked":"2020-08-17T00:00:00Z","format":"fhd 2k","mbps":"11126","URI":["georgia"]},{"id":"25696","channel":"Caucasia","link":"http://tv.cdn.xsg.ge/caucasia/playlist.m3u8?checkedby:iptvcat.com","country":"georgia","liveliness":"100","status":"online","lastChecked":"2020-08-17T00:00:00Z","format":"sd","mbps":"1706","URI":["georgia"]},{"id":"25697","channel":"Comedy","link":"http://tv.cdn.xsg.ge/comedy/tracks-v1a1/index.m3u8?checkedby:iptvcat.com","country":"georgia","liveliness":"100","status":"online","lastChecked":"2020-08-17T00:00:00Z","format":"sd","mbps":"2480","URI":["georgia"]},{"id":"25698","channel":"Dia TV","link":"http://tv.cdn.xsg.ge/diatv/playlist.m3u8?checkedby:iptvcat.com","country":"georgia","liveliness":"99","status":"online","lastChecked":"2020-08-17T00:00:00Z","format":"sd","mbps":"1234","URI":["georgia"]},{"id":"56016","channel":"Discover Georgia HD, GE | Discover Georgia HD","link":"http://tv.cdn.xsg.ge/discovergeorgia/tracks-v1a1/index.m3u8?checkedby:iptvcat.com","country":"georgia","liveliness":"99","status":"online","lastChecked":"2020-08-17T00:00:00Z","format":"sd","mbps":"6865","URI":["georgia","asia"]},{"id":"25699","channel":"Dro TV","link":"http://tv.cdn.xsg.ge/drotv/playlist.m3u8?checkedby:iptvcat.com","country":"georgia","liveliness":"100","status":"online","lastChecked":"2020-08-17T00:00:00Z","format":"fhd 2k","mbps":"7004","URI":["georgia"]},{"id":"745","channel":"Enki-Benki","link":"http://94.43.239.178:8080/CHANNEL678/BITRATE0/playlist.m3u8?checkedby:iptvcat.com","country":"georgia","liveliness":"100","status":"online","lastChecked":"2020-08-17T00:00:00Z","format":"sd","mbps":"416","URI":["georgia"]},{"id":"25700","channel":"Ertsulovneba","link":"http://tv.cdn.xsg.ge/ertsulovneba/playlist.m3u8?checkedby:iptvcat.com","country":"georgia","liveliness":"100","status":"online","lastChecked":"2020-08-17T00:00:00Z","format":"sd","mbps":"2334","URI":["georgia"]},{"id":"25701","channel":"Food TV","link":"http://tv.cdn.xsg.ge/foodtv/playlist.m3u8?checkedby:iptvcat.com","country":"georgia","liveliness":"100","status":"online","lastChecked":"2020-08-17T00:00:00Z","format":"sd","mbps":"1460","URI":["georgia"]},{"id":"25702","channel":"Formula","link":"http://tv.cdn.xsg.ge/formula/tracks-v1a1/index.m3u8?checkedby:iptvcat.com","country":"georgia","liveliness":"100","status":"online","lastChecked":"2020-08-17T00:00:00Z","format":"fhd 2k","mbps":"11126","URI":["georgia"]},{"id":"746","channel":"Formula","link":"https://c4635.cdn.xsg.ge/c4635/TVFormula/tracks-v1a1/mono.m3u8?checkedby:iptvcat.com","country":"georgia","liveliness":"100","status":"online","lastChecked":"2020-08-17T00:00:00Z","format":"fhd 2k","mbps":"11126","URI":["georgia"]},{"id":"25703","channel":"GDS TV","link":"http://tv.cdn.xsg.ge/gdstv/tracks-v1a1/index.m3u8?checkedby:iptvcat.com","country":"georgia","liveliness":"100","status":"online","lastChecked":"2020-08-17T00:00:00Z","format":"sd","mbps":"2480","URI":["georgia"]},{"id":"56021","channel":"GE | Mall TV, Mall TV","link":"http://tv.cdn.xsg.ge/malltv/playlist.m3u8?checkedby:iptvcat.com","country":"georgia","liveliness":"100","status":"online","lastChecked":"2020-08-17T00:00:00Z","format":"sd","mbps":"1677","URI":["georgia","asia"]},{"id":"31831","channel":"GE | Obieqtivi TV, Obieqtivi TV","link":"http://tv.cdn.xsg.ge/obiektivi/playlist.m3u8?checkedby:iptvcat.com","country":"georgia","liveliness":"100","status":"online","lastChecked":"2020-08-17T00:00:00Z","format":"sd","mbps":"2334","URI":["georgia","asia"]},{"id":"25704","channel":"Guria tv","link":"http://tv.cdn.xsg.ge/guriatv/playlist.m3u8?checkedby:iptvcat.com","country":"georgia","liveliness":"100","status":"online","lastChecked":"2020-08-17T00:00:00Z","format":"hd","mbps":"5020","URI":["georgia"]},{"id":"747","channel":"Imedi","link":"http://hls.t.stream-dns.net/hls/imedi/imedi.m3u8?checkedby:iptvcat.com","country":"georgia","liveliness":"99","status":"online","lastChecked":"2020-08-17T00:00:00Z","format":"sd","mbps":"1764","URI":["georgia"]},{"id":"25705","channel":"Imedi HD","link":"https://imedi-tv.cdn.xsg.ge/imedihd/tracks-v1a1/index.m3u8?checkedby:iptvcat.com","country":"georgia","liveliness":"100","status":"online","lastChecked":"2020-08-17T00:00:00Z","format":"sd","mbps":"3262","URI":["georgia"]},{"id":"31829","channel":"Imervizia TV","link":"http://tv.cdn.xsg.ge/imervizia/playlist.m3u8?checkedby:iptvcat.com","country":"georgia","liveliness":"79","status":"online","lastChecked":"2020-08-17T00:00:00Z","format":"hd","mbps":"7114","URI":["georgia","asia"]},{"id":"25706","channel":"Maestro","link":"http://tv.cdn.xsg.ge/maestro/playlist.m3u8?checkedby:iptvcat.com","country":"georgia","liveliness":"100","status":"online","lastChecked":"2020-08-17T00:00:00Z","format":"sd","mbps":"2334","URI":["georgia"]},{"id":"31830","channel":"Marneuli TV","link":"http://tv.cdn.xsg.ge/marneulitv/playlist.m3u8?checkedby:iptvcat.com","country":"georgia","liveliness":"100","status":"online","lastChecked":"2020-08-17T00:00:00Z","format":"sd","mbps":"1701","URI":["georgia","asia"]},{"id":"25707","channel":"Mtavari","link":"http://tv.cdn.xsg.ge/mtavari/playlist.m3u8?checkedby:iptvcat.com","country":"georgia","liveliness":"100","status":"online","lastChecked":"2020-08-17T00:00:00Z","format":"sd","mbps":"2480","URI":["georgia"]},{"id":"750","channel":"Music Box Georgia","link":"http://94.43.239.178:8080/CHANNEL470/BITRATE0/playlist.m3u8?checkedby:iptvcat.com","country":"georgia","liveliness":"100","status":"online","lastChecked":"2020-08-17T00:00:00Z","format":"sd","mbps":"455","URI":["georgia"]},{"id":"25709","channel":"PKTV","link":"http://tv.cdn.xsg.ge/pktv/playlist.m3u8?checkedby:iptvcat.com","country":"georgia","liveliness":"100","status":"online","lastChecked":"2020-08-17T00:00:00Z","format":"fhd 2k","mbps":"7986","URI":["georgia"]},{"id":"25710","channel":"POS TV","link":"https://tv.cdn.xsg.ge/c4315/PosTV/tracks-v1a1/index.m3u8?checkedby:iptvcat.com","country":"georgia","liveliness":"100","status":"online","lastChecked":"2020-08-17T00:00:00Z","format":"hd","mbps":"3188","URI":["georgia"]},{"id":"751","channel":"Palitra News","link":"https://livestream.palitra.ge/hls/palitratv/index.m3u8?checkedby:iptvcat.com","country":"georgia","liveliness":"100","status":"online","lastChecked":"2020-08-17T00:00:00Z","format":"sd","mbps":"2743","URI":["georgia"]},{"id":"25708","channel":"Pirveli","link":"http://tv.cdn.xsg.ge/pirvelitv/playlist.m3u8?checkedby:iptvcat.com","country":"georgia","liveliness":"100","status":"online","lastChecked":"2020-08-17T00:00:00Z","format":"sd","mbps":"2334","URI":["georgia"]},{"id":"25712","channel":"Rugby TV","link":"http://tv.cdn.xsg.ge/rtv/tracks-v1a1/index.m3u8?checkedby:iptvcat.com","country":"georgia","liveliness":"100","status":"online","lastChecked":"2020-08-17T00:00:00Z","format":"hd","mbps":"5020","URI":["georgia","sport"]},{"id":"753","channel":"Rustavi 2","link":"http://md-store4.tulix.tv/rustavi2/index.m3u8?checkedby:iptvcat.com","country":"georgia","liveliness":"99","status":"online","lastChecked":"2020-08-17T00:00:00Z","format":"sd","mbps":"1153","URI":["georgia"]},{"id":"752","channel":"Rustavi 2","link":"http://hls.t.stream-dns.net/hls/rustavi2/rustavi2.m3u8?checkedby:iptvcat.com","country":"georgia","liveliness":"99","status":"online","lastChecked":"2020-08-17T00:00:00Z","format":"sd","mbps":"1764","URI":["georgia"]},{"id":"25713","channel":"Rustavi 2","link":"http://tv.cdn.xsg.ge/rustavi2hqnew/tracks-v1a1/index.m3u8?checkedby:iptvcat.com","country":"georgia","liveliness":"100","status":"online","lastChecked":"2020-08-17T00:00:00Z","format":"sd","mbps":"2334","URI":["georgia"]},{"id":"754","channel":"Rustavi 2","link":"http://r2.t.stream-dns.net/hls/rustavi2/rustavi2.m3u8?checkedby:iptvcat.com","country":"georgia","liveliness":"99","status":"online","lastChecked":"2020-08-17T00:00:00Z","format":"sd","mbps":"1764","URI":["georgia"]},{"id":"25714","channel":"Shonitv","link":"http://tv.cdn.xsg.ge/shonitv/tracks-v1a1/index.m3u8?checkedby:iptvcat.com","country":"georgia","liveliness":"100","status":"online","lastChecked":"2020-08-17T00:00:00Z","format":"sd","mbps":"2480","URI":["georgia"]},{"id":"25715","channel":"TV 24","link":"http://tv.cdn.xsg.ge/tv24/playlist.m3u8?checkedby:iptvcat.com","country":"georgia","liveliness":"99","status":"online","lastChecked":"2020-08-17T00:00:00Z","format":"fhd 2k","mbps":"11126","URI":["georgia"]},{"id":"25716","channel":"TV 25","link":"http://tv.cdn.xsg.ge/tv25/playlist.m3u8?checkedby:iptvcat.com","country":"georgia","liveliness":"100","status":"online","lastChecked":"2020-08-17T00:00:00Z","format":"sd","mbps":"2334","URI":["georgia"]},{"id":"25717","channel":"TV MAX","link":"http://tv.cdn.xsg.ge/tvmax/playlist.m3u8?checkedby:iptvcat.com","country":"georgia","liveliness":"100","status":"online","lastChecked":"2020-08-17T00:00:00Z","format":"fhd 2k","mbps":"7986","URI":["georgia"]},{"id":"25718","channel":"Universe HD Channel","link":"http://tv.cdn.xsg.ge/universehd/playlist.m3u8?checkedby:iptvcat.com","country":"georgia","liveliness":"90","status":"online","lastChecked":"2020-08-17T00:00:00Z","format":"fhd 2k","mbps":"7986","URI":["georgia"]},{"id":"56017","channel":"1 TV, GE | 1 TV","link":"https://tv.cdn.xsg.ge/gpb-1tv/tracks-v1a1/index.m3u8?checkedby:iptvcat.com","country":"georgia","liveliness":"99","status":"offline","lastChecked":"2020-08-18T00:00:00Z","format":"hd","mbps":"5020","URI":["georgia","asia"]},{"id":"31827","channel":"Adjara Sports, SPORT : Adjarasport 1, SPORT | Adjarasport 1","link":"https://receiver.adjara.com/adjarasport_live/LiveTV/index.m3u8?checkedby:iptvcat.com","country":"georgia","liveliness":"100","status":"online","lastChecked":"2020-08-17T00:00:00Z","format":"fhd 2k","mbps":"7004","URI":["georgia","asia","sport"]},{"id":"31828","channel":"Adjara Sports 2, SPORT : Adjarasport 2, SPORT | Adjarasport 2","link":"https://receiver.adjara.com/adjarasport_live/LiveTV2/index.m3u8?checkedby:iptvcat.com","country":"georgia","liveliness":"100","status":"online","lastChecked":"2020-08-17T00:00:00Z","format":"fhd 2k","mbps":"7986","URI":["georgia","asia","sport"]},{"id":"56017","channel":"1 TV, GE | 1 TV","link":"https://tv.cdn.xsg.ge/gpb-1tv/tracks-v1a1/index.m3u8?checkedby:iptvcat.com","country":"georgia","liveliness":"99","status":"offline","lastChecked":"2020-08-18T00:00:00Z","format":"hd","mbps":"5020","URI":["georgia","asia"]},{"id":"31827","channel":"Adjara Sports, SPORT : Adjarasport 1, SPORT | Adjarasport 1","link":"https://receiver.adjara.com/adjarasport_live/LiveTV/index.m3u8?checkedby:iptvcat.com","country":"georgia","liveliness":"100","status":"online","lastChecked":"2020-08-17T00:00:00Z","format":"fhd 2k","mbps":"7004","URI":["georgia","asia","sport"]},{"id":"31828","channel":"Adjara Sports 2, SPORT : Adjarasport 2, SPORT | Adjarasport 2","link":"https://receiver.adjara.com/adjarasport_live/LiveTV2/index.m3u8?checkedby:iptvcat.com","country":"georgia","liveliness":"100","status":"online","lastChecked":"2020-08-17T00:00:00Z","format":"fhd 2k","mbps":"7986","URI":["georgia","asia","sport"]},{"id":"56017","channel":"1 TV, GE | 1 TV","link":"https://tv.cdn.xsg.ge/gpb-1tv/tracks-v1a1/index.m3u8?checkedby:iptvcat.com","country":"georgia","liveliness":"99","status":"offline","lastChecked":"2020-08-18T00:00:00Z","format":"hd","mbps":"5020","URI":["georgia","asia"]},{"id":"742","channel":"1TV","link":"http://tv.cdn.xsg.ge/gpb-1tv/tracks-v1a1/index.m3u8?checkedby:iptvcat.com","country":"georgia","liveliness":"99","status":"online","lastChecked":"2020-08-17T00:00:00Z","format":"hd","mbps":"5020","URI":["georgia"]},{"id":"744","channel":"2TV","link":"https://tv.cdn.xsg.ge/gpb-2tv/tracks-v1a1/mono.m3u8?checkedby:iptvcat.com","country":"georgia","liveliness":"99","status":"online","lastChecked":"2020-08-17T00:00:00Z","format":"hd","mbps":"5020","URI":["georgia"]},{"id":"25692","channel":"Abkhaz","link":"http://tv.cdn.xsg.ge/abkhaz/playlist.m3u8?checkedby:iptvcat.com","country":"georgia","liveliness":"100","status":"online","lastChecked":"2020-08-17T00:00:00Z","format":"fhd 2k","mbps":"7986","URI":["georgia"]},{"id":"31827","channel":"Adjara Sports, SPORT : Adjarasport 1, SPORT | Adjarasport 1","link":"https://receiver.adjara.com/adjarasport_live/LiveTV/index.m3u8?checkedby:iptvcat.com","country":"georgia","liveliness":"100","status":"online","lastChecked":"2020-08-17T00:00:00Z","format":"fhd 2k","mbps":"7004","URI":["georgia","asia","sport"]},{"id":"31828","channel":"Adjara Sports 2, SPORT : Adjarasport 2, SPORT | Adjarasport 2","link":"https://receiver.adjara.com/adjarasport_live/LiveTV2/index.m3u8?checkedby:iptvcat.com","country":"georgia","liveliness":"100","status":"online","lastChecked":"2020-08-17T00:00:00Z","format":"fhd 2k","mbps":"7986","URI":["georgia","asia","sport"]},{"id":"25693","channel":"Agro tv","link":"http://tv.cdn.xsg.ge/agrotv/tracks-v1a1/index.m3u8?checkedby:iptvcat.com","country":"georgia","liveliness":"100","status":"online","lastChecked":"2020-08-17T00:00:00Z","format":"fhd 2k","mbps":"7986","URI":["georgia"]},{"id":"25694","channel":"Artarea","link":"http://tv.cdn.xsg.ge/artarea/playlist.m3u8?checkedby:iptvcat.com","country":"georgia","liveliness":"100","status":"online","lastChecked":"2020-08-17T00:00:00Z","format":"sd","mbps":"1677","URI":["georgia"]},{"id":"56018","channel":"BBB, GE | BBB","link":"http://tv.cdn.xsg.ge/bbb/tracks-v1a1/index.m3u8?checkedby:iptvcat.com","country":"georgia","liveliness":"100","status":"online","lastChecked":"2020-08-17T00:00:00Z","format":"sd","mbps":"6865","URI":["georgia","asia"]},{"id":"25695","channel":"Batumi TV","link":"http://tv.cdn.xsg.ge/batumitv/playlist.m3u8?checkedby:iptvcat.com","country":"georgia","liveliness":"100","status":"online","lastChecked":"2020-08-17T00:00:00Z","format":"fhd 2k","mbps":"11126","URI":["georgia"]},{"id":"25696","channel":"Caucasia","link":"http://tv.cdn.xsg.ge/caucasia/playlist.m3u8?checkedby:iptvcat.com","country":"georgia","liveliness":"100","status":"online","lastChecked":"2020-08-17T00:00:00Z","format":"sd","mbps":"1706","URI":["georgia"]},{"id":"25697","channel":"Comedy","link":"http://tv.cdn.xsg.ge/comedy/tracks-v1a1/index.m3u8?checkedby:iptvcat.com","country":"georgia","liveliness":"100","status":"online","lastChecked":"2020-08-17T00:00:00Z","format":"sd","mbps":"2480","URI":["georgia"]},{"id":"25698","channel":"Dia TV","link":"http://tv.cdn.xsg.ge/diatv/playlist.m3u8?checkedby:iptvcat.com","country":"georgia","liveliness":"99","status":"online","lastChecked":"2020-08-17T00:00:00Z","format":"sd","mbps":"1234","URI":["georgia"]},{"id":"56016","channel":"Discover Georgia HD, GE | Discover Georgia HD","link":"http://tv.cdn.xsg.ge/discovergeorgia/tracks-v1a1/index.m3u8?checkedby:iptvcat.com","country":"georgia","liveliness":"99","status":"online","lastChecked":"2020-08-17T00:00:00Z","format":"sd","mbps":"6865","URI":["georgia","asia"]},{"id":"25699","channel":"Dro TV","link":"http://tv.cdn.xsg.ge/drotv/playlist.m3u8?checkedby:iptvcat.com","country":"georgia","liveliness":"100","status":"online","lastChecked":"2020-08-17T00:00:00Z","format":"fhd 2k","mbps":"7004","URI":["georgia"]},{"id":"745","channel":"Enki-Benki","link":"http://94.43.239.178:8080/CHANNEL678/BITRATE0/playlist.m3u8?checkedby:iptvcat.com","country":"georgia","liveliness":"100","status":"online","lastChecked":"2020-08-17T00:00:00Z","format":"sd","mbps":"416","URI":["georgia"]},{"id":"25700","channel":"Ertsulovneba","link":"http://tv.cdn.xsg.ge/ertsulovneba/playlist.m3u8?checkedby:iptvcat.com","country":"georgia","liveliness":"100","status":"online","lastChecked":"2020-08-17T00:00:00Z","format":"sd","mbps":"2334","URI":["georgia"]},{"id":"25701","channel":"Food TV","link":"http://tv.cdn.xsg.ge/foodtv/playlist.m3u8?checkedby:iptvcat.com","country":"georgia","liveliness":"100","status":"online","lastChecked":"2020-08-17T00:00:00Z","format":"sd","mbps":"1460","URI":["georgia"]},{"id":"25702","channel":"Formula","link":"http://tv.cdn.xsg.ge/formula/tracks-v1a1/index.m3u8?checkedby:iptvcat.com","country":"georgia","liveliness":"100","status":"online","lastChecked":"2020-08-17T00:00:00Z","format":"fhd 2k","mbps":"11126","URI":["georgia"]},{"id":"746","channel":"Formula","link":"https://c4635.cdn.xsg.ge/c4635/TVFormula/tracks-v1a1/mono.m3u8?checkedby:iptvcat.com","country":"georgia","liveliness":"100","status":"online","lastChecked":"2020-08-17T00:00:00Z","format":"fhd 2k","mbps":"11126","URI":["georgia"]},{"id":"25703","channel":"GDS TV","link":"http://tv.cdn.xsg.ge/gdstv/tracks-v1a1/index.m3u8?checkedby:iptvcat.com","country":"georgia","liveliness":"100","status":"online","lastChecked":"2020-08-17T00:00:00Z","format":"sd","mbps":"2480","URI":["georgia"]},{"id":"56021","channel":"GE | Mall TV, Mall TV","link":"http://tv.cdn.xsg.ge/malltv/playlist.m3u8?checkedby:iptvcat.com","country":"georgia","liveliness":"100","status":"online","lastChecked":"2020-08-17T00:00:00Z","format":"sd","mbps":"1677","URI":["georgia","asia"]},{"id":"31831","channel":"GE | Obieqtivi TV, Obieqtivi TV","link":"http://tv.cdn.xsg.ge/obiektivi/playlist.m3u8?checkedby:iptvcat.com","country":"georgia","liveliness":"100","status":"online","lastChecked":"2020-08-17T00:00:00Z","format":"sd","mbps":"2334","URI":["georgia","asia"]},{"id":"25704","channel":"Guria tv","link":"http://tv.cdn.xsg.ge/guriatv/playlist.m3u8?checkedby:iptvcat.com","country":"georgia","liveliness":"100","status":"online","lastChecked":"2020-08-17T00:00:00Z","format":"hd","mbps":"5020","URI":["georgia"]},{"id":"747","channel":"Imedi","link":"http://hls.t.stream-dns.net/hls/imedi/imedi.m3u8?checkedby:iptvcat.com","country":"georgia","liveliness":"99","status":"online","lastChecked":"2020-08-17T00:00:00Z","format":"sd","mbps":"1764","URI":["georgia"]},{"id":"25705","channel":"Imedi HD","link":"https://imedi-tv.cdn.xsg.ge/imedihd/tracks-v1a1/index.m3u8?checkedby:iptvcat.com","country":"georgia","liveliness":"100","status":"online","lastChecked":"2020-08-17T00:00:00Z","format":"sd","mbps":"3262","URI":["georgia"]},{"id":"31829","channel":"Imervizia TV","link":"http://tv.cdn.xsg.ge/imervizia/playlist.m3u8?checkedby:iptvcat.com","country":"georgia","liveliness":"79","status":"online","lastChecked":"2020-08-17T00:00:00Z","format":"hd","mbps":"7114","URI":["georgia","asia"]},{"id":"25706","channel":"Maestro","link":"http://tv.cdn.xsg.ge/maestro/playlist.m3u8?checkedby:iptvcat.com","country":"georgia","liveliness":"100","status":"online","lastChecked":"2020-08-17T00:00:00Z","format":"sd","mbps":"2334","URI":["georgia"]},{"id":"31830","channel":"Marneuli TV","link":"http://tv.cdn.xsg.ge/marneulitv/playlist.m3u8?checkedby:iptvcat.com","country":"georgia","liveliness":"100","status":"online","lastChecked":"2020-08-17T00:00:00Z","format":"sd","mbps":"1701","URI":["georgia","asia"]},{"id":"25707","channel":"Mtavari","link":"http://tv.cdn.xsg.ge/mtavari/playlist.m3u8?checkedby:iptvcat.com","country":"georgia","liveliness":"100","status":"online","lastChecked":"2020-08-17T00:00:00Z","format":"sd","mbps":"2480","URI":["georgia"]},{"id":"750","channel":"Music Box Georgia","link":"http://94.43.239.178:8080/CHANNEL470/BITRATE0/playlist.m3u8?checkedby:iptvcat.com","country":"georgia","liveliness":"100","status":"online","lastChecked":"2020-08-17T00:00:00Z","format":"sd","mbps":"455","URI":["georgia"]},{"id":"25709","channel":"PKTV","link":"http://tv.cdn.xsg.ge/pktv/playlist.m3u8?checkedby:iptvcat.com","country":"georgia","liveliness":"100","status":"online","lastChecked":"2020-08-17T00:00:00Z","format":"fhd 2k","mbps":"7986","URI":["georgia"]},{"id":"25710","channel":"POS TV","link":"https://tv.cdn.xsg.ge/c4315/PosTV/tracks-v1a1/index.m3u8?checkedby:iptvcat.com","country":"georgia","liveliness":"100","status":"online","lastChecked":"2020-08-17T00:00:00Z","format":"hd","mbps":"3188","URI":["georgia"]},{"id":"751","channel":"Palitra News","link":"https://livestream.palitra.ge/hls/palitratv/index.m3u8?checkedby:iptvcat.com","country":"georgia","liveliness":"100","status":"online","lastChecked":"2020-08-17T00:00:00Z","format":"sd","mbps":"2743","URI":["georgia"]},{"id":"25708","channel":"Pirveli","link":"http://tv.cdn.xsg.ge/pirvelitv/playlist.m3u8?checkedby:iptvcat.com","country":"georgia","liveliness":"100","status":"online","lastChecked":"2020-08-17T00:00:00Z","format":"sd","mbps":"2334","URI":["georgia"]},{"id":"25712","channel":"Rugby TV","link":"http://tv.cdn.xsg.ge/rtv/tracks-v1a1/index.m3u8?checkedby:iptvcat.com","country":"georgia","liveliness":"100","status":"online","lastChecked":"2020-08-17T00:00:00Z","format":"hd","mbps":"5020","URI":["georgia","sport"]},{"id":"754","channel":"Rustavi 2","link":"http://r2.t.stream-dns.net/hls/rustavi2/rustavi2.m3u8?checkedby:iptvcat.com","country":"georgia","liveliness":"99","status":"online","lastChecked":"2020-08-17T00:00:00Z","format":"sd","mbps":"1764","URI":["georgia"]},{"id":"753","channel":"Rustavi 2","link":"http://md-store4.tulix.tv/rustavi2/index.m3u8?checkedby:iptvcat.com","country":"georgia","liveliness":"99","status":"online","lastChecked":"2020-08-17T00:00:00Z","format":"sd","mbps":"1153","URI":["georgia"]},{"id":"752","channel":"Rustavi 2","link":"http://hls.t.stream-dns.net/hls/rustavi2/rustavi2.m3u8?checkedby:iptvcat.com","country":"georgia","liveliness":"99","status":"online","lastChecked":"2020-08-17T00:00:00Z","format":"sd","mbps":"1764","URI":["georgia"]},{"id":"25713","channel":"Rustavi 2","link":"http://tv.cdn.xsg.ge/rustavi2hqnew/tracks-v1a1/index.m3u8?checkedby:iptvcat.com","country":"georgia","liveliness":"100","status":"online","lastChecked":"2020-08-17T00:00:00Z","format":"sd","mbps":"2334","URI":["georgia"]},{"id":"25714","channel":"Shonitv","link":"http://tv.cdn.xsg.ge/shonitv/tracks-v1a1/index.m3u8?checkedby:iptvcat.com","country":"georgia","liveliness":"100","status":"online","lastChecked":"2020-08-17T00:00:00Z","format":"sd","mbps":"2480","URI":["georgia"]},{"id":"25715","channel":"TV 24","link":"http://tv.cdn.xsg.ge/tv24/playlist.m3u8?checkedby:iptvcat.com","country":"georgia","liveliness":"99","status":"online","lastChecked":"2020-08-17T00:00:00Z","format":"fhd 2k","mbps":"11126","URI":["georgia"]},{"id":"25716","channel":"TV 25","link":"http://tv.cdn.xsg.ge/tv25/playlist.m3u8?checkedby:iptvcat.com","country":"georgia","liveliness":"100","status":"online","lastChecked":"2020-08-17T00:00:00Z","format":"sd","mbps":"2334","URI":["georgia"]},{"id":"25717","channel":"TV MAX","link":"http://tv.cdn.xsg.ge/tvmax/playlist.m3u8?checkedby:iptvcat.com","country":"georgia","liveliness":"100","status":"online","lastChecked":"2020-08-17T00:00:00Z","format":"fhd 2k","mbps":"7986","URI":["georgia"]},{"id":"25718","channel":"Universe HD Channel","link":"http://tv.cdn.xsg.ge/universehd/playlist.m3u8?checkedby:iptvcat.com","country":"georgia","liveliness":"90","status":"online","lastChecked":"2020-08-17T00:00:00Z","format":"fhd 2k","mbps":"7986","URI":["georgia"]},{"id":"31827","channel":"Adjara Sports, SPORT : Adjarasport 1, SPORT | Adjarasport 1","link":"https://receiver.adjara.com/adjarasport_live/LiveTV/index.m3u8?checkedby:iptvcat.com","country":"georgia","liveliness":"100","status":"online","lastChecked":"2020-08-17T00:00:00Z","format":"fhd 2k","mbps":"7004","URI":["georgia","asia","sport"]},{"id":"31828","channel":"Adjara Sports 2, SPORT : Adjarasport 2, SPORT | Adjarasport 2","link":"https://receiver.adjara.com/adjarasport_live/LiveTV2/index.m3u8?checkedby:iptvcat.com","country":"georgia","liveliness":"100","status":"online","lastChecked":"2020-08-17T00:00:00Z","format":"fhd 2k","mbps":"7986","URI":["georgia","asia","sport"]},{"id":"25712","channel":"Rugby TV","link":"http://tv.cdn.xsg.ge/rtv/tracks-v1a1/index.m3u8?checkedby:iptvcat.com","country":"georgia","liveliness":"100","status":"online","lastChecked":"2020-08-17T00:00:00Z","format":"hd","mbps":"5020","URI":["georgia","sport"]},{"id":"31827","channel":"Adjara Sports, SPORT : Adjarasport 1, SPORT | Adjarasport 1","link":"https://receiver.adjara.com/adjarasport_live/LiveTV/index.m3u8?checkedby:iptvcat.com","country":"georgia","liveliness":"100","status":"online","lastChecked":"2020-08-17T00:00:00Z","format":"fhd 2k","mbps":"7004","URI":["georgia","asia","sport"]},{"id":"31828","channel":"Adjara Sports 2, SPORT : Adjarasport 2, SPORT | Adjarasport 2","link":"https://receiver.adjara.com/adjarasport_live/LiveTV2/index.m3u8?checkedby:iptvcat.com","country":"georgia","liveliness":"100","status":"online","lastChecked":"2020-08-17T00:00:00Z","format":"fhd 2k","mbps":"7986","URI":["georgia","asia","sport"]},{"id":"25712","channel":"Rugby TV","link":"http://tv.cdn.xsg.ge/rtv/tracks-v1a1/index.m3u8?checkedby:iptvcat.com","country":"georgia","liveliness":"100","status":"online","lastChecked":"2020-08-17T00:00:00Z","format":"hd","mbps":"5020","URI":["georgia","sport"]}]