[{"id":"917","channel":"Resurrection TV","link":"http://rtmp.ottdemo.rrsat.com/rrsatrtv1/rrsatrtvmulti.smil/chunklist.m3u8?checkedby:iptvcat.com","country":"ghana","liveliness":"97","status":"online","lastChecked":"2020-08-17T00:00:00Z","format":"sd","mbps":"1357, ...","URI":["ghana"]},{"id":"918","channel":"TV Africa (Ghana)","link":"http://africatv.live.net.sa:1935/live/africatv/playlist.m3u8?checkedby:iptvcat.com","country":"ghana","liveliness":"96","status":"online","lastChecked":"2020-08-17T00:00:00Z","format":"hd","mbps":"5216","URI":["ghana"]}]