[{"id":"980","channel":"Nago TV","link":"http://haititivi.com:8088/haititv/tele6NY/index.m3u8?checkedby:iptvcat.com","country":"haiti","liveliness":"97","status":"online","lastChecked":"2020-08-17T00:00:00Z","format":"hd","mbps":"4318","URI":["haiti"]},{"id":"981","channel":"Nago TV","link":"http://haititivi.com:8088/haititv/tele6NY/tracks-v1a1/index.m3u8?checkedby:iptvcat.com","country":"haiti","liveliness":"97","status":"online","lastChecked":"2020-08-17T00:00:00Z","format":"hd","mbps":"4318","URI":["haiti"]},{"id":"985","channel":"Radio TeleBoston (USA)","link":"http://162.244.81.145:3333/live//telebostonrtb/playlist.m3u8?checkedby:iptvcat.com","country":"haiti","liveliness":"99","status":"online","lastChecked":"2020-08-17T00:00:00Z","format":"hd","mbps":"4318","URI":["haiti"]},{"id":"989","channel":"Tele Louange","link":"https://5790d294af2dc.streamlock.net/8124/8124/chunklist.m3u8?checkedby:iptvcat.com","country":"haiti","liveliness":"98","status":"online","lastChecked":"2020-08-17T00:00:00Z","format":"hd","mbps":"3795","URI":["haiti"]}]