[{"id":"132891","channel":"Ebenezer TV","link":"http://p1.worldkast.com/ebenezertv2/ngrp:ebenezertv2_all/playlist.m3u8?checkedby:iptvcat.com","country":"honduras","liveliness":"83","status":"offline","lastChecked":"2020-08-18T00:00:00Z","format":"hd","mbps":"5991, ...","URI":["north_america","north america","honduras","latin america","latin_america"]},{"id":"132889","channel":"Campus TV","link":"http://st2.worldkast.com/8004/8004/playlist.m3u8?checkedby:iptvcat.com","country":"honduras","liveliness":"99","status":"online","lastChecked":"2020-08-17T00:00:00Z","format":"sd","mbps":"1600","URI":["north_america","north america","honduras","latin america","latin_america"]},{"id":"132890","channel":"Cholusat Sur 36","link":"http://audiotvserver.net:1935/livemedia/cholusat/playlist.m3u8?checkedby:iptvcat.com","country":"honduras","liveliness":"92","status":"online","lastChecked":"2020-08-17T00:00:00Z","format":"sd","mbps":"395","URI":["north_america","north america","honduras","latin america","latin_america"]},{"id":"132891","channel":"Ebenezer TV","link":"http://p1.worldkast.com/ebenezertv2/ngrp:ebenezertv2_all/playlist.m3u8?checkedby:iptvcat.com","country":"honduras","liveliness":"83","status":"offline","lastChecked":"2020-08-18T00:00:00Z","format":"hd","mbps":"5991, ...","URI":["north_america","north america","honduras","latin america","latin_america"]},{"id":"132889","channel":"Campus TV","link":"http://st2.worldkast.com/8004/8004/playlist.m3u8?checkedby:iptvcat.com","country":"honduras","liveliness":"99","status":"online","lastChecked":"2020-08-17T00:00:00Z","format":"sd","mbps":"1600","URI":["north_america","north america","honduras","latin america","latin_america"]},{"id":"132890","channel":"Cholusat Sur 36","link":"http://audiotvserver.net:1935/livemedia/cholusat/playlist.m3u8?checkedby:iptvcat.com","country":"honduras","liveliness":"92","status":"online","lastChecked":"2020-08-17T00:00:00Z","format":"sd","mbps":"395","URI":["north_america","north america","honduras","latin america","latin_america"]},{"id":"994","channel":"CCI Channel","link":"http://stream.innovandote.com:1935/cci/cci/playlist.m3u8?checkedby:iptvcat.com","country":"honduras","liveliness":"98","status":"online","lastChecked":"2020-08-17T00:00:00Z","format":"hd","mbps":"4318","URI":["honduras"]},{"id":"992","channel":"Campus TV","link":"http://st2.worldkast.com/8004/8004/chunklist_w733100229.m3u8?checkedby:iptvcat.com","country":"honduras","liveliness":"98","status":"online","lastChecked":"2020-08-17T00:00:00Z","format":"sd","mbps":"1600","URI":["honduras"]},{"id":"991","channel":"Campus TV","link":"http://st2.worldkast.com/8004/8004/chunklist_w1315793139.m3u8?checkedby:iptvcat.com","country":"honduras","liveliness":"99","status":"online","lastChecked":"2020-08-17T00:00:00Z","format":"sd","mbps":"1600","URI":["honduras"]},{"id":"132889","channel":"Campus TV","link":"http://st2.worldkast.com/8004/8004/playlist.m3u8?checkedby:iptvcat.com","country":"honduras","liveliness":"99","status":"online","lastChecked":"2020-08-17T00:00:00Z","format":"sd","mbps":"1600","URI":["north_america","north america","honduras","latin america","latin_america"]},{"id":"132890","channel":"Cholusat Sur 36","link":"http://audiotvserver.net:1935/livemedia/cholusat/playlist.m3u8?checkedby:iptvcat.com","country":"honduras","liveliness":"92","status":"online","lastChecked":"2020-08-17T00:00:00Z","format":"sd","mbps":"395","URI":["north_america","north america","honduras","latin america","latin_america"]},{"id":"997","channel":"Ebenezer TV","link":"http://hds4.worldkast.com:1935/ebenezertv2/ebenezertv2_source/live.m3u8?checkedby:iptvcat.com","country":"honduras","liveliness":"96","status":"online","lastChecked":"2020-08-17T00:00:00Z","format":"hd","mbps":"5991","URI":["honduras"]},{"id":"996","channel":"Ebenezer TV","link":"http://hds4.worldkast.com:1935/ebenezertv2/ebenezertv2/live.m3u8?checkedby:iptvcat.com","country":"honduras","liveliness":"96","status":"offline","lastChecked":"2020-08-17T00:00:00Z","format":"hd","mbps":"5991","URI":["honduras"]},{"id":"132891","channel":"Ebenezer TV","link":"http://p1.worldkast.com/ebenezertv2/ngrp:ebenezertv2_all/playlist.m3u8?checkedby:iptvcat.com","country":"honduras","liveliness":"83","status":"offline","lastChecked":"2020-08-18T00:00:00Z","format":"hd","mbps":"5991, ...","URI":["north_america","north america","honduras","latin america","latin_america"]},{"id":"1001","channel":"Sercano TV","link":"http://stream.grupoabchn.com:1935/SERCANOHD/SERCANOLive.smil/chunklist_w330137931_b1848000.m3u8?checkedby:iptvcat.com","country":"honduras","liveliness":"99","status":"online","lastChecked":"2020-08-17T00:00:00Z","format":"hd","mbps":"5991","URI":["honduras"]},{"id":"1005","channel":"Suyapa TV","link":"http://173.236.71.62:1935/canal48/c48.sdp/chunklist_w892064858.m3u8?checkedby:iptvcat.com","country":"honduras","liveliness":"96","status":"online","lastChecked":"2020-08-17T00:00:00Z","format":"hd","mbps":"5997","URI":["honduras"]},{"id":"1008","channel":"TEN Canal 10","link":"http://5a90011f1fc27.streamlock.net:443/TENHD/TENLive.smil/chunklist_w517207077_b1848000.m3u8?checkedby:iptvcat.com","country":"honduras","liveliness":"99","status":"online","lastChecked":"2020-08-17T00:00:00Z","format":"hd","mbps":"5991","URI":["honduras"]},{"id":"1013","channel":"TEN Canal 10","link":"http://stream.grupoabchn.com:1935/TENHD/TENLive.smil/playlist.m3u8?checkedby:iptvcat.com","country":"honduras","liveliness":"98","status":"online","lastChecked":"2020-08-17T00:00:00Z","format":"hd","mbps":"5991","URI":["honduras"]},{"id":"1012","channel":"TEN Canal 10","link":"http://stream.grupoabchn.com:1935/TENHD/TENLive.smil/master.m3u8?checkedby:iptvcat.com","country":"honduras","liveliness":"98","status":"online","lastChecked":"2020-08-17T00:00:00Z","format":"hd","mbps":"5991","URI":["honduras"]},{"id":"1011","channel":"TEN Canal 10","link":"http://stream.grupoabchn.com:1935/TENHD/TENLive.smil/chunklist_w1969563977_b1848000.m3u8?checkedby:iptvcat.com","country":"honduras","liveliness":"99","status":"online","lastChecked":"2020-08-17T00:00:00Z","format":"hd","mbps":"5991","URI":["honduras"]},{"id":"1010","channel":"TEN Canal 10","link":"http://stream.grupoabchn.com:1935/TENHD/TENLive.smil/chunklist_w1445105875_b1848000.m3u8?checkedby:iptvcat.com","country":"honduras","liveliness":"99","status":"online","lastChecked":"2020-08-17T00:00:00Z","format":"hd","mbps":"5991","URI":["honduras"]},{"id":"1009","channel":"TEN Canal 10","link":"http://stream.grupoabchn.com:1935/TENHD/TENLive.smil/chunklist_w1445105875_b1248000.m3u8?checkedby:iptvcat.com","country":"honduras","liveliness":"99","status":"online","lastChecked":"2020-08-17T00:00:00Z","format":"sd","mbps":"3429","URI":["honduras"]},{"id":"1006","channel":"Teleceiba Canal 7","link":"http://190.11.224.14:8134/liveevent.m3u8?checkedby:iptvcat.com","country":"honduras","liveliness":"100","status":"online","lastChecked":"2020-08-17T00:00:00Z","format":"sd","mbps":"1984, ...","URI":["honduras"]},{"id":"13580","channel":"Teleceiba Canal 7","link":"http://bit.ly/2NLhkKX?checkedby:iptvcat.com","country":"honduras","liveliness":"98","status":"online","lastChecked":"2020-08-17T00:00:00Z","format":"sd","mbps":"1984, ...","URI":["honduras"]},{"id":"994","channel":"CCI Channel","link":"http://stream.innovandote.com:1935/cci/cci/playlist.m3u8?checkedby:iptvcat.com","country":"honduras","liveliness":"98","status":"online","lastChecked":"2020-08-17T00:00:00Z","format":"hd","mbps":"4318","URI":["honduras"]},{"id":"992","channel":"Campus TV","link":"http://st2.worldkast.com/8004/8004/chunklist_w733100229.m3u8?checkedby:iptvcat.com","country":"honduras","liveliness":"98","status":"online","lastChecked":"2020-08-17T00:00:00Z","format":"sd","mbps":"1600","URI":["honduras"]},{"id":"991","channel":"Campus TV","link":"http://st2.worldkast.com/8004/8004/chunklist_w1315793139.m3u8?checkedby:iptvcat.com","country":"honduras","liveliness":"99","status":"online","lastChecked":"2020-08-17T00:00:00Z","format":"sd","mbps":"1600","URI":["honduras"]},{"id":"132889","channel":"Campus TV","link":"http://st2.worldkast.com/8004/8004/playlist.m3u8?checkedby:iptvcat.com","country":"honduras","liveliness":"99","status":"online","lastChecked":"2020-08-17T00:00:00Z","format":"sd","mbps":"1600","URI":["north_america","north america","honduras","latin america","latin_america"]},{"id":"132890","channel":"Cholusat Sur 36","link":"http://audiotvserver.net:1935/livemedia/cholusat/playlist.m3u8?checkedby:iptvcat.com","country":"honduras","liveliness":"92","status":"online","lastChecked":"2020-08-17T00:00:00Z","format":"sd","mbps":"395","URI":["north_america","north america","honduras","latin america","latin_america"]},{"id":"997","channel":"Ebenezer TV","link":"http://hds4.worldkast.com:1935/ebenezertv2/ebenezertv2_source/live.m3u8?checkedby:iptvcat.com","country":"honduras","liveliness":"96","status":"online","lastChecked":"2020-08-17T00:00:00Z","format":"hd","mbps":"5991","URI":["honduras"]},{"id":"132891","channel":"Ebenezer TV","link":"http://p1.worldkast.com/ebenezertv2/ngrp:ebenezertv2_all/playlist.m3u8?checkedby:iptvcat.com","country":"honduras","liveliness":"83","status":"offline","lastChecked":"2020-08-18T00:00:00Z","format":"hd","mbps":"5991, ...","URI":["north_america","north america","honduras","latin america","latin_america"]},{"id":"996","channel":"Ebenezer TV","link":"http://hds4.worldkast.com:1935/ebenezertv2/ebenezertv2/live.m3u8?checkedby:iptvcat.com","country":"honduras","liveliness":"96","status":"offline","lastChecked":"2020-08-17T00:00:00Z","format":"hd","mbps":"5991","URI":["honduras"]},{"id":"1001","channel":"Sercano TV","link":"http://stream.grupoabchn.com:1935/SERCANOHD/SERCANOLive.smil/chunklist_w330137931_b1848000.m3u8?checkedby:iptvcat.com","country":"honduras","liveliness":"99","status":"online","lastChecked":"2020-08-17T00:00:00Z","format":"hd","mbps":"5991","URI":["honduras"]},{"id":"1005","channel":"Suyapa TV","link":"http://173.236.71.62:1935/canal48/c48.sdp/chunklist_w892064858.m3u8?checkedby:iptvcat.com","country":"honduras","liveliness":"96","status":"online","lastChecked":"2020-08-17T00:00:00Z","format":"hd","mbps":"5997","URI":["honduras"]},{"id":"1013","channel":"TEN Canal 10","link":"http://stream.grupoabchn.com:1935/TENHD/TENLive.smil/playlist.m3u8?checkedby:iptvcat.com","country":"honduras","liveliness":"98","status":"online","lastChecked":"2020-08-17T00:00:00Z","format":"hd","mbps":"5991","URI":["honduras"]},{"id":"1012","channel":"TEN Canal 10","link":"http://stream.grupoabchn.com:1935/TENHD/TENLive.smil/master.m3u8?checkedby:iptvcat.com","country":"honduras","liveliness":"98","status":"online","lastChecked":"2020-08-17T00:00:00Z","format":"hd","mbps":"5991","URI":["honduras"]},{"id":"1011","channel":"TEN Canal 10","link":"http://stream.grupoabchn.com:1935/TENHD/TENLive.smil/chunklist_w1969563977_b1848000.m3u8?checkedby:iptvcat.com","country":"honduras","liveliness":"99","status":"online","lastChecked":"2020-08-17T00:00:00Z","format":"hd","mbps":"5991","URI":["honduras"]},{"id":"1010","channel":"TEN Canal 10","link":"http://stream.grupoabchn.com:1935/TENHD/TENLive.smil/chunklist_w1445105875_b1848000.m3u8?checkedby:iptvcat.com","country":"honduras","liveliness":"99","status":"online","lastChecked":"2020-08-17T00:00:00Z","format":"hd","mbps":"5991","URI":["honduras"]},{"id":"1009","channel":"TEN Canal 10","link":"http://stream.grupoabchn.com:1935/TENHD/TENLive.smil/chunklist_w1445105875_b1248000.m3u8?checkedby:iptvcat.com","country":"honduras","liveliness":"99","status":"online","lastChecked":"2020-08-17T00:00:00Z","format":"sd","mbps":"3429","URI":["honduras"]},{"id":"1008","channel":"TEN Canal 10","link":"http://5a90011f1fc27.streamlock.net:443/TENHD/TENLive.smil/chunklist_w517207077_b1848000.m3u8?checkedby:iptvcat.com","country":"honduras","liveliness":"99","status":"online","lastChecked":"2020-08-17T00:00:00Z","format":"hd","mbps":"5991","URI":["honduras"]},{"id":"13580","channel":"Teleceiba Canal 7","link":"http://bit.ly/2NLhkKX?checkedby:iptvcat.com","country":"honduras","liveliness":"98","status":"online","lastChecked":"2020-08-17T00:00:00Z","format":"sd","mbps":"1984, ...","URI":["honduras"]},{"id":"1006","channel":"Teleceiba Canal 7","link":"http://190.11.224.14:8134/liveevent.m3u8?checkedby:iptvcat.com","country":"honduras","liveliness":"100","status":"online","lastChecked":"2020-08-17T00:00:00Z","format":"sd","mbps":"1984, ...","URI":["honduras"]},{"id":"132891","channel":"Ebenezer TV","link":"http://p1.worldkast.com/ebenezertv2/ngrp:ebenezertv2_all/playlist.m3u8?checkedby:iptvcat.com","country":"honduras","liveliness":"83","status":"offline","lastChecked":"2020-08-18T00:00:00Z","format":"hd","mbps":"5991, ...","URI":["north_america","north america","honduras","latin america","latin_america"]},{"id":"132889","channel":"Campus TV","link":"http://st2.worldkast.com/8004/8004/playlist.m3u8?checkedby:iptvcat.com","country":"honduras","liveliness":"99","status":"online","lastChecked":"2020-08-17T00:00:00Z","format":"sd","mbps":"1600","URI":["north_america","north america","honduras","latin america","latin_america"]},{"id":"132890","channel":"Cholusat Sur 36","link":"http://audiotvserver.net:1935/livemedia/cholusat/playlist.m3u8?checkedby:iptvcat.com","country":"honduras","liveliness":"92","status":"online","lastChecked":"2020-08-17T00:00:00Z","format":"sd","mbps":"395","URI":["north_america","north america","honduras","latin america","latin_america"]},{"id":"132891","channel":"Ebenezer TV","link":"http://p1.worldkast.com/ebenezertv2/ngrp:ebenezertv2_all/playlist.m3u8?checkedby:iptvcat.com","country":"honduras","liveliness":"83","status":"offline","lastChecked":"2020-08-18T00:00:00Z","format":"hd","mbps":"5991, ...","URI":["north_america","north america","honduras","latin america","latin_america"]},{"id":"132889","channel":"Campus TV","link":"http://st2.worldkast.com/8004/8004/playlist.m3u8?checkedby:iptvcat.com","country":"honduras","liveliness":"99","status":"online","lastChecked":"2020-08-17T00:00:00Z","format":"sd","mbps":"1600","URI":["north_america","north america","honduras","latin america","latin_america"]},{"id":"132890","channel":"Cholusat Sur 36","link":"http://audiotvserver.net:1935/livemedia/cholusat/playlist.m3u8?checkedby:iptvcat.com","country":"honduras","liveliness":"92","status":"online","lastChecked":"2020-08-17T00:00:00Z","format":"sd","mbps":"395","URI":["north_america","north america","honduras","latin america","latin_america"]}]