[{"id":"24626","channel":"A1台","link":"https://15813114727637862976168173814320.live.prod.hkatv.com/a1_cbr_lo.m3u8?checkedby:iptvcat.com","country":"hong kong","liveliness":"100","status":"online","lastChecked":"2020-08-17T00:00:00Z","format":"hd","mbps":"5020","URI":["hong kong","hong_kong"]},{"id":"24627","channel":"Channel [V]","link":"rtmp://ivi.bupt.edu.cn:1935/livetv/channelv?checkedby:iptvcat.com","country":"hong kong","liveliness":"98","status":"online","lastChecked":"2020-08-17T00:00:00Z","format":"sd","mbps":"2334","URI":["hong kong","hong_kong"]},{"id":"1032","channel":"FTV News, 民视新聞","link":"http://6.mms.vlog.xuite.net/hls/ftvtv/index.m3u8?checkedby:iptvcat.com","country":"hong kong","liveliness":"99","status":"online","lastChecked":"2020-08-17T00:00:00Z","format":"hd","mbps":"4322","URI":["hong kong","taiwan","hong_kong"]},{"id":"24628","channel":"Star Sports","link":"rtmp://ivi.bupt.edu.cn:1935/livetv/starsports?checkedby:iptvcat.com","country":"hong kong","liveliness":"98","status":"online","lastChecked":"2020-08-17T00:00:00Z","format":"sd","mbps":"2334","URI":["hong kong","hong_kong","sport"]},{"id":"24629","channel":"亞旅衛視","link":"http://hls.jingchangkan.tv/jingchangkan/156722438_0HaM/index.m3u8?checkedby:iptvcat.com","country":"hong kong","liveliness":"95","status":"online","lastChecked":"2020-08-16T00:00:00Z","format":"hd","mbps":"3795","URI":["hong kong","hong_kong"]},{"id":"1025","channel":"凤凰资讯HD, 鳳凰衛視資訊台HD","link":"http://117.169.120.138:8080/live/fhzixun/.m3u8?checkedby:iptvcat.com","country":"hong kong","liveliness":"53","status":"offline","lastChecked":"2020-08-19T00:00:00Z","format":"hd","mbps":"3188","URI":["hong kong","hong_kong"]},{"id":"1028","channel":"唯心頻道","link":"http://mobile.ccdntech.com/transcoder/_definst_/vod164_Live/live/playlist.m3u8?checkedby:iptvcat.com","country":"hong kong","liveliness":"90","status":"online","lastChecked":"2020-08-17T00:00:00Z","format":"sd","mbps":"1996","URI":["hong kong","hong_kong"]},{"id":"24630","channel":"星空衛視","link":"rtmp://58.200.131.2:1935/livetv/startv?checkedby:iptvcat.com","country":"hong kong","liveliness":"98","status":"online","lastChecked":"2020-08-17T00:00:00Z","format":"sd","mbps":"2334","URI":["hong kong","hong_kong"]},{"id":"52172","channel":"港台電視32","link":"https://www.rthk.hk/feeds/dtt/rthktv32_https.m3u8?checkedby:iptvcat.com","country":"hong kong","liveliness":"93","status":"online","lastChecked":"2020-08-17T00:00:00Z","format":"sd","mbps":"1357, ...","URI":["hong kong","hong_kong"]},{"id":"1037","channel":"澳视葡文","link":"http://live4.tdm.com.mo:80/ch2/_definst_/ch2.live/playlist.m3u8?checkedby:iptvcat.com","country":"hong kong","liveliness":"84","status":"online","lastChecked":"2020-08-17T00:00:00Z","format":"hd","mbps":"5020","URI":["hong kong","hong_kong"]},{"id":"1039","channel":"香港开电视 / HKSTV-HKS","link":"http://media.fantv.hk/m3u8/archive/channel2.m3u8?checkedby:iptvcat.com","country":"hong kong","liveliness":"99","status":"online","lastChecked":"2020-08-17T00:00:00Z","format":"hd","mbps":"7114","URI":["hong kong","hong_kong"]},{"id":"1040","channel":"香港开电视 / HKSTV-HKS, 香港開電視","link":"http://media.fantv.hk/m3u8/archive/channel2_stream1.m3u8?checkedby:iptvcat.com","country":"hong kong","liveliness":"100","status":"online","lastChecked":"2020-08-17T00:00:00Z","format":"hd","mbps":"7114","URI":["hong kong","hong_kong"]},{"id":"24633","channel":"鳳凰衛視電影台","link":"rtmp://ivi.bupt.edu.cn:1935/livetv/fhdy?checkedby:iptvcat.com","country":"hong kong","liveliness":"97","status":"online","lastChecked":"2020-08-17T00:00:00Z","format":"sd","mbps":"2334","URI":["hong kong","hong_kong"]},{"id":"1032","channel":"FTV News, 民视新聞","link":"http://6.mms.vlog.xuite.net/hls/ftvtv/index.m3u8?checkedby:iptvcat.com","country":"hong kong","liveliness":"99","status":"online","lastChecked":"2020-08-17T00:00:00Z","format":"hd","mbps":"4322","URI":["hong kong","taiwan","hong_kong"]},{"id":"24626","channel":"A1台","link":"https://15813114727637862976168173814320.live.prod.hkatv.com/a1_cbr_lo.m3u8?checkedby:iptvcat.com","country":"hong kong","liveliness":"100","status":"online","lastChecked":"2020-08-17T00:00:00Z","format":"hd","mbps":"5020","URI":["hong kong","hong_kong"]},{"id":"24627","channel":"Channel [V]","link":"rtmp://ivi.bupt.edu.cn:1935/livetv/channelv?checkedby:iptvcat.com","country":"hong kong","liveliness":"98","status":"online","lastChecked":"2020-08-17T00:00:00Z","format":"sd","mbps":"2334","URI":["hong kong","hong_kong"]},{"id":"1032","channel":"FTV News, 民视新聞","link":"http://6.mms.vlog.xuite.net/hls/ftvtv/index.m3u8?checkedby:iptvcat.com","country":"hong kong","liveliness":"99","status":"online","lastChecked":"2020-08-17T00:00:00Z","format":"hd","mbps":"4322","URI":["hong kong","taiwan","hong_kong"]},{"id":"24628","channel":"Star Sports","link":"rtmp://ivi.bupt.edu.cn:1935/livetv/starsports?checkedby:iptvcat.com","country":"hong kong","liveliness":"98","status":"online","lastChecked":"2020-08-17T00:00:00Z","format":"sd","mbps":"2334","URI":["hong kong","hong_kong","sport"]},{"id":"24629","channel":"亞旅衛視","link":"http://hls.jingchangkan.tv/jingchangkan/156722438_0HaM/index.m3u8?checkedby:iptvcat.com","country":"hong kong","liveliness":"95","status":"online","lastChecked":"2020-08-16T00:00:00Z","format":"hd","mbps":"3795","URI":["hong kong","hong_kong"]},{"id":"1025","channel":"凤凰资讯HD, 鳳凰衛視資訊台HD","link":"http://117.169.120.138:8080/live/fhzixun/.m3u8?checkedby:iptvcat.com","country":"hong kong","liveliness":"53","status":"offline","lastChecked":"2020-08-19T00:00:00Z","format":"hd","mbps":"3188","URI":["hong kong","hong_kong"]},{"id":"1028","channel":"唯心頻道","link":"http://mobile.ccdntech.com/transcoder/_definst_/vod164_Live/live/playlist.m3u8?checkedby:iptvcat.com","country":"hong kong","liveliness":"90","status":"online","lastChecked":"2020-08-17T00:00:00Z","format":"sd","mbps":"1996","URI":["hong kong","hong_kong"]},{"id":"24630","channel":"星空衛視","link":"rtmp://58.200.131.2:1935/livetv/startv?checkedby:iptvcat.com","country":"hong kong","liveliness":"98","status":"online","lastChecked":"2020-08-17T00:00:00Z","format":"sd","mbps":"2334","URI":["hong kong","hong_kong"]},{"id":"52172","channel":"港台電視32","link":"https://www.rthk.hk/feeds/dtt/rthktv32_https.m3u8?checkedby:iptvcat.com","country":"hong kong","liveliness":"93","status":"online","lastChecked":"2020-08-17T00:00:00Z","format":"sd","mbps":"1357, ...","URI":["hong kong","hong_kong"]},{"id":"1037","channel":"澳视葡文","link":"http://live4.tdm.com.mo:80/ch2/_definst_/ch2.live/playlist.m3u8?checkedby:iptvcat.com","country":"hong kong","liveliness":"84","status":"online","lastChecked":"2020-08-17T00:00:00Z","format":"hd","mbps":"5020","URI":["hong kong","hong_kong"]},{"id":"1040","channel":"香港开电视 / HKSTV-HKS, 香港開電視","link":"http://media.fantv.hk/m3u8/archive/channel2_stream1.m3u8?checkedby:iptvcat.com","country":"hong kong","liveliness":"100","status":"online","lastChecked":"2020-08-17T00:00:00Z","format":"hd","mbps":"7114","URI":["hong kong","hong_kong"]},{"id":"1039","channel":"香港开电视 / HKSTV-HKS","link":"http://media.fantv.hk/m3u8/archive/channel2.m3u8?checkedby:iptvcat.com","country":"hong kong","liveliness":"99","status":"online","lastChecked":"2020-08-17T00:00:00Z","format":"hd","mbps":"7114","URI":["hong kong","hong_kong"]},{"id":"24633","channel":"鳳凰衛視電影台","link":"rtmp://ivi.bupt.edu.cn:1935/livetv/fhdy?checkedby:iptvcat.com","country":"hong kong","liveliness":"97","status":"online","lastChecked":"2020-08-17T00:00:00Z","format":"sd","mbps":"2334","URI":["hong kong","hong_kong"]},{"id":"1032","channel":"FTV News, 民视新聞","link":"http://6.mms.vlog.xuite.net/hls/ftvtv/index.m3u8?checkedby:iptvcat.com","country":"hong kong","liveliness":"99","status":"online","lastChecked":"2020-08-17T00:00:00Z","format":"hd","mbps":"4322","URI":["hong kong","taiwan","hong_kong"]},{"id":"24626","channel":"A1台","link":"https://15813114727637862976168173814320.live.prod.hkatv.com/a1_cbr_lo.m3u8?checkedby:iptvcat.com","country":"hong kong","liveliness":"100","status":"online","lastChecked":"2020-08-17T00:00:00Z","format":"hd","mbps":"5020","URI":["hong kong","hong_kong"]},{"id":"24627","channel":"Channel [V]","link":"rtmp://ivi.bupt.edu.cn:1935/livetv/channelv?checkedby:iptvcat.com","country":"hong kong","liveliness":"98","status":"online","lastChecked":"2020-08-17T00:00:00Z","format":"sd","mbps":"2334","URI":["hong kong","hong_kong"]},{"id":"1032","channel":"FTV News, 民视新聞","link":"http://6.mms.vlog.xuite.net/hls/ftvtv/index.m3u8?checkedby:iptvcat.com","country":"hong kong","liveliness":"99","status":"online","lastChecked":"2020-08-17T00:00:00Z","format":"hd","mbps":"4322","URI":["hong kong","taiwan","hong_kong"]},{"id":"24628","channel":"Star Sports","link":"rtmp://ivi.bupt.edu.cn:1935/livetv/starsports?checkedby:iptvcat.com","country":"hong kong","liveliness":"98","status":"online","lastChecked":"2020-08-17T00:00:00Z","format":"sd","mbps":"2334","URI":["hong kong","hong_kong","sport"]},{"id":"24629","channel":"亞旅衛視","link":"http://hls.jingchangkan.tv/jingchangkan/156722438_0HaM/index.m3u8?checkedby:iptvcat.com","country":"hong kong","liveliness":"95","status":"online","lastChecked":"2020-08-16T00:00:00Z","format":"hd","mbps":"3795","URI":["hong kong","hong_kong"]},{"id":"1025","channel":"凤凰资讯HD, 鳳凰衛視資訊台HD","link":"http://117.169.120.138:8080/live/fhzixun/.m3u8?checkedby:iptvcat.com","country":"hong kong","liveliness":"53","status":"offline","lastChecked":"2020-08-19T00:00:00Z","format":"hd","mbps":"3188","URI":["hong kong","hong_kong"]},{"id":"1028","channel":"唯心頻道","link":"http://mobile.ccdntech.com/transcoder/_definst_/vod164_Live/live/playlist.m3u8?checkedby:iptvcat.com","country":"hong kong","liveliness":"90","status":"online","lastChecked":"2020-08-17T00:00:00Z","format":"sd","mbps":"1996","URI":["hong kong","hong_kong"]},{"id":"24630","channel":"星空衛視","link":"rtmp://58.200.131.2:1935/livetv/startv?checkedby:iptvcat.com","country":"hong kong","liveliness":"98","status":"online","lastChecked":"2020-08-17T00:00:00Z","format":"sd","mbps":"2334","URI":["hong kong","hong_kong"]},{"id":"52172","channel":"港台電視32","link":"https://www.rthk.hk/feeds/dtt/rthktv32_https.m3u8?checkedby:iptvcat.com","country":"hong kong","liveliness":"93","status":"online","lastChecked":"2020-08-17T00:00:00Z","format":"sd","mbps":"1357, ...","URI":["hong kong","hong_kong"]},{"id":"1037","channel":"澳视葡文","link":"http://live4.tdm.com.mo:80/ch2/_definst_/ch2.live/playlist.m3u8?checkedby:iptvcat.com","country":"hong kong","liveliness":"84","status":"online","lastChecked":"2020-08-17T00:00:00Z","format":"hd","mbps":"5020","URI":["hong kong","hong_kong"]},{"id":"1040","channel":"香港开电视 / HKSTV-HKS, 香港開電視","link":"http://media.fantv.hk/m3u8/archive/channel2_stream1.m3u8?checkedby:iptvcat.com","country":"hong kong","liveliness":"100","status":"online","lastChecked":"2020-08-17T00:00:00Z","format":"hd","mbps":"7114","URI":["hong kong","hong_kong"]},{"id":"1039","channel":"香港开电视 / HKSTV-HKS","link":"http://media.fantv.hk/m3u8/archive/channel2.m3u8?checkedby:iptvcat.com","country":"hong kong","liveliness":"99","status":"online","lastChecked":"2020-08-17T00:00:00Z","format":"hd","mbps":"7114","URI":["hong kong","hong_kong"]},{"id":"24633","channel":"鳳凰衛視電影台","link":"rtmp://ivi.bupt.edu.cn:1935/livetv/fhdy?checkedby:iptvcat.com","country":"hong kong","liveliness":"97","status":"online","lastChecked":"2020-08-17T00:00:00Z","format":"sd","mbps":"2334","URI":["hong kong","hong_kong"]},{"id":"24626","channel":"A1台","link":"https://15813114727637862976168173814320.live.prod.hkatv.com/a1_cbr_lo.m3u8?checkedby:iptvcat.com","country":"hong kong","liveliness":"100","status":"online","lastChecked":"2020-08-17T00:00:00Z","format":"hd","mbps":"5020","URI":["hong kong","hong_kong"]},{"id":"24627","channel":"Channel [V]","link":"rtmp://ivi.bupt.edu.cn:1935/livetv/channelv?checkedby:iptvcat.com","country":"hong kong","liveliness":"98","status":"online","lastChecked":"2020-08-17T00:00:00Z","format":"sd","mbps":"2334","URI":["hong kong","hong_kong"]},{"id":"1032","channel":"FTV News, 民视新聞","link":"http://6.mms.vlog.xuite.net/hls/ftvtv/index.m3u8?checkedby:iptvcat.com","country":"hong kong","liveliness":"99","status":"online","lastChecked":"2020-08-17T00:00:00Z","format":"hd","mbps":"4322","URI":["hong kong","taiwan","hong_kong"]},{"id":"24628","channel":"Star Sports","link":"rtmp://ivi.bupt.edu.cn:1935/livetv/starsports?checkedby:iptvcat.com","country":"hong kong","liveliness":"98","status":"online","lastChecked":"2020-08-17T00:00:00Z","format":"sd","mbps":"2334","URI":["hong kong","hong_kong","sport"]},{"id":"24629","channel":"亞旅衛視","link":"http://hls.jingchangkan.tv/jingchangkan/156722438_0HaM/index.m3u8?checkedby:iptvcat.com","country":"hong kong","liveliness":"95","status":"online","lastChecked":"2020-08-16T00:00:00Z","format":"hd","mbps":"3795","URI":["hong kong","hong_kong"]},{"id":"1025","channel":"凤凰资讯HD, 鳳凰衛視資訊台HD","link":"http://117.169.120.138:8080/live/fhzixun/.m3u8?checkedby:iptvcat.com","country":"hong kong","liveliness":"53","status":"offline","lastChecked":"2020-08-19T00:00:00Z","format":"hd","mbps":"3188","URI":["hong kong","hong_kong"]},{"id":"1028","channel":"唯心頻道","link":"http://mobile.ccdntech.com/transcoder/_definst_/vod164_Live/live/playlist.m3u8?checkedby:iptvcat.com","country":"hong kong","liveliness":"90","status":"online","lastChecked":"2020-08-17T00:00:00Z","format":"sd","mbps":"1996","URI":["hong kong","hong_kong"]},{"id":"24630","channel":"星空衛視","link":"rtmp://58.200.131.2:1935/livetv/startv?checkedby:iptvcat.com","country":"hong kong","liveliness":"98","status":"online","lastChecked":"2020-08-17T00:00:00Z","format":"sd","mbps":"2334","URI":["hong kong","hong_kong"]},{"id":"52172","channel":"港台電視32","link":"https://www.rthk.hk/feeds/dtt/rthktv32_https.m3u8?checkedby:iptvcat.com","country":"hong kong","liveliness":"93","status":"online","lastChecked":"2020-08-17T00:00:00Z","format":"sd","mbps":"1357, ...","URI":["hong kong","hong_kong"]},{"id":"1037","channel":"澳视葡文","link":"http://live4.tdm.com.mo:80/ch2/_definst_/ch2.live/playlist.m3u8?checkedby:iptvcat.com","country":"hong kong","liveliness":"84","status":"online","lastChecked":"2020-08-17T00:00:00Z","format":"hd","mbps":"5020","URI":["hong kong","hong_kong"]},{"id":"1039","channel":"香港开电视 / HKSTV-HKS","link":"http://media.fantv.hk/m3u8/archive/channel2.m3u8?checkedby:iptvcat.com","country":"hong kong","liveliness":"99","status":"online","lastChecked":"2020-08-17T00:00:00Z","format":"hd","mbps":"7114","URI":["hong kong","hong_kong"]},{"id":"1040","channel":"香港开电视 / HKSTV-HKS, 香港開電視","link":"http://media.fantv.hk/m3u8/archive/channel2_stream1.m3u8?checkedby:iptvcat.com","country":"hong kong","liveliness":"100","status":"online","lastChecked":"2020-08-17T00:00:00Z","format":"hd","mbps":"7114","URI":["hong kong","hong_kong"]},{"id":"24633","channel":"鳳凰衛視電影台","link":"rtmp://ivi.bupt.edu.cn:1935/livetv/fhdy?checkedby:iptvcat.com","country":"hong kong","liveliness":"97","status":"online","lastChecked":"2020-08-17T00:00:00Z","format":"sd","mbps":"2334","URI":["hong kong","hong_kong"]},{"id":"24626","channel":"A1台","link":"https://15813114727637862976168173814320.live.prod.hkatv.com/a1_cbr_lo.m3u8?checkedby:iptvcat.com","country":"hong kong","liveliness":"100","status":"online","lastChecked":"2020-08-17T00:00:00Z","format":"hd","mbps":"5020","URI":["hong kong","hong_kong"]},{"id":"24627","channel":"Channel [V]","link":"rtmp://ivi.bupt.edu.cn:1935/livetv/channelv?checkedby:iptvcat.com","country":"hong kong","liveliness":"98","status":"online","lastChecked":"2020-08-17T00:00:00Z","format":"sd","mbps":"2334","URI":["hong kong","hong_kong"]},{"id":"1032","channel":"FTV News, 民视新聞","link":"http://6.mms.vlog.xuite.net/hls/ftvtv/index.m3u8?checkedby:iptvcat.com","country":"hong kong","liveliness":"99","status":"online","lastChecked":"2020-08-17T00:00:00Z","format":"hd","mbps":"4322","URI":["hong kong","taiwan","hong_kong"]},{"id":"24628","channel":"Star Sports","link":"rtmp://ivi.bupt.edu.cn:1935/livetv/starsports?checkedby:iptvcat.com","country":"hong kong","liveliness":"98","status":"online","lastChecked":"2020-08-17T00:00:00Z","format":"sd","mbps":"2334","URI":["hong kong","hong_kong","sport"]},{"id":"24629","channel":"亞旅衛視","link":"http://hls.jingchangkan.tv/jingchangkan/156722438_0HaM/index.m3u8?checkedby:iptvcat.com","country":"hong kong","liveliness":"95","status":"online","lastChecked":"2020-08-16T00:00:00Z","format":"hd","mbps":"3795","URI":["hong kong","hong_kong"]},{"id":"1025","channel":"凤凰资讯HD, 鳳凰衛視資訊台HD","link":"http://117.169.120.138:8080/live/fhzixun/.m3u8?checkedby:iptvcat.com","country":"hong kong","liveliness":"53","status":"offline","lastChecked":"2020-08-19T00:00:00Z","format":"hd","mbps":"3188","URI":["hong kong","hong_kong"]},{"id":"1028","channel":"唯心頻道","link":"http://mobile.ccdntech.com/transcoder/_definst_/vod164_Live/live/playlist.m3u8?checkedby:iptvcat.com","country":"hong kong","liveliness":"90","status":"online","lastChecked":"2020-08-17T00:00:00Z","format":"sd","mbps":"1996","URI":["hong kong","hong_kong"]},{"id":"24630","channel":"星空衛視","link":"rtmp://58.200.131.2:1935/livetv/startv?checkedby:iptvcat.com","country":"hong kong","liveliness":"98","status":"online","lastChecked":"2020-08-17T00:00:00Z","format":"sd","mbps":"2334","URI":["hong kong","hong_kong"]},{"id":"52172","channel":"港台電視32","link":"https://www.rthk.hk/feeds/dtt/rthktv32_https.m3u8?checkedby:iptvcat.com","country":"hong kong","liveliness":"93","status":"online","lastChecked":"2020-08-17T00:00:00Z","format":"sd","mbps":"1357, ...","URI":["hong kong","hong_kong"]},{"id":"1037","channel":"澳视葡文","link":"http://live4.tdm.com.mo:80/ch2/_definst_/ch2.live/playlist.m3u8?checkedby:iptvcat.com","country":"hong kong","liveliness":"84","status":"online","lastChecked":"2020-08-17T00:00:00Z","format":"hd","mbps":"5020","URI":["hong kong","hong_kong"]},{"id":"1040","channel":"香港开电视 / HKSTV-HKS, 香港開電視","link":"http://media.fantv.hk/m3u8/archive/channel2_stream1.m3u8?checkedby:iptvcat.com","country":"hong kong","liveliness":"100","status":"online","lastChecked":"2020-08-17T00:00:00Z","format":"hd","mbps":"7114","URI":["hong kong","hong_kong"]},{"id":"1039","channel":"香港开电视 / HKSTV-HKS","link":"http://media.fantv.hk/m3u8/archive/channel2.m3u8?checkedby:iptvcat.com","country":"hong kong","liveliness":"99","status":"online","lastChecked":"2020-08-17T00:00:00Z","format":"hd","mbps":"7114","URI":["hong kong","hong_kong"]},{"id":"24633","channel":"鳳凰衛視電影台","link":"rtmp://ivi.bupt.edu.cn:1935/livetv/fhdy?checkedby:iptvcat.com","country":"hong kong","liveliness":"97","status":"online","lastChecked":"2020-08-17T00:00:00Z","format":"sd","mbps":"2334","URI":["hong kong","hong_kong"]},{"id":"24628","channel":"Star Sports","link":"rtmp://ivi.bupt.edu.cn:1935/livetv/starsports?checkedby:iptvcat.com","country":"hong kong","liveliness":"98","status":"online","lastChecked":"2020-08-17T00:00:00Z","format":"sd","mbps":"2334","URI":["hong kong","hong_kong","sport"]},{"id":"24628","channel":"Star Sports","link":"rtmp://ivi.bupt.edu.cn:1935/livetv/starsports?checkedby:iptvcat.com","country":"hong kong","liveliness":"98","status":"online","lastChecked":"2020-08-17T00:00:00Z","format":"sd","mbps":"2334","URI":["hong kong","hong_kong","sport"]}]