[{"id":"10115","channel":"1Music Channel Hungary","link":"http://1music.hu/1music.m3u8?checkedby:iptvcat.com","country":"hungary","liveliness":"99","status":"online","lastChecked":"2020-08-17T00:00:00Z","format":"sd","mbps":"1643","URI":["hungary"]},{"id":"1043","channel":"Balaton TV","link":"https://stream.iptvservice.eu/hls/balatontv.m3u8?checkedby:iptvcat.com","country":"hungary","liveliness":"100","status":"online","lastChecked":"2020-08-17T00:00:00Z","format":"sd","mbps":"1392","URI":["hungary"]},{"id":"52182","channel":"Bonum TV","link":"https://cdn.y5.hu:443/stream/bonum/hls/stream.m3u8?checkedby:iptvcat.com","country":"hungary","liveliness":"99","status":"online","lastChecked":"2020-08-17T00:00:00Z","format":"sd","mbps":"1662","URI":["hungary"]},{"id":"1046","channel":"Bonum TV","link":"https://stream.y5.hu/stream/stream_bonum/stream.m3u8?checkedby:iptvcat.com","country":"hungary","liveliness":"99","status":"online","lastChecked":"2020-08-17T00:00:00Z","format":"sd","mbps":"1357","URI":["hungary"]},{"id":"1044","channel":"Bonum TV","link":"http://cdn.y5.hu/stream/bonum/hls/stream.m3u8?checkedby:iptvcat.com","country":"hungary","liveliness":"99","status":"online","lastChecked":"2020-08-17T00:00:00Z","format":"sd","mbps":"1662","URI":["hungary"]},{"id":"55953","channel":"Budakalasz, HU | Budakalasz","link":"https://stream.streaming4u.hu/TVBudakalasz/tracks-v1a1/mono.m3u8?checkedby:iptvcat.com","country":"hungary","liveliness":"99","status":"online","lastChecked":"2020-08-17T00:00:00Z","format":"fhd 2k","mbps":"7004","URI":["hungary","europe"]},{"id":"1049","channel":"Erdely TV","link":"http://telekomtv-ro.akamaized.net/shls/LIVE$ErdelyTV/6.m3u8/Level(1677721)?start=LIVE\u0026end=END\u0026checkedby:iptvcat.com","country":"hungary","liveliness":"100","status":"online","lastChecked":"2020-08-17T00:00:00Z","format":"sd","mbps":"2196","URI":["hungary"]},{"id":"55954","channel":"Halom TV, HU | Halom TV","link":"http://stream.battanet.hu:8080/hls/livestream1/1_2/index.m3u8?checkedby:iptvcat.com","country":"hungary","liveliness":"70","status":"online","lastChecked":"2020-08-17T00:00:00Z","format":"sd","mbps":"2883","URI":["hungary","europe"]},{"id":"55952","channel":"HU | Komlós TV, Komlós TV","link":"https://stream.streaming4u.hu/KomlosTV/tracks-v1a1/mono.m3u8?checkedby:iptvcat.com","country":"hungary","liveliness":"100","status":"online","lastChecked":"2020-08-17T00:00:00Z","format":"fhd 2k","mbps":"11126","URI":["hungary","europe"]},{"id":"55951","channel":"HU | TV10 Kőbánya televíziója, TV10 Kőbánya televíziója","link":"http://78.46.196.104:1935/live/tv10/playlist.m3u8?checkedby:iptvcat.com","country":"hungary","liveliness":"100","status":"online","lastChecked":"2020-08-17T00:00:00Z","format":"hd","mbps":"5020","URI":["hungary","europe"]},{"id":"55950","channel":"HU | TV7 Bekescsaba, TV7 Bekescsaba","link":"https://stream.y5.hu/stream/stream_bekescsaba/stream.m3u8?checkedby:iptvcat.com","country":"hungary","liveliness":"99","status":"online","lastChecked":"2020-08-17T00:00:00Z","format":"sd","mbps":"1357","URI":["hungary","europe"]},{"id":"1051","channel":"Hegyvidek Tv Budapest","link":"http://tv.hegyvidek.hu/stream_mpeg.flv?checkedby:iptvcat.com","country":"hungary","liveliness":"96","status":"online","lastChecked":"2020-08-17T00:00:00Z","format":"sd","mbps":"2089","URI":["hungary"]},{"id":"1054","channel":"Lóverseny közvetítés","link":"http://87.229.103.60:1935/liverelay/loverseny2.sdp/playlist.m3u8?checkedby:iptvcat.com","country":"hungary","liveliness":"100","status":"online","lastChecked":"2020-08-17T00:00:00Z","format":"sd","mbps":"1280","URI":["hungary"]},{"id":"17197","channel":"Super TV2 HD","link":"http://92.249.148.48:8001/play/stv2hd?checkedby:iptvcat.com","country":"hungary","liveliness":"76","status":"online","lastChecked":"2020-08-17T00:00:00Z","format":"fhd 2k","mbps":"7004","URI":["hungary","europe"]},{"id":"1060","channel":"VTV Füzesabony","link":"https://stream.unrealhosting.hu:443/hls/ftv/live.m3u8?checkedby:iptvcat.com","country":"hungary","liveliness":"99","status":"online","lastChecked":"2020-08-17T00:00:00Z","format":"hd","mbps":"3188","URI":["hungary"]},{"id":"17197","channel":"Super TV2 HD","link":"http://92.249.148.48:8001/play/stv2hd?checkedby:iptvcat.com","country":"hungary","liveliness":"76","status":"online","lastChecked":"2020-08-17T00:00:00Z","format":"fhd 2k","mbps":"7004","URI":["hungary","europe"]},{"id":"55954","channel":"Halom TV, HU | Halom TV","link":"http://stream.battanet.hu:8080/hls/livestream1/1_2/index.m3u8?checkedby:iptvcat.com","country":"hungary","liveliness":"70","status":"online","lastChecked":"2020-08-17T00:00:00Z","format":"sd","mbps":"2883","URI":["hungary","europe"]},{"id":"55952","channel":"HU | Komlós TV, Komlós TV","link":"https://stream.streaming4u.hu/KomlosTV/tracks-v1a1/mono.m3u8?checkedby:iptvcat.com","country":"hungary","liveliness":"100","status":"online","lastChecked":"2020-08-17T00:00:00Z","format":"fhd 2k","mbps":"11126","URI":["hungary","europe"]},{"id":"55951","channel":"HU | TV10 Kőbánya televíziója, TV10 Kőbánya televíziója","link":"http://78.46.196.104:1935/live/tv10/playlist.m3u8?checkedby:iptvcat.com","country":"hungary","liveliness":"100","status":"online","lastChecked":"2020-08-17T00:00:00Z","format":"hd","mbps":"5020","URI":["hungary","europe"]},{"id":"55950","channel":"HU | TV7 Bekescsaba, TV7 Bekescsaba","link":"https://stream.y5.hu/stream/stream_bekescsaba/stream.m3u8?checkedby:iptvcat.com","country":"hungary","liveliness":"99","status":"online","lastChecked":"2020-08-17T00:00:00Z","format":"sd","mbps":"1357","URI":["hungary","europe"]},{"id":"55953","channel":"Budakalasz, HU | Budakalasz","link":"https://stream.streaming4u.hu/TVBudakalasz/tracks-v1a1/mono.m3u8?checkedby:iptvcat.com","country":"hungary","liveliness":"99","status":"online","lastChecked":"2020-08-17T00:00:00Z","format":"fhd 2k","mbps":"7004","URI":["hungary","europe"]},{"id":"10115","channel":"1Music Channel Hungary","link":"http://1music.hu/1music.m3u8?checkedby:iptvcat.com","country":"hungary","liveliness":"99","status":"online","lastChecked":"2020-08-17T00:00:00Z","format":"sd","mbps":"1643","URI":["hungary"]},{"id":"1043","channel":"Balaton TV","link":"https://stream.iptvservice.eu/hls/balatontv.m3u8?checkedby:iptvcat.com","country":"hungary","liveliness":"100","status":"online","lastChecked":"2020-08-17T00:00:00Z","format":"sd","mbps":"1392","URI":["hungary"]},{"id":"52182","channel":"Bonum TV","link":"https://cdn.y5.hu:443/stream/bonum/hls/stream.m3u8?checkedby:iptvcat.com","country":"hungary","liveliness":"99","status":"online","lastChecked":"2020-08-17T00:00:00Z","format":"sd","mbps":"1662","URI":["hungary"]},{"id":"1046","channel":"Bonum TV","link":"https://stream.y5.hu/stream/stream_bonum/stream.m3u8?checkedby:iptvcat.com","country":"hungary","liveliness":"99","status":"online","lastChecked":"2020-08-17T00:00:00Z","format":"sd","mbps":"1357","URI":["hungary"]},{"id":"1044","channel":"Bonum TV","link":"http://cdn.y5.hu/stream/bonum/hls/stream.m3u8?checkedby:iptvcat.com","country":"hungary","liveliness":"99","status":"online","lastChecked":"2020-08-17T00:00:00Z","format":"sd","mbps":"1662","URI":["hungary"]},{"id":"55953","channel":"Budakalasz, HU | Budakalasz","link":"https://stream.streaming4u.hu/TVBudakalasz/tracks-v1a1/mono.m3u8?checkedby:iptvcat.com","country":"hungary","liveliness":"99","status":"online","lastChecked":"2020-08-17T00:00:00Z","format":"fhd 2k","mbps":"7004","URI":["hungary","europe"]},{"id":"1049","channel":"Erdely TV","link":"http://telekomtv-ro.akamaized.net/shls/LIVE$ErdelyTV/6.m3u8/Level(1677721)?start=LIVE\u0026end=END\u0026checkedby:iptvcat.com","country":"hungary","liveliness":"100","status":"online","lastChecked":"2020-08-17T00:00:00Z","format":"sd","mbps":"2196","URI":["hungary"]},{"id":"55954","channel":"Halom TV, HU | Halom TV","link":"http://stream.battanet.hu:8080/hls/livestream1/1_2/index.m3u8?checkedby:iptvcat.com","country":"hungary","liveliness":"70","status":"online","lastChecked":"2020-08-17T00:00:00Z","format":"sd","mbps":"2883","URI":["hungary","europe"]},{"id":"55952","channel":"HU | Komlós TV, Komlós TV","link":"https://stream.streaming4u.hu/KomlosTV/tracks-v1a1/mono.m3u8?checkedby:iptvcat.com","country":"hungary","liveliness":"100","status":"online","lastChecked":"2020-08-17T00:00:00Z","format":"fhd 2k","mbps":"11126","URI":["hungary","europe"]},{"id":"55951","channel":"HU | TV10 Kőbánya televíziója, TV10 Kőbánya televíziója","link":"http://78.46.196.104:1935/live/tv10/playlist.m3u8?checkedby:iptvcat.com","country":"hungary","liveliness":"100","status":"online","lastChecked":"2020-08-17T00:00:00Z","format":"hd","mbps":"5020","URI":["hungary","europe"]},{"id":"55950","channel":"HU | TV7 Bekescsaba, TV7 Bekescsaba","link":"https://stream.y5.hu/stream/stream_bekescsaba/stream.m3u8?checkedby:iptvcat.com","country":"hungary","liveliness":"99","status":"online","lastChecked":"2020-08-17T00:00:00Z","format":"sd","mbps":"1357","URI":["hungary","europe"]},{"id":"1051","channel":"Hegyvidek Tv Budapest","link":"http://tv.hegyvidek.hu/stream_mpeg.flv?checkedby:iptvcat.com","country":"hungary","liveliness":"96","status":"online","lastChecked":"2020-08-17T00:00:00Z","format":"sd","mbps":"2089","URI":["hungary"]},{"id":"1054","channel":"Lóverseny közvetítés","link":"http://87.229.103.60:1935/liverelay/loverseny2.sdp/playlist.m3u8?checkedby:iptvcat.com","country":"hungary","liveliness":"100","status":"online","lastChecked":"2020-08-17T00:00:00Z","format":"sd","mbps":"1280","URI":["hungary"]},{"id":"17197","channel":"Super TV2 HD","link":"http://92.249.148.48:8001/play/stv2hd?checkedby:iptvcat.com","country":"hungary","liveliness":"76","status":"online","lastChecked":"2020-08-17T00:00:00Z","format":"fhd 2k","mbps":"7004","URI":["hungary","europe"]},{"id":"1060","channel":"VTV Füzesabony","link":"https://stream.unrealhosting.hu:443/hls/ftv/live.m3u8?checkedby:iptvcat.com","country":"hungary","liveliness":"99","status":"online","lastChecked":"2020-08-17T00:00:00Z","format":"hd","mbps":"3188","URI":["hungary"]},{"id":"10115","channel":"1Music Channel Hungary","link":"http://1music.hu/1music.m3u8?checkedby:iptvcat.com","country":"hungary","liveliness":"99","status":"online","lastChecked":"2020-08-17T00:00:00Z","format":"sd","mbps":"1643","URI":["hungary"]},{"id":"1043","channel":"Balaton TV","link":"https://stream.iptvservice.eu/hls/balatontv.m3u8?checkedby:iptvcat.com","country":"hungary","liveliness":"100","status":"online","lastChecked":"2020-08-17T00:00:00Z","format":"sd","mbps":"1392","URI":["hungary"]},{"id":"52182","channel":"Bonum TV","link":"https://cdn.y5.hu:443/stream/bonum/hls/stream.m3u8?checkedby:iptvcat.com","country":"hungary","liveliness":"99","status":"online","lastChecked":"2020-08-17T00:00:00Z","format":"sd","mbps":"1662","URI":["hungary"]},{"id":"1046","channel":"Bonum TV","link":"https://stream.y5.hu/stream/stream_bonum/stream.m3u8?checkedby:iptvcat.com","country":"hungary","liveliness":"99","status":"online","lastChecked":"2020-08-17T00:00:00Z","format":"sd","mbps":"1357","URI":["hungary"]},{"id":"1044","channel":"Bonum TV","link":"http://cdn.y5.hu/stream/bonum/hls/stream.m3u8?checkedby:iptvcat.com","country":"hungary","liveliness":"99","status":"online","lastChecked":"2020-08-17T00:00:00Z","format":"sd","mbps":"1662","URI":["hungary"]},{"id":"55953","channel":"Budakalasz, HU | Budakalasz","link":"https://stream.streaming4u.hu/TVBudakalasz/tracks-v1a1/mono.m3u8?checkedby:iptvcat.com","country":"hungary","liveliness":"99","status":"online","lastChecked":"2020-08-17T00:00:00Z","format":"fhd 2k","mbps":"7004","URI":["hungary","europe"]},{"id":"1049","channel":"Erdely TV","link":"http://telekomtv-ro.akamaized.net/shls/LIVE$ErdelyTV/6.m3u8/Level(1677721)?start=LIVE\u0026end=END\u0026checkedby:iptvcat.com","country":"hungary","liveliness":"100","status":"online","lastChecked":"2020-08-17T00:00:00Z","format":"sd","mbps":"2196","URI":["hungary"]},{"id":"55954","channel":"Halom TV, HU | Halom TV","link":"http://stream.battanet.hu:8080/hls/livestream1/1_2/index.m3u8?checkedby:iptvcat.com","country":"hungary","liveliness":"70","status":"online","lastChecked":"2020-08-17T00:00:00Z","format":"sd","mbps":"2883","URI":["hungary","europe"]},{"id":"55952","channel":"HU | Komlós TV, Komlós TV","link":"https://stream.streaming4u.hu/KomlosTV/tracks-v1a1/mono.m3u8?checkedby:iptvcat.com","country":"hungary","liveliness":"100","status":"online","lastChecked":"2020-08-17T00:00:00Z","format":"fhd 2k","mbps":"11126","URI":["hungary","europe"]},{"id":"55951","channel":"HU | TV10 Kőbánya televíziója, TV10 Kőbánya televíziója","link":"http://78.46.196.104:1935/live/tv10/playlist.m3u8?checkedby:iptvcat.com","country":"hungary","liveliness":"100","status":"online","lastChecked":"2020-08-17T00:00:00Z","format":"hd","mbps":"5020","URI":["hungary","europe"]},{"id":"55950","channel":"HU | TV7 Bekescsaba, TV7 Bekescsaba","link":"https://stream.y5.hu/stream/stream_bekescsaba/stream.m3u8?checkedby:iptvcat.com","country":"hungary","liveliness":"99","status":"online","lastChecked":"2020-08-17T00:00:00Z","format":"sd","mbps":"1357","URI":["hungary","europe"]},{"id":"1051","channel":"Hegyvidek Tv Budapest","link":"http://tv.hegyvidek.hu/stream_mpeg.flv?checkedby:iptvcat.com","country":"hungary","liveliness":"96","status":"online","lastChecked":"2020-08-17T00:00:00Z","format":"sd","mbps":"2089","URI":["hungary"]},{"id":"1054","channel":"Lóverseny közvetítés","link":"http://87.229.103.60:1935/liverelay/loverseny2.sdp/playlist.m3u8?checkedby:iptvcat.com","country":"hungary","liveliness":"100","status":"online","lastChecked":"2020-08-17T00:00:00Z","format":"sd","mbps":"1280","URI":["hungary"]},{"id":"17197","channel":"Super TV2 HD","link":"http://92.249.148.48:8001/play/stv2hd?checkedby:iptvcat.com","country":"hungary","liveliness":"76","status":"online","lastChecked":"2020-08-17T00:00:00Z","format":"fhd 2k","mbps":"7004","URI":["hungary","europe"]},{"id":"1060","channel":"VTV Füzesabony","link":"https://stream.unrealhosting.hu:443/hls/ftv/live.m3u8?checkedby:iptvcat.com","country":"hungary","liveliness":"99","status":"online","lastChecked":"2020-08-17T00:00:00Z","format":"hd","mbps":"3188","URI":["hungary"]}]