[{"id":"10474","channel":"IS | RUV, RUV, RUV TV","link":"http://ruvruverl-live.hls.adaptive.level3.net/ruv/ruverl/index/stream4.m3u8?checkedby:iptvcat.com","country":"iceland","liveliness":"100","status":"online","lastChecked":"2020-08-17T00:00:00Z","format":"hd","mbps":"3188","URI":["iceland","europe","scandinavia"]},{"id":"1064","channel":"Omega","link":"http://sip-live.hds.adaptive.level3.net/hls-live/omega-omega/_definst_/live/stream1.m3u8?checkedby:iptvcat.com","country":"iceland","liveliness":"100","status":"online","lastChecked":"2020-08-17T00:00:00Z","format":"hd","mbps":"5020","URI":["iceland"]},{"id":"1065","channel":"RUV","link":"https://ruvruverl-live-hls.secure.footprint.net/f93971c9d341476a506344e4994f741bf63faa01-1550945035/ruv/ruverl/index/stream4.m3u8?checkedby:iptvcat.com","country":"iceland","liveliness":"100","status":"online","lastChecked":"2020-08-17T00:00:00Z","format":"hd","mbps":"3188","URI":["iceland"]},{"id":"1066","channel":"RUV 2","link":"http://ruvruverl-live.hls.adaptive.level3.net/ruv/ruv2/index/stream5.m3u8?checkedby:iptvcat.com","country":"iceland","liveliness":"100","status":"online","lastChecked":"2020-08-17T00:00:00Z","format":"hd","mbps":"3188","URI":["iceland"]},{"id":"10474","channel":"IS | RUV, RUV, RUV TV","link":"http://ruvruverl-live.hls.adaptive.level3.net/ruv/ruverl/index/stream4.m3u8?checkedby:iptvcat.com","country":"iceland","liveliness":"100","status":"online","lastChecked":"2020-08-17T00:00:00Z","format":"hd","mbps":"3188","URI":["iceland","europe","scandinavia"]},{"id":"10474","channel":"IS | RUV, RUV, RUV TV","link":"http://ruvruverl-live.hls.adaptive.level3.net/ruv/ruverl/index/stream4.m3u8?checkedby:iptvcat.com","country":"iceland","liveliness":"100","status":"online","lastChecked":"2020-08-17T00:00:00Z","format":"hd","mbps":"3188","URI":["iceland","europe","scandinavia"]},{"id":"10474","channel":"IS | RUV, RUV, RUV TV","link":"http://ruvruverl-live.hls.adaptive.level3.net/ruv/ruverl/index/stream4.m3u8?checkedby:iptvcat.com","country":"iceland","liveliness":"100","status":"online","lastChecked":"2020-08-17T00:00:00Z","format":"hd","mbps":"3188","URI":["iceland","europe","scandinavia"]},{"id":"1064","channel":"Omega","link":"http://sip-live.hds.adaptive.level3.net/hls-live/omega-omega/_definst_/live/stream1.m3u8?checkedby:iptvcat.com","country":"iceland","liveliness":"100","status":"online","lastChecked":"2020-08-17T00:00:00Z","format":"hd","mbps":"5020","URI":["iceland"]},{"id":"1065","channel":"RUV","link":"https://ruvruverl-live-hls.secure.footprint.net/f93971c9d341476a506344e4994f741bf63faa01-1550945035/ruv/ruverl/index/stream4.m3u8?checkedby:iptvcat.com","country":"iceland","liveliness":"100","status":"online","lastChecked":"2020-08-17T00:00:00Z","format":"hd","mbps":"3188","URI":["iceland"]},{"id":"1066","channel":"RUV 2","link":"http://ruvruverl-live.hls.adaptive.level3.net/ruv/ruv2/index/stream5.m3u8?checkedby:iptvcat.com","country":"iceland","liveliness":"100","status":"online","lastChecked":"2020-08-17T00:00:00Z","format":"hd","mbps":"3188","URI":["iceland"]}]