[{"id":"132936","channel":"TV Ikim, TVIKIM","link":"http://edge.vediostream.com/abr/tvikim/live/tvikim_480p/playlist.m3u8?checkedby:iptvcat.com","country":"indonesia","liveliness":"96","status":"online","lastChecked":"2020-08-17T00:00:00Z","format":"sd","mbps":"1688","URI":["asia","indonesia","malaysia"]},{"id":"23862","channel":"TVRI (Opt-3)","link":"http://202.80.222.130/000001/2/ch14041511560872104862/index.m3u8?virtualDomain=000001.live_hls.zte.com\u0026checkedby:iptvcat.com","country":"indonesia","liveliness":"100","status":"online","lastChecked":"2020-08-17T00:00:00Z","format":"sd","mbps":"1494, ...","URI":["asia","indonesia"]},{"id":"56072","channel":"ID | TVRI, TVRI","link":"http://wpc.d1627.nucdn.net:80/80D1627/o-tvri/Content/HLS/Live/Channel(TVRINASIONAL)/Stream(03)/index.m3u8?checkedby:iptvcat.com","country":"indonesia","liveliness":"100","status":"online","lastChecked":"2020-08-17T00:00:00Z","format":"sd","mbps":"1444","URI":["asia","indonesia"]},{"id":"56074","channel":"ID | TVRI Jakarta, TVRI Jakarta","link":"http://wpc.d1627.nucdn.net:80/80D1627/o-tvri/Content/HLS/Live/Channel(TVRIDKI)/Stream(03)/index.m3u8?checkedby:iptvcat.com","country":"indonesia","liveliness":"95","status":"online","lastChecked":"2020-08-17T00:00:00Z","format":"sd","mbps":"1280","URI":["asia","indonesia"]},{"id":"56075","channel":"ID | TVRI Jawa Barat, TVRI Jawa Barat","link":"http://118.97.50.107/Content/HLS/Live/Channel(TVRIJABARBANDUNG)/Stream(03)/index.m3u8?checkedby:iptvcat.com","country":"indonesia","liveliness":"99","status":"online","lastChecked":"2020-08-17T00:00:00Z","format":"sd","mbps":"1444","URI":["asia","indonesia"]},{"id":"56073","channel":"ID | TVRI Kanal 3, TVRI Kanal 3","link":"http://wpc.d1627.nucdn.net:80/80D1627/o-tvri/Content/HLS/Live/Channel(TVRI3)/Stream(03)/index.m3u8?checkedby:iptvcat.com","country":"indonesia","liveliness":"100","status":"online","lastChecked":"2020-08-17T00:00:00Z","format":"sd","mbps":"1444","URI":["asia","indonesia"]},{"id":"23857","channel":"JTV","link":"http://122.248.43.138:1935/ch2/myStream/playlist.m3u8?checkedby:iptvcat.com","country":"indonesia","liveliness":"83","status":"offline","lastChecked":"2020-08-18T00:00:00Z","format":"sd","mbps":"1008","URI":["asia","indonesia"]},{"id":"23856","channel":"Jek TV","link":"http://122.248.43.138:1935/ch14/myStream/chunklist.m3u8?checkedby:iptvcat.com","country":"indonesia","liveliness":"76","status":"offline","lastChecked":"2020-08-19T00:00:00Z","format":"sd","mbps":"1706","URI":["asia","indonesia"]},{"id":"56076","channel":"Bungo TV, ID | Bungo TV","link":"http://103.229.72.178/mobile/bungotv.stream.m3u8?checkedby:iptvcat.com","country":"indonesia","liveliness":"50","status":"online","lastChecked":"2020-08-17T00:00:00Z","format":"sd","mbps":"1706","URI":["asia","indonesia"]},{"id":"13747","channel":"AREK TV SURABAYA","link":"http://stream2.ninmedia.tv/arektv/arek_360p/playlist.m3u8?checkedby:iptvcat.com","country":"indonesia","liveliness":"88","status":"online","lastChecked":"2020-08-17T00:00:00Z","format":"sd","mbps":"749","URI":["indonesia"]},{"id":"1266","channel":"All Sports","link":"http://cdn1.live.irib.ir:1935/channel-live/smil:varzesh.smil/chunklist_b307200_slFa.m3u8?checkedby:iptvcat.com","country":"indonesia","liveliness":"100","status":"online","lastChecked":"2020-08-17T00:00:00Z","format":"fhd 2k","mbps":"13311","URI":["indonesia","sport"]},{"id":"24638","channel":"BeritaSatu","link":"https://b1news.beritasatumedia.com/Beritasatu/B1News_960x540.m3u8?checkedby:iptvcat.com","country":"indonesia","liveliness":"100","status":"online","lastChecked":"2020-08-17T00:00:00Z","format":"sd","mbps":"2098","URI":["indonesia"]},{"id":"24637","channel":"BeritaSatu","link":"https://b1news.beritasatumedia.com/Beritasatu/B1News_320x240.m3u8?checkedby:iptvcat.com","country":"indonesia","liveliness":"100","status":"online","lastChecked":"2020-08-17T00:00:00Z","format":"sd","mbps":"537","URI":["indonesia"]},{"id":"24636","channel":"BeritaSatu","link":"https://b1news.beritasatumedia.com/Beritasatu/B1News_1280x720.m3u8?checkedby:iptvcat.com","country":"indonesia","liveliness":"100","status":"online","lastChecked":"2020-08-17T00:00:00Z","format":"hd","mbps":"3625","URI":["indonesia"]},{"id":"1270","channel":"BeritaSatu","link":"http://edge.linknetott.swiftserve.com/live/BsNew/amlst:beritasatunewsbs/playlist.m3u8?checkedby:iptvcat.com","country":"indonesia","liveliness":"97","status":"online","lastChecked":"2020-08-17T00:00:00Z","format":"sd","mbps":"2883, ...","URI":["indonesia"]},{"id":"56076","channel":"Bungo TV, ID | Bungo TV","link":"http://103.229.72.178/mobile/bungotv.stream.m3u8?checkedby:iptvcat.com","country":"indonesia","liveliness":"50","status":"online","lastChecked":"2020-08-17T00:00:00Z","format":"sd","mbps":"1706","URI":["asia","indonesia"]},{"id":"2517","channel":"Channel NewsAsia, CNA HD","link":"https://d2e1asnsl7br7b.cloudfront.net/7782e205e72f43aeb4a48ec97f66ebbe/index_5.m3u8?checkedby:iptvcat.com","country":"indonesia","liveliness":"100","status":"online","lastChecked":"2020-08-17T00:00:00Z","format":"fhd 2k","mbps":"11126","URI":["indonesia","singapore"]},{"id":"10211","channel":"CNBC, CNBC Indonesia","link":"https://live.cnbcindonesia.com/livecnbc/smil:cnbctv.smil/playlist.m3u8?checkedby:iptvcat.com","country":"indonesia","liveliness":"100","status":"online","lastChecked":"2020-08-17T00:00:00Z","format":"hd","mbps":"3625, ...","URI":["indonesia"]},{"id":"1278","channel":"CNBC Indonesia","link":"https://live.cnbcindonesia.com/livecnbc/smil:cnbctv.smil/master.m3u8?checkedby:iptvcat.com","country":"indonesia","liveliness":"99","status":"online","lastChecked":"2020-08-17T00:00:00Z","format":"hd","mbps":"3625, ...","URI":["indonesia"]},{"id":"13750","channel":"CNBC Indonesia","link":"https://live.cnbcindonesia.com/livecnbc/smil:cnbctv.smil/chunklist.m3u8?checkedby:iptvcat.com","country":"indonesia","liveliness":"99","status":"online","lastChecked":"2020-08-17T00:00:00Z","format":"hd","mbps":"3625, ...","URI":["indonesia"]},{"id":"13751","channel":"CNBC Indonesia 1","link":"http://live.cnbcindonesia.com/livecnbc/smil:cnbctv.smil/chunklist_w528900641_b384000_sleng.m3u8?checkedby:iptvcat.com","country":"indonesia","liveliness":"99","status":"online","lastChecked":"2020-08-18T00:00:00Z","format":"hd","mbps":"3625","URI":["indonesia"]},{"id":"1281","channel":"CNN Indonesia","link":"https://live.cnnindonesia.com/livecnn/smil:cnntv.smil/chunklist_w672934803_b384000_sleng.m3u8?checkedby:iptvcat.com","country":"indonesia","liveliness":"99","status":"online","lastChecked":"2020-08-17T00:00:00Z","format":"hd","mbps":"3625","URI":["indonesia"]},{"id":"1280","channel":"CNN Indonesia","link":"https://live.cnnindonesia.com/livecnn/smil:cnntv.smil/chunklist_w1285822120_b384000_sleng.m3u8?checkedby:iptvcat.com","country":"indonesia","liveliness":"99","status":"online","lastChecked":"2020-08-17T00:00:00Z","format":"hd","mbps":"3625","URI":["indonesia"]},{"id":"1279","channel":"CNN Indonesia","link":"http://live.cnnindonesia.com/livecnn/smil:cnntv.smil/playlist.m3u8?checkedby:iptvcat.com","country":"indonesia","liveliness":"99","status":"online","lastChecked":"2020-08-17T00:00:00Z","format":"hd","mbps":"3625, ...","URI":["indonesia"]},{"id":"1283","channel":"Cahaya TV Banten, CTV Banten","link":"http://103.23.201.170:1935/live/livestream/playlist.m3u8?checkedby:iptvcat.com","country":"indonesia","liveliness":"93","status":"online","lastChecked":"2020-08-17T00:00:00Z","format":"sd","mbps":"2334","URI":["indonesia"]},{"id":"13753","channel":"DISNEY JUNIOR Indo SD","link":"http://103.47.132.164/PLTV/88888888/224/3221226011/02.m3u8?checkedby:iptvcat.com","country":"indonesia","liveliness":"100","status":"online","lastChecked":"2020-08-17T00:00:00Z","format":"sd","mbps":"1052","URI":["indonesia"]},{"id":"1286","channel":"Disney Junior Asia, Disney Junior Indonesia","link":"http://103.47.132.164/PLTV/88888888/224/3221226011/04.m3u8?checkedby:iptvcat.com","country":"indonesia","liveliness":"100","status":"online","lastChecked":"2020-08-17T00:00:00Z","format":"sd","mbps":"2334","URI":["indonesia"]},{"id":"13758","channel":"HIDUP TV","link":"http://202.93.133.3:1935/SVR1/ch_hiduptv.stream_720p/playlist.m3u8?checkedby:iptvcat.com","country":"indonesia","liveliness":"95","status":"online","lastChecked":"2020-08-17T00:00:00Z","format":"sd","mbps":"3218","URI":["indonesia"]},{"id":"56072","channel":"ID | TVRI, TVRI","link":"http://wpc.d1627.nucdn.net:80/80D1627/o-tvri/Content/HLS/Live/Channel(TVRINASIONAL)/Stream(03)/index.m3u8?checkedby:iptvcat.com","country":"indonesia","liveliness":"100","status":"online","lastChecked":"2020-08-17T00:00:00Z","format":"sd","mbps":"1444","URI":["asia","indonesia"]},{"id":"56074","channel":"ID | TVRI Jakarta, TVRI Jakarta","link":"http://wpc.d1627.nucdn.net:80/80D1627/o-tvri/Content/HLS/Live/Channel(TVRIDKI)/Stream(03)/index.m3u8?checkedby:iptvcat.com","country":"indonesia","liveliness":"95","status":"online","lastChecked":"2020-08-17T00:00:00Z","format":"sd","mbps":"1280","URI":["asia","indonesia"]},{"id":"56075","channel":"ID | TVRI Jawa Barat, TVRI Jawa Barat","link":"http://118.97.50.107/Content/HLS/Live/Channel(TVRIJABARBANDUNG)/Stream(03)/index.m3u8?checkedby:iptvcat.com","country":"indonesia","liveliness":"99","status":"online","lastChecked":"2020-08-17T00:00:00Z","format":"sd","mbps":"1444","URI":["asia","indonesia"]},{"id":"56073","channel":"ID | TVRI Kanal 3, TVRI Kanal 3","link":"http://wpc.d1627.nucdn.net:80/80D1627/o-tvri/Content/HLS/Live/Channel(TVRI3)/Stream(03)/index.m3u8?checkedby:iptvcat.com","country":"indonesia","liveliness":"100","status":"online","lastChecked":"2020-08-17T00:00:00Z","format":"sd","mbps":"1444","URI":["asia","indonesia"]},{"id":"23857","channel":"JTV","link":"http://122.248.43.138:1935/ch2/myStream/playlist.m3u8?checkedby:iptvcat.com","country":"indonesia","liveliness":"83","status":"offline","lastChecked":"2020-08-18T00:00:00Z","format":"sd","mbps":"1008","URI":["asia","indonesia"]},{"id":"23856","channel":"Jek TV","link":"http://122.248.43.138:1935/ch14/myStream/chunklist.m3u8?checkedby:iptvcat.com","country":"indonesia","liveliness":"76","status":"offline","lastChecked":"2020-08-19T00:00:00Z","format":"sd","mbps":"1706","URI":["asia","indonesia"]},{"id":"1312","channel":"Karaoke Channel","link":"http://edge.linknetott.swiftserve.com/live/BSgroup/amlst:karaokech/playlist.m3u8?checkedby:iptvcat.com","country":"indonesia","liveliness":"99","status":"online","lastChecked":"2020-08-17T00:00:00Z","format":"sd","mbps":"1764, ...","URI":["indonesia"]},{"id":"1310","channel":"Karaoke Channel","link":"http://edge.linknetott.swiftserve.com/live/BSgroup/amlst:karaokech/chunklist_b2288000.m3u8?checkedby:iptvcat.com","country":"indonesia","liveliness":"98","status":"online","lastChecked":"2020-08-17T00:00:00Z","format":"sd","mbps":"1764","URI":["indonesia"]},{"id":"13772","channel":"METRO TV","link":"http://edge.metroTVnews.com:1935/live-edge/smil:metro.smil/master.m3u8?checkedby:iptvcat.com","country":"indonesia","liveliness":"72","status":"online","lastChecked":"2020-08-17T00:00:00Z","format":"hd","mbps":"5997, ...","URI":["indonesia"]},{"id":"13773","channel":"METROTV HD 1","link":"http://edge.metrotvnews.com:1935/live-edge/smil:metro.smil/chunklist_w1354494356_b1492000_sleng.m3u8?checkedby:iptvcat.com","country":"indonesia","liveliness":"73","status":"online","lastChecked":"2020-08-17T00:00:00Z","format":"hd","mbps":"5997","URI":["indonesia"]},{"id":"1319","channel":"Metro TV","link":"http://edge.metrotvnews.com:1935/live-edge/smil:metro.smil/playlist.m3u8?checkedby:iptvcat.com","country":"indonesia","liveliness":"76","status":"online","lastChecked":"2020-08-17T00:00:00Z","format":"hd","mbps":"5997, ...","URI":["indonesia"]},{"id":"1330","channel":"RRI Net","link":"http://36.89.47.217:11935/rrinet/live/index.m3u8?checkedby:iptvcat.com","country":"indonesia","liveliness":"99","status":"online","lastChecked":"2020-08-17T00:00:00Z","format":"hd","mbps":"9905","URI":["indonesia"]},{"id":"1326","channel":"Radio 51 TV","link":"http://59d7d6f47d7fc.streamlock.net/canale51/canale51/playlist.m3u8?checkedby:iptvcat.com","country":"indonesia","liveliness":"100","status":"online","lastChecked":"2020-08-17T00:00:00Z","format":"sd","mbps":"1494","URI":["indonesia"]},{"id":"13794","channel":"TRANS TV HD","link":"https://video.detik.com/transtv/smil:transtv.smil/playlist.m3u8?checkedby:iptvcat.com","country":"indonesia","liveliness":"99","status":"online","lastChecked":"2020-08-18T00:00:00Z","format":"hd","mbps":"3188, ...","URI":["indonesia"]},{"id":"1925","channel":"TV Ikim, TVIKIM","link":"http://edge.vediostream.com/abr/tvikim/live/tvikim_480p/chunks.m3u8?checkedby:iptvcat.com","country":"indonesia","liveliness":"97","status":"online","lastChecked":"2020-08-17T00:00:00Z","format":"sd","mbps":"1688","URI":["indonesia","malaysia"]},{"id":"132936","channel":"TV Ikim, TVIKIM","link":"http://edge.vediostream.com/abr/tvikim/live/tvikim_480p/playlist.m3u8?checkedby:iptvcat.com","country":"indonesia","liveliness":"96","status":"online","lastChecked":"2020-08-17T00:00:00Z","format":"sd","mbps":"1688","URI":["asia","indonesia","malaysia"]},{"id":"1349","channel":"TVKU","link":"http://103.30.1.14:8080/hls/live.m3u8?checkedby:iptvcat.com","country":"indonesia","liveliness":"99","status":"online","lastChecked":"2020-08-17T00:00:00Z","format":"hd","mbps":"3625","URI":["indonesia"]},{"id":"23862","channel":"TVRI (Opt-3)","link":"http://202.80.222.130/000001/2/ch14041511560872104862/index.m3u8?virtualDomain=000001.live_hls.zte.com\u0026checkedby:iptvcat.com","country":"indonesia","liveliness":"100","status":"online","lastChecked":"2020-08-17T00:00:00Z","format":"sd","mbps":"1494, ...","URI":["asia","indonesia"]},{"id":"22171","channel":"TVRI DKI Jakarta","link":"http://118.97.50.107/Content/HLS/Live/Channel(TVRIDKI)/Stream(03)/index.m3u8?checkedby:iptvcat.com","country":"indonesia","liveliness":"94","status":"online","lastChecked":"2020-08-17T00:00:00Z","format":"sd","mbps":"1280","URI":["indonesia"]},{"id":"22172","channel":"TVRI Jawa Barat","link":"http://118.97.50.107/Content/HLS/Live/Channel(TVRIJABARBANDUNG)/index.m3u8?checkedby:iptvcat.com","country":"indonesia","liveliness":"96","status":"online","lastChecked":"2020-08-17T00:00:00Z","format":"sd","mbps":"1444, ...","URI":["indonesia"]},{"id":"22173","channel":"TVRI Jawa Tengah","link":"http://118.97.50.107/Content/HLS/Live/Channel(TVRIJATENGSEMARANG)/index.m3u8?checkedby:iptvcat.com","country":"indonesia","liveliness":"95","status":"online","lastChecked":"2020-08-17T00:00:00Z","format":"sd","mbps":"1444, ...","URI":["indonesia"]},{"id":"22174","channel":"TVRI Jawa Timur","link":"http://118.97.50.107/Content/HLS/Live/Channel(TVRIJATIMSURABAYA)/index.m3u8?checkedby:iptvcat.com","country":"indonesia","liveliness":"97","status":"online","lastChecked":"2020-08-17T00:00:00Z","format":"sd","mbps":"1444, ...","URI":["indonesia"]},{"id":"22175","channel":"TVRI Nasional","link":"http://118.97.50.107/Content/HLS/Live/Channel(TVRINASIONAL)/Stream(04)/index.m3u8?checkedby:iptvcat.com","country":"indonesia","liveliness":"95","status":"online","lastChecked":"2020-08-17T00:00:00Z","format":"hd","mbps":"5020","URI":["indonesia"]},{"id":"22176","channel":"TVRI Yogyakarta","link":"http://118.97.50.107/Content/HLS/Live/Channel(TVRIYOGYAKARTA)/index.m3u8?checkedby:iptvcat.com","country":"indonesia","liveliness":"96","status":"online","lastChecked":"2020-08-17T00:00:00Z","format":"sd","mbps":"1444, ...","URI":["indonesia"]},{"id":"132936","channel":"TV Ikim, TVIKIM","link":"http://edge.vediostream.com/abr/tvikim/live/tvikim_480p/playlist.m3u8?checkedby:iptvcat.com","country":"indonesia","liveliness":"96","status":"online","lastChecked":"2020-08-17T00:00:00Z","format":"sd","mbps":"1688","URI":["asia","indonesia","malaysia"]},{"id":"1925","channel":"TV Ikim, TVIKIM","link":"http://edge.vediostream.com/abr/tvikim/live/tvikim_480p/chunks.m3u8?checkedby:iptvcat.com","country":"indonesia","liveliness":"97","status":"online","lastChecked":"2020-08-17T00:00:00Z","format":"sd","mbps":"1688","URI":["indonesia","malaysia"]},{"id":"2517","channel":"Channel NewsAsia, CNA HD","link":"https://d2e1asnsl7br7b.cloudfront.net/7782e205e72f43aeb4a48ec97f66ebbe/index_5.m3u8?checkedby:iptvcat.com","country":"indonesia","liveliness":"100","status":"online","lastChecked":"2020-08-17T00:00:00Z","format":"fhd 2k","mbps":"11126","URI":["indonesia","singapore"]},{"id":"2517","channel":"Channel NewsAsia, CNA HD","link":"https://d2e1asnsl7br7b.cloudfront.net/7782e205e72f43aeb4a48ec97f66ebbe/index_5.m3u8?checkedby:iptvcat.com","country":"indonesia","liveliness":"100","status":"online","lastChecked":"2020-08-17T00:00:00Z","format":"fhd 2k","mbps":"11126","URI":["indonesia","singapore"]},{"id":"13747","channel":"AREK TV SURABAYA","link":"http://stream2.ninmedia.tv/arektv/arek_360p/playlist.m3u8?checkedby:iptvcat.com","country":"indonesia","liveliness":"88","status":"online","lastChecked":"2020-08-17T00:00:00Z","format":"sd","mbps":"749","URI":["indonesia"]},{"id":"1266","channel":"All Sports","link":"http://cdn1.live.irib.ir:1935/channel-live/smil:varzesh.smil/chunklist_b307200_slFa.m3u8?checkedby:iptvcat.com","country":"indonesia","liveliness":"100","status":"online","lastChecked":"2020-08-17T00:00:00Z","format":"fhd 2k","mbps":"13311","URI":["indonesia","sport"]},{"id":"24636","channel":"BeritaSatu","link":"https://b1news.beritasatumedia.com/Beritasatu/B1News_1280x720.m3u8?checkedby:iptvcat.com","country":"indonesia","liveliness":"100","status":"online","lastChecked":"2020-08-17T00:00:00Z","format":"hd","mbps":"3625","URI":["indonesia"]},{"id":"1270","channel":"BeritaSatu","link":"http://edge.linknetott.swiftserve.com/live/BsNew/amlst:beritasatunewsbs/playlist.m3u8?checkedby:iptvcat.com","country":"indonesia","liveliness":"97","status":"online","lastChecked":"2020-08-17T00:00:00Z","format":"sd","mbps":"2883, ...","URI":["indonesia"]},{"id":"24638","channel":"BeritaSatu","link":"https://b1news.beritasatumedia.com/Beritasatu/B1News_960x540.m3u8?checkedby:iptvcat.com","country":"indonesia","liveliness":"100","status":"online","lastChecked":"2020-08-17T00:00:00Z","format":"sd","mbps":"2098","URI":["indonesia"]},{"id":"24637","channel":"BeritaSatu","link":"https://b1news.beritasatumedia.com/Beritasatu/B1News_320x240.m3u8?checkedby:iptvcat.com","country":"indonesia","liveliness":"100","status":"online","lastChecked":"2020-08-17T00:00:00Z","format":"sd","mbps":"537","URI":["indonesia"]},{"id":"56076","channel":"Bungo TV, ID | Bungo TV","link":"http://103.229.72.178/mobile/bungotv.stream.m3u8?checkedby:iptvcat.com","country":"indonesia","liveliness":"50","status":"online","lastChecked":"2020-08-17T00:00:00Z","format":"sd","mbps":"1706","URI":["asia","indonesia"]},{"id":"2517","channel":"Channel NewsAsia, CNA HD","link":"https://d2e1asnsl7br7b.cloudfront.net/7782e205e72f43aeb4a48ec97f66ebbe/index_5.m3u8?checkedby:iptvcat.com","country":"indonesia","liveliness":"100","status":"online","lastChecked":"2020-08-17T00:00:00Z","format":"fhd 2k","mbps":"11126","URI":["indonesia","singapore"]},{"id":"10211","channel":"CNBC, CNBC Indonesia","link":"https://live.cnbcindonesia.com/livecnbc/smil:cnbctv.smil/playlist.m3u8?checkedby:iptvcat.com","country":"indonesia","liveliness":"100","status":"online","lastChecked":"2020-08-17T00:00:00Z","format":"hd","mbps":"3625, ...","URI":["indonesia"]},{"id":"13750","channel":"CNBC Indonesia","link":"https://live.cnbcindonesia.com/livecnbc/smil:cnbctv.smil/chunklist.m3u8?checkedby:iptvcat.com","country":"indonesia","liveliness":"99","status":"online","lastChecked":"2020-08-17T00:00:00Z","format":"hd","mbps":"3625, ...","URI":["indonesia"]},{"id":"1278","channel":"CNBC Indonesia","link":"https://live.cnbcindonesia.com/livecnbc/smil:cnbctv.smil/master.m3u8?checkedby:iptvcat.com","country":"indonesia","liveliness":"99","status":"online","lastChecked":"2020-08-17T00:00:00Z","format":"hd","mbps":"3625, ...","URI":["indonesia"]},{"id":"13751","channel":"CNBC Indonesia 1","link":"http://live.cnbcindonesia.com/livecnbc/smil:cnbctv.smil/chunklist_w528900641_b384000_sleng.m3u8?checkedby:iptvcat.com","country":"indonesia","liveliness":"99","status":"online","lastChecked":"2020-08-18T00:00:00Z","format":"hd","mbps":"3625","URI":["indonesia"]},{"id":"1281","channel":"CNN Indonesia","link":"https://live.cnnindonesia.com/livecnn/smil:cnntv.smil/chunklist_w672934803_b384000_sleng.m3u8?checkedby:iptvcat.com","country":"indonesia","liveliness":"99","status":"online","lastChecked":"2020-08-17T00:00:00Z","format":"hd","mbps":"3625","URI":["indonesia"]},{"id":"1280","channel":"CNN Indonesia","link":"https://live.cnnindonesia.com/livecnn/smil:cnntv.smil/chunklist_w1285822120_b384000_sleng.m3u8?checkedby:iptvcat.com","country":"indonesia","liveliness":"99","status":"online","lastChecked":"2020-08-17T00:00:00Z","format":"hd","mbps":"3625","URI":["indonesia"]},{"id":"1279","channel":"CNN Indonesia","link":"http://live.cnnindonesia.com/livecnn/smil:cnntv.smil/playlist.m3u8?checkedby:iptvcat.com","country":"indonesia","liveliness":"99","status":"online","lastChecked":"2020-08-17T00:00:00Z","format":"hd","mbps":"3625, ...","URI":["indonesia"]},{"id":"1283","channel":"Cahaya TV Banten, CTV Banten","link":"http://103.23.201.170:1935/live/livestream/playlist.m3u8?checkedby:iptvcat.com","country":"indonesia","liveliness":"93","status":"online","lastChecked":"2020-08-17T00:00:00Z","format":"sd","mbps":"2334","URI":["indonesia"]},{"id":"13753","channel":"DISNEY JUNIOR Indo SD","link":"http://103.47.132.164/PLTV/88888888/224/3221226011/02.m3u8?checkedby:iptvcat.com","country":"indonesia","liveliness":"100","status":"online","lastChecked":"2020-08-17T00:00:00Z","format":"sd","mbps":"1052","URI":["indonesia"]},{"id":"1286","channel":"Disney Junior Asia, Disney Junior Indonesia","link":"http://103.47.132.164/PLTV/88888888/224/3221226011/04.m3u8?checkedby:iptvcat.com","country":"indonesia","liveliness":"100","status":"online","lastChecked":"2020-08-17T00:00:00Z","format":"sd","mbps":"2334","URI":["indonesia"]},{"id":"13758","channel":"HIDUP TV","link":"http://202.93.133.3:1935/SVR1/ch_hiduptv.stream_720p/playlist.m3u8?checkedby:iptvcat.com","country":"indonesia","liveliness":"95","status":"online","lastChecked":"2020-08-17T00:00:00Z","format":"sd","mbps":"3218","URI":["indonesia"]},{"id":"56072","channel":"ID | TVRI, TVRI","link":"http://wpc.d1627.nucdn.net:80/80D1627/o-tvri/Content/HLS/Live/Channel(TVRINASIONAL)/Stream(03)/index.m3u8?checkedby:iptvcat.com","country":"indonesia","liveliness":"100","status":"online","lastChecked":"2020-08-17T00:00:00Z","format":"sd","mbps":"1444","URI":["asia","indonesia"]},{"id":"56074","channel":"ID | TVRI Jakarta, TVRI Jakarta","link":"http://wpc.d1627.nucdn.net:80/80D1627/o-tvri/Content/HLS/Live/Channel(TVRIDKI)/Stream(03)/index.m3u8?checkedby:iptvcat.com","country":"indonesia","liveliness":"95","status":"online","lastChecked":"2020-08-17T00:00:00Z","format":"sd","mbps":"1280","URI":["asia","indonesia"]},{"id":"56075","channel":"ID | TVRI Jawa Barat, TVRI Jawa Barat","link":"http://118.97.50.107/Content/HLS/Live/Channel(TVRIJABARBANDUNG)/Stream(03)/index.m3u8?checkedby:iptvcat.com","country":"indonesia","liveliness":"99","status":"online","lastChecked":"2020-08-17T00:00:00Z","format":"sd","mbps":"1444","URI":["asia","indonesia"]},{"id":"56073","channel":"ID | TVRI Kanal 3, TVRI Kanal 3","link":"http://wpc.d1627.nucdn.net:80/80D1627/o-tvri/Content/HLS/Live/Channel(TVRI3)/Stream(03)/index.m3u8?checkedby:iptvcat.com","country":"indonesia","liveliness":"100","status":"online","lastChecked":"2020-08-17T00:00:00Z","format":"sd","mbps":"1444","URI":["asia","indonesia"]},{"id":"23857","channel":"JTV","link":"http://122.248.43.138:1935/ch2/myStream/playlist.m3u8?checkedby:iptvcat.com","country":"indonesia","liveliness":"83","status":"offline","lastChecked":"2020-08-18T00:00:00Z","format":"sd","mbps":"1008","URI":["asia","indonesia"]},{"id":"23856","channel":"Jek TV","link":"http://122.248.43.138:1935/ch14/myStream/chunklist.m3u8?checkedby:iptvcat.com","country":"indonesia","liveliness":"76","status":"offline","lastChecked":"2020-08-19T00:00:00Z","format":"sd","mbps":"1706","URI":["asia","indonesia"]},{"id":"1312","channel":"Karaoke Channel","link":"http://edge.linknetott.swiftserve.com/live/BSgroup/amlst:karaokech/playlist.m3u8?checkedby:iptvcat.com","country":"indonesia","liveliness":"99","status":"online","lastChecked":"2020-08-17T00:00:00Z","format":"sd","mbps":"1764, ...","URI":["indonesia"]},{"id":"1310","channel":"Karaoke Channel","link":"http://edge.linknetott.swiftserve.com/live/BSgroup/amlst:karaokech/chunklist_b2288000.m3u8?checkedby:iptvcat.com","country":"indonesia","liveliness":"98","status":"online","lastChecked":"2020-08-17T00:00:00Z","format":"sd","mbps":"1764","URI":["indonesia"]},{"id":"13772","channel":"METRO TV","link":"http://edge.metroTVnews.com:1935/live-edge/smil:metro.smil/master.m3u8?checkedby:iptvcat.com","country":"indonesia","liveliness":"72","status":"online","lastChecked":"2020-08-17T00:00:00Z","format":"hd","mbps":"5997, ...","URI":["indonesia"]},{"id":"13773","channel":"METROTV HD 1","link":"http://edge.metrotvnews.com:1935/live-edge/smil:metro.smil/chunklist_w1354494356_b1492000_sleng.m3u8?checkedby:iptvcat.com","country":"indonesia","liveliness":"73","status":"online","lastChecked":"2020-08-17T00:00:00Z","format":"hd","mbps":"5997","URI":["indonesia"]},{"id":"1319","channel":"Metro TV","link":"http://edge.metrotvnews.com:1935/live-edge/smil:metro.smil/playlist.m3u8?checkedby:iptvcat.com","country":"indonesia","liveliness":"76","status":"online","lastChecked":"2020-08-17T00:00:00Z","format":"hd","mbps":"5997, ...","URI":["indonesia"]},{"id":"1330","channel":"RRI Net","link":"http://36.89.47.217:11935/rrinet/live/index.m3u8?checkedby:iptvcat.com","country":"indonesia","liveliness":"99","status":"online","lastChecked":"2020-08-17T00:00:00Z","format":"hd","mbps":"9905","URI":["indonesia"]},{"id":"1326","channel":"Radio 51 TV","link":"http://59d7d6f47d7fc.streamlock.net/canale51/canale51/playlist.m3u8?checkedby:iptvcat.com","country":"indonesia","liveliness":"100","status":"online","lastChecked":"2020-08-17T00:00:00Z","format":"sd","mbps":"1494","URI":["indonesia"]},{"id":"13794","channel":"TRANS TV HD","link":"https://video.detik.com/transtv/smil:transtv.smil/playlist.m3u8?checkedby:iptvcat.com","country":"indonesia","liveliness":"99","status":"online","lastChecked":"2020-08-18T00:00:00Z","format":"hd","mbps":"3188, ...","URI":["indonesia"]},{"id":"1925","channel":"TV Ikim, TVIKIM","link":"http://edge.vediostream.com/abr/tvikim/live/tvikim_480p/chunks.m3u8?checkedby:iptvcat.com","country":"indonesia","liveliness":"97","status":"online","lastChecked":"2020-08-17T00:00:00Z","format":"sd","mbps":"1688","URI":["indonesia","malaysia"]},{"id":"132936","channel":"TV Ikim, TVIKIM","link":"http://edge.vediostream.com/abr/tvikim/live/tvikim_480p/playlist.m3u8?checkedby:iptvcat.com","country":"indonesia","liveliness":"96","status":"online","lastChecked":"2020-08-17T00:00:00Z","format":"sd","mbps":"1688","URI":["asia","indonesia","malaysia"]},{"id":"1349","channel":"TVKU","link":"http://103.30.1.14:8080/hls/live.m3u8?checkedby:iptvcat.com","country":"indonesia","liveliness":"99","status":"online","lastChecked":"2020-08-17T00:00:00Z","format":"hd","mbps":"3625","URI":["indonesia"]},{"id":"23862","channel":"TVRI (Opt-3)","link":"http://202.80.222.130/000001/2/ch14041511560872104862/index.m3u8?virtualDomain=000001.live_hls.zte.com\u0026checkedby:iptvcat.com","country":"indonesia","liveliness":"100","status":"online","lastChecked":"2020-08-17T00:00:00Z","format":"sd","mbps":"1494, ...","URI":["asia","indonesia"]},{"id":"22171","channel":"TVRI DKI Jakarta","link":"http://118.97.50.107/Content/HLS/Live/Channel(TVRIDKI)/Stream(03)/index.m3u8?checkedby:iptvcat.com","country":"indonesia","liveliness":"94","status":"online","lastChecked":"2020-08-17T00:00:00Z","format":"sd","mbps":"1280","URI":["indonesia"]},{"id":"22172","channel":"TVRI Jawa Barat","link":"http://118.97.50.107/Content/HLS/Live/Channel(TVRIJABARBANDUNG)/index.m3u8?checkedby:iptvcat.com","country":"indonesia","liveliness":"96","status":"online","lastChecked":"2020-08-17T00:00:00Z","format":"sd","mbps":"1444, ...","URI":["indonesia"]},{"id":"22173","channel":"TVRI Jawa Tengah","link":"http://118.97.50.107/Content/HLS/Live/Channel(TVRIJATENGSEMARANG)/index.m3u8?checkedby:iptvcat.com","country":"indonesia","liveliness":"95","status":"online","lastChecked":"2020-08-17T00:00:00Z","format":"sd","mbps":"1444, ...","URI":["indonesia"]},{"id":"22174","channel":"TVRI Jawa Timur","link":"http://118.97.50.107/Content/HLS/Live/Channel(TVRIJATIMSURABAYA)/index.m3u8?checkedby:iptvcat.com","country":"indonesia","liveliness":"97","status":"online","lastChecked":"2020-08-17T00:00:00Z","format":"sd","mbps":"1444, ...","URI":["indonesia"]},{"id":"22175","channel":"TVRI Nasional","link":"http://118.97.50.107/Content/HLS/Live/Channel(TVRINASIONAL)/Stream(04)/index.m3u8?checkedby:iptvcat.com","country":"indonesia","liveliness":"95","status":"online","lastChecked":"2020-08-17T00:00:00Z","format":"hd","mbps":"5020","URI":["indonesia"]},{"id":"22176","channel":"TVRI Yogyakarta","link":"http://118.97.50.107/Content/HLS/Live/Channel(TVRIYOGYAKARTA)/index.m3u8?checkedby:iptvcat.com","country":"indonesia","liveliness":"96","status":"online","lastChecked":"2020-08-17T00:00:00Z","format":"sd","mbps":"1444, ...","URI":["indonesia"]},{"id":"13747","channel":"AREK TV SURABAYA","link":"http://stream2.ninmedia.tv/arektv/arek_360p/playlist.m3u8?checkedby:iptvcat.com","country":"indonesia","liveliness":"88","status":"online","lastChecked":"2020-08-17T00:00:00Z","format":"sd","mbps":"749","URI":["indonesia"]},{"id":"1266","channel":"All Sports","link":"http://cdn1.live.irib.ir:1935/channel-live/smil:varzesh.smil/chunklist_b307200_slFa.m3u8?checkedby:iptvcat.com","country":"indonesia","liveliness":"100","status":"online","lastChecked":"2020-08-17T00:00:00Z","format":"fhd 2k","mbps":"13311","URI":["indonesia","sport"]},{"id":"24636","channel":"BeritaSatu","link":"https://b1news.beritasatumedia.com/Beritasatu/B1News_1280x720.m3u8?checkedby:iptvcat.com","country":"indonesia","liveliness":"100","status":"online","lastChecked":"2020-08-17T00:00:00Z","format":"hd","mbps":"3625","URI":["indonesia"]},{"id":"1270","channel":"BeritaSatu","link":"http://edge.linknetott.swiftserve.com/live/BsNew/amlst:beritasatunewsbs/playlist.m3u8?checkedby:iptvcat.com","country":"indonesia","liveliness":"97","status":"online","lastChecked":"2020-08-17T00:00:00Z","format":"sd","mbps":"2883, ...","URI":["indonesia"]},{"id":"24638","channel":"BeritaSatu","link":"https://b1news.beritasatumedia.com/Beritasatu/B1News_960x540.m3u8?checkedby:iptvcat.com","country":"indonesia","liveliness":"100","status":"online","lastChecked":"2020-08-17T00:00:00Z","format":"sd","mbps":"2098","URI":["indonesia"]},{"id":"24637","channel":"BeritaSatu","link":"https://b1news.beritasatumedia.com/Beritasatu/B1News_320x240.m3u8?checkedby:iptvcat.com","country":"indonesia","liveliness":"100","status":"online","lastChecked":"2020-08-17T00:00:00Z","format":"sd","mbps":"537","URI":["indonesia"]},{"id":"56076","channel":"Bungo TV, ID | Bungo TV","link":"http://103.229.72.178/mobile/bungotv.stream.m3u8?checkedby:iptvcat.com","country":"indonesia","liveliness":"50","status":"online","lastChecked":"2020-08-17T00:00:00Z","format":"sd","mbps":"1706","URI":["asia","indonesia"]},{"id":"2517","channel":"Channel NewsAsia, CNA HD","link":"https://d2e1asnsl7br7b.cloudfront.net/7782e205e72f43aeb4a48ec97f66ebbe/index_5.m3u8?checkedby:iptvcat.com","country":"indonesia","liveliness":"100","status":"online","lastChecked":"2020-08-17T00:00:00Z","format":"fhd 2k","mbps":"11126","URI":["indonesia","singapore"]},{"id":"10211","channel":"CNBC, CNBC Indonesia","link":"https://live.cnbcindonesia.com/livecnbc/smil:cnbctv.smil/playlist.m3u8?checkedby:iptvcat.com","country":"indonesia","liveliness":"100","status":"online","lastChecked":"2020-08-17T00:00:00Z","format":"hd","mbps":"3625, ...","URI":["indonesia"]},{"id":"13750","channel":"CNBC Indonesia","link":"https://live.cnbcindonesia.com/livecnbc/smil:cnbctv.smil/chunklist.m3u8?checkedby:iptvcat.com","country":"indonesia","liveliness":"99","status":"online","lastChecked":"2020-08-17T00:00:00Z","format":"hd","mbps":"3625, ...","URI":["indonesia"]},{"id":"1278","channel":"CNBC Indonesia","link":"https://live.cnbcindonesia.com/livecnbc/smil:cnbctv.smil/master.m3u8?checkedby:iptvcat.com","country":"indonesia","liveliness":"99","status":"online","lastChecked":"2020-08-17T00:00:00Z","format":"hd","mbps":"3625, ...","URI":["indonesia"]},{"id":"13751","channel":"CNBC Indonesia 1","link":"http://live.cnbcindonesia.com/livecnbc/smil:cnbctv.smil/chunklist_w528900641_b384000_sleng.m3u8?checkedby:iptvcat.com","country":"indonesia","liveliness":"99","status":"online","lastChecked":"2020-08-18T00:00:00Z","format":"hd","mbps":"3625","URI":["indonesia"]},{"id":"1281","channel":"CNN Indonesia","link":"https://live.cnnindonesia.com/livecnn/smil:cnntv.smil/chunklist_w672934803_b384000_sleng.m3u8?checkedby:iptvcat.com","country":"indonesia","liveliness":"99","status":"online","lastChecked":"2020-08-17T00:00:00Z","format":"hd","mbps":"3625","URI":["indonesia"]},{"id":"1280","channel":"CNN Indonesia","link":"https://live.cnnindonesia.com/livecnn/smil:cnntv.smil/chunklist_w1285822120_b384000_sleng.m3u8?checkedby:iptvcat.com","country":"indonesia","liveliness":"99","status":"online","lastChecked":"2020-08-17T00:00:00Z","format":"hd","mbps":"3625","URI":["indonesia"]},{"id":"1279","channel":"CNN Indonesia","link":"http://live.cnnindonesia.com/livecnn/smil:cnntv.smil/playlist.m3u8?checkedby:iptvcat.com","country":"indonesia","liveliness":"99","status":"online","lastChecked":"2020-08-17T00:00:00Z","format":"hd","mbps":"3625, ...","URI":["indonesia"]},{"id":"1283","channel":"Cahaya TV Banten, CTV Banten","link":"http://103.23.201.170:1935/live/livestream/playlist.m3u8?checkedby:iptvcat.com","country":"indonesia","liveliness":"93","status":"online","lastChecked":"2020-08-17T00:00:00Z","format":"sd","mbps":"2334","URI":["indonesia"]},{"id":"13753","channel":"DISNEY JUNIOR Indo SD","link":"http://103.47.132.164/PLTV/88888888/224/3221226011/02.m3u8?checkedby:iptvcat.com","country":"indonesia","liveliness":"100","status":"online","lastChecked":"2020-08-17T00:00:00Z","format":"sd","mbps":"1052","URI":["indonesia"]},{"id":"1286","channel":"Disney Junior Asia, Disney Junior Indonesia","link":"http://103.47.132.164/PLTV/88888888/224/3221226011/04.m3u8?checkedby:iptvcat.com","country":"indonesia","liveliness":"100","status":"online","lastChecked":"2020-08-17T00:00:00Z","format":"sd","mbps":"2334","URI":["indonesia"]},{"id":"13758","channel":"HIDUP TV","link":"http://202.93.133.3:1935/SVR1/ch_hiduptv.stream_720p/playlist.m3u8?checkedby:iptvcat.com","country":"indonesia","liveliness":"95","status":"online","lastChecked":"2020-08-17T00:00:00Z","format":"sd","mbps":"3218","URI":["indonesia"]},{"id":"56072","channel":"ID | TVRI, TVRI","link":"http://wpc.d1627.nucdn.net:80/80D1627/o-tvri/Content/HLS/Live/Channel(TVRINASIONAL)/Stream(03)/index.m3u8?checkedby:iptvcat.com","country":"indonesia","liveliness":"100","status":"online","lastChecked":"2020-08-17T00:00:00Z","format":"sd","mbps":"1444","URI":["asia","indonesia"]},{"id":"56074","channel":"ID | TVRI Jakarta, TVRI Jakarta","link":"http://wpc.d1627.nucdn.net:80/80D1627/o-tvri/Content/HLS/Live/Channel(TVRIDKI)/Stream(03)/index.m3u8?checkedby:iptvcat.com","country":"indonesia","liveliness":"95","status":"online","lastChecked":"2020-08-17T00:00:00Z","format":"sd","mbps":"1280","URI":["asia","indonesia"]},{"id":"56075","channel":"ID | TVRI Jawa Barat, TVRI Jawa Barat","link":"http://118.97.50.107/Content/HLS/Live/Channel(TVRIJABARBANDUNG)/Stream(03)/index.m3u8?checkedby:iptvcat.com","country":"indonesia","liveliness":"99","status":"online","lastChecked":"2020-08-17T00:00:00Z","format":"sd","mbps":"1444","URI":["asia","indonesia"]},{"id":"56073","channel":"ID | TVRI Kanal 3, TVRI Kanal 3","link":"http://wpc.d1627.nucdn.net:80/80D1627/o-tvri/Content/HLS/Live/Channel(TVRI3)/Stream(03)/index.m3u8?checkedby:iptvcat.com","country":"indonesia","liveliness":"100","status":"online","lastChecked":"2020-08-17T00:00:00Z","format":"sd","mbps":"1444","URI":["asia","indonesia"]},{"id":"23857","channel":"JTV","link":"http://122.248.43.138:1935/ch2/myStream/playlist.m3u8?checkedby:iptvcat.com","country":"indonesia","liveliness":"83","status":"offline","lastChecked":"2020-08-18T00:00:00Z","format":"sd","mbps":"1008","URI":["asia","indonesia"]},{"id":"23856","channel":"Jek TV","link":"http://122.248.43.138:1935/ch14/myStream/chunklist.m3u8?checkedby:iptvcat.com","country":"indonesia","liveliness":"76","status":"offline","lastChecked":"2020-08-19T00:00:00Z","format":"sd","mbps":"1706","URI":["asia","indonesia"]},{"id":"1312","channel":"Karaoke Channel","link":"http://edge.linknetott.swiftserve.com/live/BSgroup/amlst:karaokech/playlist.m3u8?checkedby:iptvcat.com","country":"indonesia","liveliness":"99","status":"online","lastChecked":"2020-08-17T00:00:00Z","format":"sd","mbps":"1764, ...","URI":["indonesia"]},{"id":"1310","channel":"Karaoke Channel","link":"http://edge.linknetott.swiftserve.com/live/BSgroup/amlst:karaokech/chunklist_b2288000.m3u8?checkedby:iptvcat.com","country":"indonesia","liveliness":"98","status":"online","lastChecked":"2020-08-17T00:00:00Z","format":"sd","mbps":"1764","URI":["indonesia"]},{"id":"13772","channel":"METRO TV","link":"http://edge.metroTVnews.com:1935/live-edge/smil:metro.smil/master.m3u8?checkedby:iptvcat.com","country":"indonesia","liveliness":"72","status":"online","lastChecked":"2020-08-17T00:00:00Z","format":"hd","mbps":"5997, ...","URI":["indonesia"]},{"id":"13773","channel":"METROTV HD 1","link":"http://edge.metrotvnews.com:1935/live-edge/smil:metro.smil/chunklist_w1354494356_b1492000_sleng.m3u8?checkedby:iptvcat.com","country":"indonesia","liveliness":"73","status":"online","lastChecked":"2020-08-17T00:00:00Z","format":"hd","mbps":"5997","URI":["indonesia"]},{"id":"1319","channel":"Metro TV","link":"http://edge.metrotvnews.com:1935/live-edge/smil:metro.smil/playlist.m3u8?checkedby:iptvcat.com","country":"indonesia","liveliness":"76","status":"online","lastChecked":"2020-08-17T00:00:00Z","format":"hd","mbps":"5997, ...","URI":["indonesia"]},{"id":"1330","channel":"RRI Net","link":"http://36.89.47.217:11935/rrinet/live/index.m3u8?checkedby:iptvcat.com","country":"indonesia","liveliness":"99","status":"online","lastChecked":"2020-08-17T00:00:00Z","format":"hd","mbps":"9905","URI":["indonesia"]},{"id":"1326","channel":"Radio 51 TV","link":"http://59d7d6f47d7fc.streamlock.net/canale51/canale51/playlist.m3u8?checkedby:iptvcat.com","country":"indonesia","liveliness":"100","status":"online","lastChecked":"2020-08-17T00:00:00Z","format":"sd","mbps":"1494","URI":["indonesia"]},{"id":"13794","channel":"TRANS TV HD","link":"https://video.detik.com/transtv/smil:transtv.smil/playlist.m3u8?checkedby:iptvcat.com","country":"indonesia","liveliness":"99","status":"online","lastChecked":"2020-08-18T00:00:00Z","format":"hd","mbps":"3188, ...","URI":["indonesia"]},{"id":"1925","channel":"TV Ikim, TVIKIM","link":"http://edge.vediostream.com/abr/tvikim/live/tvikim_480p/chunks.m3u8?checkedby:iptvcat.com","country":"indonesia","liveliness":"97","status":"online","lastChecked":"2020-08-17T00:00:00Z","format":"sd","mbps":"1688","URI":["indonesia","malaysia"]},{"id":"132936","channel":"TV Ikim, TVIKIM","link":"http://edge.vediostream.com/abr/tvikim/live/tvikim_480p/playlist.m3u8?checkedby:iptvcat.com","country":"indonesia","liveliness":"96","status":"online","lastChecked":"2020-08-17T00:00:00Z","format":"sd","mbps":"1688","URI":["asia","indonesia","malaysia"]},{"id":"1349","channel":"TVKU","link":"http://103.30.1.14:8080/hls/live.m3u8?checkedby:iptvcat.com","country":"indonesia","liveliness":"99","status":"online","lastChecked":"2020-08-17T00:00:00Z","format":"hd","mbps":"3625","URI":["indonesia"]},{"id":"23862","channel":"TVRI (Opt-3)","link":"http://202.80.222.130/000001/2/ch14041511560872104862/index.m3u8?virtualDomain=000001.live_hls.zte.com\u0026checkedby:iptvcat.com","country":"indonesia","liveliness":"100","status":"online","lastChecked":"2020-08-17T00:00:00Z","format":"sd","mbps":"1494, ...","URI":["asia","indonesia"]},{"id":"22171","channel":"TVRI DKI Jakarta","link":"http://118.97.50.107/Content/HLS/Live/Channel(TVRIDKI)/Stream(03)/index.m3u8?checkedby:iptvcat.com","country":"indonesia","liveliness":"94","status":"online","lastChecked":"2020-08-17T00:00:00Z","format":"sd","mbps":"1280","URI":["indonesia"]},{"id":"22172","channel":"TVRI Jawa Barat","link":"http://118.97.50.107/Content/HLS/Live/Channel(TVRIJABARBANDUNG)/index.m3u8?checkedby:iptvcat.com","country":"indonesia","liveliness":"96","status":"online","lastChecked":"2020-08-17T00:00:00Z","format":"sd","mbps":"1444, ...","URI":["indonesia"]},{"id":"22173","channel":"TVRI Jawa Tengah","link":"http://118.97.50.107/Content/HLS/Live/Channel(TVRIJATENGSEMARANG)/index.m3u8?checkedby:iptvcat.com","country":"indonesia","liveliness":"95","status":"online","lastChecked":"2020-08-17T00:00:00Z","format":"sd","mbps":"1444, ...","URI":["indonesia"]},{"id":"22174","channel":"TVRI Jawa Timur","link":"http://118.97.50.107/Content/HLS/Live/Channel(TVRIJATIMSURABAYA)/index.m3u8?checkedby:iptvcat.com","country":"indonesia","liveliness":"97","status":"online","lastChecked":"2020-08-17T00:00:00Z","format":"sd","mbps":"1444, ...","URI":["indonesia"]},{"id":"22175","channel":"TVRI Nasional","link":"http://118.97.50.107/Content/HLS/Live/Channel(TVRINASIONAL)/Stream(04)/index.m3u8?checkedby:iptvcat.com","country":"indonesia","liveliness":"95","status":"online","lastChecked":"2020-08-17T00:00:00Z","format":"hd","mbps":"5020","URI":["indonesia"]},{"id":"22176","channel":"TVRI Yogyakarta","link":"http://118.97.50.107/Content/HLS/Live/Channel(TVRIYOGYAKARTA)/index.m3u8?checkedby:iptvcat.com","country":"indonesia","liveliness":"96","status":"online","lastChecked":"2020-08-17T00:00:00Z","format":"sd","mbps":"1444, ...","URI":["indonesia"]},{"id":"1266","channel":"All Sports","link":"http://cdn1.live.irib.ir:1935/channel-live/smil:varzesh.smil/chunklist_b307200_slFa.m3u8?checkedby:iptvcat.com","country":"indonesia","liveliness":"100","status":"online","lastChecked":"2020-08-17T00:00:00Z","format":"fhd 2k","mbps":"13311","URI":["indonesia","sport"]},{"id":"1266","channel":"All Sports","link":"http://cdn1.live.irib.ir:1935/channel-live/smil:varzesh.smil/chunklist_b307200_slFa.m3u8?checkedby:iptvcat.com","country":"indonesia","liveliness":"100","status":"online","lastChecked":"2020-08-17T00:00:00Z","format":"fhd 2k","mbps":"13311","URI":["indonesia","sport"]},{"id":"1925","channel":"TV Ikim, TVIKIM","link":"http://edge.vediostream.com/abr/tvikim/live/tvikim_480p/chunks.m3u8?checkedby:iptvcat.com","country":"indonesia","liveliness":"97","status":"online","lastChecked":"2020-08-17T00:00:00Z","format":"sd","mbps":"1688","URI":["indonesia","malaysia"]},{"id":"132936","channel":"TV Ikim, TVIKIM","link":"http://edge.vediostream.com/abr/tvikim/live/tvikim_480p/playlist.m3u8?checkedby:iptvcat.com","country":"indonesia","liveliness":"96","status":"online","lastChecked":"2020-08-17T00:00:00Z","format":"sd","mbps":"1688","URI":["asia","indonesia","malaysia"]}]