[{"id":"1504","channel":"ABN SAT (1280×720), ABNsat","link":"http://rtmp1.abnsat.com/hls/arabic.m3u8?checkedby:iptvcat.com","country":"iraq","liveliness":"97","status":"online","lastChecked":"2020-08-17T00:00:00Z","format":"hd","mbps":"5991","URI":["arab_countries","asia","malaysia","iraq","arab countries"]},{"id":"1508","channel":"Al Hurra, AL HURRA (1280×720)","link":"http://mbnhls-lh.akamaihd.net/i/MBN_1@118619/master.m3u8?checkedby:iptvcat.com","country":"iraq","liveliness":"99","status":"online","lastChecked":"2020-08-17T00:00:00Z","format":"sd","mbps":"2806","URI":["arab_countries","asia","malaysia","iraq","arab countries"]},{"id":"132953","channel":"Al Rafidain HQ","link":"http://149.202.79.190:8081/arrafidaintv/publish/playlist.m3u8?checkedby:iptvcat.com","country":"iraq","liveliness":"67","status":"online","lastChecked":"2020-08-16T00:00:00Z","format":"sd","mbps":"11989","URI":["arab_countries","asia","iraq","arab countries"]},{"id":"132955","channel":"Imam Hussein TV 1 Farsi","link":"https://live.imamhossaintv.com/live/ih1.m3u8?checkedby:iptvcat.com","country":"iraq","liveliness":"100","status":"online","lastChecked":"2020-08-18T00:00:00Z","format":"hd","mbps":"3188, ...","URI":["asia","iraq","arab_countries","arab countries"]},{"id":"132956","channel":"Imam Hussein TV 2 Arabic","link":"https://live.imamhossaintv.com/live/ih2.m3u8?checkedby:iptvcat.com","country":"iraq","liveliness":"98","status":"online","lastChecked":"2020-08-17T00:00:00Z","format":"hd","mbps":"3188, ...","URI":["asia","iraq","arab_countries","arab countries"]},{"id":"132957","channel":"Imam Hussein TV 4 Urdu","link":"https://live.imamhossaintv.com/live/ih4.m3u8?checkedby:iptvcat.com","country":"iraq","liveliness":"99","status":"online","lastChecked":"2020-08-17T00:00:00Z","format":"hd","mbps":"3188","URI":["asia","iraq","arab_countries","arab countries"]},{"id":"1504","channel":"ABN SAT (1280×720), ABNsat","link":"http://rtmp1.abnsat.com/hls/arabic.m3u8?checkedby:iptvcat.com","country":"iraq","liveliness":"97","status":"online","lastChecked":"2020-08-17T00:00:00Z","format":"hd","mbps":"5991","URI":["arab_countries","asia","malaysia","iraq","arab countries"]},{"id":"1508","channel":"Al Hurra, AL HURRA (1280×720)","link":"http://mbnhls-lh.akamaihd.net/i/MBN_1@118619/master.m3u8?checkedby:iptvcat.com","country":"iraq","liveliness":"99","status":"online","lastChecked":"2020-08-17T00:00:00Z","format":"sd","mbps":"2806","URI":["arab_countries","asia","malaysia","iraq","arab countries"]},{"id":"31834","channel":"AVA","link":"https://wowzaprod219-i.akamaihd.net/hls/live/1003949/c9aa559e/c9aa559e_1_850000/chunklist.m3u8?checkedby:iptvcat.com","country":"iraq","liveliness":"100","status":"online","lastChecked":"2020-08-17T00:00:00Z","format":"sd","mbps":"1357","URI":["asia","iraq"]},{"id":"31833","channel":"AVA","link":"https://wowzaprod219-i.akamaihd.net/hls/live/1003949/c9aa559e/playlist.m3u8?checkedby:iptvcat.com","country":"iraq","liveliness":"99","status":"online","lastChecked":"2020-08-17T00:00:00Z","format":"hd","mbps":"5020, ...","URI":["asia","iraq"]},{"id":"132953","channel":"Al Rafidain HQ","link":"http://149.202.79.190:8081/arrafidaintv/publish/playlist.m3u8?checkedby:iptvcat.com","country":"iraq","liveliness":"67","status":"online","lastChecked":"2020-08-16T00:00:00Z","format":"sd","mbps":"11989","URI":["arab_countries","asia","iraq","arab countries"]},{"id":"132954","channel":"Amozhgary","link":"http://82.212.74.100:8000/live/hls/8951.m3u8?checkedby:iptvcat.com","country":"iraq","liveliness":"100","status":"online","lastChecked":"2020-08-18T00:00:00Z","format":"sd","mbps":"1509","URI":["asia","iraq","arab_countries","arab countries"]},{"id":"214239","channel":"Babylon TV","link":"https://iqlivestream.com/babylontv/kardokardo.m3u8?checkedby:iptvcat.com","country":"iraq","liveliness":"100","status":"online","lastChecked":"2020-08-17T00:00:00Z","format":"hd","mbps":"3625","URI":["asia","iraq","arab_countries","arab countries"]},{"id":"1504","channel":"ABN SAT (1280×720), ABNsat","link":"http://rtmp1.abnsat.com/hls/arabic.m3u8?checkedby:iptvcat.com","country":"iraq","liveliness":"97","status":"online","lastChecked":"2020-08-17T00:00:00Z","format":"hd","mbps":"5991","URI":["arab_countries","asia","malaysia","iraq","arab countries"]},{"id":"1508","channel":"Al Hurra, AL HURRA (1280×720)","link":"http://mbnhls-lh.akamaihd.net/i/MBN_1@118619/master.m3u8?checkedby:iptvcat.com","country":"iraq","liveliness":"99","status":"online","lastChecked":"2020-08-17T00:00:00Z","format":"sd","mbps":"2806","URI":["arab_countries","asia","malaysia","iraq","arab countries"]},{"id":"31834","channel":"AVA","link":"https://wowzaprod219-i.akamaihd.net/hls/live/1003949/c9aa559e/c9aa559e_1_850000/chunklist.m3u8?checkedby:iptvcat.com","country":"iraq","liveliness":"100","status":"online","lastChecked":"2020-08-17T00:00:00Z","format":"sd","mbps":"1357","URI":["asia","iraq"]},{"id":"31833","channel":"AVA","link":"https://wowzaprod219-i.akamaihd.net/hls/live/1003949/c9aa559e/playlist.m3u8?checkedby:iptvcat.com","country":"iraq","liveliness":"99","status":"online","lastChecked":"2020-08-17T00:00:00Z","format":"hd","mbps":"5020, ...","URI":["asia","iraq"]},{"id":"132953","channel":"Al Rafidain HQ","link":"http://149.202.79.190:8081/arrafidaintv/publish/playlist.m3u8?checkedby:iptvcat.com","country":"iraq","liveliness":"67","status":"online","lastChecked":"2020-08-16T00:00:00Z","format":"sd","mbps":"11989","URI":["arab_countries","asia","iraq","arab countries"]},{"id":"1504","channel":"ABN SAT (1280×720), ABNsat","link":"http://rtmp1.abnsat.com/hls/arabic.m3u8?checkedby:iptvcat.com","country":"iraq","liveliness":"97","status":"online","lastChecked":"2020-08-17T00:00:00Z","format":"hd","mbps":"5991","URI":["arab_countries","asia","malaysia","iraq","arab countries"]},{"id":"1508","channel":"Al Hurra, AL HURRA (1280×720)","link":"http://mbnhls-lh.akamaihd.net/i/MBN_1@118619/master.m3u8?checkedby:iptvcat.com","country":"iraq","liveliness":"99","status":"online","lastChecked":"2020-08-17T00:00:00Z","format":"sd","mbps":"2806","URI":["arab_countries","asia","malaysia","iraq","arab countries"]},{"id":"132953","channel":"Al Rafidain HQ","link":"http://149.202.79.190:8081/arrafidaintv/publish/playlist.m3u8?checkedby:iptvcat.com","country":"iraq","liveliness":"67","status":"online","lastChecked":"2020-08-16T00:00:00Z","format":"sd","mbps":"11989","URI":["arab_countries","asia","iraq","arab countries"]},{"id":"1504","channel":"ABN SAT (1280×720), ABNsat","link":"http://rtmp1.abnsat.com/hls/arabic.m3u8?checkedby:iptvcat.com","country":"iraq","liveliness":"97","status":"online","lastChecked":"2020-08-17T00:00:00Z","format":"hd","mbps":"5991","URI":["arab_countries","asia","malaysia","iraq","arab countries"]},{"id":"1508","channel":"Al Hurra, AL HURRA (1280×720)","link":"http://mbnhls-lh.akamaihd.net/i/MBN_1@118619/master.m3u8?checkedby:iptvcat.com","country":"iraq","liveliness":"99","status":"online","lastChecked":"2020-08-17T00:00:00Z","format":"sd","mbps":"2806","URI":["arab_countries","asia","malaysia","iraq","arab countries"]},{"id":"1504","channel":"ABN SAT (1280×720), ABNsat","link":"http://rtmp1.abnsat.com/hls/arabic.m3u8?checkedby:iptvcat.com","country":"iraq","liveliness":"97","status":"online","lastChecked":"2020-08-17T00:00:00Z","format":"hd","mbps":"5991","URI":["arab_countries","asia","malaysia","iraq","arab countries"]},{"id":"1508","channel":"Al Hurra, AL HURRA (1280×720)","link":"http://mbnhls-lh.akamaihd.net/i/MBN_1@118619/master.m3u8?checkedby:iptvcat.com","country":"iraq","liveliness":"99","status":"online","lastChecked":"2020-08-17T00:00:00Z","format":"sd","mbps":"2806","URI":["arab_countries","asia","malaysia","iraq","arab countries"]},{"id":"31834","channel":"AVA","link":"https://wowzaprod219-i.akamaihd.net/hls/live/1003949/c9aa559e/c9aa559e_1_850000/chunklist.m3u8?checkedby:iptvcat.com","country":"iraq","liveliness":"100","status":"online","lastChecked":"2020-08-17T00:00:00Z","format":"sd","mbps":"1357","URI":["asia","iraq"]},{"id":"31833","channel":"AVA","link":"https://wowzaprod219-i.akamaihd.net/hls/live/1003949/c9aa559e/playlist.m3u8?checkedby:iptvcat.com","country":"iraq","liveliness":"99","status":"online","lastChecked":"2020-08-17T00:00:00Z","format":"hd","mbps":"5020, ...","URI":["asia","iraq"]},{"id":"1506","channel":"Al Fallujah","link":"https://player-api.new.livestream.com/accounts/4671269/events/4213685/live.m3u8?checkedby:iptvcat.com","country":"iraq","liveliness":"99","status":"online","lastChecked":"2020-08-16T00:00:00Z","format":"hd","mbps":"5020, ...","URI":["iraq"]},{"id":"25721","channel":"Al Hurra","link":"https://mbnhls-lh.akamaihd.net/i/MBN_1@118619/master.m3u8?checkedby:iptvcat.com","country":"iraq","liveliness":"100","status":"online","lastChecked":"2020-08-17T00:00:00Z","format":"sd","mbps":"2806","URI":["iraq"]},{"id":"1509","channel":"Al Hurra Iraq","link":"https://mbningestworld-i.akamaihd.net/hls/live/644021/iraqworldsafe/master.m3u8?checkedby:iptvcat.com","country":"iraq","liveliness":"100","status":"online","lastChecked":"2020-08-17T00:00:00Z","format":"sd","mbps":"1181","URI":["iraq"]},{"id":"24654","channel":"Al Iraqiya Al 3ama","link":"http://cdn.catiacast.video/abr/8d2ffb0aba244e8d9101a9488a7daa05/playlist.m3u8?checkedby:iptvcat.com","country":"iraq","liveliness":"73","status":"online","lastChecked":"2020-08-17T00:00:00Z","format":"hd","mbps":"4322, ...","URI":["iraq"]},{"id":"24655","channel":"Al Iraqiya News","link":"http://cdn.catiacast.video/abr/78054972db7708422595bc96c6e024ac/playlist.m3u8?checkedby:iptvcat.com","country":"iraq","liveliness":"86","status":"online","lastChecked":"2020-08-17T00:00:00Z","format":"hd","mbps":"4322, ...","URI":["iraq"]},{"id":"1512","channel":"Al Rafidain","link":"http://cdn.edge.tmed.pw/arrafidaintv/abr_live/playlist.m3u8?checkedby:iptvcat.com","country":"iraq","liveliness":"84","status":"online","lastChecked":"2020-08-16T00:00:00Z","format":"hd","mbps":"11989, ...","URI":["iraq"]},{"id":"132953","channel":"Al Rafidain HQ","link":"http://149.202.79.190:8081/arrafidaintv/publish/playlist.m3u8?checkedby:iptvcat.com","country":"iraq","liveliness":"67","status":"online","lastChecked":"2020-08-16T00:00:00Z","format":"sd","mbps":"11989","URI":["arab_countries","asia","iraq","arab countries"]},{"id":"1513","channel":"Al Rafidain HQ","link":"http://149.202.79.190:8081/arrafidaintv/publish/chunks.m3u8?checkedby:iptvcat.com","country":"iraq","liveliness":"84","status":"online","lastChecked":"2020-08-16T00:00:00Z","format":"sd","mbps":"11989","URI":["iraq"]},{"id":"1515","channel":"Al Sharqiya","link":"http://ns8.indexforce.com:1935/home/mystream/playlist.m3u8?checkedby:iptvcat.com","country":"iraq","liveliness":"97","status":"online","lastChecked":"2020-08-17T00:00:00Z","format":"sd","mbps":"2044","URI":["iraq"]},{"id":"1516","channel":"Al Sharqiya News","link":"http://ns8.indexforce.com:1935/alsharqiyalive/mystream/playlist.m3u8?checkedby:iptvcat.com","country":"iraq","liveliness":"99","status":"online","lastChecked":"2020-08-17T00:00:00Z","format":"sd","mbps":"2044","URI":["iraq"]},{"id":"132954","channel":"Amozhgary","link":"http://82.212.74.100:8000/live/hls/8951.m3u8?checkedby:iptvcat.com","country":"iraq","liveliness":"100","status":"online","lastChecked":"2020-08-18T00:00:00Z","format":"sd","mbps":"1509","URI":["asia","iraq","arab_countries","arab countries"]},{"id":"1520","channel":"Assyrian ANB","link":"https://597f64b67707a.streamlock.net/anbsat.com/anb2/playlist.m3u8?checkedby:iptvcat.com","country":"iraq","liveliness":"99","status":"online","lastChecked":"2020-08-17T00:00:00Z","format":"hd","mbps":"5991","URI":["iraq"]},{"id":"1521","channel":"Babylon TV","link":"https://babylonlive.net/babylontv/kardokardo.m3u8?checkedby:iptvcat.com","country":"iraq","liveliness":"100","status":"online","lastChecked":"2020-08-17T00:00:00Z","format":"sd","mbps":"3103","URI":["iraq"]},{"id":"214239","channel":"Babylon TV","link":"https://iqlivestream.com/babylontv/kardokardo.m3u8?checkedby:iptvcat.com","country":"iraq","liveliness":"100","status":"online","lastChecked":"2020-08-17T00:00:00Z","format":"hd","mbps":"3625","URI":["asia","iraq","arab_countries","arab countries"]},{"id":"24656","channel":"Dijlah","link":"https://ghaasiflu.online/Dijlah/index.m3u8?checkedby:iptvcat.com","country":"iraq","liveliness":"100","status":"online","lastChecked":"2020-08-16T00:00:00Z","format":"fhd 2k","mbps":"11126","URI":["iraq"]},{"id":"24657","channel":"Dijlah Tarab","link":"https://ghaasiflu.online/tarab/index.m3u8?checkedby:iptvcat.com","country":"iraq","liveliness":"100","status":"online","lastChecked":"2020-08-17T00:00:00Z","format":"sd","mbps":"3262","URI":["iraq"]},{"id":"132955","channel":"Imam Hussein TV 1 Farsi","link":"https://live.imamhossaintv.com/live/ih1.m3u8?checkedby:iptvcat.com","country":"iraq","liveliness":"100","status":"online","lastChecked":"2020-08-18T00:00:00Z","format":"hd","mbps":"3188, ...","URI":["asia","iraq","arab_countries","arab countries"]},{"id":"132956","channel":"Imam Hussein TV 2 Arabic","link":"https://live.imamhossaintv.com/live/ih2.m3u8?checkedby:iptvcat.com","country":"iraq","liveliness":"98","status":"online","lastChecked":"2020-08-17T00:00:00Z","format":"hd","mbps":"3188, ...","URI":["asia","iraq","arab_countries","arab countries"]},{"id":"1527","channel":"Imam Hussein TV 2 Arabic","link":"https://ar.imamhusseintv.com/live/ih201/index.m3u8?checkedby:iptvcat.com","country":"iraq","liveliness":"97","status":"online","lastChecked":"2020-08-17T00:00:00Z","format":"sd","mbps":"899","URI":["iraq"]},{"id":"52556","channel":"Imam Hussein TV 3 English","link":"https://live.imamhossaintv.com/live/ih3.m3u8?checkedby:iptvcat.com","country":"iraq","liveliness":"100","status":"online","lastChecked":"2020-08-18T00:00:00Z","format":"hd","mbps":"3188, ...","URI":["iraq"]},{"id":"132957","channel":"Imam Hussein TV 4 Urdu","link":"https://live.imamhossaintv.com/live/ih4.m3u8?checkedby:iptvcat.com","country":"iraq","liveliness":"99","status":"online","lastChecked":"2020-08-17T00:00:00Z","format":"hd","mbps":"3188","URI":["asia","iraq","arab_countries","arab countries"]},{"id":"1530","channel":"Imam Hussein TV 4 Urdu","link":"https://ur.imamhusseintv.com/live/ih4.m3u8?checkedby:iptvcat.com","country":"iraq","liveliness":"91","status":"online","lastChecked":"2020-08-17T00:00:00Z","format":"hd","mbps":"3188, ...","URI":["iraq"]},{"id":"1535","channel":"KurdMax","link":"http://31.14.40.139:1935/liveTrans/ngrp:myStream_all/chunklist.m3u8?checkedby:iptvcat.com","country":"iraq","liveliness":"68","status":"online","lastChecked":"2020-08-16T00:00:00Z","format":"fhd 2k","mbps":"8378, ...","URI":["iraq"]},{"id":"1534","channel":"Kurdistan TV","link":"https://5a3ed7a72ed4b.streamlock.net/live/SMIL:myStream.smil/chunklist.m3u8?checkedby:iptvcat.com","country":"iraq","liveliness":"99","status":"online","lastChecked":"2020-08-17T00:00:00Z","format":"hd","mbps":"4318, ...","URI":["iraq"]},{"id":"1539","channel":"Kurdsat","link":"https://bozztv.com/36bay2/gin/giniko_kurdsat_700kb_36bay2/tracks-v1a1/mono.m3u8?checkedby:iptvcat.com","country":"iraq","liveliness":"98","status":"online","lastChecked":"2020-08-17T00:00:00Z","format":"sd","mbps":"1484","URI":["iraq"]},{"id":"24658","channel":"MBC Iraq","link":"https://shls-iraq-prod.shahid.net/iraq-prod_1.m3u8?checkedby:iptvcat.com","country":"iraq","liveliness":"100","status":"online","lastChecked":"2020-08-17T00:00:00Z","format":"fhd 2k","mbps":"7004","URI":["iraq","s"]},{"id":"1540","channel":"Rudaw TV","link":"https://svs.itworkscdn.net/rudawlive/rudawlive.smil/chunklist.m3u8?checkedby:iptvcat.com","country":"iraq","liveliness":"100","status":"online","lastChecked":"2020-08-17T00:00:00Z","format":"hd","mbps":"11126, ...","URI":["iraq"]},{"id":"1541","channel":"Rudaw TV","link":"https://svs.itworkscdn.net/rudawlive/rudawlive.smil/playlist.m3u8?checkedby:iptvcat.com","country":"iraq","liveliness":"99","status":"online","lastChecked":"2020-08-17T00:00:00Z","format":"hd","mbps":"11126, ...","URI":["iraq"]},{"id":"1545","channel":"Zagros","link":"https://5a3ed7a72ed4b.streamlock.net/zagrostv/SMIL:myStream.smil/playlist.m3u8?checkedby:iptvcat.com","country":"iraq","liveliness":"99","status":"online","lastChecked":"2020-08-17T00:00:00Z","format":"hd","mbps":"3625, ...","URI":["iraq"]},{"id":"1504","channel":"ABN SAT (1280×720), ABNsat","link":"http://rtmp1.abnsat.com/hls/arabic.m3u8?checkedby:iptvcat.com","country":"iraq","liveliness":"97","status":"online","lastChecked":"2020-08-17T00:00:00Z","format":"hd","mbps":"5991","URI":["arab_countries","asia","malaysia","iraq","arab countries"]},{"id":"1508","channel":"Al Hurra, AL HURRA (1280×720)","link":"http://mbnhls-lh.akamaihd.net/i/MBN_1@118619/master.m3u8?checkedby:iptvcat.com","country":"iraq","liveliness":"99","status":"online","lastChecked":"2020-08-17T00:00:00Z","format":"sd","mbps":"2806","URI":["arab_countries","asia","malaysia","iraq","arab countries"]},{"id":"31834","channel":"AVA","link":"https://wowzaprod219-i.akamaihd.net/hls/live/1003949/c9aa559e/c9aa559e_1_850000/chunklist.m3u8?checkedby:iptvcat.com","country":"iraq","liveliness":"100","status":"online","lastChecked":"2020-08-17T00:00:00Z","format":"sd","mbps":"1357","URI":["asia","iraq"]},{"id":"31833","channel":"AVA","link":"https://wowzaprod219-i.akamaihd.net/hls/live/1003949/c9aa559e/playlist.m3u8?checkedby:iptvcat.com","country":"iraq","liveliness":"99","status":"online","lastChecked":"2020-08-17T00:00:00Z","format":"hd","mbps":"5020, ...","URI":["asia","iraq"]},{"id":"132953","channel":"Al Rafidain HQ","link":"http://149.202.79.190:8081/arrafidaintv/publish/playlist.m3u8?checkedby:iptvcat.com","country":"iraq","liveliness":"67","status":"online","lastChecked":"2020-08-16T00:00:00Z","format":"sd","mbps":"11989","URI":["arab_countries","asia","iraq","arab countries"]},{"id":"1504","channel":"ABN SAT (1280×720), ABNsat","link":"http://rtmp1.abnsat.com/hls/arabic.m3u8?checkedby:iptvcat.com","country":"iraq","liveliness":"97","status":"online","lastChecked":"2020-08-17T00:00:00Z","format":"hd","mbps":"5991","URI":["arab_countries","asia","malaysia","iraq","arab countries"]},{"id":"1508","channel":"Al Hurra, AL HURRA (1280×720)","link":"http://mbnhls-lh.akamaihd.net/i/MBN_1@118619/master.m3u8?checkedby:iptvcat.com","country":"iraq","liveliness":"99","status":"online","lastChecked":"2020-08-17T00:00:00Z","format":"sd","mbps":"2806","URI":["arab_countries","asia","malaysia","iraq","arab countries"]},{"id":"31834","channel":"AVA","link":"https://wowzaprod219-i.akamaihd.net/hls/live/1003949/c9aa559e/c9aa559e_1_850000/chunklist.m3u8?checkedby:iptvcat.com","country":"iraq","liveliness":"100","status":"online","lastChecked":"2020-08-17T00:00:00Z","format":"sd","mbps":"1357","URI":["asia","iraq"]},{"id":"31833","channel":"AVA","link":"https://wowzaprod219-i.akamaihd.net/hls/live/1003949/c9aa559e/playlist.m3u8?checkedby:iptvcat.com","country":"iraq","liveliness":"99","status":"online","lastChecked":"2020-08-17T00:00:00Z","format":"hd","mbps":"5020, ...","URI":["asia","iraq"]},{"id":"132953","channel":"Al Rafidain HQ","link":"http://149.202.79.190:8081/arrafidaintv/publish/playlist.m3u8?checkedby:iptvcat.com","country":"iraq","liveliness":"67","status":"online","lastChecked":"2020-08-16T00:00:00Z","format":"sd","mbps":"11989","URI":["arab_countries","asia","iraq","arab countries"]},{"id":"24658","channel":"MBC Iraq","link":"https://shls-iraq-prod.shahid.net/iraq-prod_1.m3u8?checkedby:iptvcat.com","country":"iraq","liveliness":"100","status":"online","lastChecked":"2020-08-17T00:00:00Z","format":"fhd 2k","mbps":"7004","URI":["iraq","s"]},{"id":"1504","channel":"ABN SAT (1280×720), ABNsat","link":"http://rtmp1.abnsat.com/hls/arabic.m3u8?checkedby:iptvcat.com","country":"iraq","liveliness":"97","status":"online","lastChecked":"2020-08-17T00:00:00Z","format":"hd","mbps":"5991","URI":["arab_countries","asia","malaysia","iraq","arab countries"]},{"id":"1508","channel":"Al Hurra, AL HURRA (1280×720)","link":"http://mbnhls-lh.akamaihd.net/i/MBN_1@118619/master.m3u8?checkedby:iptvcat.com","country":"iraq","liveliness":"99","status":"online","lastChecked":"2020-08-17T00:00:00Z","format":"sd","mbps":"2806","URI":["arab_countries","asia","malaysia","iraq","arab countries"]},{"id":"1504","channel":"ABN SAT (1280×720), ABNsat","link":"http://rtmp1.abnsat.com/hls/arabic.m3u8?checkedby:iptvcat.com","country":"iraq","liveliness":"97","status":"online","lastChecked":"2020-08-17T00:00:00Z","format":"hd","mbps":"5991","URI":["arab_countries","asia","malaysia","iraq","arab countries"]},{"id":"1508","channel":"Al Hurra, AL HURRA (1280×720)","link":"http://mbnhls-lh.akamaihd.net/i/MBN_1@118619/master.m3u8?checkedby:iptvcat.com","country":"iraq","liveliness":"99","status":"online","lastChecked":"2020-08-17T00:00:00Z","format":"sd","mbps":"2806","URI":["arab_countries","asia","malaysia","iraq","arab countries"]},{"id":"31834","channel":"AVA","link":"https://wowzaprod219-i.akamaihd.net/hls/live/1003949/c9aa559e/c9aa559e_1_850000/chunklist.m3u8?checkedby:iptvcat.com","country":"iraq","liveliness":"100","status":"online","lastChecked":"2020-08-17T00:00:00Z","format":"sd","mbps":"1357","URI":["asia","iraq"]},{"id":"31833","channel":"AVA","link":"https://wowzaprod219-i.akamaihd.net/hls/live/1003949/c9aa559e/playlist.m3u8?checkedby:iptvcat.com","country":"iraq","liveliness":"99","status":"online","lastChecked":"2020-08-17T00:00:00Z","format":"hd","mbps":"5020, ...","URI":["asia","iraq"]},{"id":"1506","channel":"Al Fallujah","link":"https://player-api.new.livestream.com/accounts/4671269/events/4213685/live.m3u8?checkedby:iptvcat.com","country":"iraq","liveliness":"99","status":"online","lastChecked":"2020-08-16T00:00:00Z","format":"hd","mbps":"5020, ...","URI":["iraq"]},{"id":"25721","channel":"Al Hurra","link":"https://mbnhls-lh.akamaihd.net/i/MBN_1@118619/master.m3u8?checkedby:iptvcat.com","country":"iraq","liveliness":"100","status":"online","lastChecked":"2020-08-17T00:00:00Z","format":"sd","mbps":"2806","URI":["iraq"]},{"id":"1509","channel":"Al Hurra Iraq","link":"https://mbningestworld-i.akamaihd.net/hls/live/644021/iraqworldsafe/master.m3u8?checkedby:iptvcat.com","country":"iraq","liveliness":"100","status":"online","lastChecked":"2020-08-17T00:00:00Z","format":"sd","mbps":"1181","URI":["iraq"]},{"id":"24654","channel":"Al Iraqiya Al 3ama","link":"http://cdn.catiacast.video/abr/8d2ffb0aba244e8d9101a9488a7daa05/playlist.m3u8?checkedby:iptvcat.com","country":"iraq","liveliness":"73","status":"online","lastChecked":"2020-08-17T00:00:00Z","format":"hd","mbps":"4322, ...","URI":["iraq"]},{"id":"24655","channel":"Al Iraqiya News","link":"http://cdn.catiacast.video/abr/78054972db7708422595bc96c6e024ac/playlist.m3u8?checkedby:iptvcat.com","country":"iraq","liveliness":"86","status":"online","lastChecked":"2020-08-17T00:00:00Z","format":"hd","mbps":"4322, ...","URI":["iraq"]},{"id":"1512","channel":"Al Rafidain","link":"http://cdn.edge.tmed.pw/arrafidaintv/abr_live/playlist.m3u8?checkedby:iptvcat.com","country":"iraq","liveliness":"84","status":"online","lastChecked":"2020-08-16T00:00:00Z","format":"hd","mbps":"11989, ...","URI":["iraq"]},{"id":"132953","channel":"Al Rafidain HQ","link":"http://149.202.79.190:8081/arrafidaintv/publish/playlist.m3u8?checkedby:iptvcat.com","country":"iraq","liveliness":"67","status":"online","lastChecked":"2020-08-16T00:00:00Z","format":"sd","mbps":"11989","URI":["arab_countries","asia","iraq","arab countries"]},{"id":"1513","channel":"Al Rafidain HQ","link":"http://149.202.79.190:8081/arrafidaintv/publish/chunks.m3u8?checkedby:iptvcat.com","country":"iraq","liveliness":"84","status":"online","lastChecked":"2020-08-16T00:00:00Z","format":"sd","mbps":"11989","URI":["iraq"]},{"id":"1515","channel":"Al Sharqiya","link":"http://ns8.indexforce.com:1935/home/mystream/playlist.m3u8?checkedby:iptvcat.com","country":"iraq","liveliness":"97","status":"online","lastChecked":"2020-08-17T00:00:00Z","format":"sd","mbps":"2044","URI":["iraq"]},{"id":"1516","channel":"Al Sharqiya News","link":"http://ns8.indexforce.com:1935/alsharqiyalive/mystream/playlist.m3u8?checkedby:iptvcat.com","country":"iraq","liveliness":"99","status":"online","lastChecked":"2020-08-17T00:00:00Z","format":"sd","mbps":"2044","URI":["iraq"]},{"id":"132954","channel":"Amozhgary","link":"http://82.212.74.100:8000/live/hls/8951.m3u8?checkedby:iptvcat.com","country":"iraq","liveliness":"100","status":"online","lastChecked":"2020-08-18T00:00:00Z","format":"sd","mbps":"1509","URI":["asia","iraq","arab_countries","arab countries"]},{"id":"1520","channel":"Assyrian ANB","link":"https://597f64b67707a.streamlock.net/anbsat.com/anb2/playlist.m3u8?checkedby:iptvcat.com","country":"iraq","liveliness":"99","status":"online","lastChecked":"2020-08-17T00:00:00Z","format":"hd","mbps":"5991","URI":["iraq"]},{"id":"1521","channel":"Babylon TV","link":"https://babylonlive.net/babylontv/kardokardo.m3u8?checkedby:iptvcat.com","country":"iraq","liveliness":"100","status":"online","lastChecked":"2020-08-17T00:00:00Z","format":"sd","mbps":"3103","URI":["iraq"]},{"id":"214239","channel":"Babylon TV","link":"https://iqlivestream.com/babylontv/kardokardo.m3u8?checkedby:iptvcat.com","country":"iraq","liveliness":"100","status":"online","lastChecked":"2020-08-17T00:00:00Z","format":"hd","mbps":"3625","URI":["asia","iraq","arab_countries","arab countries"]},{"id":"24656","channel":"Dijlah","link":"https://ghaasiflu.online/Dijlah/index.m3u8?checkedby:iptvcat.com","country":"iraq","liveliness":"100","status":"online","lastChecked":"2020-08-16T00:00:00Z","format":"fhd 2k","mbps":"11126","URI":["iraq"]},{"id":"24657","channel":"Dijlah Tarab","link":"https://ghaasiflu.online/tarab/index.m3u8?checkedby:iptvcat.com","country":"iraq","liveliness":"100","status":"online","lastChecked":"2020-08-17T00:00:00Z","format":"sd","mbps":"3262","URI":["iraq"]},{"id":"132955","channel":"Imam Hussein TV 1 Farsi","link":"https://live.imamhossaintv.com/live/ih1.m3u8?checkedby:iptvcat.com","country":"iraq","liveliness":"100","status":"online","lastChecked":"2020-08-18T00:00:00Z","format":"hd","mbps":"3188, ...","URI":["asia","iraq","arab_countries","arab countries"]},{"id":"1527","channel":"Imam Hussein TV 2 Arabic","link":"https://ar.imamhusseintv.com/live/ih201/index.m3u8?checkedby:iptvcat.com","country":"iraq","liveliness":"97","status":"online","lastChecked":"2020-08-17T00:00:00Z","format":"sd","mbps":"899","URI":["iraq"]},{"id":"132956","channel":"Imam Hussein TV 2 Arabic","link":"https://live.imamhossaintv.com/live/ih2.m3u8?checkedby:iptvcat.com","country":"iraq","liveliness":"98","status":"online","lastChecked":"2020-08-17T00:00:00Z","format":"hd","mbps":"3188, ...","URI":["asia","iraq","arab_countries","arab countries"]},{"id":"52556","channel":"Imam Hussein TV 3 English","link":"https://live.imamhossaintv.com/live/ih3.m3u8?checkedby:iptvcat.com","country":"iraq","liveliness":"100","status":"online","lastChecked":"2020-08-18T00:00:00Z","format":"hd","mbps":"3188, ...","URI":["iraq"]},{"id":"1530","channel":"Imam Hussein TV 4 Urdu","link":"https://ur.imamhusseintv.com/live/ih4.m3u8?checkedby:iptvcat.com","country":"iraq","liveliness":"91","status":"online","lastChecked":"2020-08-17T00:00:00Z","format":"hd","mbps":"3188, ...","URI":["iraq"]},{"id":"132957","channel":"Imam Hussein TV 4 Urdu","link":"https://live.imamhossaintv.com/live/ih4.m3u8?checkedby:iptvcat.com","country":"iraq","liveliness":"99","status":"online","lastChecked":"2020-08-17T00:00:00Z","format":"hd","mbps":"3188","URI":["asia","iraq","arab_countries","arab countries"]},{"id":"1535","channel":"KurdMax","link":"http://31.14.40.139:1935/liveTrans/ngrp:myStream_all/chunklist.m3u8?checkedby:iptvcat.com","country":"iraq","liveliness":"68","status":"online","lastChecked":"2020-08-16T00:00:00Z","format":"fhd 2k","mbps":"8378, ...","URI":["iraq"]},{"id":"1534","channel":"Kurdistan TV","link":"https://5a3ed7a72ed4b.streamlock.net/live/SMIL:myStream.smil/chunklist.m3u8?checkedby:iptvcat.com","country":"iraq","liveliness":"99","status":"online","lastChecked":"2020-08-17T00:00:00Z","format":"hd","mbps":"4318, ...","URI":["iraq"]},{"id":"1539","channel":"Kurdsat","link":"https://bozztv.com/36bay2/gin/giniko_kurdsat_700kb_36bay2/tracks-v1a1/mono.m3u8?checkedby:iptvcat.com","country":"iraq","liveliness":"98","status":"online","lastChecked":"2020-08-17T00:00:00Z","format":"sd","mbps":"1484","URI":["iraq"]},{"id":"24658","channel":"MBC Iraq","link":"https://shls-iraq-prod.shahid.net/iraq-prod_1.m3u8?checkedby:iptvcat.com","country":"iraq","liveliness":"100","status":"online","lastChecked":"2020-08-17T00:00:00Z","format":"fhd 2k","mbps":"7004","URI":["iraq","s"]},{"id":"1541","channel":"Rudaw TV","link":"https://svs.itworkscdn.net/rudawlive/rudawlive.smil/playlist.m3u8?checkedby:iptvcat.com","country":"iraq","liveliness":"99","status":"online","lastChecked":"2020-08-17T00:00:00Z","format":"hd","mbps":"11126, ...","URI":["iraq"]},{"id":"1540","channel":"Rudaw TV","link":"https://svs.itworkscdn.net/rudawlive/rudawlive.smil/chunklist.m3u8?checkedby:iptvcat.com","country":"iraq","liveliness":"100","status":"online","lastChecked":"2020-08-17T00:00:00Z","format":"hd","mbps":"11126, ...","URI":["iraq"]},{"id":"1545","channel":"Zagros","link":"https://5a3ed7a72ed4b.streamlock.net/zagrostv/SMIL:myStream.smil/playlist.m3u8?checkedby:iptvcat.com","country":"iraq","liveliness":"99","status":"online","lastChecked":"2020-08-17T00:00:00Z","format":"hd","mbps":"3625, ...","URI":["iraq"]},{"id":"1504","channel":"ABN SAT (1280×720), ABNsat","link":"http://rtmp1.abnsat.com/hls/arabic.m3u8?checkedby:iptvcat.com","country":"iraq","liveliness":"97","status":"online","lastChecked":"2020-08-17T00:00:00Z","format":"hd","mbps":"5991","URI":["arab_countries","asia","malaysia","iraq","arab countries"]},{"id":"1508","channel":"Al Hurra, AL HURRA (1280×720)","link":"http://mbnhls-lh.akamaihd.net/i/MBN_1@118619/master.m3u8?checkedby:iptvcat.com","country":"iraq","liveliness":"99","status":"online","lastChecked":"2020-08-17T00:00:00Z","format":"sd","mbps":"2806","URI":["arab_countries","asia","malaysia","iraq","arab countries"]},{"id":"132953","channel":"Al Rafidain HQ","link":"http://149.202.79.190:8081/arrafidaintv/publish/playlist.m3u8?checkedby:iptvcat.com","country":"iraq","liveliness":"67","status":"online","lastChecked":"2020-08-16T00:00:00Z","format":"sd","mbps":"11989","URI":["arab_countries","asia","iraq","arab countries"]},{"id":"132955","channel":"Imam Hussein TV 1 Farsi","link":"https://live.imamhossaintv.com/live/ih1.m3u8?checkedby:iptvcat.com","country":"iraq","liveliness":"100","status":"online","lastChecked":"2020-08-18T00:00:00Z","format":"hd","mbps":"3188, ...","URI":["asia","iraq","arab_countries","arab countries"]},{"id":"132956","channel":"Imam Hussein TV 2 Arabic","link":"https://live.imamhossaintv.com/live/ih2.m3u8?checkedby:iptvcat.com","country":"iraq","liveliness":"98","status":"online","lastChecked":"2020-08-17T00:00:00Z","format":"hd","mbps":"3188, ...","URI":["asia","iraq","arab_countries","arab countries"]},{"id":"132957","channel":"Imam Hussein TV 4 Urdu","link":"https://live.imamhossaintv.com/live/ih4.m3u8?checkedby:iptvcat.com","country":"iraq","liveliness":"99","status":"online","lastChecked":"2020-08-17T00:00:00Z","format":"hd","mbps":"3188","URI":["asia","iraq","arab_countries","arab countries"]},{"id":"1504","channel":"ABN SAT (1280×720), ABNsat","link":"http://rtmp1.abnsat.com/hls/arabic.m3u8?checkedby:iptvcat.com","country":"iraq","liveliness":"97","status":"online","lastChecked":"2020-08-17T00:00:00Z","format":"hd","mbps":"5991","URI":["arab_countries","asia","malaysia","iraq","arab countries"]},{"id":"1508","channel":"Al Hurra, AL HURRA (1280×720)","link":"http://mbnhls-lh.akamaihd.net/i/MBN_1@118619/master.m3u8?checkedby:iptvcat.com","country":"iraq","liveliness":"99","status":"online","lastChecked":"2020-08-17T00:00:00Z","format":"sd","mbps":"2806","URI":["arab_countries","asia","malaysia","iraq","arab countries"]},{"id":"132953","channel":"Al Rafidain HQ","link":"http://149.202.79.190:8081/arrafidaintv/publish/playlist.m3u8?checkedby:iptvcat.com","country":"iraq","liveliness":"67","status":"online","lastChecked":"2020-08-16T00:00:00Z","format":"sd","mbps":"11989","URI":["arab_countries","asia","iraq","arab countries"]},{"id":"132954","channel":"Amozhgary","link":"http://82.212.74.100:8000/live/hls/8951.m3u8?checkedby:iptvcat.com","country":"iraq","liveliness":"100","status":"online","lastChecked":"2020-08-18T00:00:00Z","format":"sd","mbps":"1509","URI":["asia","iraq","arab_countries","arab countries"]},{"id":"214239","channel":"Babylon TV","link":"https://iqlivestream.com/babylontv/kardokardo.m3u8?checkedby:iptvcat.com","country":"iraq","liveliness":"100","status":"online","lastChecked":"2020-08-17T00:00:00Z","format":"hd","mbps":"3625","URI":["asia","iraq","arab_countries","arab countries"]},{"id":"1504","channel":"ABN SAT (1280×720), ABNsat","link":"http://rtmp1.abnsat.com/hls/arabic.m3u8?checkedby:iptvcat.com","country":"iraq","liveliness":"97","status":"online","lastChecked":"2020-08-17T00:00:00Z","format":"hd","mbps":"5991","URI":["arab_countries","asia","malaysia","iraq","arab countries"]},{"id":"1508","channel":"Al Hurra, AL HURRA (1280×720)","link":"http://mbnhls-lh.akamaihd.net/i/MBN_1@118619/master.m3u8?checkedby:iptvcat.com","country":"iraq","liveliness":"99","status":"online","lastChecked":"2020-08-17T00:00:00Z","format":"sd","mbps":"2806","URI":["arab_countries","asia","malaysia","iraq","arab countries"]},{"id":"132953","channel":"Al Rafidain HQ","link":"http://149.202.79.190:8081/arrafidaintv/publish/playlist.m3u8?checkedby:iptvcat.com","country":"iraq","liveliness":"67","status":"online","lastChecked":"2020-08-16T00:00:00Z","format":"sd","mbps":"11989","URI":["arab_countries","asia","iraq","arab countries"]},{"id":"132955","channel":"Imam Hussein TV 1 Farsi","link":"https://live.imamhossaintv.com/live/ih1.m3u8?checkedby:iptvcat.com","country":"iraq","liveliness":"100","status":"online","lastChecked":"2020-08-18T00:00:00Z","format":"hd","mbps":"3188, ...","URI":["asia","iraq","arab_countries","arab countries"]},{"id":"132956","channel":"Imam Hussein TV 2 Arabic","link":"https://live.imamhossaintv.com/live/ih2.m3u8?checkedby:iptvcat.com","country":"iraq","liveliness":"98","status":"online","lastChecked":"2020-08-17T00:00:00Z","format":"hd","mbps":"3188, ...","URI":["asia","iraq","arab_countries","arab countries"]},{"id":"132957","channel":"Imam Hussein TV 4 Urdu","link":"https://live.imamhossaintv.com/live/ih4.m3u8?checkedby:iptvcat.com","country":"iraq","liveliness":"99","status":"online","lastChecked":"2020-08-17T00:00:00Z","format":"hd","mbps":"3188","URI":["asia","iraq","arab_countries","arab countries"]},{"id":"1504","channel":"ABN SAT (1280×720), ABNsat","link":"http://rtmp1.abnsat.com/hls/arabic.m3u8?checkedby:iptvcat.com","country":"iraq","liveliness":"97","status":"online","lastChecked":"2020-08-17T00:00:00Z","format":"hd","mbps":"5991","URI":["arab_countries","asia","malaysia","iraq","arab countries"]},{"id":"1508","channel":"Al Hurra, AL HURRA (1280×720)","link":"http://mbnhls-lh.akamaihd.net/i/MBN_1@118619/master.m3u8?checkedby:iptvcat.com","country":"iraq","liveliness":"99","status":"online","lastChecked":"2020-08-17T00:00:00Z","format":"sd","mbps":"2806","URI":["arab_countries","asia","malaysia","iraq","arab countries"]},{"id":"132953","channel":"Al Rafidain HQ","link":"http://149.202.79.190:8081/arrafidaintv/publish/playlist.m3u8?checkedby:iptvcat.com","country":"iraq","liveliness":"67","status":"online","lastChecked":"2020-08-16T00:00:00Z","format":"sd","mbps":"11989","URI":["arab_countries","asia","iraq","arab countries"]},{"id":"132954","channel":"Amozhgary","link":"http://82.212.74.100:8000/live/hls/8951.m3u8?checkedby:iptvcat.com","country":"iraq","liveliness":"100","status":"online","lastChecked":"2020-08-18T00:00:00Z","format":"sd","mbps":"1509","URI":["asia","iraq","arab_countries","arab countries"]},{"id":"214239","channel":"Babylon TV","link":"https://iqlivestream.com/babylontv/kardokardo.m3u8?checkedby:iptvcat.com","country":"iraq","liveliness":"100","status":"online","lastChecked":"2020-08-17T00:00:00Z","format":"hd","mbps":"3625","URI":["asia","iraq","arab_countries","arab countries"]},{"id":"1504","channel":"ABN SAT (1280×720), ABNsat","link":"http://rtmp1.abnsat.com/hls/arabic.m3u8?checkedby:iptvcat.com","country":"iraq","liveliness":"97","status":"online","lastChecked":"2020-08-17T00:00:00Z","format":"hd","mbps":"5991","URI":["arab_countries","asia","malaysia","iraq","arab countries"]},{"id":"1508","channel":"Al Hurra, AL HURRA (1280×720)","link":"http://mbnhls-lh.akamaihd.net/i/MBN_1@118619/master.m3u8?checkedby:iptvcat.com","country":"iraq","liveliness":"99","status":"online","lastChecked":"2020-08-17T00:00:00Z","format":"sd","mbps":"2806","URI":["arab_countries","asia","malaysia","iraq","arab countries"]},{"id":"132953","channel":"Al Rafidain HQ","link":"http://149.202.79.190:8081/arrafidaintv/publish/playlist.m3u8?checkedby:iptvcat.com","country":"iraq","liveliness":"67","status":"online","lastChecked":"2020-08-16T00:00:00Z","format":"sd","mbps":"11989","URI":["arab_countries","asia","iraq","arab countries"]}]