[{"id":"24659","channel":"Oireachtas","link":"https://d1h8rkqumz239n.cloudfront.net/oireachtas/ngrp:oireachtas.stream_all/playlist.m3u8?checkedby:iptvcat.com","country":"ireland","liveliness":"93","status":"online","lastChecked":"2020-08-17T00:00:00Z","format":"sd","mbps":"1688, ...","URI":["ireland"]},{"id":"24660","channel":"RTE News Now","link":"https://live.rte.ie/live/a/channel3/news.isml/news.m3u8?checkedby:iptvcat.com","country":"ireland","liveliness":"82","status":"online","lastChecked":"2020-08-17T00:00:00Z","format":"hd","mbps":"7004, ...","URI":["ireland"]},{"id":"1546","channel":"TG4","link":"http://csm-e.cds1.yospace.com/csm/live/74246610.m3u8?checkedby:iptvcat.com","country":"ireland","liveliness":"100","status":"online","lastChecked":"2020-08-17T00:00:00Z","format":"sd","mbps":"1688, ...","URI":["ireland"]}]