[{"id":"330252","channel":"CH 12","link":"http://silvertv.net:1997/Majdi/Majdi123/68596?checkedby:iptvcat.com","country":"israel","liveliness":"33","status":"offline","lastChecked":"2020-08-18T00:00:00Z","format":"hd","mbps":"5020","URI":["israel","asia"]},{"id":"330253","channel":"CH 13","link":"http://silvertv.net:1997/Majdi/Majdi123/68597?checkedby:iptvcat.com","country":"israel","liveliness":"33","status":"offline","lastChecked":"2020-08-18T00:00:00Z","format":"sd","mbps":"1796","URI":["israel","asia"]},{"id":"1550","channel":"Channel 2 News","link":"http://keshethlslive-lh.akamaihd.net/i/c2n_1@195269/master.m3u8?checkedby:iptvcat.com","country":"israel","liveliness":"100","status":"online","lastChecked":"2020-08-17T00:00:00Z","format":"hd","mbps":"5020, ...","URI":["israel"]},{"id":"1549","channel":"Channel 2 News","link":"http://keshethlslive-lh.akamaihd.net/i/c2n_1@195269/index_2200_av-p.m3u8?checkedby:iptvcat.com","country":"israel","liveliness":"100","status":"online","lastChecked":"2020-08-17T00:00:00Z","format":"hd","mbps":"5020","URI":["israel"]},{"id":"132959","channel":"Channel 2 News","link":"https://keshethlslive-lh.akamaihd.net/i/c2n_1@195269/master.m3u8?checkedby:iptvcat.com","country":"israel","liveliness":"100","status":"online","lastChecked":"2020-08-18T00:00:00Z","format":"hd","mbps":"5020, ...","URI":["israel","asia"]},{"id":"1559","channel":"Kabbalah for the People (Israel)","link":"https://edge2.uk.kab.tv/rtplive/tv66-heb-medium.stream/playlist.m3u8?checkedby:iptvcat.com","country":"israel","liveliness":"99","status":"online","lastChecked":"2020-08-17T00:00:00Z","format":"sd","mbps":"1357","URI":["israel"]},{"id":"1558","channel":"Kabbalah for the People (Israel)","link":"http://edge1.il.kab.tv/rtplive/tv66-heb-high.stream/playlist.m3u8?checkedby:iptvcat.com","country":"israel","liveliness":"99","status":"online","lastChecked":"2020-08-17T00:00:00Z","format":"sd","mbps":"2529","URI":["israel"]},{"id":"132963","channel":"Kabbalah for the People (Israel)","link":"https://edge1.il.kab.tv/rtplive/tv66-heb-high.stream/playlist.m3u8?checkedby:iptvcat.com","country":"israel","liveliness":"100","status":"online","lastChecked":"2020-08-18T00:00:00Z","format":"sd","mbps":"2529","URI":["israel","asia"]},{"id":"1560","channel":"Kan 11","link":"https://kanlivep2event-i.akamaihd.net/hls/live/747610/747610/source1_2.5k/chunklist.m3u8?checkedby:iptvcat.com","country":"israel","liveliness":"99","status":"online","lastChecked":"2020-08-17T00:00:00Z","format":"hd","mbps":"5020","URI":["israel"]},{"id":"1561","channel":"ch 23 החינוכית, Kan Educational","link":"https://kanlivep2event-i.akamaihd.net/hls/live/747600/747600/source1_2.5k/chunklist.m3u8?checkedby:iptvcat.com","country":"israel","liveliness":"99","status":"online","lastChecked":"2020-08-17T00:00:00Z","format":"hd","mbps":"5020","URI":["israel"]},{"id":"330254","channel":"Knesset Channel","link":"http://silvertv.net:1997/Majdi/Majdi123/68603?checkedby:iptvcat.com","country":"israel","liveliness":"33","status":"offline","lastChecked":"2020-08-18T00:00:00Z","format":"sd","mbps":"1008","URI":["israel","asia"]},{"id":"1563","channel":"Music 24","link":"https://keshethlslive-lh.akamaihd.net/i/24live_1@195271/index_1400_av-b.m3u8?checkedby:iptvcat.com","country":"israel","liveliness":"99","status":"online","lastChecked":"2020-08-17T00:00:00Z","format":"sd","mbps":"3262","URI":["israel"]},{"id":"1548","channel":"ch 21 ערוץ הקניות, Shopping Channel, Shopping Channel (Opt-1)","link":"http://82.80.192.30/shoppingil_ShoppingIL21TVRepeat/_definst_/smil:ShoppingIL21TV.smil/chunklist_w2043660694_b2128000.m3u8?checkedby:iptvcat.com","country":"israel","liveliness":"100","status":"online","lastChecked":"2020-08-17T00:00:00Z","format":"sd","mbps":"899","URI":["israel","asia"]},{"id":"330255","channel":"YES 1 HD","link":"http://silvertv.net:1997/Majdi/Majdi123/68607?checkedby:iptvcat.com","country":"israel","liveliness":"33","status":"offline","lastChecked":"2020-08-18T00:00:00Z","format":"hd","mbps":"5020","URI":["israel","asia"]},{"id":"330256","channel":"YES 2 HD","link":"http://silvertv.net:1997/Majdi/Majdi123/68608?checkedby:iptvcat.com","country":"israel","liveliness":"33","status":"offline","lastChecked":"2020-08-18T00:00:00Z","format":"sd","mbps":"1796","URI":["israel","asia"]},{"id":"330257","channel":"YES 3 HD","link":"http://silvertv.net:1997/Majdi/Majdi123/68609?checkedby:iptvcat.com","country":"israel","liveliness":"33","status":"offline","lastChecked":"2020-08-18T00:00:00Z","format":"hd","mbps":"5020","URI":["israel","asia"]},{"id":"330258","channel":"YES 4 HD","link":"http://silvertv.net:1997/Majdi/Majdi123/68610?checkedby:iptvcat.com","country":"israel","liveliness":"33","status":"offline","lastChecked":"2020-08-18T00:00:00Z","format":"hd","mbps":"5020","URI":["israel","asia"]},{"id":"330259","channel":"YES 5 HD","link":"http://silvertv.net:1997/Majdi/Majdi123/68611?checkedby:iptvcat.com","country":"israel","liveliness":"33","status":"offline","lastChecked":"2020-08-18T00:00:00Z","format":"hd","mbps":"5020","URI":["israel","asia"]},{"id":"330260","channel":"YES ACTION HD","link":"http://silvertv.net:1997/Majdi/Majdi123/68612?checkedby:iptvcat.com","country":"israel","liveliness":"33","status":"offline","lastChecked":"2020-08-18T00:00:00Z","format":"hd","mbps":"5020","URI":["israel","asia"]},{"id":"330262","channel":"YES Sport 5 Plus HD","link":"http://silvertv.net:1997/Majdi/Majdi123/68639?checkedby:iptvcat.com","country":"israel","liveliness":"33","status":"offline","lastChecked":"2020-08-18T00:00:00Z","format":"hd","mbps":"5020","URI":["israel","asia","sport"]},{"id":"330261","channel":"Yes Shopping","link":"http://silvertv.net:1997/Majdi/Majdi123/68631?checkedby:iptvcat.com","country":"israel","liveliness":"33","status":"offline","lastChecked":"2020-08-18T00:00:00Z","format":"sd","mbps":"941","URI":["israel","asia"]},{"id":"132965","channel":"Ynet Live","link":"https://ynet-lh.akamaihd.net/i/ynet_1@123290/master.m3u8?checkedby:iptvcat.com","country":"israel","liveliness":"92","status":"online","lastChecked":"2020-08-17T00:00:00Z","format":"hd","mbps":"3625","URI":["israel","asia"]},{"id":"132958","channel":"ch 21 ערוץ הקניות","link":"http://82.80.192.30/shoppingil_ShoppingIL21TVRepeat/_definst_/smil:ShoppingIL21TV.smil/playlist.m3u8?checkedby:iptvcat.com","country":"israel","liveliness":"100","status":"online","lastChecked":"2020-08-18T00:00:00Z","format":"sd","mbps":"941, ...","URI":["israel","asia"]},{"id":"1568","channel":"هلا تي في","link":"https://gstream4.panet.co.il/edge/halaTV/chunks.m3u8?checkedby:iptvcat.com","country":"israel","liveliness":"99","status":"online","lastChecked":"2020-08-17T00:00:00Z","format":"fhd 2k","mbps":"11126","URI":["israel"]},{"id":"330255","channel":"YES 1 HD","link":"http://silvertv.net:1997/Majdi/Majdi123/68607?checkedby:iptvcat.com","country":"israel","liveliness":"33","status":"offline","lastChecked":"2020-08-18T00:00:00Z","format":"hd","mbps":"5020","URI":["israel","asia"]},{"id":"330256","channel":"YES 2 HD","link":"http://silvertv.net:1997/Majdi/Majdi123/68608?checkedby:iptvcat.com","country":"israel","liveliness":"33","status":"offline","lastChecked":"2020-08-18T00:00:00Z","format":"sd","mbps":"1796","URI":["israel","asia"]},{"id":"330257","channel":"YES 3 HD","link":"http://silvertv.net:1997/Majdi/Majdi123/68609?checkedby:iptvcat.com","country":"israel","liveliness":"33","status":"offline","lastChecked":"2020-08-18T00:00:00Z","format":"hd","mbps":"5020","URI":["israel","asia"]},{"id":"330258","channel":"YES 4 HD","link":"http://silvertv.net:1997/Majdi/Majdi123/68610?checkedby:iptvcat.com","country":"israel","liveliness":"33","status":"offline","lastChecked":"2020-08-18T00:00:00Z","format":"hd","mbps":"5020","URI":["israel","asia"]},{"id":"330259","channel":"YES 5 HD","link":"http://silvertv.net:1997/Majdi/Majdi123/68611?checkedby:iptvcat.com","country":"israel","liveliness":"33","status":"offline","lastChecked":"2020-08-18T00:00:00Z","format":"hd","mbps":"5020","URI":["israel","asia"]},{"id":"330260","channel":"YES ACTION HD","link":"http://silvertv.net:1997/Majdi/Majdi123/68612?checkedby:iptvcat.com","country":"israel","liveliness":"33","status":"offline","lastChecked":"2020-08-18T00:00:00Z","format":"hd","mbps":"5020","URI":["israel","asia"]},{"id":"330262","channel":"YES Sport 5 Plus HD","link":"http://silvertv.net:1997/Majdi/Majdi123/68639?checkedby:iptvcat.com","country":"israel","liveliness":"33","status":"offline","lastChecked":"2020-08-18T00:00:00Z","format":"hd","mbps":"5020","URI":["israel","asia","sport"]},{"id":"330261","channel":"Yes Shopping","link":"http://silvertv.net:1997/Majdi/Majdi123/68631?checkedby:iptvcat.com","country":"israel","liveliness":"33","status":"offline","lastChecked":"2020-08-18T00:00:00Z","format":"sd","mbps":"941","URI":["israel","asia"]},{"id":"132965","channel":"Ynet Live","link":"https://ynet-lh.akamaihd.net/i/ynet_1@123290/master.m3u8?checkedby:iptvcat.com","country":"israel","liveliness":"92","status":"online","lastChecked":"2020-08-17T00:00:00Z","format":"hd","mbps":"3625","URI":["israel","asia"]},{"id":"132958","channel":"ch 21 ערוץ הקניות","link":"http://82.80.192.30/shoppingil_ShoppingIL21TVRepeat/_definst_/smil:ShoppingIL21TV.smil/playlist.m3u8?checkedby:iptvcat.com","country":"israel","liveliness":"100","status":"online","lastChecked":"2020-08-18T00:00:00Z","format":"sd","mbps":"941, ...","URI":["israel","asia"]},{"id":"1548","channel":"ch 21 ערוץ הקניות, Shopping Channel, Shopping Channel (Opt-1)","link":"http://82.80.192.30/shoppingil_ShoppingIL21TVRepeat/_definst_/smil:ShoppingIL21TV.smil/chunklist_w2043660694_b2128000.m3u8?checkedby:iptvcat.com","country":"israel","liveliness":"100","status":"online","lastChecked":"2020-08-17T00:00:00Z","format":"sd","mbps":"899","URI":["israel","asia"]},{"id":"132963","channel":"Kabbalah for the People (Israel)","link":"https://edge1.il.kab.tv/rtplive/tv66-heb-high.stream/playlist.m3u8?checkedby:iptvcat.com","country":"israel","liveliness":"100","status":"online","lastChecked":"2020-08-18T00:00:00Z","format":"sd","mbps":"2529","URI":["israel","asia"]},{"id":"330254","channel":"Knesset Channel","link":"http://silvertv.net:1997/Majdi/Majdi123/68603?checkedby:iptvcat.com","country":"israel","liveliness":"33","status":"offline","lastChecked":"2020-08-18T00:00:00Z","format":"sd","mbps":"1008","URI":["israel","asia"]},{"id":"330252","channel":"CH 12","link":"http://silvertv.net:1997/Majdi/Majdi123/68596?checkedby:iptvcat.com","country":"israel","liveliness":"33","status":"offline","lastChecked":"2020-08-18T00:00:00Z","format":"hd","mbps":"5020","URI":["israel","asia"]},{"id":"330253","channel":"CH 13","link":"http://silvertv.net:1997/Majdi/Majdi123/68597?checkedby:iptvcat.com","country":"israel","liveliness":"33","status":"offline","lastChecked":"2020-08-18T00:00:00Z","format":"sd","mbps":"1796","URI":["israel","asia"]},{"id":"132959","channel":"Channel 2 News","link":"https://keshethlslive-lh.akamaihd.net/i/c2n_1@195269/master.m3u8?checkedby:iptvcat.com","country":"israel","liveliness":"100","status":"online","lastChecked":"2020-08-18T00:00:00Z","format":"hd","mbps":"5020, ...","URI":["israel","asia"]},{"id":"330252","channel":"CH 12","link":"http://silvertv.net:1997/Majdi/Majdi123/68596?checkedby:iptvcat.com","country":"israel","liveliness":"33","status":"offline","lastChecked":"2020-08-18T00:00:00Z","format":"hd","mbps":"5020","URI":["israel","asia"]},{"id":"330253","channel":"CH 13","link":"http://silvertv.net:1997/Majdi/Majdi123/68597?checkedby:iptvcat.com","country":"israel","liveliness":"33","status":"offline","lastChecked":"2020-08-18T00:00:00Z","format":"sd","mbps":"1796","URI":["israel","asia"]},{"id":"132959","channel":"Channel 2 News","link":"https://keshethlslive-lh.akamaihd.net/i/c2n_1@195269/master.m3u8?checkedby:iptvcat.com","country":"israel","liveliness":"100","status":"online","lastChecked":"2020-08-18T00:00:00Z","format":"hd","mbps":"5020, ...","URI":["israel","asia"]},{"id":"1550","channel":"Channel 2 News","link":"http://keshethlslive-lh.akamaihd.net/i/c2n_1@195269/master.m3u8?checkedby:iptvcat.com","country":"israel","liveliness":"100","status":"online","lastChecked":"2020-08-17T00:00:00Z","format":"hd","mbps":"5020, ...","URI":["israel"]},{"id":"1549","channel":"Channel 2 News","link":"http://keshethlslive-lh.akamaihd.net/i/c2n_1@195269/index_2200_av-p.m3u8?checkedby:iptvcat.com","country":"israel","liveliness":"100","status":"online","lastChecked":"2020-08-17T00:00:00Z","format":"hd","mbps":"5020","URI":["israel"]},{"id":"132963","channel":"Kabbalah for the People (Israel)","link":"https://edge1.il.kab.tv/rtplive/tv66-heb-high.stream/playlist.m3u8?checkedby:iptvcat.com","country":"israel","liveliness":"100","status":"online","lastChecked":"2020-08-18T00:00:00Z","format":"sd","mbps":"2529","URI":["israel","asia"]},{"id":"1559","channel":"Kabbalah for the People (Israel)","link":"https://edge2.uk.kab.tv/rtplive/tv66-heb-medium.stream/playlist.m3u8?checkedby:iptvcat.com","country":"israel","liveliness":"99","status":"online","lastChecked":"2020-08-17T00:00:00Z","format":"sd","mbps":"1357","URI":["israel"]},{"id":"1558","channel":"Kabbalah for the People (Israel)","link":"http://edge1.il.kab.tv/rtplive/tv66-heb-high.stream/playlist.m3u8?checkedby:iptvcat.com","country":"israel","liveliness":"99","status":"online","lastChecked":"2020-08-17T00:00:00Z","format":"sd","mbps":"2529","URI":["israel"]},{"id":"1560","channel":"Kan 11","link":"https://kanlivep2event-i.akamaihd.net/hls/live/747610/747610/source1_2.5k/chunklist.m3u8?checkedby:iptvcat.com","country":"israel","liveliness":"99","status":"online","lastChecked":"2020-08-17T00:00:00Z","format":"hd","mbps":"5020","URI":["israel"]},{"id":"1561","channel":"ch 23 החינוכית, Kan Educational","link":"https://kanlivep2event-i.akamaihd.net/hls/live/747600/747600/source1_2.5k/chunklist.m3u8?checkedby:iptvcat.com","country":"israel","liveliness":"99","status":"online","lastChecked":"2020-08-17T00:00:00Z","format":"hd","mbps":"5020","URI":["israel"]},{"id":"330254","channel":"Knesset Channel","link":"http://silvertv.net:1997/Majdi/Majdi123/68603?checkedby:iptvcat.com","country":"israel","liveliness":"33","status":"offline","lastChecked":"2020-08-18T00:00:00Z","format":"sd","mbps":"1008","URI":["israel","asia"]},{"id":"1563","channel":"Music 24","link":"https://keshethlslive-lh.akamaihd.net/i/24live_1@195271/index_1400_av-b.m3u8?checkedby:iptvcat.com","country":"israel","liveliness":"99","status":"online","lastChecked":"2020-08-17T00:00:00Z","format":"sd","mbps":"3262","URI":["israel"]},{"id":"1548","channel":"ch 21 ערוץ הקניות, Shopping Channel, Shopping Channel (Opt-1)","link":"http://82.80.192.30/shoppingil_ShoppingIL21TVRepeat/_definst_/smil:ShoppingIL21TV.smil/chunklist_w2043660694_b2128000.m3u8?checkedby:iptvcat.com","country":"israel","liveliness":"100","status":"online","lastChecked":"2020-08-17T00:00:00Z","format":"sd","mbps":"899","URI":["israel","asia"]},{"id":"330255","channel":"YES 1 HD","link":"http://silvertv.net:1997/Majdi/Majdi123/68607?checkedby:iptvcat.com","country":"israel","liveliness":"33","status":"offline","lastChecked":"2020-08-18T00:00:00Z","format":"hd","mbps":"5020","URI":["israel","asia"]},{"id":"330256","channel":"YES 2 HD","link":"http://silvertv.net:1997/Majdi/Majdi123/68608?checkedby:iptvcat.com","country":"israel","liveliness":"33","status":"offline","lastChecked":"2020-08-18T00:00:00Z","format":"sd","mbps":"1796","URI":["israel","asia"]},{"id":"330257","channel":"YES 3 HD","link":"http://silvertv.net:1997/Majdi/Majdi123/68609?checkedby:iptvcat.com","country":"israel","liveliness":"33","status":"offline","lastChecked":"2020-08-18T00:00:00Z","format":"hd","mbps":"5020","URI":["israel","asia"]},{"id":"330258","channel":"YES 4 HD","link":"http://silvertv.net:1997/Majdi/Majdi123/68610?checkedby:iptvcat.com","country":"israel","liveliness":"33","status":"offline","lastChecked":"2020-08-18T00:00:00Z","format":"hd","mbps":"5020","URI":["israel","asia"]},{"id":"330259","channel":"YES 5 HD","link":"http://silvertv.net:1997/Majdi/Majdi123/68611?checkedby:iptvcat.com","country":"israel","liveliness":"33","status":"offline","lastChecked":"2020-08-18T00:00:00Z","format":"hd","mbps":"5020","URI":["israel","asia"]},{"id":"330260","channel":"YES ACTION HD","link":"http://silvertv.net:1997/Majdi/Majdi123/68612?checkedby:iptvcat.com","country":"israel","liveliness":"33","status":"offline","lastChecked":"2020-08-18T00:00:00Z","format":"hd","mbps":"5020","URI":["israel","asia"]},{"id":"330262","channel":"YES Sport 5 Plus HD","link":"http://silvertv.net:1997/Majdi/Majdi123/68639?checkedby:iptvcat.com","country":"israel","liveliness":"33","status":"offline","lastChecked":"2020-08-18T00:00:00Z","format":"hd","mbps":"5020","URI":["israel","asia","sport"]},{"id":"330261","channel":"Yes Shopping","link":"http://silvertv.net:1997/Majdi/Majdi123/68631?checkedby:iptvcat.com","country":"israel","liveliness":"33","status":"offline","lastChecked":"2020-08-18T00:00:00Z","format":"sd","mbps":"941","URI":["israel","asia"]},{"id":"132965","channel":"Ynet Live","link":"https://ynet-lh.akamaihd.net/i/ynet_1@123290/master.m3u8?checkedby:iptvcat.com","country":"israel","liveliness":"92","status":"online","lastChecked":"2020-08-17T00:00:00Z","format":"hd","mbps":"3625","URI":["israel","asia"]},{"id":"132958","channel":"ch 21 ערוץ הקניות","link":"http://82.80.192.30/shoppingil_ShoppingIL21TVRepeat/_definst_/smil:ShoppingIL21TV.smil/playlist.m3u8?checkedby:iptvcat.com","country":"israel","liveliness":"100","status":"online","lastChecked":"2020-08-18T00:00:00Z","format":"sd","mbps":"941, ...","URI":["israel","asia"]},{"id":"1568","channel":"هلا تي في","link":"https://gstream4.panet.co.il/edge/halaTV/chunks.m3u8?checkedby:iptvcat.com","country":"israel","liveliness":"99","status":"online","lastChecked":"2020-08-17T00:00:00Z","format":"fhd 2k","mbps":"11126","URI":["israel"]},{"id":"330252","channel":"CH 12","link":"http://silvertv.net:1997/Majdi/Majdi123/68596?checkedby:iptvcat.com","country":"israel","liveliness":"33","status":"offline","lastChecked":"2020-08-18T00:00:00Z","format":"hd","mbps":"5020","URI":["israel","asia"]},{"id":"330253","channel":"CH 13","link":"http://silvertv.net:1997/Majdi/Majdi123/68597?checkedby:iptvcat.com","country":"israel","liveliness":"33","status":"offline","lastChecked":"2020-08-18T00:00:00Z","format":"sd","mbps":"1796","URI":["israel","asia"]},{"id":"1550","channel":"Channel 2 News","link":"http://keshethlslive-lh.akamaihd.net/i/c2n_1@195269/master.m3u8?checkedby:iptvcat.com","country":"israel","liveliness":"100","status":"online","lastChecked":"2020-08-17T00:00:00Z","format":"hd","mbps":"5020, ...","URI":["israel"]},{"id":"1549","channel":"Channel 2 News","link":"http://keshethlslive-lh.akamaihd.net/i/c2n_1@195269/index_2200_av-p.m3u8?checkedby:iptvcat.com","country":"israel","liveliness":"100","status":"online","lastChecked":"2020-08-17T00:00:00Z","format":"hd","mbps":"5020","URI":["israel"]},{"id":"132959","channel":"Channel 2 News","link":"https://keshethlslive-lh.akamaihd.net/i/c2n_1@195269/master.m3u8?checkedby:iptvcat.com","country":"israel","liveliness":"100","status":"online","lastChecked":"2020-08-18T00:00:00Z","format":"hd","mbps":"5020, ...","URI":["israel","asia"]},{"id":"1559","channel":"Kabbalah for the People (Israel)","link":"https://edge2.uk.kab.tv/rtplive/tv66-heb-medium.stream/playlist.m3u8?checkedby:iptvcat.com","country":"israel","liveliness":"99","status":"online","lastChecked":"2020-08-17T00:00:00Z","format":"sd","mbps":"1357","URI":["israel"]},{"id":"1558","channel":"Kabbalah for the People (Israel)","link":"http://edge1.il.kab.tv/rtplive/tv66-heb-high.stream/playlist.m3u8?checkedby:iptvcat.com","country":"israel","liveliness":"99","status":"online","lastChecked":"2020-08-17T00:00:00Z","format":"sd","mbps":"2529","URI":["israel"]},{"id":"132963","channel":"Kabbalah for the People (Israel)","link":"https://edge1.il.kab.tv/rtplive/tv66-heb-high.stream/playlist.m3u8?checkedby:iptvcat.com","country":"israel","liveliness":"100","status":"online","lastChecked":"2020-08-18T00:00:00Z","format":"sd","mbps":"2529","URI":["israel","asia"]},{"id":"1560","channel":"Kan 11","link":"https://kanlivep2event-i.akamaihd.net/hls/live/747610/747610/source1_2.5k/chunklist.m3u8?checkedby:iptvcat.com","country":"israel","liveliness":"99","status":"online","lastChecked":"2020-08-17T00:00:00Z","format":"hd","mbps":"5020","URI":["israel"]},{"id":"1561","channel":"ch 23 החינוכית, Kan Educational","link":"https://kanlivep2event-i.akamaihd.net/hls/live/747600/747600/source1_2.5k/chunklist.m3u8?checkedby:iptvcat.com","country":"israel","liveliness":"99","status":"online","lastChecked":"2020-08-17T00:00:00Z","format":"hd","mbps":"5020","URI":["israel"]},{"id":"330254","channel":"Knesset Channel","link":"http://silvertv.net:1997/Majdi/Majdi123/68603?checkedby:iptvcat.com","country":"israel","liveliness":"33","status":"offline","lastChecked":"2020-08-18T00:00:00Z","format":"sd","mbps":"1008","URI":["israel","asia"]},{"id":"1563","channel":"Music 24","link":"https://keshethlslive-lh.akamaihd.net/i/24live_1@195271/index_1400_av-b.m3u8?checkedby:iptvcat.com","country":"israel","liveliness":"99","status":"online","lastChecked":"2020-08-17T00:00:00Z","format":"sd","mbps":"3262","URI":["israel"]},{"id":"1548","channel":"ch 21 ערוץ הקניות, Shopping Channel, Shopping Channel (Opt-1)","link":"http://82.80.192.30/shoppingil_ShoppingIL21TVRepeat/_definst_/smil:ShoppingIL21TV.smil/chunklist_w2043660694_b2128000.m3u8?checkedby:iptvcat.com","country":"israel","liveliness":"100","status":"online","lastChecked":"2020-08-17T00:00:00Z","format":"sd","mbps":"899","URI":["israel","asia"]},{"id":"330255","channel":"YES 1 HD","link":"http://silvertv.net:1997/Majdi/Majdi123/68607?checkedby:iptvcat.com","country":"israel","liveliness":"33","status":"offline","lastChecked":"2020-08-18T00:00:00Z","format":"hd","mbps":"5020","URI":["israel","asia"]},{"id":"330256","channel":"YES 2 HD","link":"http://silvertv.net:1997/Majdi/Majdi123/68608?checkedby:iptvcat.com","country":"israel","liveliness":"33","status":"offline","lastChecked":"2020-08-18T00:00:00Z","format":"sd","mbps":"1796","URI":["israel","asia"]},{"id":"330257","channel":"YES 3 HD","link":"http://silvertv.net:1997/Majdi/Majdi123/68609?checkedby:iptvcat.com","country":"israel","liveliness":"33","status":"offline","lastChecked":"2020-08-18T00:00:00Z","format":"hd","mbps":"5020","URI":["israel","asia"]},{"id":"330258","channel":"YES 4 HD","link":"http://silvertv.net:1997/Majdi/Majdi123/68610?checkedby:iptvcat.com","country":"israel","liveliness":"33","status":"offline","lastChecked":"2020-08-18T00:00:00Z","format":"hd","mbps":"5020","URI":["israel","asia"]},{"id":"330259","channel":"YES 5 HD","link":"http://silvertv.net:1997/Majdi/Majdi123/68611?checkedby:iptvcat.com","country":"israel","liveliness":"33","status":"offline","lastChecked":"2020-08-18T00:00:00Z","format":"hd","mbps":"5020","URI":["israel","asia"]},{"id":"330260","channel":"YES ACTION HD","link":"http://silvertv.net:1997/Majdi/Majdi123/68612?checkedby:iptvcat.com","country":"israel","liveliness":"33","status":"offline","lastChecked":"2020-08-18T00:00:00Z","format":"hd","mbps":"5020","URI":["israel","asia"]},{"id":"330262","channel":"YES Sport 5 Plus HD","link":"http://silvertv.net:1997/Majdi/Majdi123/68639?checkedby:iptvcat.com","country":"israel","liveliness":"33","status":"offline","lastChecked":"2020-08-18T00:00:00Z","format":"hd","mbps":"5020","URI":["israel","asia","sport"]},{"id":"330261","channel":"Yes Shopping","link":"http://silvertv.net:1997/Majdi/Majdi123/68631?checkedby:iptvcat.com","country":"israel","liveliness":"33","status":"offline","lastChecked":"2020-08-18T00:00:00Z","format":"sd","mbps":"941","URI":["israel","asia"]},{"id":"132965","channel":"Ynet Live","link":"https://ynet-lh.akamaihd.net/i/ynet_1@123290/master.m3u8?checkedby:iptvcat.com","country":"israel","liveliness":"92","status":"online","lastChecked":"2020-08-17T00:00:00Z","format":"hd","mbps":"3625","URI":["israel","asia"]},{"id":"132958","channel":"ch 21 ערוץ הקניות","link":"http://82.80.192.30/shoppingil_ShoppingIL21TVRepeat/_definst_/smil:ShoppingIL21TV.smil/playlist.m3u8?checkedby:iptvcat.com","country":"israel","liveliness":"100","status":"online","lastChecked":"2020-08-18T00:00:00Z","format":"sd","mbps":"941, ...","URI":["israel","asia"]},{"id":"1568","channel":"هلا تي في","link":"https://gstream4.panet.co.il/edge/halaTV/chunks.m3u8?checkedby:iptvcat.com","country":"israel","liveliness":"99","status":"online","lastChecked":"2020-08-17T00:00:00Z","format":"fhd 2k","mbps":"11126","URI":["israel"]},{"id":"330252","channel":"CH 12","link":"http://silvertv.net:1997/Majdi/Majdi123/68596?checkedby:iptvcat.com","country":"israel","liveliness":"33","status":"offline","lastChecked":"2020-08-18T00:00:00Z","format":"hd","mbps":"5020","URI":["israel","asia"]},{"id":"330253","channel":"CH 13","link":"http://silvertv.net:1997/Majdi/Majdi123/68597?checkedby:iptvcat.com","country":"israel","liveliness":"33","status":"offline","lastChecked":"2020-08-18T00:00:00Z","format":"sd","mbps":"1796","URI":["israel","asia"]},{"id":"132959","channel":"Channel 2 News","link":"https://keshethlslive-lh.akamaihd.net/i/c2n_1@195269/master.m3u8?checkedby:iptvcat.com","country":"israel","liveliness":"100","status":"online","lastChecked":"2020-08-18T00:00:00Z","format":"hd","mbps":"5020, ...","URI":["israel","asia"]},{"id":"1550","channel":"Channel 2 News","link":"http://keshethlslive-lh.akamaihd.net/i/c2n_1@195269/master.m3u8?checkedby:iptvcat.com","country":"israel","liveliness":"100","status":"online","lastChecked":"2020-08-17T00:00:00Z","format":"hd","mbps":"5020, ...","URI":["israel"]},{"id":"1549","channel":"Channel 2 News","link":"http://keshethlslive-lh.akamaihd.net/i/c2n_1@195269/index_2200_av-p.m3u8?checkedby:iptvcat.com","country":"israel","liveliness":"100","status":"online","lastChecked":"2020-08-17T00:00:00Z","format":"hd","mbps":"5020","URI":["israel"]},{"id":"132963","channel":"Kabbalah for the People (Israel)","link":"https://edge1.il.kab.tv/rtplive/tv66-heb-high.stream/playlist.m3u8?checkedby:iptvcat.com","country":"israel","liveliness":"100","status":"online","lastChecked":"2020-08-18T00:00:00Z","format":"sd","mbps":"2529","URI":["israel","asia"]},{"id":"1559","channel":"Kabbalah for the People (Israel)","link":"https://edge2.uk.kab.tv/rtplive/tv66-heb-medium.stream/playlist.m3u8?checkedby:iptvcat.com","country":"israel","liveliness":"99","status":"online","lastChecked":"2020-08-17T00:00:00Z","format":"sd","mbps":"1357","URI":["israel"]},{"id":"1558","channel":"Kabbalah for the People (Israel)","link":"http://edge1.il.kab.tv/rtplive/tv66-heb-high.stream/playlist.m3u8?checkedby:iptvcat.com","country":"israel","liveliness":"99","status":"online","lastChecked":"2020-08-17T00:00:00Z","format":"sd","mbps":"2529","URI":["israel"]},{"id":"1560","channel":"Kan 11","link":"https://kanlivep2event-i.akamaihd.net/hls/live/747610/747610/source1_2.5k/chunklist.m3u8?checkedby:iptvcat.com","country":"israel","liveliness":"99","status":"online","lastChecked":"2020-08-17T00:00:00Z","format":"hd","mbps":"5020","URI":["israel"]},{"id":"1561","channel":"ch 23 החינוכית, Kan Educational","link":"https://kanlivep2event-i.akamaihd.net/hls/live/747600/747600/source1_2.5k/chunklist.m3u8?checkedby:iptvcat.com","country":"israel","liveliness":"99","status":"online","lastChecked":"2020-08-17T00:00:00Z","format":"hd","mbps":"5020","URI":["israel"]},{"id":"330254","channel":"Knesset Channel","link":"http://silvertv.net:1997/Majdi/Majdi123/68603?checkedby:iptvcat.com","country":"israel","liveliness":"33","status":"offline","lastChecked":"2020-08-18T00:00:00Z","format":"sd","mbps":"1008","URI":["israel","asia"]},{"id":"1563","channel":"Music 24","link":"https://keshethlslive-lh.akamaihd.net/i/24live_1@195271/index_1400_av-b.m3u8?checkedby:iptvcat.com","country":"israel","liveliness":"99","status":"online","lastChecked":"2020-08-17T00:00:00Z","format":"sd","mbps":"3262","URI":["israel"]},{"id":"1548","channel":"ch 21 ערוץ הקניות, Shopping Channel, Shopping Channel (Opt-1)","link":"http://82.80.192.30/shoppingil_ShoppingIL21TVRepeat/_definst_/smil:ShoppingIL21TV.smil/chunklist_w2043660694_b2128000.m3u8?checkedby:iptvcat.com","country":"israel","liveliness":"100","status":"online","lastChecked":"2020-08-17T00:00:00Z","format":"sd","mbps":"899","URI":["israel","asia"]},{"id":"330255","channel":"YES 1 HD","link":"http://silvertv.net:1997/Majdi/Majdi123/68607?checkedby:iptvcat.com","country":"israel","liveliness":"33","status":"offline","lastChecked":"2020-08-18T00:00:00Z","format":"hd","mbps":"5020","URI":["israel","asia"]},{"id":"330256","channel":"YES 2 HD","link":"http://silvertv.net:1997/Majdi/Majdi123/68608?checkedby:iptvcat.com","country":"israel","liveliness":"33","status":"offline","lastChecked":"2020-08-18T00:00:00Z","format":"sd","mbps":"1796","URI":["israel","asia"]},{"id":"330257","channel":"YES 3 HD","link":"http://silvertv.net:1997/Majdi/Majdi123/68609?checkedby:iptvcat.com","country":"israel","liveliness":"33","status":"offline","lastChecked":"2020-08-18T00:00:00Z","format":"hd","mbps":"5020","URI":["israel","asia"]},{"id":"330258","channel":"YES 4 HD","link":"http://silvertv.net:1997/Majdi/Majdi123/68610?checkedby:iptvcat.com","country":"israel","liveliness":"33","status":"offline","lastChecked":"2020-08-18T00:00:00Z","format":"hd","mbps":"5020","URI":["israel","asia"]},{"id":"330259","channel":"YES 5 HD","link":"http://silvertv.net:1997/Majdi/Majdi123/68611?checkedby:iptvcat.com","country":"israel","liveliness":"33","status":"offline","lastChecked":"2020-08-18T00:00:00Z","format":"hd","mbps":"5020","URI":["israel","asia"]},{"id":"330260","channel":"YES ACTION HD","link":"http://silvertv.net:1997/Majdi/Majdi123/68612?checkedby:iptvcat.com","country":"israel","liveliness":"33","status":"offline","lastChecked":"2020-08-18T00:00:00Z","format":"hd","mbps":"5020","URI":["israel","asia"]},{"id":"330262","channel":"YES Sport 5 Plus HD","link":"http://silvertv.net:1997/Majdi/Majdi123/68639?checkedby:iptvcat.com","country":"israel","liveliness":"33","status":"offline","lastChecked":"2020-08-18T00:00:00Z","format":"hd","mbps":"5020","URI":["israel","asia","sport"]},{"id":"330261","channel":"Yes Shopping","link":"http://silvertv.net:1997/Majdi/Majdi123/68631?checkedby:iptvcat.com","country":"israel","liveliness":"33","status":"offline","lastChecked":"2020-08-18T00:00:00Z","format":"sd","mbps":"941","URI":["israel","asia"]},{"id":"132965","channel":"Ynet Live","link":"https://ynet-lh.akamaihd.net/i/ynet_1@123290/master.m3u8?checkedby:iptvcat.com","country":"israel","liveliness":"92","status":"online","lastChecked":"2020-08-17T00:00:00Z","format":"hd","mbps":"3625","URI":["israel","asia"]},{"id":"132958","channel":"ch 21 ערוץ הקניות","link":"http://82.80.192.30/shoppingil_ShoppingIL21TVRepeat/_definst_/smil:ShoppingIL21TV.smil/playlist.m3u8?checkedby:iptvcat.com","country":"israel","liveliness":"100","status":"online","lastChecked":"2020-08-18T00:00:00Z","format":"sd","mbps":"941, ...","URI":["israel","asia"]},{"id":"1568","channel":"هلا تي في","link":"https://gstream4.panet.co.il/edge/halaTV/chunks.m3u8?checkedby:iptvcat.com","country":"israel","liveliness":"99","status":"online","lastChecked":"2020-08-17T00:00:00Z","format":"fhd 2k","mbps":"11126","URI":["israel"]},{"id":"330262","channel":"YES Sport 5 Plus HD","link":"http://silvertv.net:1997/Majdi/Majdi123/68639?checkedby:iptvcat.com","country":"israel","liveliness":"33","status":"offline","lastChecked":"2020-08-18T00:00:00Z","format":"hd","mbps":"5020","URI":["israel","asia","sport"]},{"id":"330262","channel":"YES Sport 5 Plus HD","link":"http://silvertv.net:1997/Majdi/Majdi123/68639?checkedby:iptvcat.com","country":"israel","liveliness":"33","status":"offline","lastChecked":"2020-08-18T00:00:00Z","format":"hd","mbps":"5020","URI":["israel","asia","sport"]}]