[{"id":"1744","channel":"SportsMax","link":"http://161.0.157.5/PLTV/88888888/224/3221226766/01.m3u8?checkedby:iptvcat.com","country":"jamaica","liveliness":"99","status":"online","lastChecked":"2020-08-17T00:00:00Z","format":"hd","mbps":"3795","URI":["jamaica","sport"]},{"id":"1746","channel":"SportsMax","link":"http://161.0.157.5/PLTV/88888888/224/3221226766/03.m3u8?checkedby:iptvcat.com","country":"jamaica","liveliness":"100","status":"online","lastChecked":"2020-08-17T00:00:00Z","format":"sd","mbps":"1600","URI":["jamaica","sport"]},{"id":"1745","channel":"SportsMax","link":"http://161.0.157.5/PLTV/88888888/224/3221226766/02.m3u8?checkedby:iptvcat.com","country":"jamaica","liveliness":"100","status":"online","lastChecked":"2020-08-17T00:00:00Z","format":"sd","mbps":"2331","URI":["jamaica","sport"]},{"id":"1746","channel":"SportsMax","link":"http://161.0.157.5/PLTV/88888888/224/3221226766/03.m3u8?checkedby:iptvcat.com","country":"jamaica","liveliness":"100","status":"online","lastChecked":"2020-08-17T00:00:00Z","format":"sd","mbps":"1600","URI":["jamaica","sport"]},{"id":"1745","channel":"SportsMax","link":"http://161.0.157.5/PLTV/88888888/224/3221226766/02.m3u8?checkedby:iptvcat.com","country":"jamaica","liveliness":"100","status":"online","lastChecked":"2020-08-17T00:00:00Z","format":"sd","mbps":"2331","URI":["jamaica","sport"]},{"id":"1744","channel":"SportsMax","link":"http://161.0.157.5/PLTV/88888888/224/3221226766/01.m3u8?checkedby:iptvcat.com","country":"jamaica","liveliness":"99","status":"online","lastChecked":"2020-08-17T00:00:00Z","format":"hd","mbps":"3795","URI":["jamaica","sport"]},{"id":"1746","channel":"SportsMax","link":"http://161.0.157.5/PLTV/88888888/224/3221226766/03.m3u8?checkedby:iptvcat.com","country":"jamaica","liveliness":"100","status":"online","lastChecked":"2020-08-17T00:00:00Z","format":"sd","mbps":"1600","URI":["jamaica","sport"]},{"id":"1745","channel":"SportsMax","link":"http://161.0.157.5/PLTV/88888888/224/3221226766/02.m3u8?checkedby:iptvcat.com","country":"jamaica","liveliness":"100","status":"online","lastChecked":"2020-08-17T00:00:00Z","format":"sd","mbps":"2331","URI":["jamaica","sport"]},{"id":"1744","channel":"SportsMax","link":"http://161.0.157.5/PLTV/88888888/224/3221226766/01.m3u8?checkedby:iptvcat.com","country":"jamaica","liveliness":"99","status":"online","lastChecked":"2020-08-17T00:00:00Z","format":"hd","mbps":"3795","URI":["jamaica","sport"]}]