[{"id":"52738","channel":"CGNTV Japan","link":"http://cgntv-glive.ofsdelivery.net/live/_definst_/cgntv_jp/playlist.m3u8?checkedby:iptvcat.com","country":"japan","liveliness":"100","status":"online","lastChecked":"2020-08-18T00:00:00Z","format":"hd","mbps":"5991","URI":["japan"]},{"id":"1748","channel":"GSTV","link":"https://gemstv.wide-stream.net/gemstv01/smil:gemstv01.smil/chunklist.m3u8?checkedby:iptvcat.com","country":"japan","liveliness":"99","status":"online","lastChecked":"2020-08-17T00:00:00Z","format":"hd","mbps":"5991, ...","URI":["japan"]},{"id":"24662","channel":"Gunma TV","link":"https://movie.mcas.jp/switcher/smil:mcas8.smil/master.m3u8?checkedby:iptvcat.com","country":"japan","liveliness":"98","status":"online","lastChecked":"2020-08-17T00:00:00Z","format":"hd","mbps":"3799, ...","URI":["japan"]},{"id":"24663","channel":"Japanet Channel DX","link":"https://bcsecurelivehls-i.akamaihd.net/hls/live/265320/5043843989001/140130JTDX/index.m3u8?checkedby:iptvcat.com","country":"japan","liveliness":"100","status":"online","lastChecked":"2020-08-17T00:00:00Z","format":"hd","mbps":"13324, ...","URI":["japan"]},{"id":"22254","channel":"NHK Chinese Vision, NHK 华语视界","link":"https://nhkw-zh-hlscomp.akamaized.net/8thz5iufork8wjip/playlist.m3u8?checkedby:iptvcat.com","country":"japan","liveliness":"100","status":"online","lastChecked":"2020-08-17T00:00:00Z","format":"hd","mbps":"3795","URI":["japan","s"]},{"id":"1756","channel":"NHK World Japan, NHK World Japan live","link":"https://nhkworld.webcdn.stream.ne.jp/www11/nhkworld-tv/global/2003458/live.m3u8?checkedby:iptvcat.com","country":"japan","liveliness":"93","status":"online","lastChecked":"2020-08-17T00:00:00Z","format":"hd","mbps":"5991","URI":["japan","s"]},{"id":"1750","channel":"NHK World Japan 1m","link":"https://nhkwlive-xjp.akamaized.net/hls/live/2003458/nhkwlive-xjp/index_1M.m3u8?checkedby:iptvcat.com","country":"japan","liveliness":"99","status":"online","lastChecked":"2020-08-17T00:00:00Z","format":"hd","mbps":"5991","URI":["japan","s"]},{"id":"1751","channel":"NHK World Japan 1mb","link":"https://b-nhkwlive-xjp.akamaized.net/hls/live/2003458-b/nhkwlive-xjp/index_1M.m3u8?checkedby:iptvcat.com","country":"japan","liveliness":"99","status":"online","lastChecked":"2020-08-17T00:00:00Z","format":"hd","mbps":"5991","URI":["japan","s"]},{"id":"1752","channel":"NHK World Japan 200k","link":"https://nhkwlive-xjp.akamaized.net/hls/live/2003458/nhkwlive-xjp/index_200k.m3u8?checkedby:iptvcat.com","country":"japan","liveliness":"100","status":"online","lastChecked":"2020-08-17T00:00:00Z","format":"sd","mbps":"502","URI":["japan","s"]},{"id":"1753","channel":"NHK World Japan 200kb","link":"https://b-nhkwlive-xjp.akamaized.net/hls/live/2003458-b/nhkwlive-xjp/index_200k.m3u8?checkedby:iptvcat.com","country":"japan","liveliness":"100","status":"online","lastChecked":"2020-08-17T00:00:00Z","format":"sd","mbps":"502","URI":["japan","s"]},{"id":"1754","channel":"NHK World Japan 600k","link":"https://nhkwlive-xjp.akamaized.net/hls/live/2003458/nhkwlive-xjp/index_600k.m3u8?checkedby:iptvcat.com","country":"japan","liveliness":"99","status":"online","lastChecked":"2020-08-17T00:00:00Z","format":"sd","mbps":"1600","URI":["japan","s"]},{"id":"1755","channel":"NHK World Japan 600kb","link":"https://b-nhkwlive-xjp.akamaized.net/hls/live/2003458-b/nhkwlive-xjp/index_600k.m3u8?checkedby:iptvcat.com","country":"japan","liveliness":"100","status":"online","lastChecked":"2020-08-17T00:00:00Z","format":"sd","mbps":"1600","URI":["japan","s"]},{"id":"24453","channel":"New Japan Pro Wrestling World, NJPW World","link":"https://aka-amd-njpwworld-hls-enlive.akamaized.net/hls/video/njpw_en/njpw_en_channel01_3/chunklist_DVR.m3u8?checkedby:iptvcat.com","country":"japan","liveliness":"100","status":"online","lastChecked":"2020-08-17T00:00:00Z","format":"sd","mbps":"3433","URI":["japan","north_america","united_states_of_america","north america","sport","united states of america"]},{"id":"24665","channel":"NTV News24","link":"https://www.news24.jp/livestream/index.m3u8?checkedby:iptvcat.com","country":"japan","liveliness":"97","status":"online","lastChecked":"2020-08-17T00:00:00Z","format":"sd","mbps":"2740, ...","URI":["japan"]},{"id":"1760","channel":"NTV News24","link":"http://www.news24.jp/livestream/index.m3u8?checkedby:iptvcat.com","country":"japan","liveliness":"99","status":"online","lastChecked":"2020-08-17T00:00:00Z","format":"sd","mbps":"2740, ...","URI":["japan"]},{"id":"24666","channel":"QVC Japan","link":"https://cdn-live1.qvc.jp/iPhone/1501/1501.m3u8?checkedby:iptvcat.com","country":"japan","liveliness":"100","status":"online","lastChecked":"2020-08-17T00:00:00Z","format":"hd","mbps":"5997","URI":["japan"]},{"id":"24667","channel":"Shop Channel","link":"https://stream3.shopch.jp/HLS/master.m3u8?checkedby:iptvcat.com","country":"japan","liveliness":"100","status":"online","lastChecked":"2020-08-17T00:00:00Z","format":"hd","mbps":"5991, ...","URI":["japan"]},{"id":"24668","channel":"Tokyo MX1","link":"https://movie.mcas.jp/mcas/smil:mx1_prod.smil/master.m3u8?checkedby:iptvcat.com","country":"japan","liveliness":"100","status":"online","lastChecked":"2020-08-17T00:00:00Z","format":"sd","mbps":"1182, ...","URI":["japan"]},{"id":"24669","channel":"Tokyo MX2","link":"https://movie.mcas.jp/mcas/smil:mx2_prod.smil/master.m3u8?checkedby:iptvcat.com","country":"japan","liveliness":"100","status":"online","lastChecked":"2020-08-17T00:00:00Z","format":"sd","mbps":"1182, ...","URI":["japan"]},{"id":"132994","channel":"Weather News","link":"https://movie.mcas.jp/mcas/smil:wn1.smil/master.m3u8?checkedby:iptvcat.com","country":"japan","liveliness":"53","status":"online","lastChecked":"2020-08-18T00:00:00Z","format":"hd","mbps":"3799, ...","URI":["japan","asia"]},{"id":"24670","channel":"Weather News","link":"http://movie.mcas.jp/mcas/smil:wn1.smil/master.m3u8?checkedby:iptvcat.com","country":"japan","liveliness":"99","status":"online","lastChecked":"2020-08-17T00:00:00Z","format":"hd","mbps":"3799, ...","URI":["japan"]},{"id":"1762","channel":"WeatherNews","link":"http://movie.mcas.jp/mcas/smil:wn1.smil/chunklist_b1800000.m3u8?checkedby:iptvcat.com","country":"japan","liveliness":"100","status":"online","lastChecked":"2020-08-17T00:00:00Z","format":"hd","mbps":"3799","URI":["japan"]},{"id":"1765","channel":"ウェザーニュース","link":"http://movie.mcas.jp/mcas/wn1_2/master.m3u8?checkedby:iptvcat.com","country":"japan","liveliness":"100","status":"online","lastChecked":"2020-08-17T00:00:00Z","format":"hd","mbps":"3799","URI":["japan"]},{"id":"22257","channel":"ジャパネットチャンネルDX","link":"http://bcsecurelivehls-i.akamaihd.net/hls/live/265320/5043843989001/140130JTDX/index_1200.m3u8?checkedby:iptvcat.com","country":"japan","liveliness":"99","status":"online","lastChecked":"2020-08-17T00:00:00Z","format":"hd","mbps":"5997","URI":["japan"]},{"id":"1766","channel":"日本购物1","link":"http://stream1.shopch.jp/HLS/out1/prog_index.m3u8?checkedby:iptvcat.com","country":"japan","liveliness":"100","status":"online","lastChecked":"2020-08-17T00:00:00Z","format":"hd","mbps":"5991","URI":["japan"]},{"id":"1767","channel":"日本购物2","link":"http://stream1.shopch.jp/HLS/out2/prog_index.m3u8?checkedby:iptvcat.com","country":"japan","liveliness":"100","status":"online","lastChecked":"2020-08-17T00:00:00Z","format":"sd","mbps":"2244","URI":["japan"]},{"id":"1768","channel":"日本购物3","link":"http://stream1.shopch.jp/HLS/out3/prog_index.m3u8?checkedby:iptvcat.com","country":"japan","liveliness":"100","status":"online","lastChecked":"2020-08-17T00:00:00Z","format":"sd","mbps":"1073","URI":["japan"]},{"id":"1769","channel":"日本购物4","link":"http://stream1.shopch.jp/HLS/out4/prog_index.m3u8?checkedby:iptvcat.com","country":"japan","liveliness":"100","status":"online","lastChecked":"2020-08-17T00:00:00Z","format":"sd","mbps":"512","URI":["japan"]},{"id":"132994","channel":"Weather News","link":"https://movie.mcas.jp/mcas/smil:wn1.smil/master.m3u8?checkedby:iptvcat.com","country":"japan","liveliness":"53","status":"online","lastChecked":"2020-08-18T00:00:00Z","format":"hd","mbps":"3799, ...","URI":["japan","asia"]},{"id":"24453","channel":"New Japan Pro Wrestling World, NJPW World","link":"https://aka-amd-njpwworld-hls-enlive.akamaized.net/hls/video/njpw_en/njpw_en_channel01_3/chunklist_DVR.m3u8?checkedby:iptvcat.com","country":"japan","liveliness":"100","status":"online","lastChecked":"2020-08-17T00:00:00Z","format":"sd","mbps":"3433","URI":["japan","north_america","united_states_of_america","north america","sport","united states of america"]},{"id":"24453","channel":"New Japan Pro Wrestling World, NJPW World","link":"https://aka-amd-njpwworld-hls-enlive.akamaized.net/hls/video/njpw_en/njpw_en_channel01_3/chunklist_DVR.m3u8?checkedby:iptvcat.com","country":"japan","liveliness":"100","status":"online","lastChecked":"2020-08-17T00:00:00Z","format":"sd","mbps":"3433","URI":["japan","north_america","united_states_of_america","north america","sport","united states of america"]},{"id":"24453","channel":"New Japan Pro Wrestling World, NJPW World","link":"https://aka-amd-njpwworld-hls-enlive.akamaized.net/hls/video/njpw_en/njpw_en_channel01_3/chunklist_DVR.m3u8?checkedby:iptvcat.com","country":"japan","liveliness":"100","status":"online","lastChecked":"2020-08-17T00:00:00Z","format":"sd","mbps":"3433","URI":["japan","north_america","united_states_of_america","north america","sport","united states of america"]},{"id":"22254","channel":"NHK Chinese Vision, NHK 华语视界","link":"https://nhkw-zh-hlscomp.akamaized.net/8thz5iufork8wjip/playlist.m3u8?checkedby:iptvcat.com","country":"japan","liveliness":"100","status":"online","lastChecked":"2020-08-17T00:00:00Z","format":"hd","mbps":"3795","URI":["japan","s"]},{"id":"1756","channel":"NHK World Japan, NHK World Japan live","link":"https://nhkworld.webcdn.stream.ne.jp/www11/nhkworld-tv/global/2003458/live.m3u8?checkedby:iptvcat.com","country":"japan","liveliness":"93","status":"online","lastChecked":"2020-08-17T00:00:00Z","format":"hd","mbps":"5991","URI":["japan","s"]},{"id":"1750","channel":"NHK World Japan 1m","link":"https://nhkwlive-xjp.akamaized.net/hls/live/2003458/nhkwlive-xjp/index_1M.m3u8?checkedby:iptvcat.com","country":"japan","liveliness":"99","status":"online","lastChecked":"2020-08-17T00:00:00Z","format":"hd","mbps":"5991","URI":["japan","s"]},{"id":"1751","channel":"NHK World Japan 1mb","link":"https://b-nhkwlive-xjp.akamaized.net/hls/live/2003458-b/nhkwlive-xjp/index_1M.m3u8?checkedby:iptvcat.com","country":"japan","liveliness":"99","status":"online","lastChecked":"2020-08-17T00:00:00Z","format":"hd","mbps":"5991","URI":["japan","s"]},{"id":"1752","channel":"NHK World Japan 200k","link":"https://nhkwlive-xjp.akamaized.net/hls/live/2003458/nhkwlive-xjp/index_200k.m3u8?checkedby:iptvcat.com","country":"japan","liveliness":"100","status":"online","lastChecked":"2020-08-17T00:00:00Z","format":"sd","mbps":"502","URI":["japan","s"]},{"id":"1753","channel":"NHK World Japan 200kb","link":"https://b-nhkwlive-xjp.akamaized.net/hls/live/2003458-b/nhkwlive-xjp/index_200k.m3u8?checkedby:iptvcat.com","country":"japan","liveliness":"100","status":"online","lastChecked":"2020-08-17T00:00:00Z","format":"sd","mbps":"502","URI":["japan","s"]},{"id":"1754","channel":"NHK World Japan 600k","link":"https://nhkwlive-xjp.akamaized.net/hls/live/2003458/nhkwlive-xjp/index_600k.m3u8?checkedby:iptvcat.com","country":"japan","liveliness":"99","status":"online","lastChecked":"2020-08-17T00:00:00Z","format":"sd","mbps":"1600","URI":["japan","s"]},{"id":"1755","channel":"NHK World Japan 600kb","link":"https://b-nhkwlive-xjp.akamaized.net/hls/live/2003458-b/nhkwlive-xjp/index_600k.m3u8?checkedby:iptvcat.com","country":"japan","liveliness":"100","status":"online","lastChecked":"2020-08-17T00:00:00Z","format":"sd","mbps":"1600","URI":["japan","s"]},{"id":"52738","channel":"CGNTV Japan","link":"http://cgntv-glive.ofsdelivery.net/live/_definst_/cgntv_jp/playlist.m3u8?checkedby:iptvcat.com","country":"japan","liveliness":"100","status":"online","lastChecked":"2020-08-18T00:00:00Z","format":"hd","mbps":"5991","URI":["japan"]},{"id":"1748","channel":"GSTV","link":"https://gemstv.wide-stream.net/gemstv01/smil:gemstv01.smil/chunklist.m3u8?checkedby:iptvcat.com","country":"japan","liveliness":"99","status":"online","lastChecked":"2020-08-17T00:00:00Z","format":"hd","mbps":"5991, ...","URI":["japan"]},{"id":"24662","channel":"Gunma TV","link":"https://movie.mcas.jp/switcher/smil:mcas8.smil/master.m3u8?checkedby:iptvcat.com","country":"japan","liveliness":"98","status":"online","lastChecked":"2020-08-17T00:00:00Z","format":"hd","mbps":"3799, ...","URI":["japan"]},{"id":"24663","channel":"Japanet Channel DX","link":"https://bcsecurelivehls-i.akamaihd.net/hls/live/265320/5043843989001/140130JTDX/index.m3u8?checkedby:iptvcat.com","country":"japan","liveliness":"100","status":"online","lastChecked":"2020-08-17T00:00:00Z","format":"hd","mbps":"13324, ...","URI":["japan"]},{"id":"22254","channel":"NHK Chinese Vision, NHK 华语视界","link":"https://nhkw-zh-hlscomp.akamaized.net/8thz5iufork8wjip/playlist.m3u8?checkedby:iptvcat.com","country":"japan","liveliness":"100","status":"online","lastChecked":"2020-08-17T00:00:00Z","format":"hd","mbps":"3795","URI":["japan","s"]},{"id":"1756","channel":"NHK World Japan, NHK World Japan live","link":"https://nhkworld.webcdn.stream.ne.jp/www11/nhkworld-tv/global/2003458/live.m3u8?checkedby:iptvcat.com","country":"japan","liveliness":"93","status":"online","lastChecked":"2020-08-17T00:00:00Z","format":"hd","mbps":"5991","URI":["japan","s"]},{"id":"1750","channel":"NHK World Japan 1m","link":"https://nhkwlive-xjp.akamaized.net/hls/live/2003458/nhkwlive-xjp/index_1M.m3u8?checkedby:iptvcat.com","country":"japan","liveliness":"99","status":"online","lastChecked":"2020-08-17T00:00:00Z","format":"hd","mbps":"5991","URI":["japan","s"]},{"id":"1751","channel":"NHK World Japan 1mb","link":"https://b-nhkwlive-xjp.akamaized.net/hls/live/2003458-b/nhkwlive-xjp/index_1M.m3u8?checkedby:iptvcat.com","country":"japan","liveliness":"99","status":"online","lastChecked":"2020-08-17T00:00:00Z","format":"hd","mbps":"5991","URI":["japan","s"]},{"id":"1752","channel":"NHK World Japan 200k","link":"https://nhkwlive-xjp.akamaized.net/hls/live/2003458/nhkwlive-xjp/index_200k.m3u8?checkedby:iptvcat.com","country":"japan","liveliness":"100","status":"online","lastChecked":"2020-08-17T00:00:00Z","format":"sd","mbps":"502","URI":["japan","s"]},{"id":"1753","channel":"NHK World Japan 200kb","link":"https://b-nhkwlive-xjp.akamaized.net/hls/live/2003458-b/nhkwlive-xjp/index_200k.m3u8?checkedby:iptvcat.com","country":"japan","liveliness":"100","status":"online","lastChecked":"2020-08-17T00:00:00Z","format":"sd","mbps":"502","URI":["japan","s"]},{"id":"1754","channel":"NHK World Japan 600k","link":"https://nhkwlive-xjp.akamaized.net/hls/live/2003458/nhkwlive-xjp/index_600k.m3u8?checkedby:iptvcat.com","country":"japan","liveliness":"99","status":"online","lastChecked":"2020-08-17T00:00:00Z","format":"sd","mbps":"1600","URI":["japan","s"]},{"id":"1755","channel":"NHK World Japan 600kb","link":"https://b-nhkwlive-xjp.akamaized.net/hls/live/2003458-b/nhkwlive-xjp/index_600k.m3u8?checkedby:iptvcat.com","country":"japan","liveliness":"100","status":"online","lastChecked":"2020-08-17T00:00:00Z","format":"sd","mbps":"1600","URI":["japan","s"]},{"id":"24453","channel":"New Japan Pro Wrestling World, NJPW World","link":"https://aka-amd-njpwworld-hls-enlive.akamaized.net/hls/video/njpw_en/njpw_en_channel01_3/chunklist_DVR.m3u8?checkedby:iptvcat.com","country":"japan","liveliness":"100","status":"online","lastChecked":"2020-08-17T00:00:00Z","format":"sd","mbps":"3433","URI":["japan","north_america","united_states_of_america","north america","sport","united states of america"]},{"id":"1760","channel":"NTV News24","link":"http://www.news24.jp/livestream/index.m3u8?checkedby:iptvcat.com","country":"japan","liveliness":"99","status":"online","lastChecked":"2020-08-17T00:00:00Z","format":"sd","mbps":"2740, ...","URI":["japan"]},{"id":"24665","channel":"NTV News24","link":"https://www.news24.jp/livestream/index.m3u8?checkedby:iptvcat.com","country":"japan","liveliness":"97","status":"online","lastChecked":"2020-08-17T00:00:00Z","format":"sd","mbps":"2740, ...","URI":["japan"]},{"id":"24666","channel":"QVC Japan","link":"https://cdn-live1.qvc.jp/iPhone/1501/1501.m3u8?checkedby:iptvcat.com","country":"japan","liveliness":"100","status":"online","lastChecked":"2020-08-17T00:00:00Z","format":"hd","mbps":"5997","URI":["japan"]},{"id":"24667","channel":"Shop Channel","link":"https://stream3.shopch.jp/HLS/master.m3u8?checkedby:iptvcat.com","country":"japan","liveliness":"100","status":"online","lastChecked":"2020-08-17T00:00:00Z","format":"hd","mbps":"5991, ...","URI":["japan"]},{"id":"24668","channel":"Tokyo MX1","link":"https://movie.mcas.jp/mcas/smil:mx1_prod.smil/master.m3u8?checkedby:iptvcat.com","country":"japan","liveliness":"100","status":"online","lastChecked":"2020-08-17T00:00:00Z","format":"sd","mbps":"1182, ...","URI":["japan"]},{"id":"24669","channel":"Tokyo MX2","link":"https://movie.mcas.jp/mcas/smil:mx2_prod.smil/master.m3u8?checkedby:iptvcat.com","country":"japan","liveliness":"100","status":"online","lastChecked":"2020-08-17T00:00:00Z","format":"sd","mbps":"1182, ...","URI":["japan"]},{"id":"24670","channel":"Weather News","link":"http://movie.mcas.jp/mcas/smil:wn1.smil/master.m3u8?checkedby:iptvcat.com","country":"japan","liveliness":"99","status":"online","lastChecked":"2020-08-17T00:00:00Z","format":"hd","mbps":"3799, ...","URI":["japan"]},{"id":"132994","channel":"Weather News","link":"https://movie.mcas.jp/mcas/smil:wn1.smil/master.m3u8?checkedby:iptvcat.com","country":"japan","liveliness":"53","status":"online","lastChecked":"2020-08-18T00:00:00Z","format":"hd","mbps":"3799, ...","URI":["japan","asia"]},{"id":"1762","channel":"WeatherNews","link":"http://movie.mcas.jp/mcas/smil:wn1.smil/chunklist_b1800000.m3u8?checkedby:iptvcat.com","country":"japan","liveliness":"100","status":"online","lastChecked":"2020-08-17T00:00:00Z","format":"hd","mbps":"3799","URI":["japan"]},{"id":"1765","channel":"ウェザーニュース","link":"http://movie.mcas.jp/mcas/wn1_2/master.m3u8?checkedby:iptvcat.com","country":"japan","liveliness":"100","status":"online","lastChecked":"2020-08-17T00:00:00Z","format":"hd","mbps":"3799","URI":["japan"]},{"id":"22257","channel":"ジャパネットチャンネルDX","link":"http://bcsecurelivehls-i.akamaihd.net/hls/live/265320/5043843989001/140130JTDX/index_1200.m3u8?checkedby:iptvcat.com","country":"japan","liveliness":"99","status":"online","lastChecked":"2020-08-17T00:00:00Z","format":"hd","mbps":"5997","URI":["japan"]},{"id":"1766","channel":"日本购物1","link":"http://stream1.shopch.jp/HLS/out1/prog_index.m3u8?checkedby:iptvcat.com","country":"japan","liveliness":"100","status":"online","lastChecked":"2020-08-17T00:00:00Z","format":"hd","mbps":"5991","URI":["japan"]},{"id":"1767","channel":"日本购物2","link":"http://stream1.shopch.jp/HLS/out2/prog_index.m3u8?checkedby:iptvcat.com","country":"japan","liveliness":"100","status":"online","lastChecked":"2020-08-17T00:00:00Z","format":"sd","mbps":"2244","URI":["japan"]},{"id":"1768","channel":"日本购物3","link":"http://stream1.shopch.jp/HLS/out3/prog_index.m3u8?checkedby:iptvcat.com","country":"japan","liveliness":"100","status":"online","lastChecked":"2020-08-17T00:00:00Z","format":"sd","mbps":"1073","URI":["japan"]},{"id":"1769","channel":"日本购物4","link":"http://stream1.shopch.jp/HLS/out4/prog_index.m3u8?checkedby:iptvcat.com","country":"japan","liveliness":"100","status":"online","lastChecked":"2020-08-17T00:00:00Z","format":"sd","mbps":"512","URI":["japan"]},{"id":"52738","channel":"CGNTV Japan","link":"http://cgntv-glive.ofsdelivery.net/live/_definst_/cgntv_jp/playlist.m3u8?checkedby:iptvcat.com","country":"japan","liveliness":"100","status":"online","lastChecked":"2020-08-18T00:00:00Z","format":"hd","mbps":"5991","URI":["japan"]},{"id":"1748","channel":"GSTV","link":"https://gemstv.wide-stream.net/gemstv01/smil:gemstv01.smil/chunklist.m3u8?checkedby:iptvcat.com","country":"japan","liveliness":"99","status":"online","lastChecked":"2020-08-17T00:00:00Z","format":"hd","mbps":"5991, ...","URI":["japan"]},{"id":"24662","channel":"Gunma TV","link":"https://movie.mcas.jp/switcher/smil:mcas8.smil/master.m3u8?checkedby:iptvcat.com","country":"japan","liveliness":"98","status":"online","lastChecked":"2020-08-17T00:00:00Z","format":"hd","mbps":"3799, ...","URI":["japan"]},{"id":"24663","channel":"Japanet Channel DX","link":"https://bcsecurelivehls-i.akamaihd.net/hls/live/265320/5043843989001/140130JTDX/index.m3u8?checkedby:iptvcat.com","country":"japan","liveliness":"100","status":"online","lastChecked":"2020-08-17T00:00:00Z","format":"hd","mbps":"13324, ...","URI":["japan"]},{"id":"22254","channel":"NHK Chinese Vision, NHK 华语视界","link":"https://nhkw-zh-hlscomp.akamaized.net/8thz5iufork8wjip/playlist.m3u8?checkedby:iptvcat.com","country":"japan","liveliness":"100","status":"online","lastChecked":"2020-08-17T00:00:00Z","format":"hd","mbps":"3795","URI":["japan","s"]},{"id":"1756","channel":"NHK World Japan, NHK World Japan live","link":"https://nhkworld.webcdn.stream.ne.jp/www11/nhkworld-tv/global/2003458/live.m3u8?checkedby:iptvcat.com","country":"japan","liveliness":"93","status":"online","lastChecked":"2020-08-17T00:00:00Z","format":"hd","mbps":"5991","URI":["japan","s"]},{"id":"1750","channel":"NHK World Japan 1m","link":"https://nhkwlive-xjp.akamaized.net/hls/live/2003458/nhkwlive-xjp/index_1M.m3u8?checkedby:iptvcat.com","country":"japan","liveliness":"99","status":"online","lastChecked":"2020-08-17T00:00:00Z","format":"hd","mbps":"5991","URI":["japan","s"]},{"id":"1751","channel":"NHK World Japan 1mb","link":"https://b-nhkwlive-xjp.akamaized.net/hls/live/2003458-b/nhkwlive-xjp/index_1M.m3u8?checkedby:iptvcat.com","country":"japan","liveliness":"99","status":"online","lastChecked":"2020-08-17T00:00:00Z","format":"hd","mbps":"5991","URI":["japan","s"]},{"id":"1752","channel":"NHK World Japan 200k","link":"https://nhkwlive-xjp.akamaized.net/hls/live/2003458/nhkwlive-xjp/index_200k.m3u8?checkedby:iptvcat.com","country":"japan","liveliness":"100","status":"online","lastChecked":"2020-08-17T00:00:00Z","format":"sd","mbps":"502","URI":["japan","s"]},{"id":"1753","channel":"NHK World Japan 200kb","link":"https://b-nhkwlive-xjp.akamaized.net/hls/live/2003458-b/nhkwlive-xjp/index_200k.m3u8?checkedby:iptvcat.com","country":"japan","liveliness":"100","status":"online","lastChecked":"2020-08-17T00:00:00Z","format":"sd","mbps":"502","URI":["japan","s"]},{"id":"1754","channel":"NHK World Japan 600k","link":"https://nhkwlive-xjp.akamaized.net/hls/live/2003458/nhkwlive-xjp/index_600k.m3u8?checkedby:iptvcat.com","country":"japan","liveliness":"99","status":"online","lastChecked":"2020-08-17T00:00:00Z","format":"sd","mbps":"1600","URI":["japan","s"]},{"id":"1755","channel":"NHK World Japan 600kb","link":"https://b-nhkwlive-xjp.akamaized.net/hls/live/2003458-b/nhkwlive-xjp/index_600k.m3u8?checkedby:iptvcat.com","country":"japan","liveliness":"100","status":"online","lastChecked":"2020-08-17T00:00:00Z","format":"sd","mbps":"1600","URI":["japan","s"]},{"id":"24453","channel":"New Japan Pro Wrestling World, NJPW World","link":"https://aka-amd-njpwworld-hls-enlive.akamaized.net/hls/video/njpw_en/njpw_en_channel01_3/chunklist_DVR.m3u8?checkedby:iptvcat.com","country":"japan","liveliness":"100","status":"online","lastChecked":"2020-08-17T00:00:00Z","format":"sd","mbps":"3433","URI":["japan","north_america","united_states_of_america","north america","sport","united states of america"]},{"id":"1760","channel":"NTV News24","link":"http://www.news24.jp/livestream/index.m3u8?checkedby:iptvcat.com","country":"japan","liveliness":"99","status":"online","lastChecked":"2020-08-17T00:00:00Z","format":"sd","mbps":"2740, ...","URI":["japan"]},{"id":"24665","channel":"NTV News24","link":"https://www.news24.jp/livestream/index.m3u8?checkedby:iptvcat.com","country":"japan","liveliness":"97","status":"online","lastChecked":"2020-08-17T00:00:00Z","format":"sd","mbps":"2740, ...","URI":["japan"]},{"id":"24666","channel":"QVC Japan","link":"https://cdn-live1.qvc.jp/iPhone/1501/1501.m3u8?checkedby:iptvcat.com","country":"japan","liveliness":"100","status":"online","lastChecked":"2020-08-17T00:00:00Z","format":"hd","mbps":"5997","URI":["japan"]},{"id":"24667","channel":"Shop Channel","link":"https://stream3.shopch.jp/HLS/master.m3u8?checkedby:iptvcat.com","country":"japan","liveliness":"100","status":"online","lastChecked":"2020-08-17T00:00:00Z","format":"hd","mbps":"5991, ...","URI":["japan"]},{"id":"24668","channel":"Tokyo MX1","link":"https://movie.mcas.jp/mcas/smil:mx1_prod.smil/master.m3u8?checkedby:iptvcat.com","country":"japan","liveliness":"100","status":"online","lastChecked":"2020-08-17T00:00:00Z","format":"sd","mbps":"1182, ...","URI":["japan"]},{"id":"24669","channel":"Tokyo MX2","link":"https://movie.mcas.jp/mcas/smil:mx2_prod.smil/master.m3u8?checkedby:iptvcat.com","country":"japan","liveliness":"100","status":"online","lastChecked":"2020-08-17T00:00:00Z","format":"sd","mbps":"1182, ...","URI":["japan"]},{"id":"132994","channel":"Weather News","link":"https://movie.mcas.jp/mcas/smil:wn1.smil/master.m3u8?checkedby:iptvcat.com","country":"japan","liveliness":"53","status":"online","lastChecked":"2020-08-18T00:00:00Z","format":"hd","mbps":"3799, ...","URI":["japan","asia"]},{"id":"24670","channel":"Weather News","link":"http://movie.mcas.jp/mcas/smil:wn1.smil/master.m3u8?checkedby:iptvcat.com","country":"japan","liveliness":"99","status":"online","lastChecked":"2020-08-17T00:00:00Z","format":"hd","mbps":"3799, ...","URI":["japan"]},{"id":"1762","channel":"WeatherNews","link":"http://movie.mcas.jp/mcas/smil:wn1.smil/chunklist_b1800000.m3u8?checkedby:iptvcat.com","country":"japan","liveliness":"100","status":"online","lastChecked":"2020-08-17T00:00:00Z","format":"hd","mbps":"3799","URI":["japan"]},{"id":"1765","channel":"ウェザーニュース","link":"http://movie.mcas.jp/mcas/wn1_2/master.m3u8?checkedby:iptvcat.com","country":"japan","liveliness":"100","status":"online","lastChecked":"2020-08-17T00:00:00Z","format":"hd","mbps":"3799","URI":["japan"]},{"id":"22257","channel":"ジャパネットチャンネルDX","link":"http://bcsecurelivehls-i.akamaihd.net/hls/live/265320/5043843989001/140130JTDX/index_1200.m3u8?checkedby:iptvcat.com","country":"japan","liveliness":"99","status":"online","lastChecked":"2020-08-17T00:00:00Z","format":"hd","mbps":"5997","URI":["japan"]},{"id":"1766","channel":"日本购物1","link":"http://stream1.shopch.jp/HLS/out1/prog_index.m3u8?checkedby:iptvcat.com","country":"japan","liveliness":"100","status":"online","lastChecked":"2020-08-17T00:00:00Z","format":"hd","mbps":"5991","URI":["japan"]},{"id":"1767","channel":"日本购物2","link":"http://stream1.shopch.jp/HLS/out2/prog_index.m3u8?checkedby:iptvcat.com","country":"japan","liveliness":"100","status":"online","lastChecked":"2020-08-17T00:00:00Z","format":"sd","mbps":"2244","URI":["japan"]},{"id":"1768","channel":"日本购物3","link":"http://stream1.shopch.jp/HLS/out3/prog_index.m3u8?checkedby:iptvcat.com","country":"japan","liveliness":"100","status":"online","lastChecked":"2020-08-17T00:00:00Z","format":"sd","mbps":"1073","URI":["japan"]},{"id":"1769","channel":"日本购物4","link":"http://stream1.shopch.jp/HLS/out4/prog_index.m3u8?checkedby:iptvcat.com","country":"japan","liveliness":"100","status":"online","lastChecked":"2020-08-17T00:00:00Z","format":"sd","mbps":"512","URI":["japan"]},{"id":"52738","channel":"CGNTV Japan","link":"http://cgntv-glive.ofsdelivery.net/live/_definst_/cgntv_jp/playlist.m3u8?checkedby:iptvcat.com","country":"japan","liveliness":"100","status":"online","lastChecked":"2020-08-18T00:00:00Z","format":"hd","mbps":"5991","URI":["japan"]},{"id":"1748","channel":"GSTV","link":"https://gemstv.wide-stream.net/gemstv01/smil:gemstv01.smil/chunklist.m3u8?checkedby:iptvcat.com","country":"japan","liveliness":"99","status":"online","lastChecked":"2020-08-17T00:00:00Z","format":"hd","mbps":"5991, ...","URI":["japan"]},{"id":"24662","channel":"Gunma TV","link":"https://movie.mcas.jp/switcher/smil:mcas8.smil/master.m3u8?checkedby:iptvcat.com","country":"japan","liveliness":"98","status":"online","lastChecked":"2020-08-17T00:00:00Z","format":"hd","mbps":"3799, ...","URI":["japan"]},{"id":"24663","channel":"Japanet Channel DX","link":"https://bcsecurelivehls-i.akamaihd.net/hls/live/265320/5043843989001/140130JTDX/index.m3u8?checkedby:iptvcat.com","country":"japan","liveliness":"100","status":"online","lastChecked":"2020-08-17T00:00:00Z","format":"hd","mbps":"13324, ...","URI":["japan"]},{"id":"22254","channel":"NHK Chinese Vision, NHK 华语视界","link":"https://nhkw-zh-hlscomp.akamaized.net/8thz5iufork8wjip/playlist.m3u8?checkedby:iptvcat.com","country":"japan","liveliness":"100","status":"online","lastChecked":"2020-08-17T00:00:00Z","format":"hd","mbps":"3795","URI":["japan","s"]},{"id":"1756","channel":"NHK World Japan, NHK World Japan live","link":"https://nhkworld.webcdn.stream.ne.jp/www11/nhkworld-tv/global/2003458/live.m3u8?checkedby:iptvcat.com","country":"japan","liveliness":"93","status":"online","lastChecked":"2020-08-17T00:00:00Z","format":"hd","mbps":"5991","URI":["japan","s"]},{"id":"1750","channel":"NHK World Japan 1m","link":"https://nhkwlive-xjp.akamaized.net/hls/live/2003458/nhkwlive-xjp/index_1M.m3u8?checkedby:iptvcat.com","country":"japan","liveliness":"99","status":"online","lastChecked":"2020-08-17T00:00:00Z","format":"hd","mbps":"5991","URI":["japan","s"]},{"id":"1751","channel":"NHK World Japan 1mb","link":"https://b-nhkwlive-xjp.akamaized.net/hls/live/2003458-b/nhkwlive-xjp/index_1M.m3u8?checkedby:iptvcat.com","country":"japan","liveliness":"99","status":"online","lastChecked":"2020-08-17T00:00:00Z","format":"hd","mbps":"5991","URI":["japan","s"]},{"id":"1752","channel":"NHK World Japan 200k","link":"https://nhkwlive-xjp.akamaized.net/hls/live/2003458/nhkwlive-xjp/index_200k.m3u8?checkedby:iptvcat.com","country":"japan","liveliness":"100","status":"online","lastChecked":"2020-08-17T00:00:00Z","format":"sd","mbps":"502","URI":["japan","s"]},{"id":"1753","channel":"NHK World Japan 200kb","link":"https://b-nhkwlive-xjp.akamaized.net/hls/live/2003458-b/nhkwlive-xjp/index_200k.m3u8?checkedby:iptvcat.com","country":"japan","liveliness":"100","status":"online","lastChecked":"2020-08-17T00:00:00Z","format":"sd","mbps":"502","URI":["japan","s"]},{"id":"1754","channel":"NHK World Japan 600k","link":"https://nhkwlive-xjp.akamaized.net/hls/live/2003458/nhkwlive-xjp/index_600k.m3u8?checkedby:iptvcat.com","country":"japan","liveliness":"99","status":"online","lastChecked":"2020-08-17T00:00:00Z","format":"sd","mbps":"1600","URI":["japan","s"]},{"id":"1755","channel":"NHK World Japan 600kb","link":"https://b-nhkwlive-xjp.akamaized.net/hls/live/2003458-b/nhkwlive-xjp/index_600k.m3u8?checkedby:iptvcat.com","country":"japan","liveliness":"100","status":"online","lastChecked":"2020-08-17T00:00:00Z","format":"sd","mbps":"1600","URI":["japan","s"]},{"id":"24453","channel":"New Japan Pro Wrestling World, NJPW World","link":"https://aka-amd-njpwworld-hls-enlive.akamaized.net/hls/video/njpw_en/njpw_en_channel01_3/chunklist_DVR.m3u8?checkedby:iptvcat.com","country":"japan","liveliness":"100","status":"online","lastChecked":"2020-08-17T00:00:00Z","format":"sd","mbps":"3433","URI":["japan","north_america","united_states_of_america","north america","sport","united states of america"]},{"id":"1760","channel":"NTV News24","link":"http://www.news24.jp/livestream/index.m3u8?checkedby:iptvcat.com","country":"japan","liveliness":"99","status":"online","lastChecked":"2020-08-17T00:00:00Z","format":"sd","mbps":"2740, ...","URI":["japan"]},{"id":"24665","channel":"NTV News24","link":"https://www.news24.jp/livestream/index.m3u8?checkedby:iptvcat.com","country":"japan","liveliness":"97","status":"online","lastChecked":"2020-08-17T00:00:00Z","format":"sd","mbps":"2740, ...","URI":["japan"]},{"id":"24666","channel":"QVC Japan","link":"https://cdn-live1.qvc.jp/iPhone/1501/1501.m3u8?checkedby:iptvcat.com","country":"japan","liveliness":"100","status":"online","lastChecked":"2020-08-17T00:00:00Z","format":"hd","mbps":"5997","URI":["japan"]},{"id":"24667","channel":"Shop Channel","link":"https://stream3.shopch.jp/HLS/master.m3u8?checkedby:iptvcat.com","country":"japan","liveliness":"100","status":"online","lastChecked":"2020-08-17T00:00:00Z","format":"hd","mbps":"5991, ...","URI":["japan"]},{"id":"24668","channel":"Tokyo MX1","link":"https://movie.mcas.jp/mcas/smil:mx1_prod.smil/master.m3u8?checkedby:iptvcat.com","country":"japan","liveliness":"100","status":"online","lastChecked":"2020-08-17T00:00:00Z","format":"sd","mbps":"1182, ...","URI":["japan"]},{"id":"24669","channel":"Tokyo MX2","link":"https://movie.mcas.jp/mcas/smil:mx2_prod.smil/master.m3u8?checkedby:iptvcat.com","country":"japan","liveliness":"100","status":"online","lastChecked":"2020-08-17T00:00:00Z","format":"sd","mbps":"1182, ...","URI":["japan"]},{"id":"24670","channel":"Weather News","link":"http://movie.mcas.jp/mcas/smil:wn1.smil/master.m3u8?checkedby:iptvcat.com","country":"japan","liveliness":"99","status":"online","lastChecked":"2020-08-17T00:00:00Z","format":"hd","mbps":"3799, ...","URI":["japan"]},{"id":"132994","channel":"Weather News","link":"https://movie.mcas.jp/mcas/smil:wn1.smil/master.m3u8?checkedby:iptvcat.com","country":"japan","liveliness":"53","status":"online","lastChecked":"2020-08-18T00:00:00Z","format":"hd","mbps":"3799, ...","URI":["japan","asia"]},{"id":"1762","channel":"WeatherNews","link":"http://movie.mcas.jp/mcas/smil:wn1.smil/chunklist_b1800000.m3u8?checkedby:iptvcat.com","country":"japan","liveliness":"100","status":"online","lastChecked":"2020-08-17T00:00:00Z","format":"hd","mbps":"3799","URI":["japan"]},{"id":"1765","channel":"ウェザーニュース","link":"http://movie.mcas.jp/mcas/wn1_2/master.m3u8?checkedby:iptvcat.com","country":"japan","liveliness":"100","status":"online","lastChecked":"2020-08-17T00:00:00Z","format":"hd","mbps":"3799","URI":["japan"]},{"id":"22257","channel":"ジャパネットチャンネルDX","link":"http://bcsecurelivehls-i.akamaihd.net/hls/live/265320/5043843989001/140130JTDX/index_1200.m3u8?checkedby:iptvcat.com","country":"japan","liveliness":"99","status":"online","lastChecked":"2020-08-17T00:00:00Z","format":"hd","mbps":"5997","URI":["japan"]},{"id":"1766","channel":"日本购物1","link":"http://stream1.shopch.jp/HLS/out1/prog_index.m3u8?checkedby:iptvcat.com","country":"japan","liveliness":"100","status":"online","lastChecked":"2020-08-17T00:00:00Z","format":"hd","mbps":"5991","URI":["japan"]},{"id":"1767","channel":"日本购物2","link":"http://stream1.shopch.jp/HLS/out2/prog_index.m3u8?checkedby:iptvcat.com","country":"japan","liveliness":"100","status":"online","lastChecked":"2020-08-17T00:00:00Z","format":"sd","mbps":"2244","URI":["japan"]},{"id":"1768","channel":"日本购物3","link":"http://stream1.shopch.jp/HLS/out3/prog_index.m3u8?checkedby:iptvcat.com","country":"japan","liveliness":"100","status":"online","lastChecked":"2020-08-17T00:00:00Z","format":"sd","mbps":"1073","URI":["japan"]},{"id":"1769","channel":"日本购物4","link":"http://stream1.shopch.jp/HLS/out4/prog_index.m3u8?checkedby:iptvcat.com","country":"japan","liveliness":"100","status":"online","lastChecked":"2020-08-17T00:00:00Z","format":"sd","mbps":"512","URI":["japan"]},{"id":"52738","channel":"CGNTV Japan","link":"http://cgntv-glive.ofsdelivery.net/live/_definst_/cgntv_jp/playlist.m3u8?checkedby:iptvcat.com","country":"japan","liveliness":"100","status":"online","lastChecked":"2020-08-18T00:00:00Z","format":"hd","mbps":"5991","URI":["japan"]},{"id":"1748","channel":"GSTV","link":"https://gemstv.wide-stream.net/gemstv01/smil:gemstv01.smil/chunklist.m3u8?checkedby:iptvcat.com","country":"japan","liveliness":"99","status":"online","lastChecked":"2020-08-17T00:00:00Z","format":"hd","mbps":"5991, ...","URI":["japan"]},{"id":"24662","channel":"Gunma TV","link":"https://movie.mcas.jp/switcher/smil:mcas8.smil/master.m3u8?checkedby:iptvcat.com","country":"japan","liveliness":"98","status":"online","lastChecked":"2020-08-17T00:00:00Z","format":"hd","mbps":"3799, ...","URI":["japan"]},{"id":"24663","channel":"Japanet Channel DX","link":"https://bcsecurelivehls-i.akamaihd.net/hls/live/265320/5043843989001/140130JTDX/index.m3u8?checkedby:iptvcat.com","country":"japan","liveliness":"100","status":"online","lastChecked":"2020-08-17T00:00:00Z","format":"hd","mbps":"13324, ...","URI":["japan"]},{"id":"22254","channel":"NHK Chinese Vision, NHK 华语视界","link":"https://nhkw-zh-hlscomp.akamaized.net/8thz5iufork8wjip/playlist.m3u8?checkedby:iptvcat.com","country":"japan","liveliness":"100","status":"online","lastChecked":"2020-08-17T00:00:00Z","format":"hd","mbps":"3795","URI":["japan","s"]},{"id":"1756","channel":"NHK World Japan, NHK World Japan live","link":"https://nhkworld.webcdn.stream.ne.jp/www11/nhkworld-tv/global/2003458/live.m3u8?checkedby:iptvcat.com","country":"japan","liveliness":"93","status":"online","lastChecked":"2020-08-17T00:00:00Z","format":"hd","mbps":"5991","URI":["japan","s"]},{"id":"1750","channel":"NHK World Japan 1m","link":"https://nhkwlive-xjp.akamaized.net/hls/live/2003458/nhkwlive-xjp/index_1M.m3u8?checkedby:iptvcat.com","country":"japan","liveliness":"99","status":"online","lastChecked":"2020-08-17T00:00:00Z","format":"hd","mbps":"5991","URI":["japan","s"]},{"id":"1751","channel":"NHK World Japan 1mb","link":"https://b-nhkwlive-xjp.akamaized.net/hls/live/2003458-b/nhkwlive-xjp/index_1M.m3u8?checkedby:iptvcat.com","country":"japan","liveliness":"99","status":"online","lastChecked":"2020-08-17T00:00:00Z","format":"hd","mbps":"5991","URI":["japan","s"]},{"id":"1752","channel":"NHK World Japan 200k","link":"https://nhkwlive-xjp.akamaized.net/hls/live/2003458/nhkwlive-xjp/index_200k.m3u8?checkedby:iptvcat.com","country":"japan","liveliness":"100","status":"online","lastChecked":"2020-08-17T00:00:00Z","format":"sd","mbps":"502","URI":["japan","s"]},{"id":"1753","channel":"NHK World Japan 200kb","link":"https://b-nhkwlive-xjp.akamaized.net/hls/live/2003458-b/nhkwlive-xjp/index_200k.m3u8?checkedby:iptvcat.com","country":"japan","liveliness":"100","status":"online","lastChecked":"2020-08-17T00:00:00Z","format":"sd","mbps":"502","URI":["japan","s"]},{"id":"1754","channel":"NHK World Japan 600k","link":"https://nhkwlive-xjp.akamaized.net/hls/live/2003458/nhkwlive-xjp/index_600k.m3u8?checkedby:iptvcat.com","country":"japan","liveliness":"99","status":"online","lastChecked":"2020-08-17T00:00:00Z","format":"sd","mbps":"1600","URI":["japan","s"]},{"id":"1755","channel":"NHK World Japan 600kb","link":"https://b-nhkwlive-xjp.akamaized.net/hls/live/2003458-b/nhkwlive-xjp/index_600k.m3u8?checkedby:iptvcat.com","country":"japan","liveliness":"100","status":"online","lastChecked":"2020-08-17T00:00:00Z","format":"sd","mbps":"1600","URI":["japan","s"]},{"id":"24453","channel":"New Japan Pro Wrestling World, NJPW World","link":"https://aka-amd-njpwworld-hls-enlive.akamaized.net/hls/video/njpw_en/njpw_en_channel01_3/chunklist_DVR.m3u8?checkedby:iptvcat.com","country":"japan","liveliness":"100","status":"online","lastChecked":"2020-08-17T00:00:00Z","format":"sd","mbps":"3433","URI":["japan","north_america","united_states_of_america","north america","sport","united states of america"]},{"id":"1760","channel":"NTV News24","link":"http://www.news24.jp/livestream/index.m3u8?checkedby:iptvcat.com","country":"japan","liveliness":"99","status":"online","lastChecked":"2020-08-17T00:00:00Z","format":"sd","mbps":"2740, ...","URI":["japan"]},{"id":"24665","channel":"NTV News24","link":"https://www.news24.jp/livestream/index.m3u8?checkedby:iptvcat.com","country":"japan","liveliness":"97","status":"online","lastChecked":"2020-08-17T00:00:00Z","format":"sd","mbps":"2740, ...","URI":["japan"]},{"id":"24666","channel":"QVC Japan","link":"https://cdn-live1.qvc.jp/iPhone/1501/1501.m3u8?checkedby:iptvcat.com","country":"japan","liveliness":"100","status":"online","lastChecked":"2020-08-17T00:00:00Z","format":"hd","mbps":"5997","URI":["japan"]},{"id":"24667","channel":"Shop Channel","link":"https://stream3.shopch.jp/HLS/master.m3u8?checkedby:iptvcat.com","country":"japan","liveliness":"100","status":"online","lastChecked":"2020-08-17T00:00:00Z","format":"hd","mbps":"5991, ...","URI":["japan"]},{"id":"24668","channel":"Tokyo MX1","link":"https://movie.mcas.jp/mcas/smil:mx1_prod.smil/master.m3u8?checkedby:iptvcat.com","country":"japan","liveliness":"100","status":"online","lastChecked":"2020-08-17T00:00:00Z","format":"sd","mbps":"1182, ...","URI":["japan"]},{"id":"24669","channel":"Tokyo MX2","link":"https://movie.mcas.jp/mcas/smil:mx2_prod.smil/master.m3u8?checkedby:iptvcat.com","country":"japan","liveliness":"100","status":"online","lastChecked":"2020-08-17T00:00:00Z","format":"sd","mbps":"1182, ...","URI":["japan"]},{"id":"24670","channel":"Weather News","link":"http://movie.mcas.jp/mcas/smil:wn1.smil/master.m3u8?checkedby:iptvcat.com","country":"japan","liveliness":"99","status":"online","lastChecked":"2020-08-17T00:00:00Z","format":"hd","mbps":"3799, ...","URI":["japan"]},{"id":"132994","channel":"Weather News","link":"https://movie.mcas.jp/mcas/smil:wn1.smil/master.m3u8?checkedby:iptvcat.com","country":"japan","liveliness":"53","status":"online","lastChecked":"2020-08-18T00:00:00Z","format":"hd","mbps":"3799, ...","URI":["japan","asia"]},{"id":"1762","channel":"WeatherNews","link":"http://movie.mcas.jp/mcas/smil:wn1.smil/chunklist_b1800000.m3u8?checkedby:iptvcat.com","country":"japan","liveliness":"100","status":"online","lastChecked":"2020-08-17T00:00:00Z","format":"hd","mbps":"3799","URI":["japan"]},{"id":"1765","channel":"ウェザーニュース","link":"http://movie.mcas.jp/mcas/wn1_2/master.m3u8?checkedby:iptvcat.com","country":"japan","liveliness":"100","status":"online","lastChecked":"2020-08-17T00:00:00Z","format":"hd","mbps":"3799","URI":["japan"]},{"id":"22257","channel":"ジャパネットチャンネルDX","link":"http://bcsecurelivehls-i.akamaihd.net/hls/live/265320/5043843989001/140130JTDX/index_1200.m3u8?checkedby:iptvcat.com","country":"japan","liveliness":"99","status":"online","lastChecked":"2020-08-17T00:00:00Z","format":"hd","mbps":"5997","URI":["japan"]},{"id":"1766","channel":"日本购物1","link":"http://stream1.shopch.jp/HLS/out1/prog_index.m3u8?checkedby:iptvcat.com","country":"japan","liveliness":"100","status":"online","lastChecked":"2020-08-17T00:00:00Z","format":"hd","mbps":"5991","URI":["japan"]},{"id":"1767","channel":"日本购物2","link":"http://stream1.shopch.jp/HLS/out2/prog_index.m3u8?checkedby:iptvcat.com","country":"japan","liveliness":"100","status":"online","lastChecked":"2020-08-17T00:00:00Z","format":"sd","mbps":"2244","URI":["japan"]},{"id":"1768","channel":"日本购物3","link":"http://stream1.shopch.jp/HLS/out3/prog_index.m3u8?checkedby:iptvcat.com","country":"japan","liveliness":"100","status":"online","lastChecked":"2020-08-17T00:00:00Z","format":"sd","mbps":"1073","URI":["japan"]},{"id":"1769","channel":"日本购物4","link":"http://stream1.shopch.jp/HLS/out4/prog_index.m3u8?checkedby:iptvcat.com","country":"japan","liveliness":"100","status":"online","lastChecked":"2020-08-17T00:00:00Z","format":"sd","mbps":"512","URI":["japan"]},{"id":"52738","channel":"CGNTV Japan","link":"http://cgntv-glive.ofsdelivery.net/live/_definst_/cgntv_jp/playlist.m3u8?checkedby:iptvcat.com","country":"japan","liveliness":"100","status":"online","lastChecked":"2020-08-18T00:00:00Z","format":"hd","mbps":"5991","URI":["japan"]},{"id":"1748","channel":"GSTV","link":"https://gemstv.wide-stream.net/gemstv01/smil:gemstv01.smil/chunklist.m3u8?checkedby:iptvcat.com","country":"japan","liveliness":"99","status":"online","lastChecked":"2020-08-17T00:00:00Z","format":"hd","mbps":"5991, ...","URI":["japan"]},{"id":"24662","channel":"Gunma TV","link":"https://movie.mcas.jp/switcher/smil:mcas8.smil/master.m3u8?checkedby:iptvcat.com","country":"japan","liveliness":"98","status":"online","lastChecked":"2020-08-17T00:00:00Z","format":"hd","mbps":"3799, ...","URI":["japan"]},{"id":"24663","channel":"Japanet Channel DX","link":"https://bcsecurelivehls-i.akamaihd.net/hls/live/265320/5043843989001/140130JTDX/index.m3u8?checkedby:iptvcat.com","country":"japan","liveliness":"100","status":"online","lastChecked":"2020-08-17T00:00:00Z","format":"hd","mbps":"13324, ...","URI":["japan"]},{"id":"22254","channel":"NHK Chinese Vision, NHK 华语视界","link":"https://nhkw-zh-hlscomp.akamaized.net/8thz5iufork8wjip/playlist.m3u8?checkedby:iptvcat.com","country":"japan","liveliness":"100","status":"online","lastChecked":"2020-08-17T00:00:00Z","format":"hd","mbps":"3795","URI":["japan","s"]},{"id":"1756","channel":"NHK World Japan, NHK World Japan live","link":"https://nhkworld.webcdn.stream.ne.jp/www11/nhkworld-tv/global/2003458/live.m3u8?checkedby:iptvcat.com","country":"japan","liveliness":"93","status":"online","lastChecked":"2020-08-17T00:00:00Z","format":"hd","mbps":"5991","URI":["japan","s"]},{"id":"1750","channel":"NHK World Japan 1m","link":"https://nhkwlive-xjp.akamaized.net/hls/live/2003458/nhkwlive-xjp/index_1M.m3u8?checkedby:iptvcat.com","country":"japan","liveliness":"99","status":"online","lastChecked":"2020-08-17T00:00:00Z","format":"hd","mbps":"5991","URI":["japan","s"]},{"id":"1751","channel":"NHK World Japan 1mb","link":"https://b-nhkwlive-xjp.akamaized.net/hls/live/2003458-b/nhkwlive-xjp/index_1M.m3u8?checkedby:iptvcat.com","country":"japan","liveliness":"99","status":"online","lastChecked":"2020-08-17T00:00:00Z","format":"hd","mbps":"5991","URI":["japan","s"]},{"id":"1752","channel":"NHK World Japan 200k","link":"https://nhkwlive-xjp.akamaized.net/hls/live/2003458/nhkwlive-xjp/index_200k.m3u8?checkedby:iptvcat.com","country":"japan","liveliness":"100","status":"online","lastChecked":"2020-08-17T00:00:00Z","format":"sd","mbps":"502","URI":["japan","s"]},{"id":"1753","channel":"NHK World Japan 200kb","link":"https://b-nhkwlive-xjp.akamaized.net/hls/live/2003458-b/nhkwlive-xjp/index_200k.m3u8?checkedby:iptvcat.com","country":"japan","liveliness":"100","status":"online","lastChecked":"2020-08-17T00:00:00Z","format":"sd","mbps":"502","URI":["japan","s"]},{"id":"1754","channel":"NHK World Japan 600k","link":"https://nhkwlive-xjp.akamaized.net/hls/live/2003458/nhkwlive-xjp/index_600k.m3u8?checkedby:iptvcat.com","country":"japan","liveliness":"99","status":"online","lastChecked":"2020-08-17T00:00:00Z","format":"sd","mbps":"1600","URI":["japan","s"]},{"id":"1755","channel":"NHK World Japan 600kb","link":"https://b-nhkwlive-xjp.akamaized.net/hls/live/2003458-b/nhkwlive-xjp/index_600k.m3u8?checkedby:iptvcat.com","country":"japan","liveliness":"100","status":"online","lastChecked":"2020-08-17T00:00:00Z","format":"sd","mbps":"1600","URI":["japan","s"]},{"id":"24453","channel":"New Japan Pro Wrestling World, NJPW World","link":"https://aka-amd-njpwworld-hls-enlive.akamaized.net/hls/video/njpw_en/njpw_en_channel01_3/chunklist_DVR.m3u8?checkedby:iptvcat.com","country":"japan","liveliness":"100","status":"online","lastChecked":"2020-08-17T00:00:00Z","format":"sd","mbps":"3433","URI":["japan","north_america","united_states_of_america","north america","sport","united states of america"]},{"id":"1760","channel":"NTV News24","link":"http://www.news24.jp/livestream/index.m3u8?checkedby:iptvcat.com","country":"japan","liveliness":"99","status":"online","lastChecked":"2020-08-17T00:00:00Z","format":"sd","mbps":"2740, ...","URI":["japan"]},{"id":"24665","channel":"NTV News24","link":"https://www.news24.jp/livestream/index.m3u8?checkedby:iptvcat.com","country":"japan","liveliness":"97","status":"online","lastChecked":"2020-08-17T00:00:00Z","format":"sd","mbps":"2740, ...","URI":["japan"]},{"id":"24666","channel":"QVC Japan","link":"https://cdn-live1.qvc.jp/iPhone/1501/1501.m3u8?checkedby:iptvcat.com","country":"japan","liveliness":"100","status":"online","lastChecked":"2020-08-17T00:00:00Z","format":"hd","mbps":"5997","URI":["japan"]},{"id":"24667","channel":"Shop Channel","link":"https://stream3.shopch.jp/HLS/master.m3u8?checkedby:iptvcat.com","country":"japan","liveliness":"100","status":"online","lastChecked":"2020-08-17T00:00:00Z","format":"hd","mbps":"5991, ...","URI":["japan"]},{"id":"24668","channel":"Tokyo MX1","link":"https://movie.mcas.jp/mcas/smil:mx1_prod.smil/master.m3u8?checkedby:iptvcat.com","country":"japan","liveliness":"100","status":"online","lastChecked":"2020-08-17T00:00:00Z","format":"sd","mbps":"1182, ...","URI":["japan"]},{"id":"24669","channel":"Tokyo MX2","link":"https://movie.mcas.jp/mcas/smil:mx2_prod.smil/master.m3u8?checkedby:iptvcat.com","country":"japan","liveliness":"100","status":"online","lastChecked":"2020-08-17T00:00:00Z","format":"sd","mbps":"1182, ...","URI":["japan"]},{"id":"24670","channel":"Weather News","link":"http://movie.mcas.jp/mcas/smil:wn1.smil/master.m3u8?checkedby:iptvcat.com","country":"japan","liveliness":"99","status":"online","lastChecked":"2020-08-17T00:00:00Z","format":"hd","mbps":"3799, ...","URI":["japan"]},{"id":"132994","channel":"Weather News","link":"https://movie.mcas.jp/mcas/smil:wn1.smil/master.m3u8?checkedby:iptvcat.com","country":"japan","liveliness":"53","status":"online","lastChecked":"2020-08-18T00:00:00Z","format":"hd","mbps":"3799, ...","URI":["japan","asia"]},{"id":"1762","channel":"WeatherNews","link":"http://movie.mcas.jp/mcas/smil:wn1.smil/chunklist_b1800000.m3u8?checkedby:iptvcat.com","country":"japan","liveliness":"100","status":"online","lastChecked":"2020-08-17T00:00:00Z","format":"hd","mbps":"3799","URI":["japan"]},{"id":"1765","channel":"ウェザーニュース","link":"http://movie.mcas.jp/mcas/wn1_2/master.m3u8?checkedby:iptvcat.com","country":"japan","liveliness":"100","status":"online","lastChecked":"2020-08-17T00:00:00Z","format":"hd","mbps":"3799","URI":["japan"]},{"id":"22257","channel":"ジャパネットチャンネルDX","link":"http://bcsecurelivehls-i.akamaihd.net/hls/live/265320/5043843989001/140130JTDX/index_1200.m3u8?checkedby:iptvcat.com","country":"japan","liveliness":"99","status":"online","lastChecked":"2020-08-17T00:00:00Z","format":"hd","mbps":"5997","URI":["japan"]},{"id":"1766","channel":"日本购物1","link":"http://stream1.shopch.jp/HLS/out1/prog_index.m3u8?checkedby:iptvcat.com","country":"japan","liveliness":"100","status":"online","lastChecked":"2020-08-17T00:00:00Z","format":"hd","mbps":"5991","URI":["japan"]},{"id":"1767","channel":"日本购物2","link":"http://stream1.shopch.jp/HLS/out2/prog_index.m3u8?checkedby:iptvcat.com","country":"japan","liveliness":"100","status":"online","lastChecked":"2020-08-17T00:00:00Z","format":"sd","mbps":"2244","URI":["japan"]},{"id":"1768","channel":"日本购物3","link":"http://stream1.shopch.jp/HLS/out3/prog_index.m3u8?checkedby:iptvcat.com","country":"japan","liveliness":"100","status":"online","lastChecked":"2020-08-17T00:00:00Z","format":"sd","mbps":"1073","URI":["japan"]},{"id":"1769","channel":"日本购物4","link":"http://stream1.shopch.jp/HLS/out4/prog_index.m3u8?checkedby:iptvcat.com","country":"japan","liveliness":"100","status":"online","lastChecked":"2020-08-17T00:00:00Z","format":"sd","mbps":"512","URI":["japan"]},{"id":"52738","channel":"CGNTV Japan","link":"http://cgntv-glive.ofsdelivery.net/live/_definst_/cgntv_jp/playlist.m3u8?checkedby:iptvcat.com","country":"japan","liveliness":"100","status":"online","lastChecked":"2020-08-18T00:00:00Z","format":"hd","mbps":"5991","URI":["japan"]},{"id":"1748","channel":"GSTV","link":"https://gemstv.wide-stream.net/gemstv01/smil:gemstv01.smil/chunklist.m3u8?checkedby:iptvcat.com","country":"japan","liveliness":"99","status":"online","lastChecked":"2020-08-17T00:00:00Z","format":"hd","mbps":"5991, ...","URI":["japan"]},{"id":"24662","channel":"Gunma TV","link":"https://movie.mcas.jp/switcher/smil:mcas8.smil/master.m3u8?checkedby:iptvcat.com","country":"japan","liveliness":"98","status":"online","lastChecked":"2020-08-17T00:00:00Z","format":"hd","mbps":"3799, ...","URI":["japan"]},{"id":"24663","channel":"Japanet Channel DX","link":"https://bcsecurelivehls-i.akamaihd.net/hls/live/265320/5043843989001/140130JTDX/index.m3u8?checkedby:iptvcat.com","country":"japan","liveliness":"100","status":"online","lastChecked":"2020-08-17T00:00:00Z","format":"hd","mbps":"13324, ...","URI":["japan"]},{"id":"22254","channel":"NHK Chinese Vision, NHK 华语视界","link":"https://nhkw-zh-hlscomp.akamaized.net/8thz5iufork8wjip/playlist.m3u8?checkedby:iptvcat.com","country":"japan","liveliness":"100","status":"online","lastChecked":"2020-08-17T00:00:00Z","format":"hd","mbps":"3795","URI":["japan","s"]},{"id":"1756","channel":"NHK World Japan, NHK World Japan live","link":"https://nhkworld.webcdn.stream.ne.jp/www11/nhkworld-tv/global/2003458/live.m3u8?checkedby:iptvcat.com","country":"japan","liveliness":"93","status":"online","lastChecked":"2020-08-17T00:00:00Z","format":"hd","mbps":"5991","URI":["japan","s"]},{"id":"1750","channel":"NHK World Japan 1m","link":"https://nhkwlive-xjp.akamaized.net/hls/live/2003458/nhkwlive-xjp/index_1M.m3u8?checkedby:iptvcat.com","country":"japan","liveliness":"99","status":"online","lastChecked":"2020-08-17T00:00:00Z","format":"hd","mbps":"5991","URI":["japan","s"]},{"id":"1751","channel":"NHK World Japan 1mb","link":"https://b-nhkwlive-xjp.akamaized.net/hls/live/2003458-b/nhkwlive-xjp/index_1M.m3u8?checkedby:iptvcat.com","country":"japan","liveliness":"99","status":"online","lastChecked":"2020-08-17T00:00:00Z","format":"hd","mbps":"5991","URI":["japan","s"]},{"id":"1752","channel":"NHK World Japan 200k","link":"https://nhkwlive-xjp.akamaized.net/hls/live/2003458/nhkwlive-xjp/index_200k.m3u8?checkedby:iptvcat.com","country":"japan","liveliness":"100","status":"online","lastChecked":"2020-08-17T00:00:00Z","format":"sd","mbps":"502","URI":["japan","s"]},{"id":"1753","channel":"NHK World Japan 200kb","link":"https://b-nhkwlive-xjp.akamaized.net/hls/live/2003458-b/nhkwlive-xjp/index_200k.m3u8?checkedby:iptvcat.com","country":"japan","liveliness":"100","status":"online","lastChecked":"2020-08-17T00:00:00Z","format":"sd","mbps":"502","URI":["japan","s"]},{"id":"1754","channel":"NHK World Japan 600k","link":"https://nhkwlive-xjp.akamaized.net/hls/live/2003458/nhkwlive-xjp/index_600k.m3u8?checkedby:iptvcat.com","country":"japan","liveliness":"99","status":"online","lastChecked":"2020-08-17T00:00:00Z","format":"sd","mbps":"1600","URI":["japan","s"]},{"id":"1755","channel":"NHK World Japan 600kb","link":"https://b-nhkwlive-xjp.akamaized.net/hls/live/2003458-b/nhkwlive-xjp/index_600k.m3u8?checkedby:iptvcat.com","country":"japan","liveliness":"100","status":"online","lastChecked":"2020-08-17T00:00:00Z","format":"sd","mbps":"1600","URI":["japan","s"]},{"id":"24453","channel":"New Japan Pro Wrestling World, NJPW World","link":"https://aka-amd-njpwworld-hls-enlive.akamaized.net/hls/video/njpw_en/njpw_en_channel01_3/chunklist_DVR.m3u8?checkedby:iptvcat.com","country":"japan","liveliness":"100","status":"online","lastChecked":"2020-08-17T00:00:00Z","format":"sd","mbps":"3433","URI":["japan","north_america","united_states_of_america","north america","sport","united states of america"]},{"id":"1760","channel":"NTV News24","link":"http://www.news24.jp/livestream/index.m3u8?checkedby:iptvcat.com","country":"japan","liveliness":"99","status":"online","lastChecked":"2020-08-17T00:00:00Z","format":"sd","mbps":"2740, ...","URI":["japan"]},{"id":"24665","channel":"NTV News24","link":"https://www.news24.jp/livestream/index.m3u8?checkedby:iptvcat.com","country":"japan","liveliness":"97","status":"online","lastChecked":"2020-08-17T00:00:00Z","format":"sd","mbps":"2740, ...","URI":["japan"]},{"id":"24666","channel":"QVC Japan","link":"https://cdn-live1.qvc.jp/iPhone/1501/1501.m3u8?checkedby:iptvcat.com","country":"japan","liveliness":"100","status":"online","lastChecked":"2020-08-17T00:00:00Z","format":"hd","mbps":"5997","URI":["japan"]},{"id":"24667","channel":"Shop Channel","link":"https://stream3.shopch.jp/HLS/master.m3u8?checkedby:iptvcat.com","country":"japan","liveliness":"100","status":"online","lastChecked":"2020-08-17T00:00:00Z","format":"hd","mbps":"5991, ...","URI":["japan"]},{"id":"24668","channel":"Tokyo MX1","link":"https://movie.mcas.jp/mcas/smil:mx1_prod.smil/master.m3u8?checkedby:iptvcat.com","country":"japan","liveliness":"100","status":"online","lastChecked":"2020-08-17T00:00:00Z","format":"sd","mbps":"1182, ...","URI":["japan"]},{"id":"24669","channel":"Tokyo MX2","link":"https://movie.mcas.jp/mcas/smil:mx2_prod.smil/master.m3u8?checkedby:iptvcat.com","country":"japan","liveliness":"100","status":"online","lastChecked":"2020-08-17T00:00:00Z","format":"sd","mbps":"1182, ...","URI":["japan"]},{"id":"132994","channel":"Weather News","link":"https://movie.mcas.jp/mcas/smil:wn1.smil/master.m3u8?checkedby:iptvcat.com","country":"japan","liveliness":"53","status":"online","lastChecked":"2020-08-18T00:00:00Z","format":"hd","mbps":"3799, ...","URI":["japan","asia"]},{"id":"24670","channel":"Weather News","link":"http://movie.mcas.jp/mcas/smil:wn1.smil/master.m3u8?checkedby:iptvcat.com","country":"japan","liveliness":"99","status":"online","lastChecked":"2020-08-17T00:00:00Z","format":"hd","mbps":"3799, ...","URI":["japan"]},{"id":"1762","channel":"WeatherNews","link":"http://movie.mcas.jp/mcas/smil:wn1.smil/chunklist_b1800000.m3u8?checkedby:iptvcat.com","country":"japan","liveliness":"100","status":"online","lastChecked":"2020-08-17T00:00:00Z","format":"hd","mbps":"3799","URI":["japan"]},{"id":"1765","channel":"ウェザーニュース","link":"http://movie.mcas.jp/mcas/wn1_2/master.m3u8?checkedby:iptvcat.com","country":"japan","liveliness":"100","status":"online","lastChecked":"2020-08-17T00:00:00Z","format":"hd","mbps":"3799","URI":["japan"]},{"id":"22257","channel":"ジャパネットチャンネルDX","link":"http://bcsecurelivehls-i.akamaihd.net/hls/live/265320/5043843989001/140130JTDX/index_1200.m3u8?checkedby:iptvcat.com","country":"japan","liveliness":"99","status":"online","lastChecked":"2020-08-17T00:00:00Z","format":"hd","mbps":"5997","URI":["japan"]},{"id":"1766","channel":"日本购物1","link":"http://stream1.shopch.jp/HLS/out1/prog_index.m3u8?checkedby:iptvcat.com","country":"japan","liveliness":"100","status":"online","lastChecked":"2020-08-17T00:00:00Z","format":"hd","mbps":"5991","URI":["japan"]},{"id":"1767","channel":"日本购物2","link":"http://stream1.shopch.jp/HLS/out2/prog_index.m3u8?checkedby:iptvcat.com","country":"japan","liveliness":"100","status":"online","lastChecked":"2020-08-17T00:00:00Z","format":"sd","mbps":"2244","URI":["japan"]},{"id":"1768","channel":"日本购物3","link":"http://stream1.shopch.jp/HLS/out3/prog_index.m3u8?checkedby:iptvcat.com","country":"japan","liveliness":"100","status":"online","lastChecked":"2020-08-17T00:00:00Z","format":"sd","mbps":"1073","URI":["japan"]},{"id":"1769","channel":"日本购物4","link":"http://stream1.shopch.jp/HLS/out4/prog_index.m3u8?checkedby:iptvcat.com","country":"japan","liveliness":"100","status":"online","lastChecked":"2020-08-17T00:00:00Z","format":"sd","mbps":"512","URI":["japan"]},{"id":"52738","channel":"CGNTV Japan","link":"http://cgntv-glive.ofsdelivery.net/live/_definst_/cgntv_jp/playlist.m3u8?checkedby:iptvcat.com","country":"japan","liveliness":"100","status":"online","lastChecked":"2020-08-18T00:00:00Z","format":"hd","mbps":"5991","URI":["japan"]},{"id":"1748","channel":"GSTV","link":"https://gemstv.wide-stream.net/gemstv01/smil:gemstv01.smil/chunklist.m3u8?checkedby:iptvcat.com","country":"japan","liveliness":"99","status":"online","lastChecked":"2020-08-17T00:00:00Z","format":"hd","mbps":"5991, ...","URI":["japan"]},{"id":"24662","channel":"Gunma TV","link":"https://movie.mcas.jp/switcher/smil:mcas8.smil/master.m3u8?checkedby:iptvcat.com","country":"japan","liveliness":"98","status":"online","lastChecked":"2020-08-17T00:00:00Z","format":"hd","mbps":"3799, ...","URI":["japan"]},{"id":"24663","channel":"Japanet Channel DX","link":"https://bcsecurelivehls-i.akamaihd.net/hls/live/265320/5043843989001/140130JTDX/index.m3u8?checkedby:iptvcat.com","country":"japan","liveliness":"100","status":"online","lastChecked":"2020-08-17T00:00:00Z","format":"hd","mbps":"13324, ...","URI":["japan"]},{"id":"22254","channel":"NHK Chinese Vision, NHK 华语视界","link":"https://nhkw-zh-hlscomp.akamaized.net/8thz5iufork8wjip/playlist.m3u8?checkedby:iptvcat.com","country":"japan","liveliness":"100","status":"online","lastChecked":"2020-08-17T00:00:00Z","format":"hd","mbps":"3795","URI":["japan","s"]},{"id":"1756","channel":"NHK World Japan, NHK World Japan live","link":"https://nhkworld.webcdn.stream.ne.jp/www11/nhkworld-tv/global/2003458/live.m3u8?checkedby:iptvcat.com","country":"japan","liveliness":"93","status":"online","lastChecked":"2020-08-17T00:00:00Z","format":"hd","mbps":"5991","URI":["japan","s"]},{"id":"1750","channel":"NHK World Japan 1m","link":"https://nhkwlive-xjp.akamaized.net/hls/live/2003458/nhkwlive-xjp/index_1M.m3u8?checkedby:iptvcat.com","country":"japan","liveliness":"99","status":"online","lastChecked":"2020-08-17T00:00:00Z","format":"hd","mbps":"5991","URI":["japan","s"]},{"id":"1751","channel":"NHK World Japan 1mb","link":"https://b-nhkwlive-xjp.akamaized.net/hls/live/2003458-b/nhkwlive-xjp/index_1M.m3u8?checkedby:iptvcat.com","country":"japan","liveliness":"99","status":"online","lastChecked":"2020-08-17T00:00:00Z","format":"hd","mbps":"5991","URI":["japan","s"]},{"id":"1752","channel":"NHK World Japan 200k","link":"https://nhkwlive-xjp.akamaized.net/hls/live/2003458/nhkwlive-xjp/index_200k.m3u8?checkedby:iptvcat.com","country":"japan","liveliness":"100","status":"online","lastChecked":"2020-08-17T00:00:00Z","format":"sd","mbps":"502","URI":["japan","s"]},{"id":"1753","channel":"NHK World Japan 200kb","link":"https://b-nhkwlive-xjp.akamaized.net/hls/live/2003458-b/nhkwlive-xjp/index_200k.m3u8?checkedby:iptvcat.com","country":"japan","liveliness":"100","status":"online","lastChecked":"2020-08-17T00:00:00Z","format":"sd","mbps":"502","URI":["japan","s"]},{"id":"1754","channel":"NHK World Japan 600k","link":"https://nhkwlive-xjp.akamaized.net/hls/live/2003458/nhkwlive-xjp/index_600k.m3u8?checkedby:iptvcat.com","country":"japan","liveliness":"99","status":"online","lastChecked":"2020-08-17T00:00:00Z","format":"sd","mbps":"1600","URI":["japan","s"]},{"id":"1755","channel":"NHK World Japan 600kb","link":"https://b-nhkwlive-xjp.akamaized.net/hls/live/2003458-b/nhkwlive-xjp/index_600k.m3u8?checkedby:iptvcat.com","country":"japan","liveliness":"100","status":"online","lastChecked":"2020-08-17T00:00:00Z","format":"sd","mbps":"1600","URI":["japan","s"]},{"id":"24453","channel":"New Japan Pro Wrestling World, NJPW World","link":"https://aka-amd-njpwworld-hls-enlive.akamaized.net/hls/video/njpw_en/njpw_en_channel01_3/chunklist_DVR.m3u8?checkedby:iptvcat.com","country":"japan","liveliness":"100","status":"online","lastChecked":"2020-08-17T00:00:00Z","format":"sd","mbps":"3433","URI":["japan","north_america","united_states_of_america","north america","sport","united states of america"]},{"id":"1760","channel":"NTV News24","link":"http://www.news24.jp/livestream/index.m3u8?checkedby:iptvcat.com","country":"japan","liveliness":"99","status":"online","lastChecked":"2020-08-17T00:00:00Z","format":"sd","mbps":"2740, ...","URI":["japan"]},{"id":"24665","channel":"NTV News24","link":"https://www.news24.jp/livestream/index.m3u8?checkedby:iptvcat.com","country":"japan","liveliness":"97","status":"online","lastChecked":"2020-08-17T00:00:00Z","format":"sd","mbps":"2740, ...","URI":["japan"]},{"id":"24666","channel":"QVC Japan","link":"https://cdn-live1.qvc.jp/iPhone/1501/1501.m3u8?checkedby:iptvcat.com","country":"japan","liveliness":"100","status":"online","lastChecked":"2020-08-17T00:00:00Z","format":"hd","mbps":"5997","URI":["japan"]},{"id":"24667","channel":"Shop Channel","link":"https://stream3.shopch.jp/HLS/master.m3u8?checkedby:iptvcat.com","country":"japan","liveliness":"100","status":"online","lastChecked":"2020-08-17T00:00:00Z","format":"hd","mbps":"5991, ...","URI":["japan"]},{"id":"24668","channel":"Tokyo MX1","link":"https://movie.mcas.jp/mcas/smil:mx1_prod.smil/master.m3u8?checkedby:iptvcat.com","country":"japan","liveliness":"100","status":"online","lastChecked":"2020-08-17T00:00:00Z","format":"sd","mbps":"1182, ...","URI":["japan"]},{"id":"24669","channel":"Tokyo MX2","link":"https://movie.mcas.jp/mcas/smil:mx2_prod.smil/master.m3u8?checkedby:iptvcat.com","country":"japan","liveliness":"100","status":"online","lastChecked":"2020-08-17T00:00:00Z","format":"sd","mbps":"1182, ...","URI":["japan"]},{"id":"132994","channel":"Weather News","link":"https://movie.mcas.jp/mcas/smil:wn1.smil/master.m3u8?checkedby:iptvcat.com","country":"japan","liveliness":"53","status":"online","lastChecked":"2020-08-18T00:00:00Z","format":"hd","mbps":"3799, ...","URI":["japan","asia"]},{"id":"24670","channel":"Weather News","link":"http://movie.mcas.jp/mcas/smil:wn1.smil/master.m3u8?checkedby:iptvcat.com","country":"japan","liveliness":"99","status":"online","lastChecked":"2020-08-17T00:00:00Z","format":"hd","mbps":"3799, ...","URI":["japan"]},{"id":"1762","channel":"WeatherNews","link":"http://movie.mcas.jp/mcas/smil:wn1.smil/chunklist_b1800000.m3u8?checkedby:iptvcat.com","country":"japan","liveliness":"100","status":"online","lastChecked":"2020-08-17T00:00:00Z","format":"hd","mbps":"3799","URI":["japan"]},{"id":"1765","channel":"ウェザーニュース","link":"http://movie.mcas.jp/mcas/wn1_2/master.m3u8?checkedby:iptvcat.com","country":"japan","liveliness":"100","status":"online","lastChecked":"2020-08-17T00:00:00Z","format":"hd","mbps":"3799","URI":["japan"]},{"id":"22257","channel":"ジャパネットチャンネルDX","link":"http://bcsecurelivehls-i.akamaihd.net/hls/live/265320/5043843989001/140130JTDX/index_1200.m3u8?checkedby:iptvcat.com","country":"japan","liveliness":"99","status":"online","lastChecked":"2020-08-17T00:00:00Z","format":"hd","mbps":"5997","URI":["japan"]},{"id":"1766","channel":"日本购物1","link":"http://stream1.shopch.jp/HLS/out1/prog_index.m3u8?checkedby:iptvcat.com","country":"japan","liveliness":"100","status":"online","lastChecked":"2020-08-17T00:00:00Z","format":"hd","mbps":"5991","URI":["japan"]},{"id":"1767","channel":"日本购物2","link":"http://stream1.shopch.jp/HLS/out2/prog_index.m3u8?checkedby:iptvcat.com","country":"japan","liveliness":"100","status":"online","lastChecked":"2020-08-17T00:00:00Z","format":"sd","mbps":"2244","URI":["japan"]},{"id":"1768","channel":"日本购物3","link":"http://stream1.shopch.jp/HLS/out3/prog_index.m3u8?checkedby:iptvcat.com","country":"japan","liveliness":"100","status":"online","lastChecked":"2020-08-17T00:00:00Z","format":"sd","mbps":"1073","URI":["japan"]},{"id":"1769","channel":"日本购物4","link":"http://stream1.shopch.jp/HLS/out4/prog_index.m3u8?checkedby:iptvcat.com","country":"japan","liveliness":"100","status":"online","lastChecked":"2020-08-17T00:00:00Z","format":"sd","mbps":"512","URI":["japan"]},{"id":"24453","channel":"New Japan Pro Wrestling World, NJPW World","link":"https://aka-amd-njpwworld-hls-enlive.akamaized.net/hls/video/njpw_en/njpw_en_channel01_3/chunklist_DVR.m3u8?checkedby:iptvcat.com","country":"japan","liveliness":"100","status":"online","lastChecked":"2020-08-17T00:00:00Z","format":"sd","mbps":"3433","URI":["japan","north_america","united_states_of_america","north america","sport","united states of america"]},{"id":"24453","channel":"New Japan Pro Wrestling World, NJPW World","link":"https://aka-amd-njpwworld-hls-enlive.akamaized.net/hls/video/njpw_en/njpw_en_channel01_3/chunklist_DVR.m3u8?checkedby:iptvcat.com","country":"japan","liveliness":"100","status":"online","lastChecked":"2020-08-17T00:00:00Z","format":"sd","mbps":"3433","URI":["japan","north_america","united_states_of_america","north america","sport","united states of america"]},{"id":"24453","channel":"New Japan Pro Wrestling World, NJPW World","link":"https://aka-amd-njpwworld-hls-enlive.akamaized.net/hls/video/njpw_en/njpw_en_channel01_3/chunklist_DVR.m3u8?checkedby:iptvcat.com","country":"japan","liveliness":"100","status":"online","lastChecked":"2020-08-17T00:00:00Z","format":"sd","mbps":"3433","URI":["japan","north_america","united_states_of_america","north america","sport","united states of america"]}]