[{"id":"9128","channel":"Al Mamlaka TV, AL MAMLAKA TV (1920×1080)","link":"https://almamlka-live.ercdn.net/almamlka/almamlka.m3u8?checkedby:iptvcat.com","country":"jordan","liveliness":"97","status":"online","lastChecked":"2020-08-17T00:00:00Z","format":"hd","mbps":"7004, ...","URI":["arab_countries","asia","malaysia","jordan","arab countries"]},{"id":"1780","channel":"Ro'ya TV, ROYA TV (1920×1080)","link":"https://roya-live.ercdn.net/roya/roya.m3u8?checkedby:iptvcat.com","country":"jordan","liveliness":"99","status":"online","lastChecked":"2020-08-18T00:00:00Z","format":"hd","mbps":"7004, ...","URI":["asia","malaysia","jordan","arab_countries","arab countries"]},{"id":"328852","channel":"Jordan HD","link":"http://red.ipfox.org:8080/live/tigerag_uFZ5wd/3dL1WNjy/6603.m3u8?checkedby:iptvcat.com","country":"jordan","liveliness":"25","status":"offline","lastChecked":"2020-08-18T00:00:00Z","format":"hd","mbps":"5020","URI":["asia","jordan","arab_countries","arab countries"]},{"id":"328851","channel":"Jordan Sport","link":"http://red.ipfox.org:8080/live/tigerag_uFZ5wd/3dL1WNjy/6602.m3u8?checkedby:iptvcat.com","country":"jordan","liveliness":"25","status":"offline","lastChecked":"2020-08-18T00:00:00Z","format":"hd","mbps":"3188","URI":["asia","jordan","sport","arab_countries","arab countries"]},{"id":"328853","channel":"Jordan","link":"http://red.ipfox.org:8080/live/tigerag_uFZ5wd/3dL1WNjy/6604.m3u8?checkedby:iptvcat.com","country":"jordan","liveliness":"25","status":"offline","lastChecked":"2020-08-18T00:00:00Z","format":"sd","mbps":"2334","URI":["asia","jordan","arab_countries","arab countries"]},{"id":"9128","channel":"Al Mamlaka TV, AL MAMLAKA TV (1920×1080)","link":"https://almamlka-live.ercdn.net/almamlka/almamlka.m3u8?checkedby:iptvcat.com","country":"jordan","liveliness":"97","status":"online","lastChecked":"2020-08-17T00:00:00Z","format":"hd","mbps":"7004, ...","URI":["arab_countries","asia","malaysia","jordan","arab countries"]},{"id":"9128","channel":"Al Mamlaka TV, AL MAMLAKA TV (1920×1080)","link":"https://almamlka-live.ercdn.net/almamlka/almamlka.m3u8?checkedby:iptvcat.com","country":"jordan","liveliness":"97","status":"online","lastChecked":"2020-08-17T00:00:00Z","format":"hd","mbps":"7004, ...","URI":["arab_countries","asia","malaysia","jordan","arab countries"]},{"id":"9128","channel":"Al Mamlaka TV, AL MAMLAKA TV (1920×1080)","link":"https://almamlka-live.ercdn.net/almamlka/almamlka.m3u8?checkedby:iptvcat.com","country":"jordan","liveliness":"97","status":"online","lastChecked":"2020-08-17T00:00:00Z","format":"hd","mbps":"7004, ...","URI":["arab_countries","asia","malaysia","jordan","arab countries"]},{"id":"9128","channel":"Al Mamlaka TV, AL MAMLAKA TV (1920×1080)","link":"https://almamlka-live.ercdn.net/almamlka/almamlka.m3u8?checkedby:iptvcat.com","country":"jordan","liveliness":"97","status":"online","lastChecked":"2020-08-17T00:00:00Z","format":"hd","mbps":"7004, ...","URI":["arab_countries","asia","malaysia","jordan","arab countries"]},{"id":"1780","channel":"Ro'ya TV, ROYA TV (1920×1080)","link":"https://roya-live.ercdn.net/roya/roya.m3u8?checkedby:iptvcat.com","country":"jordan","liveliness":"99","status":"online","lastChecked":"2020-08-18T00:00:00Z","format":"hd","mbps":"7004, ...","URI":["asia","malaysia","jordan","arab_countries","arab countries"]},{"id":"9128","channel":"Al Mamlaka TV, AL MAMLAKA TV (1920×1080)","link":"https://almamlka-live.ercdn.net/almamlka/almamlka.m3u8?checkedby:iptvcat.com","country":"jordan","liveliness":"97","status":"online","lastChecked":"2020-08-17T00:00:00Z","format":"hd","mbps":"7004, ...","URI":["arab_countries","asia","malaysia","jordan","arab countries"]},{"id":"1771","channel":"Al Mamlaka TV","link":"https://almamlka-live.ercdn.net/almamlka/almamlka_480p.m3u8?checkedby:iptvcat.com","country":"jordan","liveliness":"100","status":"online","lastChecked":"2020-08-17T00:00:00Z","format":"sd","mbps":"2308","URI":["jordan"]},{"id":"1770","channel":"Al Mamlaka TV","link":"https://almamlka-live.ercdn.net/almamlka/almamlka_1080p.m3u8?checkedby:iptvcat.com","country":"jordan","liveliness":"99","status":"online","lastChecked":"2020-08-17T00:00:00Z","format":"fhd 2k","mbps":"7004","URI":["jordan"]},{"id":"1772","channel":"Al Mamlaka TV","link":"https://almamlka-live.ercdn.net/almamlka/almamlka_720p.m3u8?checkedby:iptvcat.com","country":"jordan","liveliness":"99","status":"online","lastChecked":"2020-08-17T00:00:00Z","format":"hd","mbps":"5020","URI":["jordan"]},{"id":"22258","channel":"Amman TV","link":"https://ammantv.c.s73cdn.net/23153d43-375a-472a-bc5f-9827582b5d22/elemental/live/master.m3u8?checkedby:iptvcat.com","country":"jordan","liveliness":"99","status":"online","lastChecked":"2020-08-17T00:00:00Z","format":"hd","mbps":"3795, ...","URI":["jordan"]},{"id":"328853","channel":"Jordan","link":"http://red.ipfox.org:8080/live/tigerag_uFZ5wd/3dL1WNjy/6604.m3u8?checkedby:iptvcat.com","country":"jordan","liveliness":"25","status":"offline","lastChecked":"2020-08-18T00:00:00Z","format":"sd","mbps":"2334","URI":["asia","jordan","arab_countries","arab countries"]},{"id":"328852","channel":"Jordan HD","link":"http://red.ipfox.org:8080/live/tigerag_uFZ5wd/3dL1WNjy/6603.m3u8?checkedby:iptvcat.com","country":"jordan","liveliness":"25","status":"offline","lastChecked":"2020-08-18T00:00:00Z","format":"hd","mbps":"5020","URI":["asia","jordan","arab_countries","arab countries"]},{"id":"328851","channel":"Jordan Sport","link":"http://red.ipfox.org:8080/live/tigerag_uFZ5wd/3dL1WNjy/6602.m3u8?checkedby:iptvcat.com","country":"jordan","liveliness":"25","status":"offline","lastChecked":"2020-08-18T00:00:00Z","format":"hd","mbps":"3188","URI":["asia","jordan","sport","arab_countries","arab countries"]},{"id":"1780","channel":"Ro'ya TV, ROYA TV (1920×1080)","link":"https://roya-live.ercdn.net/roya/roya.m3u8?checkedby:iptvcat.com","country":"jordan","liveliness":"99","status":"online","lastChecked":"2020-08-18T00:00:00Z","format":"hd","mbps":"7004, ...","URI":["asia","malaysia","jordan","arab_countries","arab countries"]},{"id":"9128","channel":"Al Mamlaka TV, AL MAMLAKA TV (1920×1080)","link":"https://almamlka-live.ercdn.net/almamlka/almamlka.m3u8?checkedby:iptvcat.com","country":"jordan","liveliness":"97","status":"online","lastChecked":"2020-08-17T00:00:00Z","format":"hd","mbps":"7004, ...","URI":["arab_countries","asia","malaysia","jordan","arab countries"]},{"id":"9128","channel":"Al Mamlaka TV, AL MAMLAKA TV (1920×1080)","link":"https://almamlka-live.ercdn.net/almamlka/almamlka.m3u8?checkedby:iptvcat.com","country":"jordan","liveliness":"97","status":"online","lastChecked":"2020-08-17T00:00:00Z","format":"hd","mbps":"7004, ...","URI":["arab_countries","asia","malaysia","jordan","arab countries"]},{"id":"328851","channel":"Jordan Sport","link":"http://red.ipfox.org:8080/live/tigerag_uFZ5wd/3dL1WNjy/6602.m3u8?checkedby:iptvcat.com","country":"jordan","liveliness":"25","status":"offline","lastChecked":"2020-08-18T00:00:00Z","format":"hd","mbps":"3188","URI":["asia","jordan","sport","arab_countries","arab countries"]},{"id":"328851","channel":"Jordan Sport","link":"http://red.ipfox.org:8080/live/tigerag_uFZ5wd/3dL1WNjy/6602.m3u8?checkedby:iptvcat.com","country":"jordan","liveliness":"25","status":"offline","lastChecked":"2020-08-18T00:00:00Z","format":"hd","mbps":"3188","URI":["asia","jordan","sport","arab_countries","arab countries"]},{"id":"9128","channel":"Al Mamlaka TV, AL MAMLAKA TV (1920×1080)","link":"https://almamlka-live.ercdn.net/almamlka/almamlka.m3u8?checkedby:iptvcat.com","country":"jordan","liveliness":"97","status":"online","lastChecked":"2020-08-17T00:00:00Z","format":"hd","mbps":"7004, ...","URI":["arab_countries","asia","malaysia","jordan","arab countries"]},{"id":"1772","channel":"Al Mamlaka TV","link":"https://almamlka-live.ercdn.net/almamlka/almamlka_720p.m3u8?checkedby:iptvcat.com","country":"jordan","liveliness":"99","status":"online","lastChecked":"2020-08-17T00:00:00Z","format":"hd","mbps":"5020","URI":["jordan"]},{"id":"1771","channel":"Al Mamlaka TV","link":"https://almamlka-live.ercdn.net/almamlka/almamlka_480p.m3u8?checkedby:iptvcat.com","country":"jordan","liveliness":"100","status":"online","lastChecked":"2020-08-17T00:00:00Z","format":"sd","mbps":"2308","URI":["jordan"]},{"id":"1770","channel":"Al Mamlaka TV","link":"https://almamlka-live.ercdn.net/almamlka/almamlka_1080p.m3u8?checkedby:iptvcat.com","country":"jordan","liveliness":"99","status":"online","lastChecked":"2020-08-17T00:00:00Z","format":"fhd 2k","mbps":"7004","URI":["jordan"]},{"id":"22258","channel":"Amman TV","link":"https://ammantv.c.s73cdn.net/23153d43-375a-472a-bc5f-9827582b5d22/elemental/live/master.m3u8?checkedby:iptvcat.com","country":"jordan","liveliness":"99","status":"online","lastChecked":"2020-08-17T00:00:00Z","format":"hd","mbps":"3795, ...","URI":["jordan"]},{"id":"328853","channel":"Jordan","link":"http://red.ipfox.org:8080/live/tigerag_uFZ5wd/3dL1WNjy/6604.m3u8?checkedby:iptvcat.com","country":"jordan","liveliness":"25","status":"offline","lastChecked":"2020-08-18T00:00:00Z","format":"sd","mbps":"2334","URI":["asia","jordan","arab_countries","arab countries"]},{"id":"328852","channel":"Jordan HD","link":"http://red.ipfox.org:8080/live/tigerag_uFZ5wd/3dL1WNjy/6603.m3u8?checkedby:iptvcat.com","country":"jordan","liveliness":"25","status":"offline","lastChecked":"2020-08-18T00:00:00Z","format":"hd","mbps":"5020","URI":["asia","jordan","arab_countries","arab countries"]},{"id":"328851","channel":"Jordan Sport","link":"http://red.ipfox.org:8080/live/tigerag_uFZ5wd/3dL1WNjy/6602.m3u8?checkedby:iptvcat.com","country":"jordan","liveliness":"25","status":"offline","lastChecked":"2020-08-18T00:00:00Z","format":"hd","mbps":"3188","URI":["asia","jordan","sport","arab_countries","arab countries"]},{"id":"1780","channel":"Ro'ya TV, ROYA TV (1920×1080)","link":"https://roya-live.ercdn.net/roya/roya.m3u8?checkedby:iptvcat.com","country":"jordan","liveliness":"99","status":"online","lastChecked":"2020-08-18T00:00:00Z","format":"hd","mbps":"7004, ...","URI":["asia","malaysia","jordan","arab_countries","arab countries"]},{"id":"9128","channel":"Al Mamlaka TV, AL MAMLAKA TV (1920×1080)","link":"https://almamlka-live.ercdn.net/almamlka/almamlka.m3u8?checkedby:iptvcat.com","country":"jordan","liveliness":"97","status":"online","lastChecked":"2020-08-17T00:00:00Z","format":"hd","mbps":"7004, ...","URI":["arab_countries","asia","malaysia","jordan","arab countries"]},{"id":"1780","channel":"Ro'ya TV, ROYA TV (1920×1080)","link":"https://roya-live.ercdn.net/roya/roya.m3u8?checkedby:iptvcat.com","country":"jordan","liveliness":"99","status":"online","lastChecked":"2020-08-18T00:00:00Z","format":"hd","mbps":"7004, ...","URI":["asia","malaysia","jordan","arab_countries","arab countries"]},{"id":"9128","channel":"Al Mamlaka TV, AL MAMLAKA TV (1920×1080)","link":"https://almamlka-live.ercdn.net/almamlka/almamlka.m3u8?checkedby:iptvcat.com","country":"jordan","liveliness":"97","status":"online","lastChecked":"2020-08-17T00:00:00Z","format":"hd","mbps":"7004, ...","URI":["arab_countries","asia","malaysia","jordan","arab countries"]},{"id":"1780","channel":"Ro'ya TV, ROYA TV (1920×1080)","link":"https://roya-live.ercdn.net/roya/roya.m3u8?checkedby:iptvcat.com","country":"jordan","liveliness":"99","status":"online","lastChecked":"2020-08-18T00:00:00Z","format":"hd","mbps":"7004, ...","URI":["asia","malaysia","jordan","arab_countries","arab countries"]},{"id":"328853","channel":"Jordan","link":"http://red.ipfox.org:8080/live/tigerag_uFZ5wd/3dL1WNjy/6604.m3u8?checkedby:iptvcat.com","country":"jordan","liveliness":"25","status":"offline","lastChecked":"2020-08-18T00:00:00Z","format":"sd","mbps":"2334","URI":["asia","jordan","arab_countries","arab countries"]},{"id":"328852","channel":"Jordan HD","link":"http://red.ipfox.org:8080/live/tigerag_uFZ5wd/3dL1WNjy/6603.m3u8?checkedby:iptvcat.com","country":"jordan","liveliness":"25","status":"offline","lastChecked":"2020-08-18T00:00:00Z","format":"hd","mbps":"5020","URI":["asia","jordan","arab_countries","arab countries"]},{"id":"328851","channel":"Jordan Sport","link":"http://red.ipfox.org:8080/live/tigerag_uFZ5wd/3dL1WNjy/6602.m3u8?checkedby:iptvcat.com","country":"jordan","liveliness":"25","status":"offline","lastChecked":"2020-08-18T00:00:00Z","format":"hd","mbps":"3188","URI":["asia","jordan","sport","arab_countries","arab countries"]},{"id":"9128","channel":"Al Mamlaka TV, AL MAMLAKA TV (1920×1080)","link":"https://almamlka-live.ercdn.net/almamlka/almamlka.m3u8?checkedby:iptvcat.com","country":"jordan","liveliness":"97","status":"online","lastChecked":"2020-08-17T00:00:00Z","format":"hd","mbps":"7004, ...","URI":["arab_countries","asia","malaysia","jordan","arab countries"]},{"id":"9128","channel":"Al Mamlaka TV, AL MAMLAKA TV (1920×1080)","link":"https://almamlka-live.ercdn.net/almamlka/almamlka.m3u8?checkedby:iptvcat.com","country":"jordan","liveliness":"97","status":"online","lastChecked":"2020-08-17T00:00:00Z","format":"hd","mbps":"7004, ...","URI":["arab_countries","asia","malaysia","jordan","arab countries"]},{"id":"1780","channel":"Ro'ya TV, ROYA TV (1920×1080)","link":"https://roya-live.ercdn.net/roya/roya.m3u8?checkedby:iptvcat.com","country":"jordan","liveliness":"99","status":"online","lastChecked":"2020-08-18T00:00:00Z","format":"hd","mbps":"7004, ...","URI":["asia","malaysia","jordan","arab_countries","arab countries"]},{"id":"328853","channel":"Jordan","link":"http://red.ipfox.org:8080/live/tigerag_uFZ5wd/3dL1WNjy/6604.m3u8?checkedby:iptvcat.com","country":"jordan","liveliness":"25","status":"offline","lastChecked":"2020-08-18T00:00:00Z","format":"sd","mbps":"2334","URI":["asia","jordan","arab_countries","arab countries"]},{"id":"328852","channel":"Jordan HD","link":"http://red.ipfox.org:8080/live/tigerag_uFZ5wd/3dL1WNjy/6603.m3u8?checkedby:iptvcat.com","country":"jordan","liveliness":"25","status":"offline","lastChecked":"2020-08-18T00:00:00Z","format":"hd","mbps":"5020","URI":["asia","jordan","arab_countries","arab countries"]},{"id":"328851","channel":"Jordan Sport","link":"http://red.ipfox.org:8080/live/tigerag_uFZ5wd/3dL1WNjy/6602.m3u8?checkedby:iptvcat.com","country":"jordan","liveliness":"25","status":"offline","lastChecked":"2020-08-18T00:00:00Z","format":"hd","mbps":"3188","URI":["asia","jordan","sport","arab_countries","arab countries"]},{"id":"9128","channel":"Al Mamlaka TV, AL MAMLAKA TV (1920×1080)","link":"https://almamlka-live.ercdn.net/almamlka/almamlka.m3u8?checkedby:iptvcat.com","country":"jordan","liveliness":"97","status":"online","lastChecked":"2020-08-17T00:00:00Z","format":"hd","mbps":"7004, ...","URI":["arab_countries","asia","malaysia","jordan","arab countries"]},{"id":"9128","channel":"Al Mamlaka TV, AL MAMLAKA TV (1920×1080)","link":"https://almamlka-live.ercdn.net/almamlka/almamlka.m3u8?checkedby:iptvcat.com","country":"jordan","liveliness":"97","status":"online","lastChecked":"2020-08-17T00:00:00Z","format":"hd","mbps":"7004, ...","URI":["arab_countries","asia","malaysia","jordan","arab countries"]}]