[{"id":"133012","channel":"Хабар 24","link":"https://sc.id-tv.kz/Khabar.m3u8?checkedby:iptvcat.com","country":"kazakhstan","liveliness":"84","status":"offline","lastChecked":"2020-08-17T00:00:00Z","format":"sd","mbps":"1706, ...","URI":["asia","kazakhstan"]},{"id":"133013","channel":"Халык Арна","link":"https://sc.id-tv.kz/HalykArna.m3u8?checkedby:iptvcat.com","country":"kazakhstan","liveliness":"78","status":"offline","lastChecked":"2020-08-17T00:00:00Z","format":"sd","mbps":"1706, ...","URI":["asia","kazakhstan"]},{"id":"133006","channel":"Ел Арна","link":"https://sc.id-tv.kz/ElArna.m3u8?checkedby:iptvcat.com","country":"kazakhstan","liveliness":"90","status":"online","lastChecked":"2020-08-17T00:00:00Z","format":"sd","mbps":"1706, ...","URI":["asia","kazakhstan"]},{"id":"9666","channel":"Рика ТВ (KZ)","link":"http://live-rikatv.cdnvideo.ru/rikatv/rikatv_tcode.sdp/playlist.m3u8?checkedby:iptvcat.com","country":"kazakhstan","liveliness":"66","status":"online","lastChecked":"2020-08-17T00:00:00Z","format":"hd","mbps":"4318","URI":["asia","kazakhstan"]},{"id":"133009","channel":"СТВ Казахстан","link":"https://sc.id-tv.kz/STV.m3u8?checkedby:iptvcat.com","country":"kazakhstan","liveliness":"83","status":"online","lastChecked":"2020-08-17T00:00:00Z","format":"sd","mbps":"1509, ...","URI":["asia","kazakhstan"]},{"id":"133011","channel":"Хабар 24","link":"https://live-24kz.cdnvideo.ru/24kz/24kz.sdp/playlist.m3u8?checkedby:iptvcat.com","country":"kazakhstan","liveliness":"89","status":"online","lastChecked":"2020-08-18T00:00:00Z","format":"fhd 2k","mbps":"8378","URI":["asia","kazakhstan"]},{"id":"133004","channel":"Qostanai","link":"https://onrez.kaztrk.kz/regional/kostanaytv/index.m3u8?checkedby:iptvcat.com","country":"kazakhstan","liveliness":"99","status":"online","lastChecked":"2020-08-17T00:00:00Z","format":"sd","mbps":"746","URI":["asia","kazakhstan"]},{"id":"55995","channel":"Kazakh TV, KZ | Kazakh TV","link":"http://kazakhtvru.ultraiptv.com/live_kz/playlist1/index.m3u8?checkedby:iptvcat.com","country":"kazakhstan","liveliness":"99","status":"online","lastChecked":"2020-08-17T00:00:00Z","format":"sd","mbps":"1008","URI":["asia","kazakhstan"]},{"id":"11590","channel":"Kazakh, Kazakh TV, Kazakh TV English, KZ | Kazakh TV English","link":"http://kazakhtvru.ultraiptv.com/live_en/playlist1/index.m3u8?checkedby:iptvcat.com","country":"kazakhstan","liveliness":"99","status":"online","lastChecked":"2020-08-17T00:00:00Z","format":"sd","mbps":"1008","URI":["asia","kazakhstan"]},{"id":"44928","channel":"Kazakh TV (RU), Kazakh TV Kazakhstan, KZ | Kazakh TV Kazakhstan","link":"https://sc.id-tv.kz/KazakhTV_38_39.m3u8?checkedby:iptvcat.com","country":"kazakhstan","liveliness":"96","status":"online","lastChecked":"2020-08-17T00:00:00Z","format":"sd","mbps":"1706","URI":["asia","kazakhstan"]},{"id":"55998","channel":"Kazakh TV Kyrgyzstan, KZ | Kazakh TV Kyrgyzstan","link":"http://kazakhtvru.ultraiptv.com/live_kg/playlist1/index.m3u8?checkedby:iptvcat.com","country":"kazakhstan","liveliness":"99","status":"online","lastChecked":"2020-08-17T00:00:00Z","format":"sd","mbps":"1008","URI":["asia","kazakhstan"]},{"id":"24327","channel":"Kazakh TV (RU) (Opt-2), Kazakh TV Russia, KZ | Kazakh TV Russia","link":"http://kazakhtvru.ultraiptv.com/live_ru/playlist1/index.m3u8?checkedby:iptvcat.com","country":"kazakhstan","liveliness":"99","status":"online","lastChecked":"2020-08-17T00:00:00Z","format":"sd","mbps":"1008","URI":["asia","north_america","united_states_of_america","north america","kazakhstan","united states of america"]},{"id":"56014","channel":"KZ | MTRK, MTRK","link":"https://tvcdn01.oktv.kz/tv/mtrk/tracks-v1a1/mono.m3u8?checkedby:iptvcat.com","country":"kazakhstan","liveliness":"97","status":"offline","lastChecked":"2020-08-19T00:00:00Z","format":"sd","mbps":"1509","URI":["asia","kazakhstan"]},{"id":"56013","channel":"KZ | Saryarqa, Saryarqa","link":"https://onrez.kaztrk.kz/regional/karagandytv/index.m3u8?checkedby:iptvcat.com","country":"kazakhstan","liveliness":"99","status":"online","lastChecked":"2020-08-17T00:00:00Z","format":"sd","mbps":"1008","URI":["asia","kazakhstan"]},{"id":"56002","channel":"KZ | Мir +3, Мir +3","link":"https://sc.id-tv.kz/Mir_38_39.m3u8?checkedby:iptvcat.com","country":"kazakhstan","liveliness":"92","status":"online","lastChecked":"2020-08-17T00:00:00Z","format":"sd","mbps":"1706","URI":["asia","kazakhstan"]},{"id":"56001","channel":"KZ | Мir 3, Мir 3","link":"https://sc.id-tv.kz/Mir.m3u8?checkedby:iptvcat.com","country":"kazakhstan","liveliness":"78","status":"online","lastChecked":"2020-08-17T00:00:00Z","format":"sd","mbps":"1706, ...","URI":["asia","kazakhstan"]},{"id":"56005","channel":"Dombyra TV, KZ | Dombyra TV","link":"https://sc.id-tv.kz/Dombyra_38_39.m3u8?checkedby:iptvcat.com","country":"kazakhstan","liveliness":"93","status":"online","lastChecked":"2020-08-16T00:00:00Z","format":"sd","mbps":"2334","URI":["asia","kazakhstan"]},{"id":"133001","channel":"Ertis","link":"https://onrez.kaztrk.kz/regional/pavlodartv/index.m3u8?checkedby:iptvcat.com","country":"kazakhstan","liveliness":"91","status":"offline","lastChecked":"2020-08-18T00:00:00Z","format":"sd","mbps":"1494","URI":["asia","kazakhstan"]},{"id":"133002","channel":"ID Fashion (KZ)","link":"https://sc.id-tv.kz/IDFashion.m3u8?checkedby:iptvcat.com","country":"kazakhstan","liveliness":"88","status":"offline","lastChecked":"2020-08-18T00:00:00Z","format":"sd","mbps":"1706, ...","URI":["asia","kazakhstan"]},{"id":"133003","channel":"Jambyl","link":"https://onrez.kaztrk.kz/regional/taraztv/index.m3u8?checkedby:iptvcat.com","country":"kazakhstan","liveliness":"74","status":"online","lastChecked":"2020-08-17T00:00:00Z","format":"sd","mbps":"1008","URI":["asia","kazakhstan"]},{"id":"56000","channel":"1 Kanal Evraziya, KZ | 1 Kanal Evraziya","link":"https://sc.id-tv.kz/1KanalEvraziya_38_39.m3u8?checkedby:iptvcat.com","country":"kazakhstan","liveliness":"92","status":"online","lastChecked":"2020-08-17T00:00:00Z","format":"sd","mbps":"1019","URI":["asia","kazakhstan"]},{"id":"132995","channel":"31 канал","link":"https://sc.id-tv.kz/31Kanal.m3u8?checkedby:iptvcat.com","country":"kazakhstan","liveliness":"75","status":"offline","lastChecked":"2020-08-17T00:00:00Z","format":"sd","mbps":"1706, ...","URI":["asia","kazakhstan"]},{"id":"132996","channel":"Almaty TV","link":"https://live-almatytv.cdnvideo.ru/almatytv/almatytv.sdp/playlist.m3u8?checkedby:iptvcat.com","country":"kazakhstan","liveliness":"100","status":"online","lastChecked":"2020-08-18T00:00:00Z","format":"hd","mbps":"5020","URI":["asia","kazakhstan"]},{"id":"56006","channel":"Aqjaiyq, KZ | Aqjaiyq","link":"https://onrez.kaztrk.kz/regional/oraltv/index.m3u8?checkedby:iptvcat.com","country":"kazakhstan","liveliness":"99","status":"online","lastChecked":"2020-08-17T00:00:00Z","format":"sd","mbps":"4532","URI":["asia","kazakhstan"]},{"id":"132997","channel":"Aqtóbe","link":"https://onrez.kaztrk.kz/regional/aktobetv/index.m3u8?checkedby:iptvcat.com","country":"kazakhstan","liveliness":"98","status":"online","lastChecked":"2020-08-17T00:00:00Z","format":"sd","mbps":"1008","URI":["asia","kazakhstan"]},{"id":"132998","channel":"Astana TV","link":"https://sc.id-tv.kz/Astana.m3u8?checkedby:iptvcat.com","country":"kazakhstan","liveliness":"72","status":"online","lastChecked":"2020-08-18T00:00:00Z","format":"sd","mbps":"1706, ...","URI":["asia","kazakhstan"]},{"id":"56004","channel":"Asyl Arna, KZ | Asyl Arna","link":"https://sc.id-tv.kz/AsylArna_38_39.m3u8?checkedby:iptvcat.com","country":"kazakhstan","liveliness":"95","status":"online","lastChecked":"2020-08-17T00:00:00Z","format":"sd","mbps":"1019","URI":["asia","kazakhstan"]},{"id":"132999","channel":"Atameken Business","link":"https://live-atameken.cdnvideo.ru/atameken/atameken_hq.sdp/playlist.m3u8?checkedby:iptvcat.com","country":"kazakhstan","liveliness":"100","status":"online","lastChecked":"2020-08-18T00:00:00Z","format":"hd","mbps":"3625","URI":["asia","kazakhstan"]},{"id":"133000","channel":"Atameken Business TV","link":"https://sc.id-tv.kz/Atameken.m3u8?checkedby:iptvcat.com","country":"kazakhstan","liveliness":"83","status":"offline","lastChecked":"2020-08-17T00:00:00Z","format":"sd","mbps":"1706, ...","URI":["asia","kazakhstan"]},{"id":"56000","channel":"1 Kanal Evraziya, KZ | 1 Kanal Evraziya","link":"https://sc.id-tv.kz/1KanalEvraziya_38_39.m3u8?checkedby:iptvcat.com","country":"kazakhstan","liveliness":"92","status":"online","lastChecked":"2020-08-17T00:00:00Z","format":"sd","mbps":"1019","URI":["asia","kazakhstan"]},{"id":"132995","channel":"31 канал","link":"https://sc.id-tv.kz/31Kanal.m3u8?checkedby:iptvcat.com","country":"kazakhstan","liveliness":"75","status":"offline","lastChecked":"2020-08-17T00:00:00Z","format":"sd","mbps":"1706, ...","URI":["asia","kazakhstan"]},{"id":"132996","channel":"Almaty TV","link":"https://live-almatytv.cdnvideo.ru/almatytv/almatytv.sdp/playlist.m3u8?checkedby:iptvcat.com","country":"kazakhstan","liveliness":"100","status":"online","lastChecked":"2020-08-18T00:00:00Z","format":"hd","mbps":"5020","URI":["asia","kazakhstan"]},{"id":"13898","channel":"Astana TV, Astana TV (KZ)","link":"https://sc.id-tv.kz/Astana_38_39.m3u8?checkedby:iptvcat.com","country":"kazakhstan","liveliness":"86","status":"online","lastChecked":"2020-08-18T00:00:00Z","format":"sd","mbps":"1019","URI":["europe","russian_federation","kazakhstan","russian federation"]},{"id":"1781","channel":"Almaty TV, Almaty TV (KZ)","link":"http://live-almatytv.cdnvideo.ru/almatytv/almatytv.sdp/playlist.m3u8?checkedby:iptvcat.com","country":"kazakhstan","liveliness":"98","status":"online","lastChecked":"2020-08-17T00:00:00Z","format":"hd","mbps":"5020","URI":["europe","russian_federation","kazakhstan","russian federation"]},{"id":"24327","channel":"Kazakh TV (RU) (Opt-2), Kazakh TV Russia, KZ | Kazakh TV Russia","link":"http://kazakhtvru.ultraiptv.com/live_ru/playlist1/index.m3u8?checkedby:iptvcat.com","country":"kazakhstan","liveliness":"99","status":"online","lastChecked":"2020-08-17T00:00:00Z","format":"sd","mbps":"1008","URI":["asia","north_america","united_states_of_america","north america","kazakhstan","united states of america"]},{"id":"1781","channel":"Almaty TV, Almaty TV (KZ)","link":"http://live-almatytv.cdnvideo.ru/almatytv/almatytv.sdp/playlist.m3u8?checkedby:iptvcat.com","country":"kazakhstan","liveliness":"98","status":"online","lastChecked":"2020-08-17T00:00:00Z","format":"hd","mbps":"5020","URI":["europe","russian_federation","kazakhstan","russian federation"]},{"id":"13898","channel":"Astana TV, Astana TV (KZ)","link":"https://sc.id-tv.kz/Astana_38_39.m3u8?checkedby:iptvcat.com","country":"kazakhstan","liveliness":"86","status":"online","lastChecked":"2020-08-18T00:00:00Z","format":"sd","mbps":"1019","URI":["europe","russian_federation","kazakhstan","russian federation"]},{"id":"24327","channel":"Kazakh TV (RU) (Opt-2), Kazakh TV Russia, KZ | Kazakh TV Russia","link":"http://kazakhtvru.ultraiptv.com/live_ru/playlist1/index.m3u8?checkedby:iptvcat.com","country":"kazakhstan","liveliness":"99","status":"online","lastChecked":"2020-08-17T00:00:00Z","format":"sd","mbps":"1008","URI":["asia","north_america","united_states_of_america","north america","kazakhstan","united states of america"]},{"id":"24327","channel":"Kazakh TV (RU) (Opt-2), Kazakh TV Russia, KZ | Kazakh TV Russia","link":"http://kazakhtvru.ultraiptv.com/live_ru/playlist1/index.m3u8?checkedby:iptvcat.com","country":"kazakhstan","liveliness":"99","status":"online","lastChecked":"2020-08-17T00:00:00Z","format":"sd","mbps":"1008","URI":["asia","north_america","united_states_of_america","north america","kazakhstan","united states of america"]},{"id":"56000","channel":"1 Kanal Evraziya, KZ | 1 Kanal Evraziya","link":"https://sc.id-tv.kz/1KanalEvraziya_38_39.m3u8?checkedby:iptvcat.com","country":"kazakhstan","liveliness":"92","status":"online","lastChecked":"2020-08-17T00:00:00Z","format":"sd","mbps":"1019","URI":["asia","kazakhstan"]},{"id":"13896","channel":"31 канал","link":"https://sc.id-tv.kz/31Kanal_38_39.m3u8?checkedby:iptvcat.com","country":"kazakhstan","liveliness":"89","status":"online","lastChecked":"2020-08-17T00:00:00Z","format":"sd","mbps":"1706","URI":["kazakhstan"]},{"id":"132995","channel":"31 канал","link":"https://sc.id-tv.kz/31Kanal.m3u8?checkedby:iptvcat.com","country":"kazakhstan","liveliness":"75","status":"offline","lastChecked":"2020-08-17T00:00:00Z","format":"sd","mbps":"1706, ...","URI":["asia","kazakhstan"]},{"id":"13897","channel":"7 канал (KZ)","link":"https://sc.id-tv.kz/7_kanal_38_39.m3u8?checkedby:iptvcat.com","country":"kazakhstan","liveliness":"91","status":"online","lastChecked":"2020-08-17T00:00:00Z","format":"sd","mbps":"1019","URI":["kazakhstan"]},{"id":"132996","channel":"Almaty TV","link":"https://live-almatytv.cdnvideo.ru/almatytv/almatytv.sdp/playlist.m3u8?checkedby:iptvcat.com","country":"kazakhstan","liveliness":"100","status":"online","lastChecked":"2020-08-18T00:00:00Z","format":"hd","mbps":"5020","URI":["asia","kazakhstan"]},{"id":"1782","channel":"Almaty TV","link":"https://live-almatytv.cdnvideo.ru/almatytv/almatytv.sdp/chunklist.m3u8?checkedby:iptvcat.com","country":"kazakhstan","liveliness":"98","status":"online","lastChecked":"2020-08-17T00:00:00Z","format":"hd","mbps":"5020","URI":["kazakhstan"]},{"id":"1781","channel":"Almaty TV, Almaty TV (KZ)","link":"http://live-almatytv.cdnvideo.ru/almatytv/almatytv.sdp/playlist.m3u8?checkedby:iptvcat.com","country":"kazakhstan","liveliness":"98","status":"online","lastChecked":"2020-08-17T00:00:00Z","format":"hd","mbps":"5020","URI":["europe","russian_federation","kazakhstan","russian federation"]},{"id":"56006","channel":"Aqjaiyq, KZ | Aqjaiyq","link":"https://onrez.kaztrk.kz/regional/oraltv/index.m3u8?checkedby:iptvcat.com","country":"kazakhstan","liveliness":"99","status":"online","lastChecked":"2020-08-17T00:00:00Z","format":"sd","mbps":"4532","URI":["asia","kazakhstan"]},{"id":"132997","channel":"Aqtóbe","link":"https://onrez.kaztrk.kz/regional/aktobetv/index.m3u8?checkedby:iptvcat.com","country":"kazakhstan","liveliness":"98","status":"online","lastChecked":"2020-08-17T00:00:00Z","format":"sd","mbps":"1008","URI":["asia","kazakhstan"]},{"id":"132998","channel":"Astana TV","link":"https://sc.id-tv.kz/Astana.m3u8?checkedby:iptvcat.com","country":"kazakhstan","liveliness":"72","status":"online","lastChecked":"2020-08-18T00:00:00Z","format":"sd","mbps":"1706, ...","URI":["asia","kazakhstan"]},{"id":"13898","channel":"Astana TV, Astana TV (KZ)","link":"https://sc.id-tv.kz/Astana_38_39.m3u8?checkedby:iptvcat.com","country":"kazakhstan","liveliness":"86","status":"online","lastChecked":"2020-08-18T00:00:00Z","format":"sd","mbps":"1019","URI":["europe","russian_federation","kazakhstan","russian federation"]},{"id":"56004","channel":"Asyl Arna, KZ | Asyl Arna","link":"https://sc.id-tv.kz/AsylArna_38_39.m3u8?checkedby:iptvcat.com","country":"kazakhstan","liveliness":"95","status":"online","lastChecked":"2020-08-17T00:00:00Z","format":"sd","mbps":"1019","URI":["asia","kazakhstan"]},{"id":"132999","channel":"Atameken Business","link":"https://live-atameken.cdnvideo.ru/atameken/atameken_hq.sdp/playlist.m3u8?checkedby:iptvcat.com","country":"kazakhstan","liveliness":"100","status":"online","lastChecked":"2020-08-18T00:00:00Z","format":"hd","mbps":"3625","URI":["asia","kazakhstan"]},{"id":"1784","channel":"Atameken Business","link":"http://live-atameken.cdnvideo.ru/atameken/atameken_hq.sdp/playlist.m3u8?checkedby:iptvcat.com","country":"kazakhstan","liveliness":"100","status":"online","lastChecked":"2020-08-17T00:00:00Z","format":"hd","mbps":"3625","URI":["kazakhstan"]},{"id":"13899","channel":"Atameken Business TV","link":"https://sc.id-tv.kz/Atameken_38_39.m3u8?checkedby:iptvcat.com","country":"kazakhstan","liveliness":"93","status":"online","lastChecked":"2020-08-17T00:00:00Z","format":"sd","mbps":"1706","URI":["kazakhstan"]},{"id":"133000","channel":"Atameken Business TV","link":"https://sc.id-tv.kz/Atameken.m3u8?checkedby:iptvcat.com","country":"kazakhstan","liveliness":"83","status":"offline","lastChecked":"2020-08-17T00:00:00Z","format":"sd","mbps":"1706, ...","URI":["asia","kazakhstan"]},{"id":"56005","channel":"Dombyra TV, KZ | Dombyra TV","link":"https://sc.id-tv.kz/Dombyra_38_39.m3u8?checkedby:iptvcat.com","country":"kazakhstan","liveliness":"93","status":"online","lastChecked":"2020-08-16T00:00:00Z","format":"sd","mbps":"2334","URI":["asia","kazakhstan"]},{"id":"133001","channel":"Ertis","link":"https://onrez.kaztrk.kz/regional/pavlodartv/index.m3u8?checkedby:iptvcat.com","country":"kazakhstan","liveliness":"91","status":"offline","lastChecked":"2020-08-18T00:00:00Z","format":"sd","mbps":"1494","URI":["asia","kazakhstan"]},{"id":"1785","channel":"Ertis","link":"http://onrez.kaztrk.kz/regional/pavlodartv/index.m3u8?checkedby:iptvcat.com","country":"kazakhstan","liveliness":"94","status":"offline","lastChecked":"2020-08-18T00:00:00Z","format":"sd","mbps":"1494","URI":["kazakhstan"]},{"id":"133002","channel":"ID Fashion (KZ)","link":"https://sc.id-tv.kz/IDFashion.m3u8?checkedby:iptvcat.com","country":"kazakhstan","liveliness":"88","status":"offline","lastChecked":"2020-08-18T00:00:00Z","format":"sd","mbps":"1706, ...","URI":["asia","kazakhstan"]},{"id":"133003","channel":"Jambyl","link":"https://onrez.kaztrk.kz/regional/taraztv/index.m3u8?checkedby:iptvcat.com","country":"kazakhstan","liveliness":"74","status":"online","lastChecked":"2020-08-17T00:00:00Z","format":"sd","mbps":"1008","URI":["asia","kazakhstan"]},{"id":"55995","channel":"Kazakh TV, KZ | Kazakh TV","link":"http://kazakhtvru.ultraiptv.com/live_kz/playlist1/index.m3u8?checkedby:iptvcat.com","country":"kazakhstan","liveliness":"99","status":"online","lastChecked":"2020-08-17T00:00:00Z","format":"sd","mbps":"1008","URI":["asia","kazakhstan"]},{"id":"11590","channel":"Kazakh, Kazakh TV, Kazakh TV English, KZ | Kazakh TV English","link":"http://kazakhtvru.ultraiptv.com/live_en/playlist1/index.m3u8?checkedby:iptvcat.com","country":"kazakhstan","liveliness":"99","status":"online","lastChecked":"2020-08-17T00:00:00Z","format":"sd","mbps":"1008","URI":["asia","kazakhstan"]},{"id":"44928","channel":"Kazakh TV (RU), Kazakh TV Kazakhstan, KZ | Kazakh TV Kazakhstan","link":"https://sc.id-tv.kz/KazakhTV_38_39.m3u8?checkedby:iptvcat.com","country":"kazakhstan","liveliness":"96","status":"online","lastChecked":"2020-08-17T00:00:00Z","format":"sd","mbps":"1706","URI":["asia","kazakhstan"]},{"id":"55998","channel":"Kazakh TV Kyrgyzstan, KZ | Kazakh TV Kyrgyzstan","link":"http://kazakhtvru.ultraiptv.com/live_kg/playlist1/index.m3u8?checkedby:iptvcat.com","country":"kazakhstan","liveliness":"99","status":"online","lastChecked":"2020-08-17T00:00:00Z","format":"sd","mbps":"1008","URI":["asia","kazakhstan"]},{"id":"24327","channel":"Kazakh TV (RU) (Opt-2), Kazakh TV Russia, KZ | Kazakh TV Russia","link":"http://kazakhtvru.ultraiptv.com/live_ru/playlist1/index.m3u8?checkedby:iptvcat.com","country":"kazakhstan","liveliness":"99","status":"online","lastChecked":"2020-08-17T00:00:00Z","format":"sd","mbps":"1008","URI":["asia","north_america","united_states_of_america","north america","kazakhstan","united states of america"]},{"id":"56014","channel":"KZ | MTRK, MTRK","link":"https://tvcdn01.oktv.kz/tv/mtrk/tracks-v1a1/mono.m3u8?checkedby:iptvcat.com","country":"kazakhstan","liveliness":"97","status":"offline","lastChecked":"2020-08-19T00:00:00Z","format":"sd","mbps":"1509","URI":["asia","kazakhstan"]},{"id":"56013","channel":"KZ | Saryarqa, Saryarqa","link":"https://onrez.kaztrk.kz/regional/karagandytv/index.m3u8?checkedby:iptvcat.com","country":"kazakhstan","liveliness":"99","status":"online","lastChecked":"2020-08-17T00:00:00Z","format":"sd","mbps":"1008","URI":["asia","kazakhstan"]},{"id":"56002","channel":"KZ | Мir +3, Мir +3","link":"https://sc.id-tv.kz/Mir_38_39.m3u8?checkedby:iptvcat.com","country":"kazakhstan","liveliness":"92","status":"online","lastChecked":"2020-08-17T00:00:00Z","format":"sd","mbps":"1706","URI":["asia","kazakhstan"]},{"id":"56001","channel":"KZ | Мir 3, Мir 3","link":"https://sc.id-tv.kz/Mir.m3u8?checkedby:iptvcat.com","country":"kazakhstan","liveliness":"78","status":"online","lastChecked":"2020-08-17T00:00:00Z","format":"sd","mbps":"1706, ...","URI":["asia","kazakhstan"]},{"id":"1791","channel":"Qostanai","link":"http://onrez.kaztrk.kz/regional/kostanaytv/index.m3u8?checkedby:iptvcat.com","country":"kazakhstan","liveliness":"98","status":"online","lastChecked":"2020-08-17T00:00:00Z","format":"sd","mbps":"746","URI":["kazakhstan"]},{"id":"133004","channel":"Qostanai","link":"https://onrez.kaztrk.kz/regional/kostanaytv/index.m3u8?checkedby:iptvcat.com","country":"kazakhstan","liveliness":"99","status":"online","lastChecked":"2020-08-17T00:00:00Z","format":"sd","mbps":"746","URI":["asia","kazakhstan"]},{"id":"13901","channel":"Ел Арна","link":"https://sc.id-tv.kz/ElArna_38_39.m3u8?checkedby:iptvcat.com","country":"kazakhstan","liveliness":"93","status":"online","lastChecked":"2020-08-17T00:00:00Z","format":"sd","mbps":"1706","URI":["kazakhstan"]},{"id":"133006","channel":"Ел Арна","link":"https://sc.id-tv.kz/ElArna.m3u8?checkedby:iptvcat.com","country":"kazakhstan","liveliness":"90","status":"online","lastChecked":"2020-08-17T00:00:00Z","format":"sd","mbps":"1706, ...","URI":["asia","kazakhstan"]},{"id":"1795","channel":"КТК","link":"http://89.218.30.37/ktklive/live.hq/playlist.m3u8?checkedby:iptvcat.com","country":"kazakhstan","liveliness":"95","status":"online","lastChecked":"2020-08-17T00:00:00Z","format":"sd","mbps":"1357","URI":["kazakhstan"]},{"id":"1794","channel":"КТК","link":"http://195.49.213.56/ktklive/live.hq/playlist.m3u8?checkedby:iptvcat.com","country":"kazakhstan","liveliness":"99","status":"offline","lastChecked":"2020-08-19T00:00:00Z","format":"sd","mbps":"1357","URI":["kazakhstan"]},{"id":"13903","channel":"Новое ТВ, Новое ТВ (KZ)","link":"https://sc.id-tv.kz/New_Television_38_39.m3u8?checkedby:iptvcat.com","country":"kazakhstan","liveliness":"96","status":"online","lastChecked":"2020-08-17T00:00:00Z","format":"sd","mbps":"753","URI":["kazakhstan"]},{"id":"1796","channel":"Новое телевидение","link":"http://serv25.vintera.tv:8081/novoetv/nov_tv/playlist.m3u8?checkedby:iptvcat.com","country":"kazakhstan","liveliness":"99","status":"online","lastChecked":"2020-08-17T00:00:00Z","format":"sd","mbps":"3262","URI":["kazakhstan"]},{"id":"9666","channel":"Рика ТВ (KZ)","link":"http://live-rikatv.cdnvideo.ru/rikatv/rikatv_tcode.sdp/playlist.m3u8?checkedby:iptvcat.com","country":"kazakhstan","liveliness":"66","status":"online","lastChecked":"2020-08-17T00:00:00Z","format":"hd","mbps":"4318","URI":["asia","kazakhstan"]},{"id":"13904","channel":"СТВ Казахстан","link":"https://sc.id-tv.kz/STV_38_39.m3u8?checkedby:iptvcat.com","country":"kazakhstan","liveliness":"91","status":"online","lastChecked":"2020-08-17T00:00:00Z","format":"sd","mbps":"1509","URI":["kazakhstan"]},{"id":"133009","channel":"СТВ Казахстан","link":"https://sc.id-tv.kz/STV.m3u8?checkedby:iptvcat.com","country":"kazakhstan","liveliness":"83","status":"online","lastChecked":"2020-08-17T00:00:00Z","format":"sd","mbps":"1509, ...","URI":["asia","kazakhstan"]},{"id":"133011","channel":"Хабар 24","link":"https://live-24kz.cdnvideo.ru/24kz/24kz.sdp/playlist.m3u8?checkedby:iptvcat.com","country":"kazakhstan","liveliness":"89","status":"online","lastChecked":"2020-08-18T00:00:00Z","format":"fhd 2k","mbps":"8378","URI":["asia","kazakhstan"]},{"id":"133012","channel":"Хабар 24","link":"https://sc.id-tv.kz/Khabar.m3u8?checkedby:iptvcat.com","country":"kazakhstan","liveliness":"84","status":"offline","lastChecked":"2020-08-17T00:00:00Z","format":"sd","mbps":"1706, ...","URI":["asia","kazakhstan"]},{"id":"13906","channel":"Халык Арна","link":"https://sc.id-tv.kz/HalykArna_38_39.m3u8?checkedby:iptvcat.com","country":"kazakhstan","liveliness":"90","status":"online","lastChecked":"2020-08-17T00:00:00Z","format":"sd","mbps":"1019","URI":["kazakhstan"]},{"id":"133013","channel":"Халык Арна","link":"https://sc.id-tv.kz/HalykArna.m3u8?checkedby:iptvcat.com","country":"kazakhstan","liveliness":"78","status":"offline","lastChecked":"2020-08-17T00:00:00Z","format":"sd","mbps":"1706, ...","URI":["asia","kazakhstan"]},{"id":"56000","channel":"1 Kanal Evraziya, KZ | 1 Kanal Evraziya","link":"https://sc.id-tv.kz/1KanalEvraziya_38_39.m3u8?checkedby:iptvcat.com","country":"kazakhstan","liveliness":"92","status":"online","lastChecked":"2020-08-17T00:00:00Z","format":"sd","mbps":"1019","URI":["asia","kazakhstan"]},{"id":"132995","channel":"31 канал","link":"https://sc.id-tv.kz/31Kanal.m3u8?checkedby:iptvcat.com","country":"kazakhstan","liveliness":"75","status":"offline","lastChecked":"2020-08-17T00:00:00Z","format":"sd","mbps":"1706, ...","URI":["asia","kazakhstan"]},{"id":"132996","channel":"Almaty TV","link":"https://live-almatytv.cdnvideo.ru/almatytv/almatytv.sdp/playlist.m3u8?checkedby:iptvcat.com","country":"kazakhstan","liveliness":"100","status":"online","lastChecked":"2020-08-18T00:00:00Z","format":"hd","mbps":"5020","URI":["asia","kazakhstan"]},{"id":"56000","channel":"1 Kanal Evraziya, KZ | 1 Kanal Evraziya","link":"https://sc.id-tv.kz/1KanalEvraziya_38_39.m3u8?checkedby:iptvcat.com","country":"kazakhstan","liveliness":"92","status":"online","lastChecked":"2020-08-17T00:00:00Z","format":"sd","mbps":"1019","URI":["asia","kazakhstan"]},{"id":"132995","channel":"31 канал","link":"https://sc.id-tv.kz/31Kanal.m3u8?checkedby:iptvcat.com","country":"kazakhstan","liveliness":"75","status":"offline","lastChecked":"2020-08-17T00:00:00Z","format":"sd","mbps":"1706, ...","URI":["asia","kazakhstan"]},{"id":"132996","channel":"Almaty TV","link":"https://live-almatytv.cdnvideo.ru/almatytv/almatytv.sdp/playlist.m3u8?checkedby:iptvcat.com","country":"kazakhstan","liveliness":"100","status":"online","lastChecked":"2020-08-18T00:00:00Z","format":"hd","mbps":"5020","URI":["asia","kazakhstan"]},{"id":"1781","channel":"Almaty TV, Almaty TV (KZ)","link":"http://live-almatytv.cdnvideo.ru/almatytv/almatytv.sdp/playlist.m3u8?checkedby:iptvcat.com","country":"kazakhstan","liveliness":"98","status":"online","lastChecked":"2020-08-17T00:00:00Z","format":"hd","mbps":"5020","URI":["europe","russian_federation","kazakhstan","russian federation"]},{"id":"13898","channel":"Astana TV, Astana TV (KZ)","link":"https://sc.id-tv.kz/Astana_38_39.m3u8?checkedby:iptvcat.com","country":"kazakhstan","liveliness":"86","status":"online","lastChecked":"2020-08-18T00:00:00Z","format":"sd","mbps":"1019","URI":["europe","russian_federation","kazakhstan","russian federation"]},{"id":"56000","channel":"1 Kanal Evraziya, KZ | 1 Kanal Evraziya","link":"https://sc.id-tv.kz/1KanalEvraziya_38_39.m3u8?checkedby:iptvcat.com","country":"kazakhstan","liveliness":"92","status":"online","lastChecked":"2020-08-17T00:00:00Z","format":"sd","mbps":"1019","URI":["asia","kazakhstan"]},{"id":"13896","channel":"31 канал","link":"https://sc.id-tv.kz/31Kanal_38_39.m3u8?checkedby:iptvcat.com","country":"kazakhstan","liveliness":"89","status":"online","lastChecked":"2020-08-17T00:00:00Z","format":"sd","mbps":"1706","URI":["kazakhstan"]},{"id":"132995","channel":"31 канал","link":"https://sc.id-tv.kz/31Kanal.m3u8?checkedby:iptvcat.com","country":"kazakhstan","liveliness":"75","status":"offline","lastChecked":"2020-08-17T00:00:00Z","format":"sd","mbps":"1706, ...","URI":["asia","kazakhstan"]},{"id":"13897","channel":"7 канал (KZ)","link":"https://sc.id-tv.kz/7_kanal_38_39.m3u8?checkedby:iptvcat.com","country":"kazakhstan","liveliness":"91","status":"online","lastChecked":"2020-08-17T00:00:00Z","format":"sd","mbps":"1019","URI":["kazakhstan"]},{"id":"132996","channel":"Almaty TV","link":"https://live-almatytv.cdnvideo.ru/almatytv/almatytv.sdp/playlist.m3u8?checkedby:iptvcat.com","country":"kazakhstan","liveliness":"100","status":"online","lastChecked":"2020-08-18T00:00:00Z","format":"hd","mbps":"5020","URI":["asia","kazakhstan"]},{"id":"1782","channel":"Almaty TV","link":"https://live-almatytv.cdnvideo.ru/almatytv/almatytv.sdp/chunklist.m3u8?checkedby:iptvcat.com","country":"kazakhstan","liveliness":"98","status":"online","lastChecked":"2020-08-17T00:00:00Z","format":"hd","mbps":"5020","URI":["kazakhstan"]},{"id":"1781","channel":"Almaty TV, Almaty TV (KZ)","link":"http://live-almatytv.cdnvideo.ru/almatytv/almatytv.sdp/playlist.m3u8?checkedby:iptvcat.com","country":"kazakhstan","liveliness":"98","status":"online","lastChecked":"2020-08-17T00:00:00Z","format":"hd","mbps":"5020","URI":["europe","russian_federation","kazakhstan","russian federation"]},{"id":"56006","channel":"Aqjaiyq, KZ | Aqjaiyq","link":"https://onrez.kaztrk.kz/regional/oraltv/index.m3u8?checkedby:iptvcat.com","country":"kazakhstan","liveliness":"99","status":"online","lastChecked":"2020-08-17T00:00:00Z","format":"sd","mbps":"4532","URI":["asia","kazakhstan"]},{"id":"132997","channel":"Aqtóbe","link":"https://onrez.kaztrk.kz/regional/aktobetv/index.m3u8?checkedby:iptvcat.com","country":"kazakhstan","liveliness":"98","status":"online","lastChecked":"2020-08-17T00:00:00Z","format":"sd","mbps":"1008","URI":["asia","kazakhstan"]},{"id":"132998","channel":"Astana TV","link":"https://sc.id-tv.kz/Astana.m3u8?checkedby:iptvcat.com","country":"kazakhstan","liveliness":"72","status":"online","lastChecked":"2020-08-18T00:00:00Z","format":"sd","mbps":"1706, ...","URI":["asia","kazakhstan"]},{"id":"13898","channel":"Astana TV, Astana TV (KZ)","link":"https://sc.id-tv.kz/Astana_38_39.m3u8?checkedby:iptvcat.com","country":"kazakhstan","liveliness":"86","status":"online","lastChecked":"2020-08-18T00:00:00Z","format":"sd","mbps":"1019","URI":["europe","russian_federation","kazakhstan","russian federation"]},{"id":"56004","channel":"Asyl Arna, KZ | Asyl Arna","link":"https://sc.id-tv.kz/AsylArna_38_39.m3u8?checkedby:iptvcat.com","country":"kazakhstan","liveliness":"95","status":"online","lastChecked":"2020-08-17T00:00:00Z","format":"sd","mbps":"1019","URI":["asia","kazakhstan"]},{"id":"132999","channel":"Atameken Business","link":"https://live-atameken.cdnvideo.ru/atameken/atameken_hq.sdp/playlist.m3u8?checkedby:iptvcat.com","country":"kazakhstan","liveliness":"100","status":"online","lastChecked":"2020-08-18T00:00:00Z","format":"hd","mbps":"3625","URI":["asia","kazakhstan"]},{"id":"1784","channel":"Atameken Business","link":"http://live-atameken.cdnvideo.ru/atameken/atameken_hq.sdp/playlist.m3u8?checkedby:iptvcat.com","country":"kazakhstan","liveliness":"100","status":"online","lastChecked":"2020-08-17T00:00:00Z","format":"hd","mbps":"3625","URI":["kazakhstan"]},{"id":"13899","channel":"Atameken Business TV","link":"https://sc.id-tv.kz/Atameken_38_39.m3u8?checkedby:iptvcat.com","country":"kazakhstan","liveliness":"93","status":"online","lastChecked":"2020-08-17T00:00:00Z","format":"sd","mbps":"1706","URI":["kazakhstan"]},{"id":"133000","channel":"Atameken Business TV","link":"https://sc.id-tv.kz/Atameken.m3u8?checkedby:iptvcat.com","country":"kazakhstan","liveliness":"83","status":"offline","lastChecked":"2020-08-17T00:00:00Z","format":"sd","mbps":"1706, ...","URI":["asia","kazakhstan"]},{"id":"56005","channel":"Dombyra TV, KZ | Dombyra TV","link":"https://sc.id-tv.kz/Dombyra_38_39.m3u8?checkedby:iptvcat.com","country":"kazakhstan","liveliness":"93","status":"online","lastChecked":"2020-08-16T00:00:00Z","format":"sd","mbps":"2334","URI":["asia","kazakhstan"]},{"id":"133001","channel":"Ertis","link":"https://onrez.kaztrk.kz/regional/pavlodartv/index.m3u8?checkedby:iptvcat.com","country":"kazakhstan","liveliness":"91","status":"offline","lastChecked":"2020-08-18T00:00:00Z","format":"sd","mbps":"1494","URI":["asia","kazakhstan"]},{"id":"1785","channel":"Ertis","link":"http://onrez.kaztrk.kz/regional/pavlodartv/index.m3u8?checkedby:iptvcat.com","country":"kazakhstan","liveliness":"94","status":"offline","lastChecked":"2020-08-18T00:00:00Z","format":"sd","mbps":"1494","URI":["kazakhstan"]},{"id":"133002","channel":"ID Fashion (KZ)","link":"https://sc.id-tv.kz/IDFashion.m3u8?checkedby:iptvcat.com","country":"kazakhstan","liveliness":"88","status":"offline","lastChecked":"2020-08-18T00:00:00Z","format":"sd","mbps":"1706, ...","URI":["asia","kazakhstan"]},{"id":"133003","channel":"Jambyl","link":"https://onrez.kaztrk.kz/regional/taraztv/index.m3u8?checkedby:iptvcat.com","country":"kazakhstan","liveliness":"74","status":"online","lastChecked":"2020-08-17T00:00:00Z","format":"sd","mbps":"1008","URI":["asia","kazakhstan"]},{"id":"55995","channel":"Kazakh TV, KZ | Kazakh TV","link":"http://kazakhtvru.ultraiptv.com/live_kz/playlist1/index.m3u8?checkedby:iptvcat.com","country":"kazakhstan","liveliness":"99","status":"online","lastChecked":"2020-08-17T00:00:00Z","format":"sd","mbps":"1008","URI":["asia","kazakhstan"]},{"id":"11590","channel":"Kazakh, Kazakh TV, Kazakh TV English, KZ | Kazakh TV English","link":"http://kazakhtvru.ultraiptv.com/live_en/playlist1/index.m3u8?checkedby:iptvcat.com","country":"kazakhstan","liveliness":"99","status":"online","lastChecked":"2020-08-17T00:00:00Z","format":"sd","mbps":"1008","URI":["asia","kazakhstan"]},{"id":"44928","channel":"Kazakh TV (RU), Kazakh TV Kazakhstan, KZ | Kazakh TV Kazakhstan","link":"https://sc.id-tv.kz/KazakhTV_38_39.m3u8?checkedby:iptvcat.com","country":"kazakhstan","liveliness":"96","status":"online","lastChecked":"2020-08-17T00:00:00Z","format":"sd","mbps":"1706","URI":["asia","kazakhstan"]},{"id":"55998","channel":"Kazakh TV Kyrgyzstan, KZ | Kazakh TV Kyrgyzstan","link":"http://kazakhtvru.ultraiptv.com/live_kg/playlist1/index.m3u8?checkedby:iptvcat.com","country":"kazakhstan","liveliness":"99","status":"online","lastChecked":"2020-08-17T00:00:00Z","format":"sd","mbps":"1008","URI":["asia","kazakhstan"]},{"id":"24327","channel":"Kazakh TV (RU) (Opt-2), Kazakh TV Russia, KZ | Kazakh TV Russia","link":"http://kazakhtvru.ultraiptv.com/live_ru/playlist1/index.m3u8?checkedby:iptvcat.com","country":"kazakhstan","liveliness":"99","status":"online","lastChecked":"2020-08-17T00:00:00Z","format":"sd","mbps":"1008","URI":["asia","north_america","united_states_of_america","north america","kazakhstan","united states of america"]},{"id":"56014","channel":"KZ | MTRK, MTRK","link":"https://tvcdn01.oktv.kz/tv/mtrk/tracks-v1a1/mono.m3u8?checkedby:iptvcat.com","country":"kazakhstan","liveliness":"97","status":"offline","lastChecked":"2020-08-19T00:00:00Z","format":"sd","mbps":"1509","URI":["asia","kazakhstan"]},{"id":"56013","channel":"KZ | Saryarqa, Saryarqa","link":"https://onrez.kaztrk.kz/regional/karagandytv/index.m3u8?checkedby:iptvcat.com","country":"kazakhstan","liveliness":"99","status":"online","lastChecked":"2020-08-17T00:00:00Z","format":"sd","mbps":"1008","URI":["asia","kazakhstan"]},{"id":"56002","channel":"KZ | Мir +3, Мir +3","link":"https://sc.id-tv.kz/Mir_38_39.m3u8?checkedby:iptvcat.com","country":"kazakhstan","liveliness":"92","status":"online","lastChecked":"2020-08-17T00:00:00Z","format":"sd","mbps":"1706","URI":["asia","kazakhstan"]},{"id":"56001","channel":"KZ | Мir 3, Мir 3","link":"https://sc.id-tv.kz/Mir.m3u8?checkedby:iptvcat.com","country":"kazakhstan","liveliness":"78","status":"online","lastChecked":"2020-08-17T00:00:00Z","format":"sd","mbps":"1706, ...","URI":["asia","kazakhstan"]},{"id":"1791","channel":"Qostanai","link":"http://onrez.kaztrk.kz/regional/kostanaytv/index.m3u8?checkedby:iptvcat.com","country":"kazakhstan","liveliness":"98","status":"online","lastChecked":"2020-08-17T00:00:00Z","format":"sd","mbps":"746","URI":["kazakhstan"]},{"id":"133004","channel":"Qostanai","link":"https://onrez.kaztrk.kz/regional/kostanaytv/index.m3u8?checkedby:iptvcat.com","country":"kazakhstan","liveliness":"99","status":"online","lastChecked":"2020-08-17T00:00:00Z","format":"sd","mbps":"746","URI":["asia","kazakhstan"]},{"id":"13901","channel":"Ел Арна","link":"https://sc.id-tv.kz/ElArna_38_39.m3u8?checkedby:iptvcat.com","country":"kazakhstan","liveliness":"93","status":"online","lastChecked":"2020-08-17T00:00:00Z","format":"sd","mbps":"1706","URI":["kazakhstan"]},{"id":"133006","channel":"Ел Арна","link":"https://sc.id-tv.kz/ElArna.m3u8?checkedby:iptvcat.com","country":"kazakhstan","liveliness":"90","status":"online","lastChecked":"2020-08-17T00:00:00Z","format":"sd","mbps":"1706, ...","URI":["asia","kazakhstan"]},{"id":"1795","channel":"КТК","link":"http://89.218.30.37/ktklive/live.hq/playlist.m3u8?checkedby:iptvcat.com","country":"kazakhstan","liveliness":"95","status":"online","lastChecked":"2020-08-17T00:00:00Z","format":"sd","mbps":"1357","URI":["kazakhstan"]},{"id":"1794","channel":"КТК","link":"http://195.49.213.56/ktklive/live.hq/playlist.m3u8?checkedby:iptvcat.com","country":"kazakhstan","liveliness":"99","status":"offline","lastChecked":"2020-08-19T00:00:00Z","format":"sd","mbps":"1357","URI":["kazakhstan"]},{"id":"13903","channel":"Новое ТВ, Новое ТВ (KZ)","link":"https://sc.id-tv.kz/New_Television_38_39.m3u8?checkedby:iptvcat.com","country":"kazakhstan","liveliness":"96","status":"online","lastChecked":"2020-08-17T00:00:00Z","format":"sd","mbps":"753","URI":["kazakhstan"]},{"id":"1796","channel":"Новое телевидение","link":"http://serv25.vintera.tv:8081/novoetv/nov_tv/playlist.m3u8?checkedby:iptvcat.com","country":"kazakhstan","liveliness":"99","status":"online","lastChecked":"2020-08-17T00:00:00Z","format":"sd","mbps":"3262","URI":["kazakhstan"]},{"id":"9666","channel":"Рика ТВ (KZ)","link":"http://live-rikatv.cdnvideo.ru/rikatv/rikatv_tcode.sdp/playlist.m3u8?checkedby:iptvcat.com","country":"kazakhstan","liveliness":"66","status":"online","lastChecked":"2020-08-17T00:00:00Z","format":"hd","mbps":"4318","URI":["asia","kazakhstan"]},{"id":"13904","channel":"СТВ Казахстан","link":"https://sc.id-tv.kz/STV_38_39.m3u8?checkedby:iptvcat.com","country":"kazakhstan","liveliness":"91","status":"online","lastChecked":"2020-08-17T00:00:00Z","format":"sd","mbps":"1509","URI":["kazakhstan"]},{"id":"133009","channel":"СТВ Казахстан","link":"https://sc.id-tv.kz/STV.m3u8?checkedby:iptvcat.com","country":"kazakhstan","liveliness":"83","status":"online","lastChecked":"2020-08-17T00:00:00Z","format":"sd","mbps":"1509, ...","URI":["asia","kazakhstan"]},{"id":"133011","channel":"Хабар 24","link":"https://live-24kz.cdnvideo.ru/24kz/24kz.sdp/playlist.m3u8?checkedby:iptvcat.com","country":"kazakhstan","liveliness":"89","status":"online","lastChecked":"2020-08-18T00:00:00Z","format":"fhd 2k","mbps":"8378","URI":["asia","kazakhstan"]},{"id":"133012","channel":"Хабар 24","link":"https://sc.id-tv.kz/Khabar.m3u8?checkedby:iptvcat.com","country":"kazakhstan","liveliness":"84","status":"offline","lastChecked":"2020-08-17T00:00:00Z","format":"sd","mbps":"1706, ...","URI":["asia","kazakhstan"]},{"id":"13906","channel":"Халык Арна","link":"https://sc.id-tv.kz/HalykArna_38_39.m3u8?checkedby:iptvcat.com","country":"kazakhstan","liveliness":"90","status":"online","lastChecked":"2020-08-17T00:00:00Z","format":"sd","mbps":"1019","URI":["kazakhstan"]},{"id":"133013","channel":"Халык Арна","link":"https://sc.id-tv.kz/HalykArna.m3u8?checkedby:iptvcat.com","country":"kazakhstan","liveliness":"78","status":"offline","lastChecked":"2020-08-17T00:00:00Z","format":"sd","mbps":"1706, ...","URI":["asia","kazakhstan"]},{"id":"1781","channel":"Almaty TV, Almaty TV (KZ)","link":"http://live-almatytv.cdnvideo.ru/almatytv/almatytv.sdp/playlist.m3u8?checkedby:iptvcat.com","country":"kazakhstan","liveliness":"98","status":"online","lastChecked":"2020-08-17T00:00:00Z","format":"hd","mbps":"5020","URI":["europe","russian_federation","kazakhstan","russian federation"]},{"id":"13898","channel":"Astana TV, Astana TV (KZ)","link":"https://sc.id-tv.kz/Astana_38_39.m3u8?checkedby:iptvcat.com","country":"kazakhstan","liveliness":"86","status":"online","lastChecked":"2020-08-18T00:00:00Z","format":"sd","mbps":"1019","URI":["europe","russian_federation","kazakhstan","russian federation"]},{"id":"1781","channel":"Almaty TV, Almaty TV (KZ)","link":"http://live-almatytv.cdnvideo.ru/almatytv/almatytv.sdp/playlist.m3u8?checkedby:iptvcat.com","country":"kazakhstan","liveliness":"98","status":"online","lastChecked":"2020-08-17T00:00:00Z","format":"hd","mbps":"5020","URI":["europe","russian_federation","kazakhstan","russian federation"]},{"id":"13898","channel":"Astana TV, Astana TV (KZ)","link":"https://sc.id-tv.kz/Astana_38_39.m3u8?checkedby:iptvcat.com","country":"kazakhstan","liveliness":"86","status":"online","lastChecked":"2020-08-18T00:00:00Z","format":"sd","mbps":"1019","URI":["europe","russian_federation","kazakhstan","russian federation"]},{"id":"1781","channel":"Almaty TV, Almaty TV (KZ)","link":"http://live-almatytv.cdnvideo.ru/almatytv/almatytv.sdp/playlist.m3u8?checkedby:iptvcat.com","country":"kazakhstan","liveliness":"98","status":"online","lastChecked":"2020-08-17T00:00:00Z","format":"hd","mbps":"5020","URI":["europe","russian_federation","kazakhstan","russian federation"]},{"id":"13898","channel":"Astana TV, Astana TV (KZ)","link":"https://sc.id-tv.kz/Astana_38_39.m3u8?checkedby:iptvcat.com","country":"kazakhstan","liveliness":"86","status":"online","lastChecked":"2020-08-18T00:00:00Z","format":"sd","mbps":"1019","URI":["europe","russian_federation","kazakhstan","russian federation"]},{"id":"1781","channel":"Almaty TV, Almaty TV (KZ)","link":"http://live-almatytv.cdnvideo.ru/almatytv/almatytv.sdp/playlist.m3u8?checkedby:iptvcat.com","country":"kazakhstan","liveliness":"98","status":"online","lastChecked":"2020-08-17T00:00:00Z","format":"hd","mbps":"5020","URI":["europe","russian_federation","kazakhstan","russian federation"]},{"id":"13898","channel":"Astana TV, Astana TV (KZ)","link":"https://sc.id-tv.kz/Astana_38_39.m3u8?checkedby:iptvcat.com","country":"kazakhstan","liveliness":"86","status":"online","lastChecked":"2020-08-18T00:00:00Z","format":"sd","mbps":"1019","URI":["europe","russian_federation","kazakhstan","russian federation"]},{"id":"1781","channel":"Almaty TV, Almaty TV (KZ)","link":"http://live-almatytv.cdnvideo.ru/almatytv/almatytv.sdp/playlist.m3u8?checkedby:iptvcat.com","country":"kazakhstan","liveliness":"98","status":"online","lastChecked":"2020-08-17T00:00:00Z","format":"hd","mbps":"5020","URI":["europe","russian_federation","kazakhstan","russian federation"]},{"id":"13898","channel":"Astana TV, Astana TV (KZ)","link":"https://sc.id-tv.kz/Astana_38_39.m3u8?checkedby:iptvcat.com","country":"kazakhstan","liveliness":"86","status":"online","lastChecked":"2020-08-18T00:00:00Z","format":"sd","mbps":"1019","URI":["europe","russian_federation","kazakhstan","russian federation"]},{"id":"24327","channel":"Kazakh TV (RU) (Opt-2), Kazakh TV Russia, KZ | Kazakh TV Russia","link":"http://kazakhtvru.ultraiptv.com/live_ru/playlist1/index.m3u8?checkedby:iptvcat.com","country":"kazakhstan","liveliness":"99","status":"online","lastChecked":"2020-08-17T00:00:00Z","format":"sd","mbps":"1008","URI":["asia","north_america","united_states_of_america","north america","kazakhstan","united states of america"]}]