[{"id":"1805","channel":"RTK 1 HD","link":"http://stream1.rtkit.com:1935/rtk1stream/rtk1.stream/playlist.m3u8?checkedby:iptvcat.com","country":"kosovo","liveliness":"98","status":"online","lastChecked":"2020-08-17T00:00:00Z","format":"hd","mbps":"5020","URI":["kosovo"]},{"id":"1804","channel":"RTK 1 HD","link":"http://84.22.56.10:1935/rtk1stream/rtk1.stream/playlist.m3u8?checkedby:iptvcat.com","country":"kosovo","liveliness":"98","status":"online","lastChecked":"2020-08-17T00:00:00Z","format":"hd","mbps":"5020","URI":["kosovo"]},{"id":"1808","channel":"RTK 3","link":"http://stream2.rtkit.com:1935/rtk3stream/rtk3.stream/playlist.m3u8?checkedby:iptvcat.com","country":"kosovo","liveliness":"99","status":"online","lastChecked":"2020-08-17T00:00:00Z","format":"hd","mbps":"5020","URI":["kosovo"]},{"id":"1807","channel":"RTK 3","link":"http://stream2.rtkit.com:1935/rtk3stream/rtk3.stream/chunklist_w2121045972.m3u8?checkedby:iptvcat.com","country":"kosovo","liveliness":"99","status":"online","lastChecked":"2020-08-17T00:00:00Z","format":"hd","mbps":"5020","URI":["kosovo"]},{"id":"1806","channel":"RTK 3","link":"http://stream1.rtkit.com:1935/rtk3stream/rtk3.stream/playlist.m3u8?checkedby:iptvcat.com","country":"kosovo","liveliness":"99","status":"online","lastChecked":"2020-08-17T00:00:00Z","format":"hd","mbps":"5020","URI":["kosovo"]},{"id":"1811","channel":"RTK 4","link":"http://stream2.rtkit.com:1935/rtk4stream/rtk4.stream/chunklist_w599618358.m3u8?checkedby:iptvcat.com","country":"kosovo","liveliness":"97","status":"online","lastChecked":"2020-08-17T00:00:00Z","format":"hd","mbps":"5020","URI":["kosovo"]},{"id":"1810","channel":"RTK 4","link":"http://stream1.rtkit.com:1935/rtk4stream/rtk4.stream/playlist.m3u8?checkedby:iptvcat.com","country":"kosovo","liveliness":"97","status":"online","lastChecked":"2020-08-17T00:00:00Z","format":"hd","mbps":"5020","URI":["kosovo"]},{"id":"1809","channel":"RTK 4","link":"http://84.22.56.10:1935/rtk4stream/rtk4.stream/playlist.m3u8?checkedby:iptvcat.com","country":"kosovo","liveliness":"97","status":"online","lastChecked":"2020-08-17T00:00:00Z","format":"hd","mbps":"5020","URI":["kosovo"]},{"id":"1813","channel":"TV Dielli","link":"http://51.15.180.159:8081/play/hls/dielli/index.m3u8?checkedby:iptvcat.com","country":"kosovo","liveliness":"99","status":"online","lastChecked":"2020-08-17T00:00:00Z","format":"hd","mbps":"9905","URI":["kosovo"]}]