[{"id":"13908","channel":"KTV 1, KW | KTV 1","link":"https://kwmedia.hibridmedia.com/kwmedia/kwtv1_dabr/kwmedia/kwtv1_1080p/chunks.m3u8?checkedby:iptvcat.com","country":"kuwait","liveliness":"100","status":"online","lastChecked":"2020-08-17T00:00:00Z","format":"fhd 2k","mbps":"7004","URI":["asia","kuwait","arab_countries","arab countries"]},{"id":"13909","channel":"KTV 2, KW | KTV 2","link":"https://kwmedia.hibridmedia.com/kwmedia/kwtv2_dabr/kwmedia/kwtv2_1080p/chunks.m3u8?checkedby:iptvcat.com","country":"kuwait","liveliness":"100","status":"online","lastChecked":"2020-08-17T00:00:00Z","format":"fhd 2k","mbps":"7004","URI":["asia","kuwait","arab_countries","arab countries"]},{"id":"13910","channel":"KTV Al Majlis, KW | KTV Al Majlis","link":"https://kwmedia.hibridmedia.com/kwmedia/kwtvmajlis_dabr/kwmedia/kwtvmajlis_1080p/chunks.m3u8?checkedby:iptvcat.com","country":"kuwait","liveliness":"100","status":"online","lastChecked":"2020-08-17T00:00:00Z","format":"fhd 2k","mbps":"7004","URI":["asia","kuwait","arab_countries","arab countries"]},{"id":"13911","channel":"KTV Al Qurain, KW | KTV Al Qurain","link":"https://kwmedia.hibridmedia.com/kwmedia/kwtvqurain_dabr/kwmedia/kwtvqurain_1080p/chunks.m3u8?checkedby:iptvcat.com","country":"kuwait","liveliness":"100","status":"online","lastChecked":"2020-08-17T00:00:00Z","format":"fhd 2k","mbps":"7004","URI":["asia","kuwait","arab_countries","arab countries"]},{"id":"13912","channel":"KTV Arabe, KW | KTV Arabe","link":"https://kwmedia.hibridmedia.com/kwmedia/kwtvarabi_dabr/kwmedia/kwtvarabi_1080p/chunks.m3u8?checkedby:iptvcat.com","country":"kuwait","liveliness":"100","status":"online","lastChecked":"2020-08-17T00:00:00Z","format":"fhd 2k","mbps":"7004","URI":["asia","kuwait","arab_countries","arab countries"]},{"id":"13913","channel":"KTV Ethraa, KW | KTV Ethraa","link":"https://kwmedia.hibridmedia.com/kwmedia/kwtvethraa_dabr/kwmedia/kwtvethraa_1080p/chunks.m3u8?checkedby:iptvcat.com","country":"kuwait","liveliness":"100","status":"online","lastChecked":"2020-08-17T00:00:00Z","format":"fhd 2k","mbps":"7004","URI":["asia","kuwait","arab_countries","arab countries"]},{"id":"13914","channel":"KTV Kids, KW | KTV Kids","link":"https://kwmedia.hibridmedia.com/kwmedia/kwtvkids_dabr/kwmedia/kwtvkids_1080p/chunks.m3u8?checkedby:iptvcat.com","country":"kuwait","liveliness":"100","status":"online","lastChecked":"2020-08-17T00:00:00Z","format":"fhd 2k","mbps":"7004","URI":["asia","kuwait","arab_countries","arab countries"]},{"id":"56109","channel":"Alrai TV, KW | Alrai TV","link":"https://stream02.fasttelco.net/live/alrai.stream/chunklist.m3u8?checkedby:iptvcat.com","country":"kuwait","liveliness":"99","status":"online","lastChecked":"2020-08-17T00:00:00Z","format":"fhd 2k","mbps":"7004","URI":["asia","kuwait","arab_countries","arab countries"]},{"id":"56109","channel":"Alrai TV, KW | Alrai TV","link":"https://stream02.fasttelco.net/live/alrai.stream/chunklist.m3u8?checkedby:iptvcat.com","country":"kuwait","liveliness":"99","status":"online","lastChecked":"2020-08-17T00:00:00Z","format":"fhd 2k","mbps":"7004","URI":["asia","kuwait","arab_countries","arab countries"]},{"id":"56109","channel":"Alrai TV, KW | Alrai TV","link":"https://stream02.fasttelco.net/live/alrai.stream/chunklist.m3u8?checkedby:iptvcat.com","country":"kuwait","liveliness":"99","status":"online","lastChecked":"2020-08-17T00:00:00Z","format":"fhd 2k","mbps":"7004","URI":["asia","kuwait","arab_countries","arab countries"]},{"id":"1815","channel":"Alrai TV","link":"http://stream02.fasttelco.net/4/pub/asset/28/streams.m3u8?checkedby:iptvcat.com","country":"kuwait","liveliness":"100","status":"online","lastChecked":"2020-08-17T00:00:00Z","format":"fhd 2k","mbps":"7004","URI":["kuwait"]},{"id":"56109","channel":"Alrai TV, KW | Alrai TV","link":"https://stream02.fasttelco.net/live/alrai.stream/chunklist.m3u8?checkedby:iptvcat.com","country":"kuwait","liveliness":"99","status":"online","lastChecked":"2020-08-17T00:00:00Z","format":"fhd 2k","mbps":"7004","URI":["asia","kuwait","arab_countries","arab countries"]},{"id":"25725","channel":"Alrai TV","link":"https://stream02.fasttelco.net/4/pub/asset/28/streams.m3u8?v=1053886998\u0026checkedby:iptvcat.com","country":"kuwait","liveliness":"100","status":"online","lastChecked":"2020-08-17T00:00:00Z","format":"fhd 2k","mbps":"7004","URI":["kuwait"]},{"id":"25724","channel":"Alrai TV","link":"https://stream02.fasttelco.net/4/pub/asset/28/streams.m3u8?checkedby:iptvcat.com","country":"kuwait","liveliness":"100","status":"online","lastChecked":"2020-08-17T00:00:00Z","format":"fhd 2k","mbps":"7004","URI":["kuwait"]},{"id":"1816","channel":"Alrai TV","link":"http://stream02.fasttelco.net/4/pub/asset/28/streams.m3u8?v=1053886998\u0026checkedby:iptvcat.com","country":"kuwait","liveliness":"100","status":"online","lastChecked":"2020-08-17T00:00:00Z","format":"fhd 2k","mbps":"6983","URI":["kuwait"]},{"id":"1817","channel":"Ch4Teen","link":"https://dcunilive93-lh.akamaihd.net/i/dclive_1@835787/index_150_av-p.m3u8?checkedby:iptvcat.com","country":"kuwait","liveliness":"93","status":"online","lastChecked":"2020-08-17T00:00:00Z","format":"sd","mbps":"1765","URI":["kuwait"]},{"id":"13908","channel":"KTV 1, KW | KTV 1","link":"https://kwmedia.hibridmedia.com/kwmedia/kwtv1_dabr/kwmedia/kwtv1_1080p/chunks.m3u8?checkedby:iptvcat.com","country":"kuwait","liveliness":"100","status":"online","lastChecked":"2020-08-17T00:00:00Z","format":"fhd 2k","mbps":"7004","URI":["asia","kuwait","arab_countries","arab countries"]},{"id":"13909","channel":"KTV 2, KW | KTV 2","link":"https://kwmedia.hibridmedia.com/kwmedia/kwtv2_dabr/kwmedia/kwtv2_1080p/chunks.m3u8?checkedby:iptvcat.com","country":"kuwait","liveliness":"100","status":"online","lastChecked":"2020-08-17T00:00:00Z","format":"fhd 2k","mbps":"7004","URI":["asia","kuwait","arab_countries","arab countries"]},{"id":"13910","channel":"KTV Al Majlis, KW | KTV Al Majlis","link":"https://kwmedia.hibridmedia.com/kwmedia/kwtvmajlis_dabr/kwmedia/kwtvmajlis_1080p/chunks.m3u8?checkedby:iptvcat.com","country":"kuwait","liveliness":"100","status":"online","lastChecked":"2020-08-17T00:00:00Z","format":"fhd 2k","mbps":"7004","URI":["asia","kuwait","arab_countries","arab countries"]},{"id":"13911","channel":"KTV Al Qurain, KW | KTV Al Qurain","link":"https://kwmedia.hibridmedia.com/kwmedia/kwtvqurain_dabr/kwmedia/kwtvqurain_1080p/chunks.m3u8?checkedby:iptvcat.com","country":"kuwait","liveliness":"100","status":"online","lastChecked":"2020-08-17T00:00:00Z","format":"fhd 2k","mbps":"7004","URI":["asia","kuwait","arab_countries","arab countries"]},{"id":"13912","channel":"KTV Arabe, KW | KTV Arabe","link":"https://kwmedia.hibridmedia.com/kwmedia/kwtvarabi_dabr/kwmedia/kwtvarabi_1080p/chunks.m3u8?checkedby:iptvcat.com","country":"kuwait","liveliness":"100","status":"online","lastChecked":"2020-08-17T00:00:00Z","format":"fhd 2k","mbps":"7004","URI":["asia","kuwait","arab_countries","arab countries"]},{"id":"13913","channel":"KTV Ethraa, KW | KTV Ethraa","link":"https://kwmedia.hibridmedia.com/kwmedia/kwtvethraa_dabr/kwmedia/kwtvethraa_1080p/chunks.m3u8?checkedby:iptvcat.com","country":"kuwait","liveliness":"100","status":"online","lastChecked":"2020-08-17T00:00:00Z","format":"fhd 2k","mbps":"7004","URI":["asia","kuwait","arab_countries","arab countries"]},{"id":"13914","channel":"KTV Kids, KW | KTV Kids","link":"https://kwmedia.hibridmedia.com/kwmedia/kwtvkids_dabr/kwmedia/kwtvkids_1080p/chunks.m3u8?checkedby:iptvcat.com","country":"kuwait","liveliness":"100","status":"online","lastChecked":"2020-08-17T00:00:00Z","format":"fhd 2k","mbps":"7004","URI":["asia","kuwait","arab_countries","arab countries"]},{"id":"13915","channel":"KTV Sport, SPORT : KTV Sport, SPORT | KTV Sport","link":"https://kwmedia.hibridmedia.com/kwmedia/kwtvsports_dabr/kwmedia/kwtvsports_1080p/chunks.m3u8?checkedby:iptvcat.com","country":"kuwait","liveliness":"100","status":"online","lastChecked":"2020-08-17T00:00:00Z","format":"fhd 2k","mbps":"7004","URI":["kuwait","sport"]},{"id":"13916","channel":"KTV Sport Plus, SPORT : KTV Sport Plus, SPORT | KTV Sport Plus","link":"https://kwmedia.hibridmedia.com/kwmedia/kwtvsportsplus_dabr/kwmedia/kwtvsportsplus_1080p/chunks.m3u8?checkedby:iptvcat.com","country":"kuwait","liveliness":"100","status":"online","lastChecked":"2020-08-17T00:00:00Z","format":"fhd 2k","mbps":"7004","URI":["kuwait","sport"]},{"id":"56109","channel":"Alrai TV, KW | Alrai TV","link":"https://stream02.fasttelco.net/live/alrai.stream/chunklist.m3u8?checkedby:iptvcat.com","country":"kuwait","liveliness":"99","status":"online","lastChecked":"2020-08-17T00:00:00Z","format":"fhd 2k","mbps":"7004","URI":["asia","kuwait","arab_countries","arab countries"]},{"id":"13915","channel":"KTV Sport, SPORT : KTV Sport, SPORT | KTV Sport","link":"https://kwmedia.hibridmedia.com/kwmedia/kwtvsports_dabr/kwmedia/kwtvsports_1080p/chunks.m3u8?checkedby:iptvcat.com","country":"kuwait","liveliness":"100","status":"online","lastChecked":"2020-08-17T00:00:00Z","format":"fhd 2k","mbps":"7004","URI":["kuwait","sport"]},{"id":"13916","channel":"KTV Sport Plus, SPORT : KTV Sport Plus, SPORT | KTV Sport Plus","link":"https://kwmedia.hibridmedia.com/kwmedia/kwtvsportsplus_dabr/kwmedia/kwtvsportsplus_1080p/chunks.m3u8?checkedby:iptvcat.com","country":"kuwait","liveliness":"100","status":"online","lastChecked":"2020-08-17T00:00:00Z","format":"fhd 2k","mbps":"7004","URI":["kuwait","sport"]},{"id":"13915","channel":"KTV Sport, SPORT : KTV Sport, SPORT | KTV Sport","link":"https://kwmedia.hibridmedia.com/kwmedia/kwtvsports_dabr/kwmedia/kwtvsports_1080p/chunks.m3u8?checkedby:iptvcat.com","country":"kuwait","liveliness":"100","status":"online","lastChecked":"2020-08-17T00:00:00Z","format":"fhd 2k","mbps":"7004","URI":["kuwait","sport"]},{"id":"13916","channel":"KTV Sport Plus, SPORT : KTV Sport Plus, SPORT | KTV Sport Plus","link":"https://kwmedia.hibridmedia.com/kwmedia/kwtvsportsplus_dabr/kwmedia/kwtvsportsplus_1080p/chunks.m3u8?checkedby:iptvcat.com","country":"kuwait","liveliness":"100","status":"online","lastChecked":"2020-08-17T00:00:00Z","format":"fhd 2k","mbps":"7004","URI":["kuwait","sport"]},{"id":"25725","channel":"Alrai TV","link":"https://stream02.fasttelco.net/4/pub/asset/28/streams.m3u8?v=1053886998\u0026checkedby:iptvcat.com","country":"kuwait","liveliness":"100","status":"online","lastChecked":"2020-08-17T00:00:00Z","format":"fhd 2k","mbps":"7004","URI":["kuwait"]},{"id":"25724","channel":"Alrai TV","link":"https://stream02.fasttelco.net/4/pub/asset/28/streams.m3u8?checkedby:iptvcat.com","country":"kuwait","liveliness":"100","status":"online","lastChecked":"2020-08-17T00:00:00Z","format":"fhd 2k","mbps":"7004","URI":["kuwait"]},{"id":"1816","channel":"Alrai TV","link":"http://stream02.fasttelco.net/4/pub/asset/28/streams.m3u8?v=1053886998\u0026checkedby:iptvcat.com","country":"kuwait","liveliness":"100","status":"online","lastChecked":"2020-08-17T00:00:00Z","format":"fhd 2k","mbps":"6983","URI":["kuwait"]},{"id":"1815","channel":"Alrai TV","link":"http://stream02.fasttelco.net/4/pub/asset/28/streams.m3u8?checkedby:iptvcat.com","country":"kuwait","liveliness":"100","status":"online","lastChecked":"2020-08-17T00:00:00Z","format":"fhd 2k","mbps":"7004","URI":["kuwait"]},{"id":"56109","channel":"Alrai TV, KW | Alrai TV","link":"https://stream02.fasttelco.net/live/alrai.stream/chunklist.m3u8?checkedby:iptvcat.com","country":"kuwait","liveliness":"99","status":"online","lastChecked":"2020-08-17T00:00:00Z","format":"fhd 2k","mbps":"7004","URI":["asia","kuwait","arab_countries","arab countries"]},{"id":"1817","channel":"Ch4Teen","link":"https://dcunilive93-lh.akamaihd.net/i/dclive_1@835787/index_150_av-p.m3u8?checkedby:iptvcat.com","country":"kuwait","liveliness":"93","status":"online","lastChecked":"2020-08-17T00:00:00Z","format":"sd","mbps":"1765","URI":["kuwait"]},{"id":"13908","channel":"KTV 1, KW | KTV 1","link":"https://kwmedia.hibridmedia.com/kwmedia/kwtv1_dabr/kwmedia/kwtv1_1080p/chunks.m3u8?checkedby:iptvcat.com","country":"kuwait","liveliness":"100","status":"online","lastChecked":"2020-08-17T00:00:00Z","format":"fhd 2k","mbps":"7004","URI":["asia","kuwait","arab_countries","arab countries"]},{"id":"13909","channel":"KTV 2, KW | KTV 2","link":"https://kwmedia.hibridmedia.com/kwmedia/kwtv2_dabr/kwmedia/kwtv2_1080p/chunks.m3u8?checkedby:iptvcat.com","country":"kuwait","liveliness":"100","status":"online","lastChecked":"2020-08-17T00:00:00Z","format":"fhd 2k","mbps":"7004","URI":["asia","kuwait","arab_countries","arab countries"]},{"id":"13910","channel":"KTV Al Majlis, KW | KTV Al Majlis","link":"https://kwmedia.hibridmedia.com/kwmedia/kwtvmajlis_dabr/kwmedia/kwtvmajlis_1080p/chunks.m3u8?checkedby:iptvcat.com","country":"kuwait","liveliness":"100","status":"online","lastChecked":"2020-08-17T00:00:00Z","format":"fhd 2k","mbps":"7004","URI":["asia","kuwait","arab_countries","arab countries"]},{"id":"13911","channel":"KTV Al Qurain, KW | KTV Al Qurain","link":"https://kwmedia.hibridmedia.com/kwmedia/kwtvqurain_dabr/kwmedia/kwtvqurain_1080p/chunks.m3u8?checkedby:iptvcat.com","country":"kuwait","liveliness":"100","status":"online","lastChecked":"2020-08-17T00:00:00Z","format":"fhd 2k","mbps":"7004","URI":["asia","kuwait","arab_countries","arab countries"]},{"id":"13912","channel":"KTV Arabe, KW | KTV Arabe","link":"https://kwmedia.hibridmedia.com/kwmedia/kwtvarabi_dabr/kwmedia/kwtvarabi_1080p/chunks.m3u8?checkedby:iptvcat.com","country":"kuwait","liveliness":"100","status":"online","lastChecked":"2020-08-17T00:00:00Z","format":"fhd 2k","mbps":"7004","URI":["asia","kuwait","arab_countries","arab countries"]},{"id":"13913","channel":"KTV Ethraa, KW | KTV Ethraa","link":"https://kwmedia.hibridmedia.com/kwmedia/kwtvethraa_dabr/kwmedia/kwtvethraa_1080p/chunks.m3u8?checkedby:iptvcat.com","country":"kuwait","liveliness":"100","status":"online","lastChecked":"2020-08-17T00:00:00Z","format":"fhd 2k","mbps":"7004","URI":["asia","kuwait","arab_countries","arab countries"]},{"id":"13914","channel":"KTV Kids, KW | KTV Kids","link":"https://kwmedia.hibridmedia.com/kwmedia/kwtvkids_dabr/kwmedia/kwtvkids_1080p/chunks.m3u8?checkedby:iptvcat.com","country":"kuwait","liveliness":"100","status":"online","lastChecked":"2020-08-17T00:00:00Z","format":"fhd 2k","mbps":"7004","URI":["asia","kuwait","arab_countries","arab countries"]},{"id":"13915","channel":"KTV Sport, SPORT : KTV Sport, SPORT | KTV Sport","link":"https://kwmedia.hibridmedia.com/kwmedia/kwtvsports_dabr/kwmedia/kwtvsports_1080p/chunks.m3u8?checkedby:iptvcat.com","country":"kuwait","liveliness":"100","status":"online","lastChecked":"2020-08-17T00:00:00Z","format":"fhd 2k","mbps":"7004","URI":["kuwait","sport"]},{"id":"13916","channel":"KTV Sport Plus, SPORT : KTV Sport Plus, SPORT | KTV Sport Plus","link":"https://kwmedia.hibridmedia.com/kwmedia/kwtvsportsplus_dabr/kwmedia/kwtvsportsplus_1080p/chunks.m3u8?checkedby:iptvcat.com","country":"kuwait","liveliness":"100","status":"online","lastChecked":"2020-08-17T00:00:00Z","format":"fhd 2k","mbps":"7004","URI":["kuwait","sport"]},{"id":"13908","channel":"KTV 1, KW | KTV 1","link":"https://kwmedia.hibridmedia.com/kwmedia/kwtv1_dabr/kwmedia/kwtv1_1080p/chunks.m3u8?checkedby:iptvcat.com","country":"kuwait","liveliness":"100","status":"online","lastChecked":"2020-08-17T00:00:00Z","format":"fhd 2k","mbps":"7004","URI":["asia","kuwait","arab_countries","arab countries"]},{"id":"13909","channel":"KTV 2, KW | KTV 2","link":"https://kwmedia.hibridmedia.com/kwmedia/kwtv2_dabr/kwmedia/kwtv2_1080p/chunks.m3u8?checkedby:iptvcat.com","country":"kuwait","liveliness":"100","status":"online","lastChecked":"2020-08-17T00:00:00Z","format":"fhd 2k","mbps":"7004","URI":["asia","kuwait","arab_countries","arab countries"]},{"id":"13910","channel":"KTV Al Majlis, KW | KTV Al Majlis","link":"https://kwmedia.hibridmedia.com/kwmedia/kwtvmajlis_dabr/kwmedia/kwtvmajlis_1080p/chunks.m3u8?checkedby:iptvcat.com","country":"kuwait","liveliness":"100","status":"online","lastChecked":"2020-08-17T00:00:00Z","format":"fhd 2k","mbps":"7004","URI":["asia","kuwait","arab_countries","arab countries"]},{"id":"13911","channel":"KTV Al Qurain, KW | KTV Al Qurain","link":"https://kwmedia.hibridmedia.com/kwmedia/kwtvqurain_dabr/kwmedia/kwtvqurain_1080p/chunks.m3u8?checkedby:iptvcat.com","country":"kuwait","liveliness":"100","status":"online","lastChecked":"2020-08-17T00:00:00Z","format":"fhd 2k","mbps":"7004","URI":["asia","kuwait","arab_countries","arab countries"]},{"id":"13912","channel":"KTV Arabe, KW | KTV Arabe","link":"https://kwmedia.hibridmedia.com/kwmedia/kwtvarabi_dabr/kwmedia/kwtvarabi_1080p/chunks.m3u8?checkedby:iptvcat.com","country":"kuwait","liveliness":"100","status":"online","lastChecked":"2020-08-17T00:00:00Z","format":"fhd 2k","mbps":"7004","URI":["asia","kuwait","arab_countries","arab countries"]},{"id":"13913","channel":"KTV Ethraa, KW | KTV Ethraa","link":"https://kwmedia.hibridmedia.com/kwmedia/kwtvethraa_dabr/kwmedia/kwtvethraa_1080p/chunks.m3u8?checkedby:iptvcat.com","country":"kuwait","liveliness":"100","status":"online","lastChecked":"2020-08-17T00:00:00Z","format":"fhd 2k","mbps":"7004","URI":["asia","kuwait","arab_countries","arab countries"]},{"id":"13914","channel":"KTV Kids, KW | KTV Kids","link":"https://kwmedia.hibridmedia.com/kwmedia/kwtvkids_dabr/kwmedia/kwtvkids_1080p/chunks.m3u8?checkedby:iptvcat.com","country":"kuwait","liveliness":"100","status":"online","lastChecked":"2020-08-17T00:00:00Z","format":"fhd 2k","mbps":"7004","URI":["asia","kuwait","arab_countries","arab countries"]},{"id":"56109","channel":"Alrai TV, KW | Alrai TV","link":"https://stream02.fasttelco.net/live/alrai.stream/chunklist.m3u8?checkedby:iptvcat.com","country":"kuwait","liveliness":"99","status":"online","lastChecked":"2020-08-17T00:00:00Z","format":"fhd 2k","mbps":"7004","URI":["asia","kuwait","arab_countries","arab countries"]},{"id":"13908","channel":"KTV 1, KW | KTV 1","link":"https://kwmedia.hibridmedia.com/kwmedia/kwtv1_dabr/kwmedia/kwtv1_1080p/chunks.m3u8?checkedby:iptvcat.com","country":"kuwait","liveliness":"100","status":"online","lastChecked":"2020-08-17T00:00:00Z","format":"fhd 2k","mbps":"7004","URI":["asia","kuwait","arab_countries","arab countries"]},{"id":"13909","channel":"KTV 2, KW | KTV 2","link":"https://kwmedia.hibridmedia.com/kwmedia/kwtv2_dabr/kwmedia/kwtv2_1080p/chunks.m3u8?checkedby:iptvcat.com","country":"kuwait","liveliness":"100","status":"online","lastChecked":"2020-08-17T00:00:00Z","format":"fhd 2k","mbps":"7004","URI":["asia","kuwait","arab_countries","arab countries"]},{"id":"13910","channel":"KTV Al Majlis, KW | KTV Al Majlis","link":"https://kwmedia.hibridmedia.com/kwmedia/kwtvmajlis_dabr/kwmedia/kwtvmajlis_1080p/chunks.m3u8?checkedby:iptvcat.com","country":"kuwait","liveliness":"100","status":"online","lastChecked":"2020-08-17T00:00:00Z","format":"fhd 2k","mbps":"7004","URI":["asia","kuwait","arab_countries","arab countries"]},{"id":"13911","channel":"KTV Al Qurain, KW | KTV Al Qurain","link":"https://kwmedia.hibridmedia.com/kwmedia/kwtvqurain_dabr/kwmedia/kwtvqurain_1080p/chunks.m3u8?checkedby:iptvcat.com","country":"kuwait","liveliness":"100","status":"online","lastChecked":"2020-08-17T00:00:00Z","format":"fhd 2k","mbps":"7004","URI":["asia","kuwait","arab_countries","arab countries"]},{"id":"13912","channel":"KTV Arabe, KW | KTV Arabe","link":"https://kwmedia.hibridmedia.com/kwmedia/kwtvarabi_dabr/kwmedia/kwtvarabi_1080p/chunks.m3u8?checkedby:iptvcat.com","country":"kuwait","liveliness":"100","status":"online","lastChecked":"2020-08-17T00:00:00Z","format":"fhd 2k","mbps":"7004","URI":["asia","kuwait","arab_countries","arab countries"]},{"id":"13913","channel":"KTV Ethraa, KW | KTV Ethraa","link":"https://kwmedia.hibridmedia.com/kwmedia/kwtvethraa_dabr/kwmedia/kwtvethraa_1080p/chunks.m3u8?checkedby:iptvcat.com","country":"kuwait","liveliness":"100","status":"online","lastChecked":"2020-08-17T00:00:00Z","format":"fhd 2k","mbps":"7004","URI":["asia","kuwait","arab_countries","arab countries"]},{"id":"13914","channel":"KTV Kids, KW | KTV Kids","link":"https://kwmedia.hibridmedia.com/kwmedia/kwtvkids_dabr/kwmedia/kwtvkids_1080p/chunks.m3u8?checkedby:iptvcat.com","country":"kuwait","liveliness":"100","status":"online","lastChecked":"2020-08-17T00:00:00Z","format":"fhd 2k","mbps":"7004","URI":["asia","kuwait","arab_countries","arab countries"]},{"id":"56109","channel":"Alrai TV, KW | Alrai TV","link":"https://stream02.fasttelco.net/live/alrai.stream/chunklist.m3u8?checkedby:iptvcat.com","country":"kuwait","liveliness":"99","status":"online","lastChecked":"2020-08-17T00:00:00Z","format":"fhd 2k","mbps":"7004","URI":["asia","kuwait","arab_countries","arab countries"]}]