[{"id":"9665","channel":"HTV KG","link":"http://212.2.228.202:1935/live/htv.stream/playlist.m3u8?checkedby:iptvcat.com","country":"kyrgyzstan","liveliness":"100","status":"online","lastChecked":"2020-08-17T00:00:00Z","format":"sd","mbps":"1706","URI":["kyrgyzstan","asia"]},{"id":"13917","channel":"TV1 KG","link":"http://212.2.225.30:1935/live/site.stream/playlist.m3u8?checkedby:iptvcat.com","country":"kyrgyzstan","liveliness":"100","status":"online","lastChecked":"2020-08-17T00:00:00Z","format":"fhd 2k","mbps":"7986","URI":["kyrgyzstan"]},{"id":"1842","channel":"Любимый HD/ТНТ4","link":"http://92.245.103.126:1935/live/live.stream/playlist.m3u8?checkedby:iptvcat.com","country":"kyrgyzstan","liveliness":"98","status":"online","lastChecked":"2020-08-17T00:00:00Z","format":"sd","mbps":"1509","URI":["kyrgyzstan"]},{"id":"9665","channel":"HTV KG","link":"http://212.2.228.202:1935/live/htv.stream/playlist.m3u8?checkedby:iptvcat.com","country":"kyrgyzstan","liveliness":"100","status":"online","lastChecked":"2020-08-17T00:00:00Z","format":"sd","mbps":"1706","URI":["kyrgyzstan","asia"]}]