[{"id":"1843","channel":"Lao Champa TV","link":"https://livefta.malimarcdn.com/ftaedge00/laochampa1.sdp/chunklist.m3u8?checkedby:iptvcat.com","country":"laos","liveliness":"100","status":"online","lastChecked":"2020-08-17T00:00:00Z","format":"hd","mbps":"5991","URI":["laos"]},{"id":"1844","channel":"Lao Champa TV 2","link":"https://livefta.malimarcdn.com/ftaedge00/laochampa2.stream/chunklist.m3u8?checkedby:iptvcat.com","country":"laos","liveliness":"99","status":"online","lastChecked":"2020-08-17T00:00:00Z","format":"hd","mbps":"5997","URI":["laos"]},{"id":"1845","channel":"Lao Champa TV 3","link":"https://livefta.malimarcdn.com/ftaedge00/laochampa3.stream/chunklist.m3u8?checkedby:iptvcat.com","country":"laos","liveliness":"100","status":"online","lastChecked":"2020-08-17T00:00:00Z","format":"hd","mbps":"5991","URI":["laos"]}]