[{"id":"229849","channel":"13 MAX","link":"http://tvaz.top:80/arlan1/123456/71727?checkedby:iptvcat.com","country":"latin america","liveliness":"50","status":"online","lastChecked":"2020-08-16T00:00:00Z","format":"hd","mbps":"3188","URI":["latin_america","latin america"]},{"id":"229854","channel":"13 MAX ARGENTINA","link":"http://tvaz.top:80/arlan1/123456/71733?checkedby:iptvcat.com","country":"latin america","liveliness":"52","status":"online","lastChecked":"2020-08-17T00:00:00Z","format":"hd","mbps":"3188","URI":["latin_america","latin america"]},{"id":"229859","channel":"247 NOTICIAS","link":"http://tvaz.top:80/arlan1/123456/71740?checkedby:iptvcat.com","country":"latin america","liveliness":"56","status":"online","lastChecked":"2020-08-17T00:00:00Z","format":"hd","mbps":"5020","URI":["latin_america","latin america"]},{"id":"229823","channel":"ALCARRIA TV","link":"http://tvaz.top:80/arlan1/123456/71689?checkedby:iptvcat.com","country":"latin america","liveliness":"58","status":"online","lastChecked":"2020-08-18T00:00:00Z","format":"sd","mbps":"2883","URI":["latin_america","latin america"]},{"id":"229834","channel":"ANTARES TV","link":"http://tvaz.top:80/arlan1/123456/71702?checkedby:iptvcat.com","country":"latin america","liveliness":"54","status":"online","lastChecked":"2020-08-17T00:00:00Z","format":"hd","mbps":"4318","URI":["latin_america","latin america"]},{"id":"229855","channel":"Televisión Rionegrina","link":"http://tvaz.top:80/arlan1/123456/71734?checkedby:iptvcat.com","country":"latin america","liveliness":"57","status":"online","lastChecked":"2020-08-17T00:00:00Z","format":"hd","mbps":"5020","URI":["latin america","latin_america"]},{"id":"229873","channel":"UESTV CHILE","link":"http://tvaz.top:80/arlan1/123456/71766?checkedby:iptvcat.com","country":"latin america","liveliness":"58","status":"online","lastChecked":"2020-08-17T00:00:00Z","format":"sd","mbps":"2743, ...","URI":["latin america","latin_america"]},{"id":"229813","channel":"UNICANAL PARAGUAY","link":"http://tvaz.top:80/arlan1/123456/71677?checkedby:iptvcat.com","country":"latin america","liveliness":"56","status":"offline","lastChecked":"2020-08-17T00:00:00Z","format":"hd","mbps":"3625","URI":["latin america","latin_america"]},{"id":"229890","channel":"UNITV ARGENTINA","link":"http://tvaz.top:80/arlan1/123456/71786?checkedby:iptvcat.com","country":"latin america","liveliness":"58","status":"online","lastChecked":"2020-08-17T00:00:00Z","format":"hd","mbps":"3799","URI":["latin america","latin_america"]},{"id":"229821","channel":"WOW TV INFANTIL","link":"http://tvaz.top:80/arlan1/123456/71685?checkedby:iptvcat.com","country":"latin america","liveliness":"58","status":"online","lastChecked":"2020-08-16T00:00:00Z","format":"hd","mbps":"3795","URI":["latin america","latin_america"]},{"id":"229833","channel":"WOW TV SALVADOR","link":"http://tvaz.top:80/arlan1/123456/71701?checkedby:iptvcat.com","country":"latin america","liveliness":"58","status":"online","lastChecked":"2020-08-16T00:00:00Z","format":"hd","mbps":"3795","URI":["latin america","latin_america"]},{"id":"229864","channel":"TELEFORMULA","link":"http://tvaz.top:80/arlan1/123456/71747?checkedby:iptvcat.com","country":"latin america","liveliness":"58","status":"online","lastChecked":"2020-08-17T00:00:00Z","format":"hd","mbps":"5991, ...","URI":["latin america","latin_america"]},{"id":"229853","channel":"TELEMAX  ARGENTINA","link":"http://tvaz.top:80/arlan1/123456/71732?checkedby:iptvcat.com","country":"latin america","liveliness":"59","status":"online","lastChecked":"2020-08-17T00:00:00Z","format":"hd","mbps":"3625, ...","URI":["latin america","latin_america"]},{"id":"229820","channel":"TELEMAX ARGENTINA","link":"http://tvaz.top:80/arlan1/123456/71684?checkedby:iptvcat.com","country":"latin america","liveliness":"58","status":"online","lastChecked":"2020-08-17T00:00:00Z","format":"hd","mbps":"3625","URI":["latin america","latin_america"]},{"id":"229817","channel":"TELESAFOR","link":"http://tvaz.top:80/arlan1/123456/71681?checkedby:iptvcat.com","country":"latin america","liveliness":"58","status":"online","lastChecked":"2020-08-18T00:00:00Z","format":"sd","mbps":"542","URI":["latin america","latin_america"]},{"id":"229866","channel":"TELESUR COSTA RICA","link":"http://tvaz.top:80/arlan1/123456/71749?checkedby:iptvcat.com","country":"latin america","liveliness":"56","status":"online","lastChecked":"2020-08-17T00:00:00Z","format":"hd","mbps":"3799","URI":["latin america","latin_america"]},{"id":"229845","channel":"TEM HONDURAS","link":"http://tvaz.top:80/arlan1/123456/71721?checkedby:iptvcat.com","country":"latin america","liveliness":"58","status":"online","lastChecked":"2020-08-17T00:00:00Z","format":"hd","mbps":"5991, ...","URI":["latin america","latin_america"]},{"id":"229886","channel":"TEN TV HONDURAS","link":"http://tvaz.top:80/arlan1/123456/71782?checkedby:iptvcat.com","country":"latin america","liveliness":"58","status":"online","lastChecked":"2020-08-17T00:00:00Z","format":"hd","mbps":"5991","URI":["latin america","latin_america"]},{"id":"229878","channel":"TV 7 MURCIA ESPANA","link":"http://tvaz.top:80/arlan1/123456/71773?checkedby:iptvcat.com","country":"latin america","liveliness":"58","status":"online","lastChecked":"2020-08-17T00:00:00Z","format":"sd","mbps":"1357","URI":["latin america","latin_america"]},{"id":"229894","channel":"TV FATIMA PORTUGAL","link":"http://tvaz.top:80/arlan1/123456/71792?checkedby:iptvcat.com","country":"latin america","liveliness":"58","status":"online","lastChecked":"2020-08-17T00:00:00Z","format":"fhd 2k","mbps":"11126","URI":["latin america","latin_america"]},{"id":"229870","channel":"TV GALICIA AMERICA","link":"http://tvaz.top:80/arlan1/123456/71758?checkedby:iptvcat.com","country":"latin america","liveliness":"58","status":"online","lastChecked":"2020-08-17T00:00:00Z","format":"hd","mbps":"9905, ...","URI":["latin america","latin_america"]},{"id":"229816","channel":"TV GALICIA ESPANA","link":"http://tvaz.top:80/arlan1/123456/71680?checkedby:iptvcat.com","country":"latin america","liveliness":"58","status":"online","lastChecked":"2020-08-18T00:00:00Z","format":"hd","mbps":"9905, ...","URI":["latin america","latin_america"]},{"id":"229885","channel":"TV MARTI LATINO","link":"http://tvaz.top:80/arlan1/123456/71781?checkedby:iptvcat.com","country":"latin america","liveliness":"58","status":"online","lastChecked":"2020-08-17T00:00:00Z","format":"sd","mbps":"2740, ...","URI":["latin america","latin_america"]},{"id":"229899","channel":"TV MAX PORTUGAL","link":"http://tvaz.top:80/arlan1/123456/71797?checkedby:iptvcat.com","country":"latin america","liveliness":"53","status":"online","lastChecked":"2020-08-17T00:00:00Z","format":"hd","mbps":"4318","URI":["latin america","latin_america"]},{"id":"229902","channel":"TV PARANA","link":"http://tvaz.top:80/arlan1/123456/71804?checkedby:iptvcat.com","country":"latin america","liveliness":"58","status":"online","lastChecked":"2020-08-17T00:00:00Z","format":"sd","mbps":"1220","URI":["latin america","latin_america"]},{"id":"229815","channel":"TV PERU NOTICIAS","link":"http://tvaz.top:80/arlan1/123456/71679?checkedby:iptvcat.com","country":"latin america","liveliness":"58","status":"online","lastChecked":"2020-08-17T00:00:00Z","format":"sd","mbps":"1841","URI":["latin america","latin_america"]},{"id":"229893","channel":"TVA ANGOLA PORTUGAL","link":"http://tvaz.top:80/arlan1/123456/71790?checkedby:iptvcat.com","country":"latin america","liveliness":"58","status":"online","lastChecked":"2020-08-17T00:00:00Z","format":"sd","mbps":"1497","URI":["latin america","latin_america"]},{"id":"229844","channel":"Teleceiba Canal 7","link":"http://tvaz.top:80/arlan1/123456/71720?checkedby:iptvcat.com","country":"latin america","liveliness":"58","status":"online","lastChecked":"2020-08-17T00:00:00Z","format":"sd","mbps":"1984, ...","URI":["latin america","latin_america"]},{"id":"229868","channel":"TELE CARIBE","link":"http://tvaz.top:80/arlan1/123456/71752?checkedby:iptvcat.com","country":"latin america","liveliness":"58","status":"online","lastChecked":"2020-08-17T00:00:00Z","format":"hd","mbps":"3795","URI":["latin america","latin_america"]},{"id":"229843","channel":"TELE ISLAS","link":"http://tvaz.top:80/arlan1/123456/71719?checkedby:iptvcat.com","country":"latin america","liveliness":"58","status":"online","lastChecked":"2020-08-17T00:00:00Z","format":"sd","mbps":"1724","URI":["latin america","latin_america"]},{"id":"229867","channel":"TELE MEDELLIN COLOMBIA","link":"http://tvaz.top:80/arlan1/123456/71751?checkedby:iptvcat.com","country":"latin america","liveliness":"59","status":"online","lastChecked":"2020-08-18T00:00:00Z","format":"hd","mbps":"5991","URI":["latin america","latin_america"]},{"id":"229869","channel":"TELECARIBE DEPORTES","link":"http://tvaz.top:80/arlan1/123456/71753?checkedby:iptvcat.com","country":"latin america","liveliness":"58","status":"online","lastChecked":"2020-08-17T00:00:00Z","format":"hd","mbps":"3795","URI":["latin america","latin_america","sport"]},{"id":"229828","channel":"RETRO MUSIC","link":"http://tvaz.top:80/arlan1/123456/71694?checkedby:iptvcat.com","country":"latin america","liveliness":"58","status":"online","lastChecked":"2020-08-18T00:00:00Z","format":"sd","mbps":"1008","URI":["latin america","latin_america"]},{"id":"229900","channel":"RETV.ES ESPANA","link":"http://tvaz.top:80/arlan1/123456/71798?checkedby:iptvcat.com","country":"latin america","liveliness":"58","status":"online","lastChecked":"2020-08-17T00:00:00Z","format":"hd","mbps":"3262, ...","URI":["latin america","latin_america"]},{"id":"303295","channel":"SD","link":"http://hdonline.ml:80/live/kam/kam/3851.m3u8?checkedby:iptvcat.com","country":"latin america","liveliness":"45","status":"online","lastChecked":"2020-08-17T00:00:00Z","format":"hd","mbps":"5020","URI":["latin america","latin_america"]},{"id":"303293","channel":"SD","link":"http://hdonline.ml:80/live/kam/kam/3850.m3u8?checkedby:iptvcat.com","country":"latin america","liveliness":"26","status":"offline","lastChecked":"2020-08-19T00:00:00Z","format":"fhd 2k","mbps":"7004","URI":["latin america","latin_america"]},{"id":"302511","channel":"SD","link":"http://hdonline.ml:80/live/kam/kam/3739.m3u8?checkedby:iptvcat.com","country":"latin america","liveliness":"31","status":"offline","lastChecked":"2020-08-19T00:00:00Z","format":"sd","mbps":"1795","URI":["latin america","latin_america"]},{"id":"303062","channel":"SD","link":"http://hdonline.ml:80/live/kam/kam/3814.m3u8?checkedby:iptvcat.com","country":"latin america","liveliness":"16","status":"offline","lastChecked":"2020-08-19T00:00:00Z","format":"sd","mbps":"2478","URI":["latin america","latin_america"]},{"id":"302510","channel":"SD","link":"http://hdonline.ml:80/live/kam/kam/3737.m3u8?checkedby:iptvcat.com","country":"latin america","liveliness":"18","status":"offline","lastChecked":"2020-08-19T00:00:00Z","format":"sd","mbps":"1601","URI":["latin america","latin_america"]},{"id":"303055","channel":"SD","link":"http://hdonline.ml:80/live/kam/kam/3805.m3u8?checkedby:iptvcat.com","country":"latin america","liveliness":"21","status":"offline","lastChecked":"2020-08-19T00:00:00Z","format":"sd","mbps":"1478","URI":["latin america","latin_america"]},{"id":"302496","channel":"SD","link":"http://hdonline.ml:80/live/kam/kam/3724.m3u8?checkedby:iptvcat.com","country":"latin america","liveliness":"29","status":"offline","lastChecked":"2020-08-19T00:00:00Z","format":"sd","mbps":"986","URI":["latin america","latin_america"]},{"id":"303052","channel":"SD","link":"http://hdonline.ml:80/live/kam/kam/3803.m3u8?checkedby:iptvcat.com","country":"latin america","liveliness":"25","status":"offline","lastChecked":"2020-08-19T00:00:00Z","format":"sd","mbps":"1153","URI":["latin america","latin_america"]},{"id":"302493","channel":"SD","link":"http://hdonline.ml:80/live/kam/kam/3721.m3u8?checkedby:iptvcat.com","country":"latin america","liveliness":"18","status":"offline","lastChecked":"2020-08-19T00:00:00Z","format":"sd","mbps":"986","URI":["latin america","latin_america"]},{"id":"303051","channel":"SD","link":"http://hdonline.ml:80/live/kam/kam/3802.m3u8?checkedby:iptvcat.com","country":"latin america","liveliness":"21","status":"offline","lastChecked":"2020-08-19T00:00:00Z","format":"hd","mbps":"3799","URI":["latin america","latin_america"]},{"id":"302463","channel":"SD","link":"http://hdonline.ml:80/live/kam/kam/3706.m3u8?checkedby:iptvcat.com","country":"latin america","liveliness":"31","status":"offline","lastChecked":"2020-08-19T00:00:00Z","format":"sd","mbps":"1996","URI":["latin america","latin_america"]},{"id":"303045","channel":"SD","link":"http://hdonline.ml:80/live/kam/kam/3798.m3u8?checkedby:iptvcat.com","country":"latin america","liveliness":"18","status":"offline","lastChecked":"2020-08-19T00:00:00Z","format":"sd","mbps":"4532","URI":["latin america","latin_america"]},{"id":"302456","channel":"SD","link":"http://hdonline.ml:80/live/kam/kam/3701.m3u8?checkedby:iptvcat.com","country":"latin america","liveliness":"18","status":"offline","lastChecked":"2020-08-19T00:00:00Z","format":"sd","mbps":"2088","URI":["latin america","latin_america"]},{"id":"302843","channel":"SD","link":"http://hdonline.ml:80/live/kam/kam/3779.m3u8?checkedby:iptvcat.com","country":"latin america","liveliness":"17","status":"offline","lastChecked":"2020-08-19T00:00:00Z","format":"sd","mbps":"1993","URI":["latin america","latin_america"]},{"id":"302644","channel":"SD","link":"http://hdonline.ml:80/live/kam/kam/3768.m3u8?checkedby:iptvcat.com","country":"latin america","liveliness":"31","status":"offline","lastChecked":"2020-08-19T00:00:00Z","format":"hd","mbps":"5991","URI":["latin america","latin_america"]},{"id":"303492","channel":"SD","link":"http://hdonline.ml:80/live/kam/kam/3940.m3u8?checkedby:iptvcat.com","country":"latin america","liveliness":"42","status":"offline","lastChecked":"2020-08-19T00:00:00Z","format":"sd","mbps":"2308","URI":["latin america","latin_america"]},{"id":"302558","channel":"SD","link":"http://hdonline.ml:80/live/kam/kam/3758.m3u8?checkedby:iptvcat.com","country":"latin america","liveliness":"21","status":"offline","lastChecked":"2020-08-19T00:00:00Z","format":"sd","mbps":"2331","URI":["latin america","latin_america"]},{"id":"303372","channel":"SD","link":"http://hdonline.ml:80/live/kam/kam/3894.m3u8?checkedby:iptvcat.com","country":"latin america","liveliness":"33","status":"offline","lastChecked":"2020-08-19T00:00:00Z","format":"sd","mbps":"1181","URI":["latin america","latin_america"]},{"id":"302552","channel":"SD","link":"http://hdonline.ml:80/live/kam/kam/3757.m3u8?checkedby:iptvcat.com","country":"latin america","liveliness":"21","status":"offline","lastChecked":"2020-08-19T00:00:00Z","format":"sd","mbps":"1795","URI":["latin america","latin_america"]},{"id":"303349","channel":"SD","link":"http://hdonline.ml:80/live/kam/kam/3893.m3u8?checkedby:iptvcat.com","country":"latin america","liveliness":"45","status":"offline","lastChecked":"2020-08-17T00:00:00Z","format":"sd","mbps":"1181","URI":["latin america","latin_america"]},{"id":"302549","channel":"SD","link":"http://hdonline.ml:80/live/kam/kam/3756.m3u8?checkedby:iptvcat.com","country":"latin america","liveliness":"25","status":"offline","lastChecked":"2020-08-19T00:00:00Z","format":"hd","mbps":"3799","URI":["latin america","latin_america"]},{"id":"303310","channel":"SD","link":"http://hdonline.ml:80/live/kam/kam/3881.m3u8?checkedby:iptvcat.com","country":"latin america","liveliness":"36","status":"offline","lastChecked":"2020-08-19T00:00:00Z","format":"sd","mbps":"1906","URI":["latin america","latin_america"]},{"id":"303316","channel":"SD","link":"http://hdonline.ml:80/live/kam/kam/3888.m3u8?checkedby:iptvcat.com","country":"latin america","liveliness":"11","status":"offline","lastChecked":"2020-08-19T00:00:00Z","format":"fhd 2k","mbps":"13311","URI":["latin america","latin_america"]},{"id":"303307","channel":"SD","link":"http://hdonline.ml:80/live/kam/kam/3868.m3u8?checkedby:iptvcat.com","country":"latin america","liveliness":"45","status":"offline","lastChecked":"2020-08-17T00:00:00Z","format":"sd","mbps":"1181","URI":["latin america","latin_america"]},{"id":"302516","channel":"SD","link":"http://hdonline.ml:80/live/kam/kam/3744.m3u8?checkedby:iptvcat.com","country":"latin america","liveliness":"31","status":"offline","lastChecked":"2020-08-19T00:00:00Z","format":"sd","mbps":"1181","URI":["latin america","latin_america"]},{"id":"302559","channel":"SD*","link":"http://hdonline.ml:80/live/kam/kam/3759.m3u8?checkedby:iptvcat.com","country":"latin america","liveliness":"25","status":"offline","lastChecked":"2020-08-19T00:00:00Z","format":"fhd 2k","mbps":"13311","URI":["latin america","latin_america"]},{"id":"229863","channel":"ONCE MEXICO","link":"http://tvaz.top:80/arlan1/123456/71746?checkedby:iptvcat.com","country":"latin america","liveliness":"58","status":"online","lastChecked":"2020-08-17T00:00:00Z","format":"sd","mbps":"1601","URI":["latin america","latin_america"]},{"id":"229836","channel":"OVACION","link":"http://tvaz.top:80/arlan1/123456/71704?checkedby:iptvcat.com","country":"latin america","liveliness":"58","status":"online","lastChecked":"2020-08-16T00:00:00Z","format":"hd","mbps":"4318","URI":["latin america","latin_america"]},{"id":"229829","channel":"Onda Cadiz","link":"http://tvaz.top:80/arlan1/123456/71696?checkedby:iptvcat.com","country":"latin america","liveliness":"56","status":"online","lastChecked":"2020-08-17T00:00:00Z","format":"sd","mbps":"685","URI":["latin america","latin_america"]},{"id":"229892","channel":"PORTO CANAL PORTUGAL","link":"http://tvaz.top:80/arlan1/123456/71788?checkedby:iptvcat.com","country":"latin america","liveliness":"58","status":"online","lastChecked":"2020-08-17T00:00:00Z","format":"sd","mbps":"1008","URI":["latin america","latin_america"]},{"id":"229842","channel":"PROVINCIAL TV","link":"http://tvaz.top:80/arlan1/123456/71717?checkedby:iptvcat.com","country":"latin america","liveliness":"53","status":"online","lastChecked":"2020-08-17T00:00:00Z","format":"sd","mbps":"1181, ...","URI":["latin america","latin_america"]},{"id":"229888","channel":"RADIO NUMBER ONE TV","link":"http://tvaz.top:80/arlan1/123456/71784?checkedby:iptvcat.com","country":"latin america","liveliness":"52","status":"online","lastChecked":"2020-08-17T00:00:00Z","format":"hd","mbps":"3625","URI":["latin america","latin_america"]},{"id":"229857","channel":"RADIO TV NEUQUEN","link":"http://tvaz.top:80/arlan1/123456/71738?checkedby:iptvcat.com","country":"latin america","liveliness":"58","status":"online","lastChecked":"2020-08-17T00:00:00Z","format":"hd","mbps":"3625","URI":["latin america","latin_america"]},{"id":"229901","channel":"REAL MADRID","link":"http://tvaz.top:80/arlan1/123456/71803?checkedby:iptvcat.com","country":"latin america","liveliness":"58","status":"online","lastChecked":"2020-08-17T00:00:00Z","format":"sd","mbps":"1099, ...","URI":["latin america","latin_america"]},{"id":"229889","channel":"IPE TV LATINO","link":"http://tvaz.top:80/arlan1/123456/71785?checkedby:iptvcat.com","country":"latin america","liveliness":"61","status":"online","lastChecked":"2020-08-16T00:00:00Z","format":"sd","mbps":"1600","URI":["latin america","latin_america"]},{"id":"229897","channel":"KURIAKOS CINE PORTUGAL","link":"http://tvaz.top:80/arlan1/123456/71795?checkedby:iptvcat.com","country":"latin america","liveliness":"57","status":"online","lastChecked":"2020-08-17T00:00:00Z","format":"fhd 2k","mbps":"7986","URI":["latin america","latin_america"]},{"id":"229896","channel":"KURIAKOS KIDS PORTUGAL","link":"http://tvaz.top:80/arlan1/123456/71794?checkedby:iptvcat.com","country":"latin america","liveliness":"58","status":"online","lastChecked":"2020-08-17T00:00:00Z","format":"fhd 2k","mbps":"11126","URI":["latin america","latin_america"]},{"id":"229895","channel":"KURIAKOS PORTUGAL","link":"http://tvaz.top:80/arlan1/123456/71793?checkedby:iptvcat.com","country":"latin america","liveliness":"58","status":"online","lastChecked":"2020-08-17T00:00:00Z","format":"fhd 2k","mbps":"7986","URI":["latin america","latin_america"]},{"id":"229832","channel":"LANCELOT TV","link":"http://tvaz.top:80/arlan1/123456/71699?checkedby:iptvcat.com","country":"latin america","liveliness":"52","status":"offline","lastChecked":"2020-08-17T00:00:00Z","format":"sd","mbps":"1008","URI":["latin america","latin_america"]},{"id":"229824","channel":"LASUPER TV","link":"http://tvaz.top:80/arlan1/123456/71690?checkedby:iptvcat.com","country":"latin america","liveliness":"58","status":"online","lastChecked":"2020-08-18T00:00:00Z","format":"sd","mbps":"1996","URI":["latin america","latin_america"]},{"id":"229812","channel":"M2O Music Channel","link":"http://tvaz.top:80/arlan1/123456/71676?checkedby:iptvcat.com","country":"latin america","liveliness":"58","status":"online","lastChecked":"2020-08-18T00:00:00Z","format":"sd","mbps":"1357","URI":["latin america","latin_america"]},{"id":"229880","channel":"MELODY CHANNEL LATINO","link":"http://tvaz.top:80/arlan1/123456/71775?checkedby:iptvcat.com","country":"latin america","liveliness":"58","status":"online","lastChecked":"2020-08-17T00:00:00Z","format":"sd","mbps":"2740","URI":["latin america","latin_america"]},{"id":"229847","channel":"MICROVISION","link":"http://tvaz.top:80/arlan1/123456/71724?checkedby:iptvcat.com","country":"latin america","liveliness":"56","status":"online","lastChecked":"2020-08-17T00:00:00Z","format":"hd","mbps":"4318","URI":["latin america","latin_america"]},{"id":"229840","channel":"MILENIO TV","link":"http://tvaz.top:80/arlan1/123456/71711?checkedby:iptvcat.com","country":"latin america","liveliness":"58","status":"online","lastChecked":"2020-08-17T00:00:00Z","format":"hd","mbps":"5997","URI":["latin america","latin_america"]},{"id":"229884","channel":"MODA FASHION SHOW","link":"http://tvaz.top:80/arlan1/123456/71780?checkedby:iptvcat.com","country":"latin america","liveliness":"58","status":"online","lastChecked":"2020-08-17T00:00:00Z","format":"fhd 2k","mbps":"7004","URI":["latin america","latin_america"]},{"id":"229861","channel":"MULTIMEDIOS MEXICO","link":"http://tvaz.top:80/arlan1/123456/71743?checkedby:iptvcat.com","country":"latin america","liveliness":"30","status":"offline","lastChecked":"2020-08-17T00:00:00Z","format":"hd","mbps":"5991, ...","URI":["latin america","latin_america"]},{"id":"229858","channel":"MULTIVISION","link":"http://tvaz.top:80/arlan1/123456/71739?checkedby:iptvcat.com","country":"latin america","liveliness":"55","status":"online","lastChecked":"2020-08-17T00:00:00Z","format":"hd","mbps":"9905","URI":["latin america","latin_america"]},{"id":"229850","channel":"MULTIVISION ARGENTINA","link":"http://tvaz.top:80/arlan1/123456/71728?checkedby:iptvcat.com","country":"latin america","liveliness":"56","status":"online","lastChecked":"2020-08-17T00:00:00Z","format":"hd","mbps":"9905","URI":["latin america","latin_america"]},{"id":"229826","channel":"MUSIC TOP","link":"http://tvaz.top:80/arlan1/123456/71692?checkedby:iptvcat.com","country":"latin america","liveliness":"59","status":"online","lastChecked":"2020-08-17T00:00:00Z","format":"hd","mbps":"3625","URI":["latin america","latin_america"]},{"id":"229875","channel":"MUSIC TOP LATINO","link":"http://tvaz.top:80/arlan1/123456/71769?checkedby:iptvcat.com","country":"latin america","liveliness":"58","status":"online","lastChecked":"2020-08-17T00:00:00Z","format":"hd","mbps":"3625, ...","URI":["latin america","latin_america"]},{"id":"302503","channel":"HD","link":"http://hdonline.ml:80/live/kam/kam/3732.m3u8?checkedby:iptvcat.com","country":"latin america","liveliness":"29","status":"offline","lastChecked":"2020-08-19T00:00:00Z","format":"hd","mbps":"5991","URI":["latin america","latin_america"]},{"id":"303034","channel":"HD","link":"http://hdonline.ml:80/live/kam/kam/3792.m3u8?checkedby:iptvcat.com","country":"latin america","liveliness":"15","status":"offline","lastChecked":"2020-08-19T00:00:00Z","format":"hd","mbps":"4322","URI":["latin america","latin_america"]},{"id":"303562","channel":"HD","link":"http://hdonline.ml:80/live/kam/kam/3952.m3u8?checkedby:iptvcat.com","country":"latin america","liveliness":"56","status":"offline","lastChecked":"2020-08-17T00:00:00Z","format":"fhd 2k","mbps":"7004","URI":["latin america","latin_america"]},{"id":"303399","channel":"HD","link":"http://hdonline.ml:80/live/kam/kam/3902.m3u8?checkedby:iptvcat.com","country":"latin america","liveliness":"12","status":"offline","lastChecked":"2020-08-19T00:00:00Z","format":"sd","mbps":"3429","URI":["latin america","latin_america"]},{"id":"303311","channel":"HD","link":"http://hdonline.ml:80/live/kam/kam/3885.m3u8?checkedby:iptvcat.com","country":"latin america","liveliness":"17","status":"offline","lastChecked":"2020-08-19T00:00:00Z","format":"hd","mbps":"4318","URI":["latin america","latin_america"]},{"id":"302522","channel":"HD","link":"http://hdonline.ml:80/live/kam/kam/3749.m3u8?checkedby:iptvcat.com","country":"latin america","liveliness":"21","status":"offline","lastChecked":"2020-08-19T00:00:00Z","format":"sd","mbps":"2283","URI":["latin america","latin_america"]},{"id":"303312","channel":"HD","link":"http://hdonline.ml:80/live/kam/kam/3886.m3u8?checkedby:iptvcat.com","country":"latin america","liveliness":"24","status":"offline","lastChecked":"2020-08-19T00:00:00Z","format":"sd","mbps":"1765","URI":["latin america","latin_america"]},{"id":"229883","channel":"HECHOS ECUADOR","link":"http://tvaz.top:80/arlan1/123456/71778?checkedby:iptvcat.com","country":"latin america","liveliness":"63","status":"online","lastChecked":"2020-08-17T00:00:00Z","format":"hd","mbps":"3799","URI":["latin america","latin_america"]},{"id":"229879","channel":"HBTV TICAVISION COSTA RICA","link":"http://tvaz.top:80/arlan1/123456/71774?checkedby:iptvcat.com","country":"latin america","liveliness":"40","status":"online","lastChecked":"2020-08-17T00:00:00Z","format":"hd","mbps":"4322","URI":["latin america","latin_america"]},{"id":"302512","channel":"HD","link":"http://hdonline.ml:80/live/kam/kam/3741.m3u8?checkedby:iptvcat.com","country":"latin america","liveliness":"18","status":"offline","lastChecked":"2020-08-19T00:00:00Z","format":"sd","mbps":"1051","URI":["latin america","latin_america"]},{"id":"325953","channel":"HD","link":"http://hdonline.ml:80/live/colin/colin/3220.m3u8?checkedby:iptvcat.com","country":"latin america","liveliness":"27","status":"offline","lastChecked":"2020-08-19T00:00:00Z","format":"hd","mbps":"5991","URI":["latin america","latin_america"]},{"id":"303060","channel":"HD","link":"http://hdonline.ml:80/live/kam/kam/3812.m3u8?checkedby:iptvcat.com","country":"latin america","liveliness":"29","status":"offline","lastChecked":"2020-08-19T00:00:00Z","format":"hd","mbps":"4318","URI":["latin america","latin_america"]},{"id":"229827","channel":"FOX MIX","link":"http://tvaz.top:80/arlan1/123456/71693?checkedby:iptvcat.com","country":"latin america","liveliness":"43","status":"online","lastChecked":"2020-08-17T00:00:00Z","format":"sd","mbps":"11212","URI":["latin america","latin_america"]},{"id":"229877","channel":"GALICIA EUROPA","link":"http://tvaz.top:80/arlan1/123456/71772?checkedby:iptvcat.com","country":"latin america","liveliness":"58","status":"online","lastChecked":"2020-08-17T00:00:00Z","format":"hd","mbps":"9905, ...","URI":["latin america","latin_america"]},{"id":"229865","channel":"GENIAL TV","link":"http://tvaz.top:80/arlan1/123456/71748?checkedby:iptvcat.com","country":"latin america","liveliness":"55","status":"online","lastChecked":"2020-08-17T00:00:00Z","format":"hd","mbps":"4318","URI":["latin america","latin_america"]},{"id":"229819","channel":"DW","link":"http://tvaz.top:80/arlan1/123456/71683?checkedby:iptvcat.com","country":"latin america","liveliness":"58","status":"online","lastChecked":"2020-08-18T00:00:00Z","format":"sd","mbps":"1662","URI":["latin america","latin_america"]},{"id":"229874","channel":"ESTREMA TV","link":"http://tvaz.top:80/arlan1/123456/71767?checkedby:iptvcat.com","country":"latin america","liveliness":"58","status":"online","lastChecked":"2020-08-17T00:00:00Z","format":"hd","mbps":"5991","URI":["latin america","latin_america"]},{"id":"229871","channel":"ETB SAT ESPANA","link":"http://tvaz.top:80/arlan1/123456/71762?checkedby:iptvcat.com","country":"latin america","liveliness":"58","status":"online","lastChecked":"2020-08-17T00:00:00Z","format":"sd","mbps":"626, ...","URI":["latin america","latin_america"]},{"id":"229830","channel":"ETB Sat","link":"http://tvaz.top:80/arlan1/123456/71697?checkedby:iptvcat.com","country":"latin america","liveliness":"58","status":"online","lastChecked":"2020-08-18T00:00:00Z","format":"sd","mbps":"626","URI":["latin america","latin_america"]},{"id":"229822","channel":"EXTREMA TV","link":"http://tvaz.top:80/arlan1/123456/71688?checkedby:iptvcat.com","country":"latin america","liveliness":"58","status":"online","lastChecked":"2020-08-18T00:00:00Z","format":"hd","mbps":"5991","URI":["latin america","latin_america"]},{"id":"229860","channel":"CIUDAD TV CHACO","link":"http://tvaz.top:80/arlan1/123456/71742?checkedby:iptvcat.com","country":"latin america","liveliness":"58","status":"online","lastChecked":"2020-08-17T00:00:00Z","format":"hd","mbps":"3188","URI":["latin america","latin_america"]},{"id":"229849","channel":"13 MAX","link":"http://tvaz.top:80/arlan1/123456/71727?checkedby:iptvcat.com","country":"latin america","liveliness":"50","status":"online","lastChecked":"2020-08-16T00:00:00Z","format":"hd","mbps":"3188","URI":["latin_america","latin america"]},{"id":"229854","channel":"13 MAX ARGENTINA","link":"http://tvaz.top:80/arlan1/123456/71733?checkedby:iptvcat.com","country":"latin america","liveliness":"52","status":"online","lastChecked":"2020-08-17T00:00:00Z","format":"hd","mbps":"3188","URI":["latin_america","latin america"]},{"id":"229859","channel":"247 NOTICIAS","link":"http://tvaz.top:80/arlan1/123456/71740?checkedby:iptvcat.com","country":"latin america","liveliness":"56","status":"online","lastChecked":"2020-08-17T00:00:00Z","format":"hd","mbps":"5020","URI":["latin_america","latin america"]},{"id":"229823","channel":"ALCARRIA TV","link":"http://tvaz.top:80/arlan1/123456/71689?checkedby:iptvcat.com","country":"latin america","liveliness":"58","status":"online","lastChecked":"2020-08-18T00:00:00Z","format":"sd","mbps":"2883","URI":["latin_america","latin america"]},{"id":"229834","channel":"ANTARES TV","link":"http://tvaz.top:80/arlan1/123456/71702?checkedby:iptvcat.com","country":"latin america","liveliness":"54","status":"online","lastChecked":"2020-08-17T00:00:00Z","format":"hd","mbps":"4318","URI":["latin_america","latin america"]},{"id":"229876","channel":"CALIFORNIA MUSIC CHANNEL","link":"http://tvaz.top:80/arlan1/123456/71770?checkedby:iptvcat.com","country":"latin america","liveliness":"58","status":"online","lastChecked":"2020-08-17T00:00:00Z","format":"hd","mbps":"3795","URI":["latin america","latin_america"]},{"id":"229848","channel":"CAMPUS TV","link":"http://tvaz.top:80/arlan1/123456/71725?checkedby:iptvcat.com","country":"latin america","liveliness":"57","status":"offline","lastChecked":"2020-08-17T00:00:00Z","format":"sd","mbps":"1600","URI":["latin america","latin_america"]},{"id":"229839","channel":"CANAL 10 CHETUMAL","link":"http://tvaz.top:80/arlan1/123456/71708?checkedby:iptvcat.com","country":"latin america","liveliness":"58","status":"online","lastChecked":"2020-08-17T00:00:00Z","format":"hd","mbps":"5991","URI":["latin america","latin_america"]},{"id":"229862","channel":"CANAL 10 MEXICO","link":"http://tvaz.top:80/arlan1/123456/71744?checkedby:iptvcat.com","country":"latin america","liveliness":"58","status":"online","lastChecked":"2020-08-17T00:00:00Z","format":"hd","mbps":"5991","URI":["latin america","latin_america"]},{"id":"229881","channel":"CANAL 15 MEXICO","link":"http://tvaz.top:80/arlan1/123456/71776?checkedby:iptvcat.com","country":"latin america","liveliness":"58","status":"online","lastChecked":"2020-08-17T00:00:00Z","format":"sd","mbps":"1181","URI":["latin america","latin_america"]},{"id":"229882","channel":"CANAL 2 NICARAGUA","link":"http://tvaz.top:80/arlan1/123456/71777?checkedby:iptvcat.com","country":"latin america","liveliness":"58","status":"online","lastChecked":"2020-08-17T00:00:00Z","format":"sd","mbps":"441","URI":["latin america","latin_america"]},{"id":"229852","channel":"CANAL 26 ARGENTINA","link":"http://tvaz.top:80/arlan1/123456/71731?checkedby:iptvcat.com","country":"latin america","liveliness":"58","status":"online","lastChecked":"2020-08-17T00:00:00Z","format":"hd","mbps":"4322","URI":["latin america","latin_america"]},{"id":"229856","channel":"CANAL 4 POSADAS","link":"http://tvaz.top:80/arlan1/123456/71735?checkedby:iptvcat.com","country":"latin america","liveliness":"56","status":"online","lastChecked":"2020-08-18T00:00:00Z","format":"sd","mbps":"1008","URI":["latin america","latin_america"]},{"id":"229831","channel":"CANAL 4 TENERIFE","link":"http://tvaz.top:80/arlan1/123456/71698?checkedby:iptvcat.com","country":"latin america","liveliness":"58","status":"online","lastChecked":"2020-08-18T00:00:00Z","format":"sd","mbps":"746","URI":["latin america","latin_america"]},{"id":"229838","channel":"CANAL 8 ESPANA","link":"http://tvaz.top:80/arlan1/123456/71707?checkedby:iptvcat.com","country":"latin america","liveliness":"58","status":"online","lastChecked":"2020-08-17T00:00:00Z","format":"sd","mbps":"1099","URI":["latin america","latin_america"]},{"id":"229891","channel":"CANAL 9 ARGENTINA","link":"http://tvaz.top:80/arlan1/123456/71787?checkedby:iptvcat.com","country":"latin america","liveliness":"56","status":"online","lastChecked":"2020-08-17T00:00:00Z","format":"hd","mbps":"9905","URI":["latin america","latin_america"]},{"id":"229851","channel":"CANAL ONCE","link":"http://tvaz.top:80/arlan1/123456/71729?checkedby:iptvcat.com","country":"latin america","liveliness":"58","status":"online","lastChecked":"2020-08-17T00:00:00Z","format":"sd","mbps":"2743, ...","URI":["latin america","latin_america"]},{"id":"229841","channel":"CANAL ONCE MEXICO","link":"http://tvaz.top:80/arlan1/123456/71714?checkedby:iptvcat.com","country":"latin america","liveliness":"58","status":"online","lastChecked":"2020-08-17T00:00:00Z","format":"sd","mbps":"2743, ...","URI":["latin america","latin_america"]},{"id":"229872","channel":"CAROLINA TV","link":"http://tvaz.top:80/arlan1/123456/71764?checkedby:iptvcat.com","country":"latin america","liveliness":"34","status":"online","lastChecked":"2020-08-17T00:00:00Z","format":"sd","mbps":"2743, ...","URI":["latin america","latin_america"]},{"id":"229837","channel":"CENTRAL TV","link":"http://tvaz.top:80/arlan1/123456/71705?checkedby:iptvcat.com","country":"latin america","liveliness":"46","status":"offline","lastChecked":"2020-08-17T00:00:00Z","format":"sd","mbps":"2743","URI":["latin america","latin_america"]},{"id":"229849","channel":"13 MAX","link":"http://tvaz.top:80/arlan1/123456/71727?checkedby:iptvcat.com","country":"latin america","liveliness":"50","status":"online","lastChecked":"2020-08-16T00:00:00Z","format":"hd","mbps":"3188","URI":["latin_america","latin america"]},{"id":"229854","channel":"13 MAX ARGENTINA","link":"http://tvaz.top:80/arlan1/123456/71733?checkedby:iptvcat.com","country":"latin america","liveliness":"52","status":"online","lastChecked":"2020-08-17T00:00:00Z","format":"hd","mbps":"3188","URI":["latin_america","latin america"]},{"id":"229859","channel":"247 NOTICIAS","link":"http://tvaz.top:80/arlan1/123456/71740?checkedby:iptvcat.com","country":"latin america","liveliness":"56","status":"online","lastChecked":"2020-08-17T00:00:00Z","format":"hd","mbps":"5020","URI":["latin_america","latin america"]},{"id":"229823","channel":"ALCARRIA TV","link":"http://tvaz.top:80/arlan1/123456/71689?checkedby:iptvcat.com","country":"latin america","liveliness":"58","status":"online","lastChecked":"2020-08-18T00:00:00Z","format":"sd","mbps":"2883","URI":["latin_america","latin america"]},{"id":"229834","channel":"ANTARES TV","link":"http://tvaz.top:80/arlan1/123456/71702?checkedby:iptvcat.com","country":"latin america","liveliness":"54","status":"online","lastChecked":"2020-08-17T00:00:00Z","format":"hd","mbps":"4318","URI":["latin_america","latin america"]},{"id":"229855","channel":"Televisión Rionegrina","link":"http://tvaz.top:80/arlan1/123456/71734?checkedby:iptvcat.com","country":"latin america","liveliness":"57","status":"online","lastChecked":"2020-08-17T00:00:00Z","format":"hd","mbps":"5020","URI":["latin america","latin_america"]},{"id":"229873","channel":"UESTV CHILE","link":"http://tvaz.top:80/arlan1/123456/71766?checkedby:iptvcat.com","country":"latin america","liveliness":"58","status":"online","lastChecked":"2020-08-17T00:00:00Z","format":"sd","mbps":"2743, ...","URI":["latin america","latin_america"]},{"id":"229813","channel":"UNICANAL PARAGUAY","link":"http://tvaz.top:80/arlan1/123456/71677?checkedby:iptvcat.com","country":"latin america","liveliness":"56","status":"offline","lastChecked":"2020-08-17T00:00:00Z","format":"hd","mbps":"3625","URI":["latin america","latin_america"]},{"id":"229890","channel":"UNITV ARGENTINA","link":"http://tvaz.top:80/arlan1/123456/71786?checkedby:iptvcat.com","country":"latin america","liveliness":"58","status":"online","lastChecked":"2020-08-17T00:00:00Z","format":"hd","mbps":"3799","URI":["latin america","latin_america"]},{"id":"229821","channel":"WOW TV INFANTIL","link":"http://tvaz.top:80/arlan1/123456/71685?checkedby:iptvcat.com","country":"latin america","liveliness":"58","status":"online","lastChecked":"2020-08-16T00:00:00Z","format":"hd","mbps":"3795","URI":["latin america","latin_america"]},{"id":"229833","channel":"WOW TV SALVADOR","link":"http://tvaz.top:80/arlan1/123456/71701?checkedby:iptvcat.com","country":"latin america","liveliness":"58","status":"online","lastChecked":"2020-08-16T00:00:00Z","format":"hd","mbps":"3795","URI":["latin america","latin_america"]},{"id":"229864","channel":"TELEFORMULA","link":"http://tvaz.top:80/arlan1/123456/71747?checkedby:iptvcat.com","country":"latin america","liveliness":"58","status":"online","lastChecked":"2020-08-17T00:00:00Z","format":"hd","mbps":"5991, ...","URI":["latin america","latin_america"]},{"id":"229853","channel":"TELEMAX  ARGENTINA","link":"http://tvaz.top:80/arlan1/123456/71732?checkedby:iptvcat.com","country":"latin america","liveliness":"59","status":"online","lastChecked":"2020-08-17T00:00:00Z","format":"hd","mbps":"3625, ...","URI":["latin america","latin_america"]},{"id":"229820","channel":"TELEMAX ARGENTINA","link":"http://tvaz.top:80/arlan1/123456/71684?checkedby:iptvcat.com","country":"latin america","liveliness":"58","status":"online","lastChecked":"2020-08-17T00:00:00Z","format":"hd","mbps":"3625","URI":["latin america","latin_america"]},{"id":"229817","channel":"TELESAFOR","link":"http://tvaz.top:80/arlan1/123456/71681?checkedby:iptvcat.com","country":"latin america","liveliness":"58","status":"online","lastChecked":"2020-08-18T00:00:00Z","format":"sd","mbps":"542","URI":["latin america","latin_america"]},{"id":"229866","channel":"TELESUR COSTA RICA","link":"http://tvaz.top:80/arlan1/123456/71749?checkedby:iptvcat.com","country":"latin america","liveliness":"56","status":"online","lastChecked":"2020-08-17T00:00:00Z","format":"hd","mbps":"3799","URI":["latin america","latin_america"]},{"id":"229845","channel":"TEM HONDURAS","link":"http://tvaz.top:80/arlan1/123456/71721?checkedby:iptvcat.com","country":"latin america","liveliness":"58","status":"online","lastChecked":"2020-08-17T00:00:00Z","format":"hd","mbps":"5991, ...","URI":["latin america","latin_america"]},{"id":"229886","channel":"TEN TV HONDURAS","link":"http://tvaz.top:80/arlan1/123456/71782?checkedby:iptvcat.com","country":"latin america","liveliness":"58","status":"online","lastChecked":"2020-08-17T00:00:00Z","format":"hd","mbps":"5991","URI":["latin america","latin_america"]},{"id":"229878","channel":"TV 7 MURCIA ESPANA","link":"http://tvaz.top:80/arlan1/123456/71773?checkedby:iptvcat.com","country":"latin america","liveliness":"58","status":"online","lastChecked":"2020-08-17T00:00:00Z","format":"sd","mbps":"1357","URI":["latin america","latin_america"]},{"id":"229894","channel":"TV FATIMA PORTUGAL","link":"http://tvaz.top:80/arlan1/123456/71792?checkedby:iptvcat.com","country":"latin america","liveliness":"58","status":"online","lastChecked":"2020-08-17T00:00:00Z","format":"fhd 2k","mbps":"11126","URI":["latin america","latin_america"]},{"id":"229870","channel":"TV GALICIA AMERICA","link":"http://tvaz.top:80/arlan1/123456/71758?checkedby:iptvcat.com","country":"latin america","liveliness":"58","status":"online","lastChecked":"2020-08-17T00:00:00Z","format":"hd","mbps":"9905, ...","URI":["latin america","latin_america"]},{"id":"229816","channel":"TV GALICIA ESPANA","link":"http://tvaz.top:80/arlan1/123456/71680?checkedby:iptvcat.com","country":"latin america","liveliness":"58","status":"online","lastChecked":"2020-08-18T00:00:00Z","format":"hd","mbps":"9905, ...","URI":["latin america","latin_america"]},{"id":"229885","channel":"TV MARTI LATINO","link":"http://tvaz.top:80/arlan1/123456/71781?checkedby:iptvcat.com","country":"latin america","liveliness":"58","status":"online","lastChecked":"2020-08-17T00:00:00Z","format":"sd","mbps":"2740, ...","URI":["latin america","latin_america"]},{"id":"229899","channel":"TV MAX PORTUGAL","link":"http://tvaz.top:80/arlan1/123456/71797?checkedby:iptvcat.com","country":"latin america","liveliness":"53","status":"online","lastChecked":"2020-08-17T00:00:00Z","format":"hd","mbps":"4318","URI":["latin america","latin_america"]},{"id":"229902","channel":"TV PARANA","link":"http://tvaz.top:80/arlan1/123456/71804?checkedby:iptvcat.com","country":"latin america","liveliness":"58","status":"online","lastChecked":"2020-08-17T00:00:00Z","format":"sd","mbps":"1220","URI":["latin america","latin_america"]},{"id":"229815","channel":"TV PERU NOTICIAS","link":"http://tvaz.top:80/arlan1/123456/71679?checkedby:iptvcat.com","country":"latin america","liveliness":"58","status":"online","lastChecked":"2020-08-17T00:00:00Z","format":"sd","mbps":"1841","URI":["latin america","latin_america"]},{"id":"229893","channel":"TVA ANGOLA PORTUGAL","link":"http://tvaz.top:80/arlan1/123456/71790?checkedby:iptvcat.com","country":"latin america","liveliness":"58","status":"online","lastChecked":"2020-08-17T00:00:00Z","format":"sd","mbps":"1497","URI":["latin america","latin_america"]},{"id":"229844","channel":"Teleceiba Canal 7","link":"http://tvaz.top:80/arlan1/123456/71720?checkedby:iptvcat.com","country":"latin america","liveliness":"58","status":"online","lastChecked":"2020-08-17T00:00:00Z","format":"sd","mbps":"1984, ...","URI":["latin america","latin_america"]},{"id":"229868","channel":"TELE CARIBE","link":"http://tvaz.top:80/arlan1/123456/71752?checkedby:iptvcat.com","country":"latin america","liveliness":"58","status":"online","lastChecked":"2020-08-17T00:00:00Z","format":"hd","mbps":"3795","URI":["latin america","latin_america"]},{"id":"229843","channel":"TELE ISLAS","link":"http://tvaz.top:80/arlan1/123456/71719?checkedby:iptvcat.com","country":"latin america","liveliness":"58","status":"online","lastChecked":"2020-08-17T00:00:00Z","format":"sd","mbps":"1724","URI":["latin america","latin_america"]},{"id":"229867","channel":"TELE MEDELLIN COLOMBIA","link":"http://tvaz.top:80/arlan1/123456/71751?checkedby:iptvcat.com","country":"latin america","liveliness":"59","status":"online","lastChecked":"2020-08-18T00:00:00Z","format":"hd","mbps":"5991","URI":["latin america","latin_america"]},{"id":"229869","channel":"TELECARIBE DEPORTES","link":"http://tvaz.top:80/arlan1/123456/71753?checkedby:iptvcat.com","country":"latin america","liveliness":"58","status":"online","lastChecked":"2020-08-17T00:00:00Z","format":"hd","mbps":"3795","URI":["latin america","latin_america","sport"]},{"id":"229828","channel":"RETRO MUSIC","link":"http://tvaz.top:80/arlan1/123456/71694?checkedby:iptvcat.com","country":"latin america","liveliness":"58","status":"online","lastChecked":"2020-08-18T00:00:00Z","format":"sd","mbps":"1008","URI":["latin america","latin_america"]},{"id":"229900","channel":"RETV.ES ESPANA","link":"http://tvaz.top:80/arlan1/123456/71798?checkedby:iptvcat.com","country":"latin america","liveliness":"58","status":"online","lastChecked":"2020-08-17T00:00:00Z","format":"hd","mbps":"3262, ...","URI":["latin america","latin_america"]},{"id":"303295","channel":"SD","link":"http://hdonline.ml:80/live/kam/kam/3851.m3u8?checkedby:iptvcat.com","country":"latin america","liveliness":"45","status":"online","lastChecked":"2020-08-17T00:00:00Z","format":"hd","mbps":"5020","URI":["latin america","latin_america"]},{"id":"302496","channel":"SD","link":"http://hdonline.ml:80/live/kam/kam/3724.m3u8?checkedby:iptvcat.com","country":"latin america","liveliness":"29","status":"offline","lastChecked":"2020-08-19T00:00:00Z","format":"sd","mbps":"986","URI":["latin america","latin_america"]},{"id":"303052","channel":"SD","link":"http://hdonline.ml:80/live/kam/kam/3803.m3u8?checkedby:iptvcat.com","country":"latin america","liveliness":"25","status":"offline","lastChecked":"2020-08-19T00:00:00Z","format":"sd","mbps":"1153","URI":["latin america","latin_america"]},{"id":"302493","channel":"SD","link":"http://hdonline.ml:80/live/kam/kam/3721.m3u8?checkedby:iptvcat.com","country":"latin america","liveliness":"18","status":"offline","lastChecked":"2020-08-19T00:00:00Z","format":"sd","mbps":"986","URI":["latin america","latin_america"]},{"id":"303051","channel":"SD","link":"http://hdonline.ml:80/live/kam/kam/3802.m3u8?checkedby:iptvcat.com","country":"latin america","liveliness":"21","status":"offline","lastChecked":"2020-08-19T00:00:00Z","format":"hd","mbps":"3799","URI":["latin america","latin_america"]},{"id":"302463","channel":"SD","link":"http://hdonline.ml:80/live/kam/kam/3706.m3u8?checkedby:iptvcat.com","country":"latin america","liveliness":"31","status":"offline","lastChecked":"2020-08-19T00:00:00Z","format":"sd","mbps":"1996","URI":["latin america","latin_america"]},{"id":"303045","channel":"SD","link":"http://hdonline.ml:80/live/kam/kam/3798.m3u8?checkedby:iptvcat.com","country":"latin america","liveliness":"18","status":"offline","lastChecked":"2020-08-19T00:00:00Z","format":"sd","mbps":"4532","URI":["latin america","latin_america"]},{"id":"302456","channel":"SD","link":"http://hdonline.ml:80/live/kam/kam/3701.m3u8?checkedby:iptvcat.com","country":"latin america","liveliness":"18","status":"offline","lastChecked":"2020-08-19T00:00:00Z","format":"sd","mbps":"2088","URI":["latin america","latin_america"]},{"id":"302843","channel":"SD","link":"http://hdonline.ml:80/live/kam/kam/3779.m3u8?checkedby:iptvcat.com","country":"latin america","liveliness":"17","status":"offline","lastChecked":"2020-08-19T00:00:00Z","format":"sd","mbps":"1993","URI":["latin america","latin_america"]},{"id":"303492","channel":"SD","link":"http://hdonline.ml:80/live/kam/kam/3940.m3u8?checkedby:iptvcat.com","country":"latin america","liveliness":"42","status":"offline","lastChecked":"2020-08-19T00:00:00Z","format":"sd","mbps":"2308","URI":["latin america","latin_america"]},{"id":"302644","channel":"SD","link":"http://hdonline.ml:80/live/kam/kam/3768.m3u8?checkedby:iptvcat.com","country":"latin america","liveliness":"31","status":"offline","lastChecked":"2020-08-19T00:00:00Z","format":"hd","mbps":"5991","URI":["latin america","latin_america"]},{"id":"303372","channel":"SD","link":"http://hdonline.ml:80/live/kam/kam/3894.m3u8?checkedby:iptvcat.com","country":"latin america","liveliness":"33","status":"offline","lastChecked":"2020-08-19T00:00:00Z","format":"sd","mbps":"1181","URI":["latin america","latin_america"]},{"id":"302558","channel":"SD","link":"http://hdonline.ml:80/live/kam/kam/3758.m3u8?checkedby:iptvcat.com","country":"latin america","liveliness":"21","status":"offline","lastChecked":"2020-08-19T00:00:00Z","format":"sd","mbps":"2331","URI":["latin america","latin_america"]},{"id":"303349","channel":"SD","link":"http://hdonline.ml:80/live/kam/kam/3893.m3u8?checkedby:iptvcat.com","country":"latin america","liveliness":"45","status":"offline","lastChecked":"2020-08-17T00:00:00Z","format":"sd","mbps":"1181","URI":["latin america","latin_america"]},{"id":"302552","channel":"SD","link":"http://hdonline.ml:80/live/kam/kam/3757.m3u8?checkedby:iptvcat.com","country":"latin america","liveliness":"21","status":"offline","lastChecked":"2020-08-19T00:00:00Z","format":"sd","mbps":"1795","URI":["latin america","latin_america"]},{"id":"303310","channel":"SD","link":"http://hdonline.ml:80/live/kam/kam/3881.m3u8?checkedby:iptvcat.com","country":"latin america","liveliness":"36","status":"offline","lastChecked":"2020-08-19T00:00:00Z","format":"sd","mbps":"1906","URI":["latin america","latin_america"]},{"id":"303316","channel":"SD","link":"http://hdonline.ml:80/live/kam/kam/3888.m3u8?checkedby:iptvcat.com","country":"latin america","liveliness":"11","status":"offline","lastChecked":"2020-08-19T00:00:00Z","format":"fhd 2k","mbps":"13311","URI":["latin america","latin_america"]},{"id":"302549","channel":"SD","link":"http://hdonline.ml:80/live/kam/kam/3756.m3u8?checkedby:iptvcat.com","country":"latin america","liveliness":"25","status":"offline","lastChecked":"2020-08-19T00:00:00Z","format":"hd","mbps":"3799","URI":["latin america","latin_america"]},{"id":"303307","channel":"SD","link":"http://hdonline.ml:80/live/kam/kam/3868.m3u8?checkedby:iptvcat.com","country":"latin america","liveliness":"45","status":"offline","lastChecked":"2020-08-17T00:00:00Z","format":"sd","mbps":"1181","URI":["latin america","latin_america"]},{"id":"302516","channel":"SD","link":"http://hdonline.ml:80/live/kam/kam/3744.m3u8?checkedby:iptvcat.com","country":"latin america","liveliness":"31","status":"offline","lastChecked":"2020-08-19T00:00:00Z","format":"sd","mbps":"1181","URI":["latin america","latin_america"]},{"id":"303293","channel":"SD","link":"http://hdonline.ml:80/live/kam/kam/3850.m3u8?checkedby:iptvcat.com","country":"latin america","liveliness":"26","status":"offline","lastChecked":"2020-08-19T00:00:00Z","format":"fhd 2k","mbps":"7004","URI":["latin america","latin_america"]},{"id":"302511","channel":"SD","link":"http://hdonline.ml:80/live/kam/kam/3739.m3u8?checkedby:iptvcat.com","country":"latin america","liveliness":"31","status":"offline","lastChecked":"2020-08-19T00:00:00Z","format":"sd","mbps":"1795","URI":["latin america","latin_america"]},{"id":"303062","channel":"SD","link":"http://hdonline.ml:80/live/kam/kam/3814.m3u8?checkedby:iptvcat.com","country":"latin america","liveliness":"16","status":"offline","lastChecked":"2020-08-19T00:00:00Z","format":"sd","mbps":"2478","URI":["latin america","latin_america"]},{"id":"302510","channel":"SD","link":"http://hdonline.ml:80/live/kam/kam/3737.m3u8?checkedby:iptvcat.com","country":"latin america","liveliness":"18","status":"offline","lastChecked":"2020-08-19T00:00:00Z","format":"sd","mbps":"1601","URI":["latin america","latin_america"]},{"id":"303055","channel":"SD","link":"http://hdonline.ml:80/live/kam/kam/3805.m3u8?checkedby:iptvcat.com","country":"latin america","liveliness":"21","status":"offline","lastChecked":"2020-08-19T00:00:00Z","format":"sd","mbps":"1478","URI":["latin america","latin_america"]},{"id":"302559","channel":"SD*","link":"http://hdonline.ml:80/live/kam/kam/3759.m3u8?checkedby:iptvcat.com","country":"latin america","liveliness":"25","status":"offline","lastChecked":"2020-08-19T00:00:00Z","format":"fhd 2k","mbps":"13311","URI":["latin america","latin_america"]},{"id":"229863","channel":"ONCE MEXICO","link":"http://tvaz.top:80/arlan1/123456/71746?checkedby:iptvcat.com","country":"latin america","liveliness":"58","status":"online","lastChecked":"2020-08-17T00:00:00Z","format":"sd","mbps":"1601","URI":["latin america","latin_america"]},{"id":"229836","channel":"OVACION","link":"http://tvaz.top:80/arlan1/123456/71704?checkedby:iptvcat.com","country":"latin america","liveliness":"58","status":"online","lastChecked":"2020-08-16T00:00:00Z","format":"hd","mbps":"4318","URI":["latin america","latin_america"]},{"id":"229829","channel":"Onda Cadiz","link":"http://tvaz.top:80/arlan1/123456/71696?checkedby:iptvcat.com","country":"latin america","liveliness":"56","status":"online","lastChecked":"2020-08-17T00:00:00Z","format":"sd","mbps":"685","URI":["latin america","latin_america"]},{"id":"229892","channel":"PORTO CANAL PORTUGAL","link":"http://tvaz.top:80/arlan1/123456/71788?checkedby:iptvcat.com","country":"latin america","liveliness":"58","status":"online","lastChecked":"2020-08-17T00:00:00Z","format":"sd","mbps":"1008","URI":["latin america","latin_america"]},{"id":"229842","channel":"PROVINCIAL TV","link":"http://tvaz.top:80/arlan1/123456/71717?checkedby:iptvcat.com","country":"latin america","liveliness":"53","status":"online","lastChecked":"2020-08-17T00:00:00Z","format":"sd","mbps":"1181, ...","URI":["latin america","latin_america"]},{"id":"229888","channel":"RADIO NUMBER ONE TV","link":"http://tvaz.top:80/arlan1/123456/71784?checkedby:iptvcat.com","country":"latin america","liveliness":"52","status":"online","lastChecked":"2020-08-17T00:00:00Z","format":"hd","mbps":"3625","URI":["latin america","latin_america"]},{"id":"229857","channel":"RADIO TV NEUQUEN","link":"http://tvaz.top:80/arlan1/123456/71738?checkedby:iptvcat.com","country":"latin america","liveliness":"58","status":"online","lastChecked":"2020-08-17T00:00:00Z","format":"hd","mbps":"3625","URI":["latin america","latin_america"]},{"id":"229901","channel":"REAL MADRID","link":"http://tvaz.top:80/arlan1/123456/71803?checkedby:iptvcat.com","country":"latin america","liveliness":"58","status":"online","lastChecked":"2020-08-17T00:00:00Z","format":"sd","mbps":"1099, ...","URI":["latin america","latin_america"]},{"id":"229889","channel":"IPE TV LATINO","link":"http://tvaz.top:80/arlan1/123456/71785?checkedby:iptvcat.com","country":"latin america","liveliness":"61","status":"online","lastChecked":"2020-08-16T00:00:00Z","format":"sd","mbps":"1600","URI":["latin america","latin_america"]},{"id":"229897","channel":"KURIAKOS CINE PORTUGAL","link":"http://tvaz.top:80/arlan1/123456/71795?checkedby:iptvcat.com","country":"latin america","liveliness":"57","status":"online","lastChecked":"2020-08-17T00:00:00Z","format":"fhd 2k","mbps":"7986","URI":["latin america","latin_america"]},{"id":"229896","channel":"KURIAKOS KIDS PORTUGAL","link":"http://tvaz.top:80/arlan1/123456/71794?checkedby:iptvcat.com","country":"latin america","liveliness":"58","status":"online","lastChecked":"2020-08-17T00:00:00Z","format":"fhd 2k","mbps":"11126","URI":["latin america","latin_america"]},{"id":"229895","channel":"KURIAKOS PORTUGAL","link":"http://tvaz.top:80/arlan1/123456/71793?checkedby:iptvcat.com","country":"latin america","liveliness":"58","status":"online","lastChecked":"2020-08-17T00:00:00Z","format":"fhd 2k","mbps":"7986","URI":["latin america","latin_america"]},{"id":"229832","channel":"LANCELOT TV","link":"http://tvaz.top:80/arlan1/123456/71699?checkedby:iptvcat.com","country":"latin america","liveliness":"52","status":"offline","lastChecked":"2020-08-17T00:00:00Z","format":"sd","mbps":"1008","URI":["latin america","latin_america"]},{"id":"229824","channel":"LASUPER TV","link":"http://tvaz.top:80/arlan1/123456/71690?checkedby:iptvcat.com","country":"latin america","liveliness":"58","status":"online","lastChecked":"2020-08-18T00:00:00Z","format":"sd","mbps":"1996","URI":["latin america","latin_america"]},{"id":"229812","channel":"M2O Music Channel","link":"http://tvaz.top:80/arlan1/123456/71676?checkedby:iptvcat.com","country":"latin america","liveliness":"58","status":"online","lastChecked":"2020-08-18T00:00:00Z","format":"sd","mbps":"1357","URI":["latin america","latin_america"]},{"id":"229880","channel":"MELODY CHANNEL LATINO","link":"http://tvaz.top:80/arlan1/123456/71775?checkedby:iptvcat.com","country":"latin america","liveliness":"58","status":"online","lastChecked":"2020-08-17T00:00:00Z","format":"sd","mbps":"2740","URI":["latin america","latin_america"]},{"id":"229847","channel":"MICROVISION","link":"http://tvaz.top:80/arlan1/123456/71724?checkedby:iptvcat.com","country":"latin america","liveliness":"56","status":"online","lastChecked":"2020-08-17T00:00:00Z","format":"hd","mbps":"4318","URI":["latin america","latin_america"]},{"id":"229840","channel":"MILENIO TV","link":"http://tvaz.top:80/arlan1/123456/71711?checkedby:iptvcat.com","country":"latin america","liveliness":"58","status":"online","lastChecked":"2020-08-17T00:00:00Z","format":"hd","mbps":"5997","URI":["latin america","latin_america"]},{"id":"229884","channel":"MODA FASHION SHOW","link":"http://tvaz.top:80/arlan1/123456/71780?checkedby:iptvcat.com","country":"latin america","liveliness":"58","status":"online","lastChecked":"2020-08-17T00:00:00Z","format":"fhd 2k","mbps":"7004","URI":["latin america","latin_america"]},{"id":"229861","channel":"MULTIMEDIOS MEXICO","link":"http://tvaz.top:80/arlan1/123456/71743?checkedby:iptvcat.com","country":"latin america","liveliness":"30","status":"offline","lastChecked":"2020-08-17T00:00:00Z","format":"hd","mbps":"5991, ...","URI":["latin america","latin_america"]},{"id":"229858","channel":"MULTIVISION","link":"http://tvaz.top:80/arlan1/123456/71739?checkedby:iptvcat.com","country":"latin america","liveliness":"55","status":"online","lastChecked":"2020-08-17T00:00:00Z","format":"hd","mbps":"9905","URI":["latin america","latin_america"]},{"id":"229850","channel":"MULTIVISION ARGENTINA","link":"http://tvaz.top:80/arlan1/123456/71728?checkedby:iptvcat.com","country":"latin america","liveliness":"56","status":"online","lastChecked":"2020-08-17T00:00:00Z","format":"hd","mbps":"9905","URI":["latin america","latin_america"]},{"id":"229826","channel":"MUSIC TOP","link":"http://tvaz.top:80/arlan1/123456/71692?checkedby:iptvcat.com","country":"latin america","liveliness":"59","status":"online","lastChecked":"2020-08-17T00:00:00Z","format":"hd","mbps":"3625","URI":["latin america","latin_america"]},{"id":"229875","channel":"MUSIC TOP LATINO","link":"http://tvaz.top:80/arlan1/123456/71769?checkedby:iptvcat.com","country":"latin america","liveliness":"58","status":"online","lastChecked":"2020-08-17T00:00:00Z","format":"hd","mbps":"3625, ...","URI":["latin america","latin_america"]},{"id":"303034","channel":"HD","link":"http://hdonline.ml:80/live/kam/kam/3792.m3u8?checkedby:iptvcat.com","country":"latin america","liveliness":"15","status":"offline","lastChecked":"2020-08-19T00:00:00Z","format":"hd","mbps":"4322","URI":["latin america","latin_america"]},{"id":"303562","channel":"HD","link":"http://hdonline.ml:80/live/kam/kam/3952.m3u8?checkedby:iptvcat.com","country":"latin america","liveliness":"56","status":"offline","lastChecked":"2020-08-17T00:00:00Z","format":"fhd 2k","mbps":"7004","URI":["latin america","latin_america"]},{"id":"303399","channel":"HD","link":"http://hdonline.ml:80/live/kam/kam/3902.m3u8?checkedby:iptvcat.com","country":"latin america","liveliness":"12","status":"offline","lastChecked":"2020-08-19T00:00:00Z","format":"sd","mbps":"3429","URI":["latin america","latin_america"]},{"id":"303311","channel":"HD","link":"http://hdonline.ml:80/live/kam/kam/3885.m3u8?checkedby:iptvcat.com","country":"latin america","liveliness":"17","status":"offline","lastChecked":"2020-08-19T00:00:00Z","format":"hd","mbps":"4318","URI":["latin america","latin_america"]},{"id":"303312","channel":"HD","link":"http://hdonline.ml:80/live/kam/kam/3886.m3u8?checkedby:iptvcat.com","country":"latin america","liveliness":"24","status":"offline","lastChecked":"2020-08-19T00:00:00Z","format":"sd","mbps":"1765","URI":["latin america","latin_america"]},{"id":"302522","channel":"HD","link":"http://hdonline.ml:80/live/kam/kam/3749.m3u8?checkedby:iptvcat.com","country":"latin america","liveliness":"21","status":"offline","lastChecked":"2020-08-19T00:00:00Z","format":"sd","mbps":"2283","URI":["latin america","latin_america"]},{"id":"302512","channel":"HD","link":"http://hdonline.ml:80/live/kam/kam/3741.m3u8?checkedby:iptvcat.com","country":"latin america","liveliness":"18","status":"offline","lastChecked":"2020-08-19T00:00:00Z","format":"sd","mbps":"1051","URI":["latin america","latin_america"]},{"id":"325953","channel":"HD","link":"http://hdonline.ml:80/live/colin/colin/3220.m3u8?checkedby:iptvcat.com","country":"latin america","liveliness":"27","status":"offline","lastChecked":"2020-08-19T00:00:00Z","format":"hd","mbps":"5991","URI":["latin america","latin_america"]},{"id":"303060","channel":"HD","link":"http://hdonline.ml:80/live/kam/kam/3812.m3u8?checkedby:iptvcat.com","country":"latin america","liveliness":"29","status":"offline","lastChecked":"2020-08-19T00:00:00Z","format":"hd","mbps":"4318","URI":["latin america","latin_america"]},{"id":"302503","channel":"HD","link":"http://hdonline.ml:80/live/kam/kam/3732.m3u8?checkedby:iptvcat.com","country":"latin america","liveliness":"29","status":"offline","lastChecked":"2020-08-19T00:00:00Z","format":"hd","mbps":"5991","URI":["latin america","latin_america"]},{"id":"229883","channel":"HECHOS ECUADOR","link":"http://tvaz.top:80/arlan1/123456/71778?checkedby:iptvcat.com","country":"latin america","liveliness":"63","status":"online","lastChecked":"2020-08-17T00:00:00Z","format":"hd","mbps":"3799","URI":["latin america","latin_america"]},{"id":"229879","channel":"HBTV TICAVISION COSTA RICA","link":"http://tvaz.top:80/arlan1/123456/71774?checkedby:iptvcat.com","country":"latin america","liveliness":"40","status":"online","lastChecked":"2020-08-17T00:00:00Z","format":"hd","mbps":"4322","URI":["latin america","latin_america"]},{"id":"229827","channel":"FOX MIX","link":"http://tvaz.top:80/arlan1/123456/71693?checkedby:iptvcat.com","country":"latin america","liveliness":"43","status":"online","lastChecked":"2020-08-17T00:00:00Z","format":"sd","mbps":"11212","URI":["latin america","latin_america"]},{"id":"229877","channel":"GALICIA EUROPA","link":"http://tvaz.top:80/arlan1/123456/71772?checkedby:iptvcat.com","country":"latin america","liveliness":"58","status":"online","lastChecked":"2020-08-17T00:00:00Z","format":"hd","mbps":"9905, ...","URI":["latin america","latin_america"]},{"id":"229865","channel":"GENIAL TV","link":"http://tvaz.top:80/arlan1/123456/71748?checkedby:iptvcat.com","country":"latin america","liveliness":"55","status":"online","lastChecked":"2020-08-17T00:00:00Z","format":"hd","mbps":"4318","URI":["latin america","latin_america"]},{"id":"229819","channel":"DW","link":"http://tvaz.top:80/arlan1/123456/71683?checkedby:iptvcat.com","country":"latin america","liveliness":"58","status":"online","lastChecked":"2020-08-18T00:00:00Z","format":"sd","mbps":"1662","URI":["latin america","latin_america"]},{"id":"229874","channel":"ESTREMA TV","link":"http://tvaz.top:80/arlan1/123456/71767?checkedby:iptvcat.com","country":"latin america","liveliness":"58","status":"online","lastChecked":"2020-08-17T00:00:00Z","format":"hd","mbps":"5991","URI":["latin america","latin_america"]},{"id":"229871","channel":"ETB SAT ESPANA","link":"http://tvaz.top:80/arlan1/123456/71762?checkedby:iptvcat.com","country":"latin america","liveliness":"58","status":"online","lastChecked":"2020-08-17T00:00:00Z","format":"sd","mbps":"626, ...","URI":["latin america","latin_america"]},{"id":"229830","channel":"ETB Sat","link":"http://tvaz.top:80/arlan1/123456/71697?checkedby:iptvcat.com","country":"latin america","liveliness":"58","status":"online","lastChecked":"2020-08-18T00:00:00Z","format":"sd","mbps":"626","URI":["latin america","latin_america"]},{"id":"229822","channel":"EXTREMA TV","link":"http://tvaz.top:80/arlan1/123456/71688?checkedby:iptvcat.com","country":"latin america","liveliness":"58","status":"online","lastChecked":"2020-08-18T00:00:00Z","format":"hd","mbps":"5991","URI":["latin america","latin_america"]},{"id":"229860","channel":"CIUDAD TV CHACO","link":"http://tvaz.top:80/arlan1/123456/71742?checkedby:iptvcat.com","country":"latin america","liveliness":"58","status":"online","lastChecked":"2020-08-17T00:00:00Z","format":"hd","mbps":"3188","URI":["latin america","latin_america"]},{"id":"229849","channel":"13 MAX","link":"http://tvaz.top:80/arlan1/123456/71727?checkedby:iptvcat.com","country":"latin america","liveliness":"50","status":"online","lastChecked":"2020-08-16T00:00:00Z","format":"hd","mbps":"3188","URI":["latin_america","latin america"]},{"id":"229854","channel":"13 MAX ARGENTINA","link":"http://tvaz.top:80/arlan1/123456/71733?checkedby:iptvcat.com","country":"latin america","liveliness":"52","status":"online","lastChecked":"2020-08-17T00:00:00Z","format":"hd","mbps":"3188","URI":["latin_america","latin america"]},{"id":"229859","channel":"247 NOTICIAS","link":"http://tvaz.top:80/arlan1/123456/71740?checkedby:iptvcat.com","country":"latin america","liveliness":"56","status":"online","lastChecked":"2020-08-17T00:00:00Z","format":"hd","mbps":"5020","URI":["latin_america","latin america"]},{"id":"229823","channel":"ALCARRIA TV","link":"http://tvaz.top:80/arlan1/123456/71689?checkedby:iptvcat.com","country":"latin america","liveliness":"58","status":"online","lastChecked":"2020-08-18T00:00:00Z","format":"sd","mbps":"2883","URI":["latin_america","latin america"]},{"id":"229834","channel":"ANTARES TV","link":"http://tvaz.top:80/arlan1/123456/71702?checkedby:iptvcat.com","country":"latin america","liveliness":"54","status":"online","lastChecked":"2020-08-17T00:00:00Z","format":"hd","mbps":"4318","URI":["latin_america","latin america"]},{"id":"229876","channel":"CALIFORNIA MUSIC CHANNEL","link":"http://tvaz.top:80/arlan1/123456/71770?checkedby:iptvcat.com","country":"latin america","liveliness":"58","status":"online","lastChecked":"2020-08-17T00:00:00Z","format":"hd","mbps":"3795","URI":["latin america","latin_america"]},{"id":"229848","channel":"CAMPUS TV","link":"http://tvaz.top:80/arlan1/123456/71725?checkedby:iptvcat.com","country":"latin america","liveliness":"57","status":"offline","lastChecked":"2020-08-17T00:00:00Z","format":"sd","mbps":"1600","URI":["latin america","latin_america"]},{"id":"229839","channel":"CANAL 10 CHETUMAL","link":"http://tvaz.top:80/arlan1/123456/71708?checkedby:iptvcat.com","country":"latin america","liveliness":"58","status":"online","lastChecked":"2020-08-17T00:00:00Z","format":"hd","mbps":"5991","URI":["latin america","latin_america"]},{"id":"229862","channel":"CANAL 10 MEXICO","link":"http://tvaz.top:80/arlan1/123456/71744?checkedby:iptvcat.com","country":"latin america","liveliness":"58","status":"online","lastChecked":"2020-08-17T00:00:00Z","format":"hd","mbps":"5991","URI":["latin america","latin_america"]},{"id":"229881","channel":"CANAL 15 MEXICO","link":"http://tvaz.top:80/arlan1/123456/71776?checkedby:iptvcat.com","country":"latin america","liveliness":"58","status":"online","lastChecked":"2020-08-17T00:00:00Z","format":"sd","mbps":"1181","URI":["latin america","latin_america"]},{"id":"229882","channel":"CANAL 2 NICARAGUA","link":"http://tvaz.top:80/arlan1/123456/71777?checkedby:iptvcat.com","country":"latin america","liveliness":"58","status":"online","lastChecked":"2020-08-17T00:00:00Z","format":"sd","mbps":"441","URI":["latin america","latin_america"]},{"id":"229852","channel":"CANAL 26 ARGENTINA","link":"http://tvaz.top:80/arlan1/123456/71731?checkedby:iptvcat.com","country":"latin america","liveliness":"58","status":"online","lastChecked":"2020-08-17T00:00:00Z","format":"hd","mbps":"4322","URI":["latin america","latin_america"]},{"id":"229856","channel":"CANAL 4 POSADAS","link":"http://tvaz.top:80/arlan1/123456/71735?checkedby:iptvcat.com","country":"latin america","liveliness":"56","status":"online","lastChecked":"2020-08-18T00:00:00Z","format":"sd","mbps":"1008","URI":["latin america","latin_america"]},{"id":"229831","channel":"CANAL 4 TENERIFE","link":"http://tvaz.top:80/arlan1/123456/71698?checkedby:iptvcat.com","country":"latin america","liveliness":"58","status":"online","lastChecked":"2020-08-18T00:00:00Z","format":"sd","mbps":"746","URI":["latin america","latin_america"]},{"id":"229838","channel":"CANAL 8 ESPANA","link":"http://tvaz.top:80/arlan1/123456/71707?checkedby:iptvcat.com","country":"latin america","liveliness":"58","status":"online","lastChecked":"2020-08-17T00:00:00Z","format":"sd","mbps":"1099","URI":["latin america","latin_america"]},{"id":"229891","channel":"CANAL 9 ARGENTINA","link":"http://tvaz.top:80/arlan1/123456/71787?checkedby:iptvcat.com","country":"latin america","liveliness":"56","status":"online","lastChecked":"2020-08-17T00:00:00Z","format":"hd","mbps":"9905","URI":["latin america","latin_america"]},{"id":"229851","channel":"CANAL ONCE","link":"http://tvaz.top:80/arlan1/123456/71729?checkedby:iptvcat.com","country":"latin america","liveliness":"58","status":"online","lastChecked":"2020-08-17T00:00:00Z","format":"sd","mbps":"2743, ...","URI":["latin america","latin_america"]},{"id":"229841","channel":"CANAL ONCE MEXICO","link":"http://tvaz.top:80/arlan1/123456/71714?checkedby:iptvcat.com","country":"latin america","liveliness":"58","status":"online","lastChecked":"2020-08-17T00:00:00Z","format":"sd","mbps":"2743, ...","URI":["latin america","latin_america"]},{"id":"229872","channel":"CAROLINA TV","link":"http://tvaz.top:80/arlan1/123456/71764?checkedby:iptvcat.com","country":"latin america","liveliness":"34","status":"online","lastChecked":"2020-08-17T00:00:00Z","format":"sd","mbps":"2743, ...","URI":["latin america","latin_america"]},{"id":"229837","channel":"CENTRAL TV","link":"http://tvaz.top:80/arlan1/123456/71705?checkedby:iptvcat.com","country":"latin america","liveliness":"46","status":"offline","lastChecked":"2020-08-17T00:00:00Z","format":"sd","mbps":"2743","URI":["latin america","latin_america"]},{"id":"229849","channel":"13 MAX","link":"http://tvaz.top:80/arlan1/123456/71727?checkedby:iptvcat.com","country":"latin america","liveliness":"50","status":"online","lastChecked":"2020-08-16T00:00:00Z","format":"hd","mbps":"3188","URI":["latin_america","latin america"]},{"id":"229854","channel":"13 MAX ARGENTINA","link":"http://tvaz.top:80/arlan1/123456/71733?checkedby:iptvcat.com","country":"latin america","liveliness":"52","status":"online","lastChecked":"2020-08-17T00:00:00Z","format":"hd","mbps":"3188","URI":["latin_america","latin america"]},{"id":"229859","channel":"247 NOTICIAS","link":"http://tvaz.top:80/arlan1/123456/71740?checkedby:iptvcat.com","country":"latin america","liveliness":"56","status":"online","lastChecked":"2020-08-17T00:00:00Z","format":"hd","mbps":"5020","URI":["latin_america","latin america"]},{"id":"229823","channel":"ALCARRIA TV","link":"http://tvaz.top:80/arlan1/123456/71689?checkedby:iptvcat.com","country":"latin america","liveliness":"58","status":"online","lastChecked":"2020-08-18T00:00:00Z","format":"sd","mbps":"2883","URI":["latin_america","latin america"]},{"id":"229834","channel":"ANTARES TV","link":"http://tvaz.top:80/arlan1/123456/71702?checkedby:iptvcat.com","country":"latin america","liveliness":"54","status":"online","lastChecked":"2020-08-17T00:00:00Z","format":"hd","mbps":"4318","URI":["latin_america","latin america"]},{"id":"229869","channel":"TELECARIBE DEPORTES","link":"http://tvaz.top:80/arlan1/123456/71753?checkedby:iptvcat.com","country":"latin america","liveliness":"58","status":"online","lastChecked":"2020-08-17T00:00:00Z","format":"hd","mbps":"3795","URI":["latin america","latin_america","sport"]}]