[{"id":"1848","channel":"Chau TV","link":"http://video.chaula.tv/hls/live/high/playlist_high.m3u8?checkedby:iptvcat.com","country":"latvia","liveliness":"96","status":"online","lastChecked":"2020-08-17T00:00:00Z","format":"hd","mbps":"9905","URI":["latvia"]},{"id":"1849","channel":"Latvijas Radio 1 106.1 FM Latgale","link":"http://5a44e5b800a41.streamlock.net:1935/liveVLR1/mp4:LR1/playlist.m3u8?checkedby:iptvcat.com","country":"latvia","liveliness":"98","status":"online","lastChecked":"2020-08-17T00:00:00Z","format":"sd","mbps":"1051","URI":["latvia"]},{"id":"1850","channel":"Latvijas Radio 3 Klasika","link":"http://5a44e5b800a41.streamlock.net:1935/liveVLR3/mp4:Klasika/playlist.m3u8?checkedby:iptvcat.com","country":"latvia","liveliness":"100","status":"online","lastChecked":"2020-08-17T00:00:00Z","format":"sd","mbps":"426","URI":["latvia"]},{"id":"133014","channel":"TVNET","link":"https://player.tvnet.lv/stream/amlst:61659/playlist.m3u8?checkedby:iptvcat.com","country":"latvia","liveliness":"100","status":"online","lastChecked":"2020-08-18T00:00:00Z","format":"sd","mbps":"972","URI":["latvia","europe"]},{"id":"1854","channel":"TVNET","link":"http://player.tvnet.lv/stream/amlst:61659/chunklist_w1822312625_b528000_pd892000.m3u8?checkedby:iptvcat.com","country":"latvia","liveliness":"100","status":"online","lastChecked":"2020-08-17T00:00:00Z","format":"sd","mbps":"972","URI":["latvia"]},{"id":"133014","channel":"TVNET","link":"https://player.tvnet.lv/stream/amlst:61659/playlist.m3u8?checkedby:iptvcat.com","country":"latvia","liveliness":"100","status":"online","lastChecked":"2020-08-18T00:00:00Z","format":"sd","mbps":"972","URI":["latvia","europe"]},{"id":"1848","channel":"Chau TV","link":"http://video.chaula.tv/hls/live/high/playlist_high.m3u8?checkedby:iptvcat.com","country":"latvia","liveliness":"96","status":"online","lastChecked":"2020-08-17T00:00:00Z","format":"hd","mbps":"9905","URI":["latvia"]},{"id":"1849","channel":"Latvijas Radio 1 106.1 FM Latgale","link":"http://5a44e5b800a41.streamlock.net:1935/liveVLR1/mp4:LR1/playlist.m3u8?checkedby:iptvcat.com","country":"latvia","liveliness":"98","status":"online","lastChecked":"2020-08-17T00:00:00Z","format":"sd","mbps":"1051","URI":["latvia"]},{"id":"1850","channel":"Latvijas Radio 3 Klasika","link":"http://5a44e5b800a41.streamlock.net:1935/liveVLR3/mp4:Klasika/playlist.m3u8?checkedby:iptvcat.com","country":"latvia","liveliness":"100","status":"online","lastChecked":"2020-08-17T00:00:00Z","format":"sd","mbps":"426","URI":["latvia"]},{"id":"133014","channel":"TVNET","link":"https://player.tvnet.lv/stream/amlst:61659/playlist.m3u8?checkedby:iptvcat.com","country":"latvia","liveliness":"100","status":"online","lastChecked":"2020-08-18T00:00:00Z","format":"sd","mbps":"972","URI":["latvia","europe"]},{"id":"1854","channel":"TVNET","link":"http://player.tvnet.lv/stream/amlst:61659/chunklist_w1822312625_b528000_pd892000.m3u8?checkedby:iptvcat.com","country":"latvia","liveliness":"100","status":"online","lastChecked":"2020-08-17T00:00:00Z","format":"sd","mbps":"972","URI":["latvia"]},{"id":"1848","channel":"Chau TV","link":"http://video.chaula.tv/hls/live/high/playlist_high.m3u8?checkedby:iptvcat.com","country":"latvia","liveliness":"96","status":"online","lastChecked":"2020-08-17T00:00:00Z","format":"hd","mbps":"9905","URI":["latvia"]},{"id":"1849","channel":"Latvijas Radio 1 106.1 FM Latgale","link":"http://5a44e5b800a41.streamlock.net:1935/liveVLR1/mp4:LR1/playlist.m3u8?checkedby:iptvcat.com","country":"latvia","liveliness":"98","status":"online","lastChecked":"2020-08-17T00:00:00Z","format":"sd","mbps":"1051","URI":["latvia"]},{"id":"1850","channel":"Latvijas Radio 3 Klasika","link":"http://5a44e5b800a41.streamlock.net:1935/liveVLR3/mp4:Klasika/playlist.m3u8?checkedby:iptvcat.com","country":"latvia","liveliness":"100","status":"online","lastChecked":"2020-08-17T00:00:00Z","format":"sd","mbps":"426","URI":["latvia"]},{"id":"133014","channel":"TVNET","link":"https://player.tvnet.lv/stream/amlst:61659/playlist.m3u8?checkedby:iptvcat.com","country":"latvia","liveliness":"100","status":"online","lastChecked":"2020-08-18T00:00:00Z","format":"sd","mbps":"972","URI":["latvia","europe"]},{"id":"1854","channel":"TVNET","link":"http://player.tvnet.lv/stream/amlst:61659/chunklist_w1822312625_b528000_pd892000.m3u8?checkedby:iptvcat.com","country":"latvia","liveliness":"100","status":"online","lastChecked":"2020-08-17T00:00:00Z","format":"sd","mbps":"972","URI":["latvia"]}]