[{"id":"9288","channel":"AR-Otv-Lebanon+, OTV","link":"https://svs.itworkscdn.net/otvlebanonlive/otv.smil/playlist.m3u8?checkedby:iptvcat.com","country":"lebanon","liveliness":"99","status":"online","lastChecked":"2020-08-17T00:00:00Z","format":"sd","mbps":"1685, ...","URI":["arab_countries","lebanon","arab countries"]},{"id":"9288","channel":"AR-Otv-Lebanon+, OTV","link":"https://svs.itworkscdn.net/otvlebanonlive/otv.smil/playlist.m3u8?checkedby:iptvcat.com","country":"lebanon","liveliness":"99","status":"online","lastChecked":"2020-08-17T00:00:00Z","format":"sd","mbps":"1685, ...","URI":["arab_countries","lebanon","arab countries"]},{"id":"9288","channel":"AR-Otv-Lebanon+, OTV","link":"https://svs.itworkscdn.net/otvlebanonlive/otv.smil/playlist.m3u8?checkedby:iptvcat.com","country":"lebanon","liveliness":"99","status":"online","lastChecked":"2020-08-17T00:00:00Z","format":"sd","mbps":"1685, ...","URI":["arab_countries","lebanon","arab countries"]},{"id":"13920","channel":"Al Manar","link":"https://manar.live/x.smil/tracks-v1a1/mono.m3u8?checkedby:iptvcat.com","country":"lebanon","liveliness":"99","status":"online","lastChecked":"2020-08-17T00:00:00Z","format":"sd","mbps":"2334","URI":["lebanon"]},{"id":"24680","channel":"Al Mayadeen","link":"https://mdnlv.cdn.octivid.com/almdn/smil:mpegts.stream.smil/playlist.m3u8?checkedby:iptvcat.com","country":"lebanon","liveliness":"99","status":"online","lastChecked":"2020-08-17T00:00:00Z","format":"sd","mbps":"2883, ...","URI":["lebanon"]},{"id":"22262","channel":"Aliman TV","link":"https://svs.itworkscdn.net/alimanlive/imantv.smil/playlist.m3u8?checkedby:iptvcat.com","country":"lebanon","liveliness":"100","status":"online","lastChecked":"2020-08-17T00:00:00Z","format":"sd","mbps":"426","URI":["lebanon"]},{"id":"52826","channel":"Future TV","link":"http://178.132.3.162:88/Future_TV/video.m3u8?token=test\u0026checkedby:iptvcat.com","country":"lebanon","liveliness":"87","status":"online","lastChecked":"2020-08-17T00:00:00Z","format":"sd","mbps":"2334","URI":["lebanon"]},{"id":"52829","channel":"LBC","link":"http://178.132.3.162:88/LBC_SAT/video.m3u8?token=test\u0026checkedby:iptvcat.com","country":"lebanon","liveliness":"95","status":"online","lastChecked":"2020-08-18T00:00:00Z","format":"sd","mbps":"2334","URI":["lebanon"]},{"id":"52830","channel":"LBC International","link":"http://51.15.3.161:8080/LDC/index.m3u8?token=test\u0026checkedby:iptvcat.com","country":"lebanon","liveliness":"78","status":"online","lastChecked":"2020-08-17T00:00:00Z","format":"fhd 2k","mbps":"11126","URI":["lebanon"]},{"id":"52831","channel":"MTV Lebanon","link":"http://178.132.3.162:88/MTV_Lebanon/video.m3u8?token=test\u0026checkedby:iptvcat.com","country":"lebanon","liveliness":"100","status":"online","lastChecked":"2020-08-18T00:00:00Z","format":"hd","mbps":"5020","URI":["lebanon"]},{"id":"1872","channel":"Nabaa TV","link":"https://5dc7d824154d0.streamlock.net/live/Nabaa/playlist.m3u8?checkedby:iptvcat.com","country":"lebanon","liveliness":"90","status":"online","lastChecked":"2020-08-17T00:00:00Z","format":"sd","mbps":"549","URI":["lebanon"]},{"id":"25730","channel":"Nabaa TV","link":"http://31.14.40.237:1935/live/Nabaa/chunklist.m3u8?checkedby:iptvcat.com","country":"lebanon","liveliness":"87","status":"online","lastChecked":"2020-08-17T00:00:00Z","format":"sd","mbps":"549","URI":["lebanon"]},{"id":"13922","channel":"Nabaa TV","link":"http://31.14.40.237:1935/live/Nabaa/chunklist_w2118808920.m3u8?checkedby:iptvcat.com","country":"lebanon","liveliness":"91","status":"online","lastChecked":"2020-08-17T00:00:00Z","format":"sd","mbps":"549","URI":["lebanon"]},{"id":"1876","channel":"Nour Al Koddas","link":"https://svs.itworkscdn.net/nour1satlive/livestream/playlist.m3u8?checkedby:iptvcat.com","country":"lebanon","liveliness":"99","status":"online","lastChecked":"2020-08-17T00:00:00Z","format":"sd","mbps":"1242","URI":["lebanon"]},{"id":"1877","channel":"Nour Al Shabab","link":"https://svs.itworkscdn.net/nour3satlive/livestream/playlist.m3u8?checkedby:iptvcat.com","country":"lebanon","liveliness":"89","status":"online","lastChecked":"2020-08-17T00:00:00Z","format":"sd","mbps":"1242","URI":["lebanon"]},{"id":"1878","channel":"Nour Al Sharq","link":"https://svs.itworkscdn.net/nour8satlive/livestream/playlist.m3u8?checkedby:iptvcat.com","country":"lebanon","liveliness":"96","status":"online","lastChecked":"2020-08-17T00:00:00Z","format":"sd","mbps":"2089","URI":["lebanon"]},{"id":"1879","channel":"Nour Mariam","link":"https://svs.itworkscdn.net/nour9satlive/livestream/playlist.m3u8?checkedby:iptvcat.com","country":"lebanon","liveliness":"96","status":"online","lastChecked":"2020-08-17T00:00:00Z","format":"sd","mbps":"2089","URI":["lebanon"]},{"id":"1880","channel":"NourSAT","link":"https://svs.itworkscdn.net/nour4satlive/livestream/playlist.m3u8?checkedby:iptvcat.com","country":"lebanon","liveliness":"96","status":"online","lastChecked":"2020-08-17T00:00:00Z","format":"sd","mbps":"2089","URI":["lebanon"]},{"id":"52839","channel":"OTV","link":"http://178.132.3.162:88/OTV/video.m3u8?token=test\u0026checkedby:iptvcat.com","country":"lebanon","liveliness":"99","status":"online","lastChecked":"2020-08-17T00:00:00Z","format":"fhd 2k","mbps":"11126","URI":["lebanon"]},{"id":"13923","channel":"OTV","link":"https://svs.itworkscdn.net/otvlebanonlive/otv.smil/playlist_406p.m3u8?checkedby:iptvcat.com","country":"lebanon","liveliness":"98","status":"online","lastChecked":"2020-08-17T00:00:00Z","format":"sd","mbps":"1685","URI":["lebanon"]},{"id":"9288","channel":"AR-Otv-Lebanon+, OTV","link":"https://svs.itworkscdn.net/otvlebanonlive/otv.smil/playlist.m3u8?checkedby:iptvcat.com","country":"lebanon","liveliness":"99","status":"online","lastChecked":"2020-08-17T00:00:00Z","format":"sd","mbps":"1685, ...","URI":["arab_countries","lebanon","arab countries"]},{"id":"13920","channel":"Al Manar","link":"https://manar.live/x.smil/tracks-v1a1/mono.m3u8?checkedby:iptvcat.com","country":"lebanon","liveliness":"99","status":"online","lastChecked":"2020-08-17T00:00:00Z","format":"sd","mbps":"2334","URI":["lebanon"]},{"id":"24680","channel":"Al Mayadeen","link":"https://mdnlv.cdn.octivid.com/almdn/smil:mpegts.stream.smil/playlist.m3u8?checkedby:iptvcat.com","country":"lebanon","liveliness":"99","status":"online","lastChecked":"2020-08-17T00:00:00Z","format":"sd","mbps":"2883, ...","URI":["lebanon"]},{"id":"22262","channel":"Aliman TV","link":"https://svs.itworkscdn.net/alimanlive/imantv.smil/playlist.m3u8?checkedby:iptvcat.com","country":"lebanon","liveliness":"100","status":"online","lastChecked":"2020-08-17T00:00:00Z","format":"sd","mbps":"426","URI":["lebanon"]},{"id":"52826","channel":"Future TV","link":"http://178.132.3.162:88/Future_TV/video.m3u8?token=test\u0026checkedby:iptvcat.com","country":"lebanon","liveliness":"87","status":"online","lastChecked":"2020-08-17T00:00:00Z","format":"sd","mbps":"2334","URI":["lebanon"]},{"id":"52829","channel":"LBC","link":"http://178.132.3.162:88/LBC_SAT/video.m3u8?token=test\u0026checkedby:iptvcat.com","country":"lebanon","liveliness":"95","status":"online","lastChecked":"2020-08-18T00:00:00Z","format":"sd","mbps":"2334","URI":["lebanon"]},{"id":"52830","channel":"LBC International","link":"http://51.15.3.161:8080/LDC/index.m3u8?token=test\u0026checkedby:iptvcat.com","country":"lebanon","liveliness":"78","status":"online","lastChecked":"2020-08-17T00:00:00Z","format":"fhd 2k","mbps":"11126","URI":["lebanon"]},{"id":"52831","channel":"MTV Lebanon","link":"http://178.132.3.162:88/MTV_Lebanon/video.m3u8?token=test\u0026checkedby:iptvcat.com","country":"lebanon","liveliness":"100","status":"online","lastChecked":"2020-08-18T00:00:00Z","format":"hd","mbps":"5020","URI":["lebanon"]},{"id":"1872","channel":"Nabaa TV","link":"https://5dc7d824154d0.streamlock.net/live/Nabaa/playlist.m3u8?checkedby:iptvcat.com","country":"lebanon","liveliness":"90","status":"online","lastChecked":"2020-08-17T00:00:00Z","format":"sd","mbps":"549","URI":["lebanon"]},{"id":"25730","channel":"Nabaa TV","link":"http://31.14.40.237:1935/live/Nabaa/chunklist.m3u8?checkedby:iptvcat.com","country":"lebanon","liveliness":"87","status":"online","lastChecked":"2020-08-17T00:00:00Z","format":"sd","mbps":"549","URI":["lebanon"]},{"id":"13922","channel":"Nabaa TV","link":"http://31.14.40.237:1935/live/Nabaa/chunklist_w2118808920.m3u8?checkedby:iptvcat.com","country":"lebanon","liveliness":"91","status":"online","lastChecked":"2020-08-17T00:00:00Z","format":"sd","mbps":"549","URI":["lebanon"]},{"id":"1876","channel":"Nour Al Koddas","link":"https://svs.itworkscdn.net/nour1satlive/livestream/playlist.m3u8?checkedby:iptvcat.com","country":"lebanon","liveliness":"99","status":"online","lastChecked":"2020-08-17T00:00:00Z","format":"sd","mbps":"1242","URI":["lebanon"]},{"id":"1877","channel":"Nour Al Shabab","link":"https://svs.itworkscdn.net/nour3satlive/livestream/playlist.m3u8?checkedby:iptvcat.com","country":"lebanon","liveliness":"89","status":"online","lastChecked":"2020-08-17T00:00:00Z","format":"sd","mbps":"1242","URI":["lebanon"]},{"id":"1878","channel":"Nour Al Sharq","link":"https://svs.itworkscdn.net/nour8satlive/livestream/playlist.m3u8?checkedby:iptvcat.com","country":"lebanon","liveliness":"96","status":"online","lastChecked":"2020-08-17T00:00:00Z","format":"sd","mbps":"2089","URI":["lebanon"]},{"id":"1879","channel":"Nour Mariam","link":"https://svs.itworkscdn.net/nour9satlive/livestream/playlist.m3u8?checkedby:iptvcat.com","country":"lebanon","liveliness":"96","status":"online","lastChecked":"2020-08-17T00:00:00Z","format":"sd","mbps":"2089","URI":["lebanon"]},{"id":"1880","channel":"NourSAT","link":"https://svs.itworkscdn.net/nour4satlive/livestream/playlist.m3u8?checkedby:iptvcat.com","country":"lebanon","liveliness":"96","status":"online","lastChecked":"2020-08-17T00:00:00Z","format":"sd","mbps":"2089","URI":["lebanon"]},{"id":"52839","channel":"OTV","link":"http://178.132.3.162:88/OTV/video.m3u8?token=test\u0026checkedby:iptvcat.com","country":"lebanon","liveliness":"99","status":"online","lastChecked":"2020-08-17T00:00:00Z","format":"fhd 2k","mbps":"11126","URI":["lebanon"]},{"id":"13923","channel":"OTV","link":"https://svs.itworkscdn.net/otvlebanonlive/otv.smil/playlist_406p.m3u8?checkedby:iptvcat.com","country":"lebanon","liveliness":"98","status":"online","lastChecked":"2020-08-17T00:00:00Z","format":"sd","mbps":"1685","URI":["lebanon"]},{"id":"9288","channel":"AR-Otv-Lebanon+, OTV","link":"https://svs.itworkscdn.net/otvlebanonlive/otv.smil/playlist.m3u8?checkedby:iptvcat.com","country":"lebanon","liveliness":"99","status":"online","lastChecked":"2020-08-17T00:00:00Z","format":"sd","mbps":"1685, ...","URI":["arab_countries","lebanon","arab countries"]},{"id":"13920","channel":"Al Manar","link":"https://manar.live/x.smil/tracks-v1a1/mono.m3u8?checkedby:iptvcat.com","country":"lebanon","liveliness":"99","status":"online","lastChecked":"2020-08-17T00:00:00Z","format":"sd","mbps":"2334","URI":["lebanon"]},{"id":"24680","channel":"Al Mayadeen","link":"https://mdnlv.cdn.octivid.com/almdn/smil:mpegts.stream.smil/playlist.m3u8?checkedby:iptvcat.com","country":"lebanon","liveliness":"99","status":"online","lastChecked":"2020-08-17T00:00:00Z","format":"sd","mbps":"2883, ...","URI":["lebanon"]},{"id":"22262","channel":"Aliman TV","link":"https://svs.itworkscdn.net/alimanlive/imantv.smil/playlist.m3u8?checkedby:iptvcat.com","country":"lebanon","liveliness":"100","status":"online","lastChecked":"2020-08-17T00:00:00Z","format":"sd","mbps":"426","URI":["lebanon"]},{"id":"52826","channel":"Future TV","link":"http://178.132.3.162:88/Future_TV/video.m3u8?token=test\u0026checkedby:iptvcat.com","country":"lebanon","liveliness":"87","status":"online","lastChecked":"2020-08-17T00:00:00Z","format":"sd","mbps":"2334","URI":["lebanon"]},{"id":"52829","channel":"LBC","link":"http://178.132.3.162:88/LBC_SAT/video.m3u8?token=test\u0026checkedby:iptvcat.com","country":"lebanon","liveliness":"95","status":"online","lastChecked":"2020-08-18T00:00:00Z","format":"sd","mbps":"2334","URI":["lebanon"]},{"id":"52830","channel":"LBC International","link":"http://51.15.3.161:8080/LDC/index.m3u8?token=test\u0026checkedby:iptvcat.com","country":"lebanon","liveliness":"78","status":"online","lastChecked":"2020-08-17T00:00:00Z","format":"fhd 2k","mbps":"11126","URI":["lebanon"]},{"id":"52831","channel":"MTV Lebanon","link":"http://178.132.3.162:88/MTV_Lebanon/video.m3u8?token=test\u0026checkedby:iptvcat.com","country":"lebanon","liveliness":"100","status":"online","lastChecked":"2020-08-18T00:00:00Z","format":"hd","mbps":"5020","URI":["lebanon"]},{"id":"13922","channel":"Nabaa TV","link":"http://31.14.40.237:1935/live/Nabaa/chunklist_w2118808920.m3u8?checkedby:iptvcat.com","country":"lebanon","liveliness":"91","status":"online","lastChecked":"2020-08-17T00:00:00Z","format":"sd","mbps":"549","URI":["lebanon"]},{"id":"1872","channel":"Nabaa TV","link":"https://5dc7d824154d0.streamlock.net/live/Nabaa/playlist.m3u8?checkedby:iptvcat.com","country":"lebanon","liveliness":"90","status":"online","lastChecked":"2020-08-17T00:00:00Z","format":"sd","mbps":"549","URI":["lebanon"]},{"id":"25730","channel":"Nabaa TV","link":"http://31.14.40.237:1935/live/Nabaa/chunklist.m3u8?checkedby:iptvcat.com","country":"lebanon","liveliness":"87","status":"online","lastChecked":"2020-08-17T00:00:00Z","format":"sd","mbps":"549","URI":["lebanon"]},{"id":"1876","channel":"Nour Al Koddas","link":"https://svs.itworkscdn.net/nour1satlive/livestream/playlist.m3u8?checkedby:iptvcat.com","country":"lebanon","liveliness":"99","status":"online","lastChecked":"2020-08-17T00:00:00Z","format":"sd","mbps":"1242","URI":["lebanon"]},{"id":"1877","channel":"Nour Al Shabab","link":"https://svs.itworkscdn.net/nour3satlive/livestream/playlist.m3u8?checkedby:iptvcat.com","country":"lebanon","liveliness":"89","status":"online","lastChecked":"2020-08-17T00:00:00Z","format":"sd","mbps":"1242","URI":["lebanon"]},{"id":"1878","channel":"Nour Al Sharq","link":"https://svs.itworkscdn.net/nour8satlive/livestream/playlist.m3u8?checkedby:iptvcat.com","country":"lebanon","liveliness":"96","status":"online","lastChecked":"2020-08-17T00:00:00Z","format":"sd","mbps":"2089","URI":["lebanon"]},{"id":"1879","channel":"Nour Mariam","link":"https://svs.itworkscdn.net/nour9satlive/livestream/playlist.m3u8?checkedby:iptvcat.com","country":"lebanon","liveliness":"96","status":"online","lastChecked":"2020-08-17T00:00:00Z","format":"sd","mbps":"2089","URI":["lebanon"]},{"id":"1880","channel":"NourSAT","link":"https://svs.itworkscdn.net/nour4satlive/livestream/playlist.m3u8?checkedby:iptvcat.com","country":"lebanon","liveliness":"96","status":"online","lastChecked":"2020-08-17T00:00:00Z","format":"sd","mbps":"2089","URI":["lebanon"]},{"id":"13923","channel":"OTV","link":"https://svs.itworkscdn.net/otvlebanonlive/otv.smil/playlist_406p.m3u8?checkedby:iptvcat.com","country":"lebanon","liveliness":"98","status":"online","lastChecked":"2020-08-17T00:00:00Z","format":"sd","mbps":"1685","URI":["lebanon"]},{"id":"52839","channel":"OTV","link":"http://178.132.3.162:88/OTV/video.m3u8?token=test\u0026checkedby:iptvcat.com","country":"lebanon","liveliness":"99","status":"online","lastChecked":"2020-08-17T00:00:00Z","format":"fhd 2k","mbps":"11126","URI":["lebanon"]},{"id":"9288","channel":"AR-Otv-Lebanon+, OTV","link":"https://svs.itworkscdn.net/otvlebanonlive/otv.smil/playlist.m3u8?checkedby:iptvcat.com","country":"lebanon","liveliness":"99","status":"online","lastChecked":"2020-08-17T00:00:00Z","format":"sd","mbps":"1685, ...","URI":["arab_countries","lebanon","arab countries"]},{"id":"13920","channel":"Al Manar","link":"https://manar.live/x.smil/tracks-v1a1/mono.m3u8?checkedby:iptvcat.com","country":"lebanon","liveliness":"99","status":"online","lastChecked":"2020-08-17T00:00:00Z","format":"sd","mbps":"2334","URI":["lebanon"]},{"id":"24680","channel":"Al Mayadeen","link":"https://mdnlv.cdn.octivid.com/almdn/smil:mpegts.stream.smil/playlist.m3u8?checkedby:iptvcat.com","country":"lebanon","liveliness":"99","status":"online","lastChecked":"2020-08-17T00:00:00Z","format":"sd","mbps":"2883, ...","URI":["lebanon"]},{"id":"22262","channel":"Aliman TV","link":"https://svs.itworkscdn.net/alimanlive/imantv.smil/playlist.m3u8?checkedby:iptvcat.com","country":"lebanon","liveliness":"100","status":"online","lastChecked":"2020-08-17T00:00:00Z","format":"sd","mbps":"426","URI":["lebanon"]},{"id":"52826","channel":"Future TV","link":"http://178.132.3.162:88/Future_TV/video.m3u8?token=test\u0026checkedby:iptvcat.com","country":"lebanon","liveliness":"87","status":"online","lastChecked":"2020-08-17T00:00:00Z","format":"sd","mbps":"2334","URI":["lebanon"]},{"id":"52829","channel":"LBC","link":"http://178.132.3.162:88/LBC_SAT/video.m3u8?token=test\u0026checkedby:iptvcat.com","country":"lebanon","liveliness":"95","status":"online","lastChecked":"2020-08-18T00:00:00Z","format":"sd","mbps":"2334","URI":["lebanon"]},{"id":"52830","channel":"LBC International","link":"http://51.15.3.161:8080/LDC/index.m3u8?token=test\u0026checkedby:iptvcat.com","country":"lebanon","liveliness":"78","status":"online","lastChecked":"2020-08-17T00:00:00Z","format":"fhd 2k","mbps":"11126","URI":["lebanon"]},{"id":"52831","channel":"MTV Lebanon","link":"http://178.132.3.162:88/MTV_Lebanon/video.m3u8?token=test\u0026checkedby:iptvcat.com","country":"lebanon","liveliness":"100","status":"online","lastChecked":"2020-08-18T00:00:00Z","format":"hd","mbps":"5020","URI":["lebanon"]},{"id":"25730","channel":"Nabaa TV","link":"http://31.14.40.237:1935/live/Nabaa/chunklist.m3u8?checkedby:iptvcat.com","country":"lebanon","liveliness":"87","status":"online","lastChecked":"2020-08-17T00:00:00Z","format":"sd","mbps":"549","URI":["lebanon"]},{"id":"13922","channel":"Nabaa TV","link":"http://31.14.40.237:1935/live/Nabaa/chunklist_w2118808920.m3u8?checkedby:iptvcat.com","country":"lebanon","liveliness":"91","status":"online","lastChecked":"2020-08-17T00:00:00Z","format":"sd","mbps":"549","URI":["lebanon"]},{"id":"1872","channel":"Nabaa TV","link":"https://5dc7d824154d0.streamlock.net/live/Nabaa/playlist.m3u8?checkedby:iptvcat.com","country":"lebanon","liveliness":"90","status":"online","lastChecked":"2020-08-17T00:00:00Z","format":"sd","mbps":"549","URI":["lebanon"]},{"id":"1876","channel":"Nour Al Koddas","link":"https://svs.itworkscdn.net/nour1satlive/livestream/playlist.m3u8?checkedby:iptvcat.com","country":"lebanon","liveliness":"99","status":"online","lastChecked":"2020-08-17T00:00:00Z","format":"sd","mbps":"1242","URI":["lebanon"]},{"id":"1877","channel":"Nour Al Shabab","link":"https://svs.itworkscdn.net/nour3satlive/livestream/playlist.m3u8?checkedby:iptvcat.com","country":"lebanon","liveliness":"89","status":"online","lastChecked":"2020-08-17T00:00:00Z","format":"sd","mbps":"1242","URI":["lebanon"]},{"id":"1878","channel":"Nour Al Sharq","link":"https://svs.itworkscdn.net/nour8satlive/livestream/playlist.m3u8?checkedby:iptvcat.com","country":"lebanon","liveliness":"96","status":"online","lastChecked":"2020-08-17T00:00:00Z","format":"sd","mbps":"2089","URI":["lebanon"]},{"id":"1879","channel":"Nour Mariam","link":"https://svs.itworkscdn.net/nour9satlive/livestream/playlist.m3u8?checkedby:iptvcat.com","country":"lebanon","liveliness":"96","status":"online","lastChecked":"2020-08-17T00:00:00Z","format":"sd","mbps":"2089","URI":["lebanon"]},{"id":"1880","channel":"NourSAT","link":"https://svs.itworkscdn.net/nour4satlive/livestream/playlist.m3u8?checkedby:iptvcat.com","country":"lebanon","liveliness":"96","status":"online","lastChecked":"2020-08-17T00:00:00Z","format":"sd","mbps":"2089","URI":["lebanon"]},{"id":"13923","channel":"OTV","link":"https://svs.itworkscdn.net/otvlebanonlive/otv.smil/playlist_406p.m3u8?checkedby:iptvcat.com","country":"lebanon","liveliness":"98","status":"online","lastChecked":"2020-08-17T00:00:00Z","format":"sd","mbps":"1685","URI":["lebanon"]},{"id":"52839","channel":"OTV","link":"http://178.132.3.162:88/OTV/video.m3u8?token=test\u0026checkedby:iptvcat.com","country":"lebanon","liveliness":"99","status":"online","lastChecked":"2020-08-17T00:00:00Z","format":"fhd 2k","mbps":"11126","URI":["lebanon"]},{"id":"9288","channel":"AR-Otv-Lebanon+, OTV","link":"https://svs.itworkscdn.net/otvlebanonlive/otv.smil/playlist.m3u8?checkedby:iptvcat.com","country":"lebanon","liveliness":"99","status":"online","lastChecked":"2020-08-17T00:00:00Z","format":"sd","mbps":"1685, ...","URI":["arab_countries","lebanon","arab countries"]},{"id":"9288","channel":"AR-Otv-Lebanon+, OTV","link":"https://svs.itworkscdn.net/otvlebanonlive/otv.smil/playlist.m3u8?checkedby:iptvcat.com","country":"lebanon","liveliness":"99","status":"online","lastChecked":"2020-08-17T00:00:00Z","format":"sd","mbps":"1685, ...","URI":["arab_countries","lebanon","arab countries"]},{"id":"9288","channel":"AR-Otv-Lebanon+, OTV","link":"https://svs.itworkscdn.net/otvlebanonlive/otv.smil/playlist.m3u8?checkedby:iptvcat.com","country":"lebanon","liveliness":"99","status":"online","lastChecked":"2020-08-17T00:00:00Z","format":"sd","mbps":"1685, ...","URI":["arab_countries","lebanon","arab countries"]},{"id":"9288","channel":"AR-Otv-Lebanon+, OTV","link":"https://svs.itworkscdn.net/otvlebanonlive/otv.smil/playlist.m3u8?checkedby:iptvcat.com","country":"lebanon","liveliness":"99","status":"online","lastChecked":"2020-08-17T00:00:00Z","format":"sd","mbps":"1685, ...","URI":["arab_countries","lebanon","arab countries"]},{"id":"9288","channel":"AR-Otv-Lebanon+, OTV","link":"https://svs.itworkscdn.net/otvlebanonlive/otv.smil/playlist.m3u8?checkedby:iptvcat.com","country":"lebanon","liveliness":"99","status":"online","lastChecked":"2020-08-17T00:00:00Z","format":"sd","mbps":"1685, ...","URI":["arab_countries","lebanon","arab countries"]}]