[{"id":"328886","channel":"Libya 218","link":"http://red.ipfox.org:8080/live/tigerag_uFZ5wd/3dL1WNjy/10215.m3u8?checkedby:iptvcat.com","country":"libya","liveliness":"25","status":"offline","lastChecked":"2020-08-18T00:00:00Z","format":"sd","mbps":"1967","URI":["africa","libya","arab_countries","arab countries"]},{"id":"328879","channel":"Libya AL Hadath","link":"http://red.ipfox.org:8080/live/tigerag_uFZ5wd/3dL1WNjy/10208.m3u8?checkedby:iptvcat.com","country":"libya","liveliness":"25","status":"offline","lastChecked":"2020-08-18T00:00:00Z","format":"sd","mbps":"1967","URI":["africa","libya","arab_countries","arab countries"]},{"id":"328883","channel":"Libya Al Rasmeya","link":"http://red.ipfox.org:8080/live/tigerag_uFZ5wd/3dL1WNjy/10212.m3u8?checkedby:iptvcat.com","country":"libya","liveliness":"25","status":"offline","lastChecked":"2020-08-18T00:00:00Z","format":"sd","mbps":"1967","URI":["africa","libya","arab_countries","arab countries"]},{"id":"328884","channel":"Libya Al hrar HD","link":"http://red.ipfox.org:8080/live/tigerag_uFZ5wd/3dL1WNjy/10213.m3u8?checkedby:iptvcat.com","country":"libya","liveliness":"25","status":"offline","lastChecked":"2020-08-18T00:00:00Z","format":"hd","mbps":"5020","URI":["africa","libya","arab_countries","arab countries"]},{"id":"328882","channel":"Libya Channel","link":"http://red.ipfox.org:8080/live/tigerag_uFZ5wd/3dL1WNjy/10211.m3u8?checkedby:iptvcat.com","country":"libya","liveliness":"25","status":"offline","lastChecked":"2020-08-18T00:00:00Z","format":"sd","mbps":"1967","URI":["africa","libya","arab_countries","arab countries"]},{"id":"328885","channel":"Libya El Watan","link":"http://red.ipfox.org:8080/live/tigerag_uFZ5wd/3dL1WNjy/10214.m3u8?checkedby:iptvcat.com","country":"libya","liveliness":"25","status":"offline","lastChecked":"2020-08-18T00:00:00Z","format":"sd","mbps":"1967","URI":["africa","libya","arab_countries","arab countries"]},{"id":"328881","channel":"Libya Panoram","link":"http://red.ipfox.org:8080/live/tigerag_uFZ5wd/3dL1WNjy/10210.m3u8?checkedby:iptvcat.com","country":"libya","liveliness":"25","status":"offline","lastChecked":"2020-08-18T00:00:00Z","format":"sd","mbps":"1967","URI":["africa","libya","arab_countries","arab countries"]},{"id":"328880","channel":"Libya Rsmia","link":"http://red.ipfox.org:8080/live/tigerag_uFZ5wd/3dL1WNjy/10209.m3u8?checkedby:iptvcat.com","country":"libya","liveliness":"25","status":"offline","lastChecked":"2020-08-18T00:00:00Z","format":"sd","mbps":"1967","URI":["africa","libya","arab_countries","arab countries"]},{"id":"133016","channel":"Libya Satellite Channel","link":"http://82.212.74.2:8000/live/hls/7321.m3u8?checkedby:iptvcat.com","country":"libya","liveliness":"96","status":"offline","lastChecked":"2020-08-17T00:00:00Z","format":"sd","mbps":"1509","URI":["africa","libya","arab_countries","arab countries"]},{"id":"1887","channel":"Libya 218, LIBYA 218 218 (1920×1080)","link":"https://stream.218tv.net/libya218TV/tracks-v1a1/mono.m3u8?checkedby:iptvcat.com","country":"libya","liveliness":"90","status":"online","lastChecked":"2020-08-17T00:00:00Z","format":"fhd 2k","mbps":"11126","URI":["asia","malaysia","libya","arab_countries","arab countries"]},{"id":"1887","channel":"Libya 218, LIBYA 218 218 (1920×1080)","link":"https://stream.218tv.net/libya218TV/tracks-v1a1/mono.m3u8?checkedby:iptvcat.com","country":"libya","liveliness":"90","status":"online","lastChecked":"2020-08-17T00:00:00Z","format":"fhd 2k","mbps":"11126","URI":["asia","malaysia","libya","arab_countries","arab countries"]},{"id":"328886","channel":"Libya 218","link":"http://red.ipfox.org:8080/live/tigerag_uFZ5wd/3dL1WNjy/10215.m3u8?checkedby:iptvcat.com","country":"libya","liveliness":"25","status":"offline","lastChecked":"2020-08-18T00:00:00Z","format":"sd","mbps":"1967","URI":["africa","libya","arab_countries","arab countries"]},{"id":"328879","channel":"Libya AL Hadath","link":"http://red.ipfox.org:8080/live/tigerag_uFZ5wd/3dL1WNjy/10208.m3u8?checkedby:iptvcat.com","country":"libya","liveliness":"25","status":"offline","lastChecked":"2020-08-18T00:00:00Z","format":"sd","mbps":"1967","URI":["africa","libya","arab_countries","arab countries"]},{"id":"328883","channel":"Libya Al Rasmeya","link":"http://red.ipfox.org:8080/live/tigerag_uFZ5wd/3dL1WNjy/10212.m3u8?checkedby:iptvcat.com","country":"libya","liveliness":"25","status":"offline","lastChecked":"2020-08-18T00:00:00Z","format":"sd","mbps":"1967","URI":["africa","libya","arab_countries","arab countries"]},{"id":"328884","channel":"Libya Al hrar HD","link":"http://red.ipfox.org:8080/live/tigerag_uFZ5wd/3dL1WNjy/10213.m3u8?checkedby:iptvcat.com","country":"libya","liveliness":"25","status":"offline","lastChecked":"2020-08-18T00:00:00Z","format":"hd","mbps":"5020","URI":["africa","libya","arab_countries","arab countries"]},{"id":"328882","channel":"Libya Channel","link":"http://red.ipfox.org:8080/live/tigerag_uFZ5wd/3dL1WNjy/10211.m3u8?checkedby:iptvcat.com","country":"libya","liveliness":"25","status":"offline","lastChecked":"2020-08-18T00:00:00Z","format":"sd","mbps":"1967","URI":["africa","libya","arab_countries","arab countries"]},{"id":"328885","channel":"Libya El Watan","link":"http://red.ipfox.org:8080/live/tigerag_uFZ5wd/3dL1WNjy/10214.m3u8?checkedby:iptvcat.com","country":"libya","liveliness":"25","status":"offline","lastChecked":"2020-08-18T00:00:00Z","format":"sd","mbps":"1967","URI":["africa","libya","arab_countries","arab countries"]},{"id":"328881","channel":"Libya Panoram","link":"http://red.ipfox.org:8080/live/tigerag_uFZ5wd/3dL1WNjy/10210.m3u8?checkedby:iptvcat.com","country":"libya","liveliness":"25","status":"offline","lastChecked":"2020-08-18T00:00:00Z","format":"sd","mbps":"1967","URI":["africa","libya","arab_countries","arab countries"]},{"id":"328880","channel":"Libya Rsmia","link":"http://red.ipfox.org:8080/live/tigerag_uFZ5wd/3dL1WNjy/10209.m3u8?checkedby:iptvcat.com","country":"libya","liveliness":"25","status":"offline","lastChecked":"2020-08-18T00:00:00Z","format":"sd","mbps":"1967","URI":["africa","libya","arab_countries","arab countries"]},{"id":"133016","channel":"Libya Satellite Channel","link":"http://82.212.74.2:8000/live/hls/7321.m3u8?checkedby:iptvcat.com","country":"libya","liveliness":"96","status":"offline","lastChecked":"2020-08-17T00:00:00Z","format":"sd","mbps":"1509","URI":["africa","libya","arab_countries","arab countries"]},{"id":"25732","channel":"Al Hadath","link":"https://starmena.ercdn.net/libya-alhadath/libya-alhadath.m3u8?checkedby:iptvcat.com","country":"libya","liveliness":"100","status":"online","lastChecked":"2020-08-17T00:00:00Z","format":"sd","mbps":"1494","URI":["libya"]},{"id":"1884","channel":"Al Hadath","link":"http://starmena.ercdn.net/libya-alhadath/libya-alhadath.m3u8?checkedby:iptvcat.com","country":"libya","liveliness":"99","status":"online","lastChecked":"2020-08-17T00:00:00Z","format":"sd","mbps":"1494","URI":["libya"]},{"id":"1887","channel":"Libya 218, LIBYA 218 218 (1920×1080)","link":"https://stream.218tv.net/libya218TV/tracks-v1a1/mono.m3u8?checkedby:iptvcat.com","country":"libya","liveliness":"90","status":"online","lastChecked":"2020-08-17T00:00:00Z","format":"fhd 2k","mbps":"11126","URI":["asia","malaysia","libya","arab_countries","arab countries"]},{"id":"328886","channel":"Libya 218","link":"http://red.ipfox.org:8080/live/tigerag_uFZ5wd/3dL1WNjy/10215.m3u8?checkedby:iptvcat.com","country":"libya","liveliness":"25","status":"offline","lastChecked":"2020-08-18T00:00:00Z","format":"sd","mbps":"1967","URI":["africa","libya","arab_countries","arab countries"]},{"id":"1888","channel":"Libya 218 News","link":"http://95.85.47.43/libya218news/tracks-v1a1/mono.m3u8?checkedby:iptvcat.com","country":"libya","liveliness":"99","status":"offline","lastChecked":"2020-08-18T00:00:00Z","format":"fhd 2k","mbps":"11126","URI":["libya"]},{"id":"328879","channel":"Libya AL Hadath","link":"http://red.ipfox.org:8080/live/tigerag_uFZ5wd/3dL1WNjy/10208.m3u8?checkedby:iptvcat.com","country":"libya","liveliness":"25","status":"offline","lastChecked":"2020-08-18T00:00:00Z","format":"sd","mbps":"1967","URI":["africa","libya","arab_countries","arab countries"]},{"id":"328883","channel":"Libya Al Rasmeya","link":"http://red.ipfox.org:8080/live/tigerag_uFZ5wd/3dL1WNjy/10212.m3u8?checkedby:iptvcat.com","country":"libya","liveliness":"25","status":"offline","lastChecked":"2020-08-18T00:00:00Z","format":"sd","mbps":"1967","URI":["africa","libya","arab_countries","arab countries"]},{"id":"328884","channel":"Libya Al hrar HD","link":"http://red.ipfox.org:8080/live/tigerag_uFZ5wd/3dL1WNjy/10213.m3u8?checkedby:iptvcat.com","country":"libya","liveliness":"25","status":"offline","lastChecked":"2020-08-18T00:00:00Z","format":"hd","mbps":"5020","URI":["africa","libya","arab_countries","arab countries"]},{"id":"328882","channel":"Libya Channel","link":"http://red.ipfox.org:8080/live/tigerag_uFZ5wd/3dL1WNjy/10211.m3u8?checkedby:iptvcat.com","country":"libya","liveliness":"25","status":"offline","lastChecked":"2020-08-18T00:00:00Z","format":"sd","mbps":"1967","URI":["africa","libya","arab_countries","arab countries"]},{"id":"328885","channel":"Libya El Watan","link":"http://red.ipfox.org:8080/live/tigerag_uFZ5wd/3dL1WNjy/10214.m3u8?checkedby:iptvcat.com","country":"libya","liveliness":"25","status":"offline","lastChecked":"2020-08-18T00:00:00Z","format":"sd","mbps":"1967","URI":["africa","libya","arab_countries","arab countries"]},{"id":"328881","channel":"Libya Panoram","link":"http://red.ipfox.org:8080/live/tigerag_uFZ5wd/3dL1WNjy/10210.m3u8?checkedby:iptvcat.com","country":"libya","liveliness":"25","status":"offline","lastChecked":"2020-08-18T00:00:00Z","format":"sd","mbps":"1967","URI":["africa","libya","arab_countries","arab countries"]},{"id":"328880","channel":"Libya Rsmia","link":"http://red.ipfox.org:8080/live/tigerag_uFZ5wd/3dL1WNjy/10209.m3u8?checkedby:iptvcat.com","country":"libya","liveliness":"25","status":"offline","lastChecked":"2020-08-18T00:00:00Z","format":"sd","mbps":"1967","URI":["africa","libya","arab_countries","arab countries"]},{"id":"133016","channel":"Libya Satellite Channel","link":"http://82.212.74.2:8000/live/hls/7321.m3u8?checkedby:iptvcat.com","country":"libya","liveliness":"96","status":"offline","lastChecked":"2020-08-17T00:00:00Z","format":"sd","mbps":"1509","URI":["africa","libya","arab_countries","arab countries"]},{"id":"25733","channel":"Libya's Channel","link":"https://1599780955@starmena.ercdn.net/libyaschannel/libyaschannel.m3u8?checkedby:iptvcat.com","country":"libya","liveliness":"100","status":"online","lastChecked":"2020-08-17T00:00:00Z","format":"sd","mbps":"1494, ...","URI":["libya"]},{"id":"1889","channel":"Libya's Channel","link":"http://1599780955@starmena.ercdn.net/libyaschannel/libyaschannel.m3u8?checkedby:iptvcat.com","country":"libya","liveliness":"99","status":"online","lastChecked":"2020-08-17T00:00:00Z","format":"sd","mbps":"1494, ...","URI":["libya"]},{"id":"1887","channel":"Libya 218, LIBYA 218 218 (1920×1080)","link":"https://stream.218tv.net/libya218TV/tracks-v1a1/mono.m3u8?checkedby:iptvcat.com","country":"libya","liveliness":"90","status":"online","lastChecked":"2020-08-17T00:00:00Z","format":"fhd 2k","mbps":"11126","URI":["asia","malaysia","libya","arab_countries","arab countries"]},{"id":"328886","channel":"Libya 218","link":"http://red.ipfox.org:8080/live/tigerag_uFZ5wd/3dL1WNjy/10215.m3u8?checkedby:iptvcat.com","country":"libya","liveliness":"25","status":"offline","lastChecked":"2020-08-18T00:00:00Z","format":"sd","mbps":"1967","URI":["africa","libya","arab_countries","arab countries"]},{"id":"328879","channel":"Libya AL Hadath","link":"http://red.ipfox.org:8080/live/tigerag_uFZ5wd/3dL1WNjy/10208.m3u8?checkedby:iptvcat.com","country":"libya","liveliness":"25","status":"offline","lastChecked":"2020-08-18T00:00:00Z","format":"sd","mbps":"1967","URI":["africa","libya","arab_countries","arab countries"]},{"id":"328883","channel":"Libya Al Rasmeya","link":"http://red.ipfox.org:8080/live/tigerag_uFZ5wd/3dL1WNjy/10212.m3u8?checkedby:iptvcat.com","country":"libya","liveliness":"25","status":"offline","lastChecked":"2020-08-18T00:00:00Z","format":"sd","mbps":"1967","URI":["africa","libya","arab_countries","arab countries"]},{"id":"328884","channel":"Libya Al hrar HD","link":"http://red.ipfox.org:8080/live/tigerag_uFZ5wd/3dL1WNjy/10213.m3u8?checkedby:iptvcat.com","country":"libya","liveliness":"25","status":"offline","lastChecked":"2020-08-18T00:00:00Z","format":"hd","mbps":"5020","URI":["africa","libya","arab_countries","arab countries"]},{"id":"328882","channel":"Libya Channel","link":"http://red.ipfox.org:8080/live/tigerag_uFZ5wd/3dL1WNjy/10211.m3u8?checkedby:iptvcat.com","country":"libya","liveliness":"25","status":"offline","lastChecked":"2020-08-18T00:00:00Z","format":"sd","mbps":"1967","URI":["africa","libya","arab_countries","arab countries"]},{"id":"328885","channel":"Libya El Watan","link":"http://red.ipfox.org:8080/live/tigerag_uFZ5wd/3dL1WNjy/10214.m3u8?checkedby:iptvcat.com","country":"libya","liveliness":"25","status":"offline","lastChecked":"2020-08-18T00:00:00Z","format":"sd","mbps":"1967","URI":["africa","libya","arab_countries","arab countries"]},{"id":"328881","channel":"Libya Panoram","link":"http://red.ipfox.org:8080/live/tigerag_uFZ5wd/3dL1WNjy/10210.m3u8?checkedby:iptvcat.com","country":"libya","liveliness":"25","status":"offline","lastChecked":"2020-08-18T00:00:00Z","format":"sd","mbps":"1967","URI":["africa","libya","arab_countries","arab countries"]},{"id":"328880","channel":"Libya Rsmia","link":"http://red.ipfox.org:8080/live/tigerag_uFZ5wd/3dL1WNjy/10209.m3u8?checkedby:iptvcat.com","country":"libya","liveliness":"25","status":"offline","lastChecked":"2020-08-18T00:00:00Z","format":"sd","mbps":"1967","URI":["africa","libya","arab_countries","arab countries"]},{"id":"133016","channel":"Libya Satellite Channel","link":"http://82.212.74.2:8000/live/hls/7321.m3u8?checkedby:iptvcat.com","country":"libya","liveliness":"96","status":"offline","lastChecked":"2020-08-17T00:00:00Z","format":"sd","mbps":"1509","URI":["africa","libya","arab_countries","arab countries"]},{"id":"1887","channel":"Libya 218, LIBYA 218 218 (1920×1080)","link":"https://stream.218tv.net/libya218TV/tracks-v1a1/mono.m3u8?checkedby:iptvcat.com","country":"libya","liveliness":"90","status":"online","lastChecked":"2020-08-17T00:00:00Z","format":"fhd 2k","mbps":"11126","URI":["asia","malaysia","libya","arab_countries","arab countries"]},{"id":"328886","channel":"Libya 218","link":"http://red.ipfox.org:8080/live/tigerag_uFZ5wd/3dL1WNjy/10215.m3u8?checkedby:iptvcat.com","country":"libya","liveliness":"25","status":"offline","lastChecked":"2020-08-18T00:00:00Z","format":"sd","mbps":"1967","URI":["africa","libya","arab_countries","arab countries"]},{"id":"328879","channel":"Libya AL Hadath","link":"http://red.ipfox.org:8080/live/tigerag_uFZ5wd/3dL1WNjy/10208.m3u8?checkedby:iptvcat.com","country":"libya","liveliness":"25","status":"offline","lastChecked":"2020-08-18T00:00:00Z","format":"sd","mbps":"1967","URI":["africa","libya","arab_countries","arab countries"]},{"id":"328883","channel":"Libya Al Rasmeya","link":"http://red.ipfox.org:8080/live/tigerag_uFZ5wd/3dL1WNjy/10212.m3u8?checkedby:iptvcat.com","country":"libya","liveliness":"25","status":"offline","lastChecked":"2020-08-18T00:00:00Z","format":"sd","mbps":"1967","URI":["africa","libya","arab_countries","arab countries"]},{"id":"328884","channel":"Libya Al hrar HD","link":"http://red.ipfox.org:8080/live/tigerag_uFZ5wd/3dL1WNjy/10213.m3u8?checkedby:iptvcat.com","country":"libya","liveliness":"25","status":"offline","lastChecked":"2020-08-18T00:00:00Z","format":"hd","mbps":"5020","URI":["africa","libya","arab_countries","arab countries"]},{"id":"328882","channel":"Libya Channel","link":"http://red.ipfox.org:8080/live/tigerag_uFZ5wd/3dL1WNjy/10211.m3u8?checkedby:iptvcat.com","country":"libya","liveliness":"25","status":"offline","lastChecked":"2020-08-18T00:00:00Z","format":"sd","mbps":"1967","URI":["africa","libya","arab_countries","arab countries"]},{"id":"328885","channel":"Libya El Watan","link":"http://red.ipfox.org:8080/live/tigerag_uFZ5wd/3dL1WNjy/10214.m3u8?checkedby:iptvcat.com","country":"libya","liveliness":"25","status":"offline","lastChecked":"2020-08-18T00:00:00Z","format":"sd","mbps":"1967","URI":["africa","libya","arab_countries","arab countries"]},{"id":"328881","channel":"Libya Panoram","link":"http://red.ipfox.org:8080/live/tigerag_uFZ5wd/3dL1WNjy/10210.m3u8?checkedby:iptvcat.com","country":"libya","liveliness":"25","status":"offline","lastChecked":"2020-08-18T00:00:00Z","format":"sd","mbps":"1967","URI":["africa","libya","arab_countries","arab countries"]},{"id":"328880","channel":"Libya Rsmia","link":"http://red.ipfox.org:8080/live/tigerag_uFZ5wd/3dL1WNjy/10209.m3u8?checkedby:iptvcat.com","country":"libya","liveliness":"25","status":"offline","lastChecked":"2020-08-18T00:00:00Z","format":"sd","mbps":"1967","URI":["africa","libya","arab_countries","arab countries"]},{"id":"133016","channel":"Libya Satellite Channel","link":"http://82.212.74.2:8000/live/hls/7321.m3u8?checkedby:iptvcat.com","country":"libya","liveliness":"96","status":"offline","lastChecked":"2020-08-17T00:00:00Z","format":"sd","mbps":"1509","URI":["africa","libya","arab_countries","arab countries"]},{"id":"1887","channel":"Libya 218, LIBYA 218 218 (1920×1080)","link":"https://stream.218tv.net/libya218TV/tracks-v1a1/mono.m3u8?checkedby:iptvcat.com","country":"libya","liveliness":"90","status":"online","lastChecked":"2020-08-17T00:00:00Z","format":"fhd 2k","mbps":"11126","URI":["asia","malaysia","libya","arab_countries","arab countries"]}]