[{"id":"133017","channel":"Mediashop TV","link":"https://cdn1-europe.smartcast.tv/mediashop/mediashop1/playlist.m3u8?checkedby:iptvcat.com","country":"liechtenstein","liveliness":"100","status":"online","lastChecked":"2020-08-18T00:00:00Z","format":"sd","mbps":"1509","URI":["liechtenstein","europe"]},{"id":"1892","channel":"Mediashop TV","link":"https://cdn1-europe.smartcast.tv/mediashop/mediashop1/chunklist_w1921464012.m3u8?checkedby:iptvcat.com","country":"liechtenstein","liveliness":"99","status":"online","lastChecked":"2020-08-17T00:00:00Z","format":"sd","mbps":"1509","URI":["liechtenstein"]},{"id":"133017","channel":"Mediashop TV","link":"https://cdn1-europe.smartcast.tv/mediashop/mediashop1/playlist.m3u8?checkedby:iptvcat.com","country":"liechtenstein","liveliness":"100","status":"online","lastChecked":"2020-08-18T00:00:00Z","format":"sd","mbps":"1509","URI":["liechtenstein","europe"]}]