[{"id":"133018","channel":"KOK Fights","link":"https://live-k2302-kbp.1plus1.video/sport/smil:sport.smil/playlist.m3u8?checkedby:iptvcat.com","country":"lithuania","liveliness":"99","status":"online","lastChecked":"2020-08-17T00:00:00Z","format":"hd","mbps":"3188","URI":["lithuania","europe"]},{"id":"24682","channel":"KOK Fights","link":"https://live-k2302-kbp.1plus1.video/sport/smil:sport.smil/chunklist_b6000000.m3u8?checkedby:iptvcat.com","country":"lithuania","liveliness":"99","status":"online","lastChecked":"2020-08-17T00:00:00Z","format":"hd","mbps":"3188","URI":["lithuania"]},{"id":"133018","channel":"KOK Fights","link":"https://live-k2302-kbp.1plus1.video/sport/smil:sport.smil/playlist.m3u8?checkedby:iptvcat.com","country":"lithuania","liveliness":"99","status":"online","lastChecked":"2020-08-17T00:00:00Z","format":"hd","mbps":"3188","URI":["lithuania","europe"]}]