[{"id":"55567","channel":"2.RTL, LU | 2.RTL","link":"https://live-edge.rtl.lu/channel2/smil:channel2/chunklist_b1728000_slltz.m3u8?checkedby:iptvcat.com","country":"luxembourg","liveliness":"85","status":"online","lastChecked":"2020-08-16T00:00:00Z","format":"sd","mbps":"1688","URI":["luxembourg","europe"]},{"id":"55566","channel":"LU | RTL, RTL","link":"https://live-edge.rtl.lu/channel1/smil:channel1/chunklist_b1728000_slltz.m3u8?checkedby:iptvcat.com","country":"luxembourg","liveliness":"100","status":"online","lastChecked":"2020-08-16T00:00:00Z","format":"sd","mbps":"1688","URI":["luxembourg","europe"]},{"id":"13926","channel":"TV MCJ","link":"https://v5.ciclano.io:1443/tvmcj/_definst_/tvmcj/chunklist.m3u8?checkedby:iptvcat.com","country":"luxembourg","liveliness":"62","status":"online","lastChecked":"2020-08-17T00:00:00Z","format":"sd","mbps":"2740","URI":["luxembourg"]},{"id":"55566","channel":"LU | RTL, RTL","link":"https://live-edge.rtl.lu/channel1/smil:channel1/chunklist_b1728000_slltz.m3u8?checkedby:iptvcat.com","country":"luxembourg","liveliness":"100","status":"online","lastChecked":"2020-08-16T00:00:00Z","format":"sd","mbps":"1688","URI":["luxembourg","europe"]},{"id":"55567","channel":"2.RTL, LU | 2.RTL","link":"https://live-edge.rtl.lu/channel2/smil:channel2/chunklist_b1728000_slltz.m3u8?checkedby:iptvcat.com","country":"luxembourg","liveliness":"85","status":"online","lastChecked":"2020-08-16T00:00:00Z","format":"sd","mbps":"1688","URI":["luxembourg","europe"]},{"id":"55567","channel":"2.RTL, LU | 2.RTL","link":"https://live-edge.rtl.lu/channel2/smil:channel2/chunklist_b1728000_slltz.m3u8?checkedby:iptvcat.com","country":"luxembourg","liveliness":"85","status":"online","lastChecked":"2020-08-16T00:00:00Z","format":"sd","mbps":"1688","URI":["luxembourg","europe"]},{"id":"55566","channel":"LU | RTL, RTL","link":"https://live-edge.rtl.lu/channel1/smil:channel1/chunklist_b1728000_slltz.m3u8?checkedby:iptvcat.com","country":"luxembourg","liveliness":"100","status":"online","lastChecked":"2020-08-16T00:00:00Z","format":"sd","mbps":"1688","URI":["luxembourg","europe"]},{"id":"13926","channel":"TV MCJ","link":"https://v5.ciclano.io:1443/tvmcj/_definst_/tvmcj/chunklist.m3u8?checkedby:iptvcat.com","country":"luxembourg","liveliness":"62","status":"online","lastChecked":"2020-08-17T00:00:00Z","format":"sd","mbps":"2740","URI":["luxembourg"]}]