[{"id":"1910","channel":"澳视澳门","link":"http://61.244.22.4/ch1/ch1.live/playelist.m3u8?checkedby:iptvcat.com","country":"macao","liveliness":"98","status":"online","lastChecked":"2020-08-17T00:00:00Z","format":"hd","mbps":"5020","URI":["macao"]},{"id":"24685","channel":"澳門-MACAU","link":"http://live4.tdm.com.mo/ch3/_definst_/ch3.live/playlist.m3u8?checkedby:iptvcat.com","country":"macao","liveliness":"77","status":"online","lastChecked":"2020-08-17T00:00:00Z","format":"hd","mbps":"5020","URI":["macao"]},{"id":"24686","channel":"澳門綜藝","link":"http://live4.tdm.com.mo/ch6/_definst_/hd_ch6.live/playlist.m3u8?checkedby:iptvcat.com","country":"macao","liveliness":"75","status":"online","lastChecked":"2020-08-16T00:00:00Z","format":"hd","mbps":"3799","URI":["macao"]},{"id":"1911","channel":"澳门1","link":"http://61.244.22.4/ch3/ch3.live/playelist.m3u8?checkedby:iptvcat.com","country":"macao","liveliness":"98","status":"online","lastChecked":"2020-08-17T00:00:00Z","format":"hd","mbps":"5020","URI":["macao"]},{"id":"1912","channel":"澳门2","link":"http://61.244.22.4/ch2/ch2.live/playelist.m3u8?checkedby:iptvcat.com","country":"macao","liveliness":"99","status":"online","lastChecked":"2020-08-17T00:00:00Z","format":"hd","mbps":"5020","URI":["macao"]}]