[{"id":"19928","channel":"Alcarria TV","link":"http://217.182.77.27/live/alcarriatv-livestream.m3u8?checkedby:iptvcat.com","country":"mexico","liveliness":"100","status":"online","lastChecked":"2020-08-17T00:00:00Z","format":"sd","mbps":"2883","URI":["europe","mexico","spain"]},{"id":"133035","channel":"Uno TV","link":"https://ooyalahd2-f.akamaihd.net/i/UnoTV01_delivery@122640/master.m3u8?checkedby:iptvcat.com","country":"mexico","liveliness":"100","status":"online","lastChecked":"2020-08-18T00:00:00Z","format":"hd","mbps":"5991, ...","URI":["north_america","north america","mexico","latin america","latin_america"]},{"id":"133034","channel":"TELEFORMULA","link":"https://wms30.tecnoxia.com/radiof/abr_radioftele/radiof/radioftele_source/playlist.m3u8?checkedby:iptvcat.com","country":"mexico","liveliness":"99","status":"online","lastChecked":"2020-08-17T00:00:00Z","format":"hd","mbps":"5991","URI":["north_america","north america","mexico","latin america","latin_america"]},{"id":"133033","channel":"TELEFORMULA","link":"https://wms30.tecnoxia.com/radiof/abr_radioftele/playlist.m3u8?checkedby:iptvcat.com","country":"mexico","liveliness":"96","status":"online","lastChecked":"2020-08-17T00:00:00Z","format":"hd","mbps":"5991, ...","URI":["north_america","north america","mexico","latin america","latin_america"]},{"id":"133030","channel":"Multimedios Laguna","link":"https://mdstrm.com/live-stream-playlist_1200/57bf686a61ff39e1085d43e1.m3u8?checkedby:iptvcat.com","country":"mexico","liveliness":"93","status":"offline","lastChecked":"2020-08-19T00:00:00Z","format":"hd","mbps":"5991, ...","URI":["north_america","north america","mexico","latin america","latin_america"]},{"id":"133031","channel":"Multimedios Monterrey","link":"https://mdstrm.com/live-stream-playlist/57b4dbf5dbbfc8f16bb63ce1.m3u8?ref=https://www.multimedios.com\u0026checkedby:iptvcat.com","country":"mexico","liveliness":"31","status":"offline","lastChecked":"2020-08-17T00:00:00Z","format":"hd","mbps":"5991, ...","URI":["north_america","north america","mexico","latin america","latin_america"]},{"id":"55899","channel":"Multimedios Monterrey, MX | Multimedios Monterrey","link":"https://mdstrm.com/live-stream-playlist/57b4dbf5dbbfc8f16bb63ce1.m3u8?checkedby:iptvcat.com","country":"mexico","liveliness":"37","status":"offline","lastChecked":"2020-08-19T00:00:00Z","format":"hd","mbps":"5991, ...","URI":["north_america","north america","mexico","latin america","latin_america"]},{"id":"133027","channel":"EWTN","link":"https://d3kr0d4mfjxpbv.cloudfront.net/p/SPAS.m3u8?checkedby:iptvcat.com","country":"mexico","liveliness":"99","status":"online","lastChecked":"2020-08-17T00:00:00Z","format":"hd","mbps":"4879, ...","URI":["north_america","north america","mexico","latin america","latin_america"]},{"id":"133035","channel":"Uno TV","link":"https://ooyalahd2-f.akamaihd.net/i/UnoTV01_delivery@122640/master.m3u8?checkedby:iptvcat.com","country":"mexico","liveliness":"100","status":"online","lastChecked":"2020-08-18T00:00:00Z","format":"hd","mbps":"5991, ...","URI":["north_america","north america","mexico","latin america","latin_america"]},{"id":"133034","channel":"TELEFORMULA","link":"https://wms30.tecnoxia.com/radiof/abr_radioftele/radiof/radioftele_source/playlist.m3u8?checkedby:iptvcat.com","country":"mexico","liveliness":"99","status":"online","lastChecked":"2020-08-17T00:00:00Z","format":"hd","mbps":"5991","URI":["north_america","north america","mexico","latin america","latin_america"]},{"id":"133033","channel":"TELEFORMULA","link":"https://wms30.tecnoxia.com/radiof/abr_radioftele/playlist.m3u8?checkedby:iptvcat.com","country":"mexico","liveliness":"96","status":"online","lastChecked":"2020-08-17T00:00:00Z","format":"hd","mbps":"5991, ...","URI":["north_america","north america","mexico","latin america","latin_america"]},{"id":"133030","channel":"Multimedios Laguna","link":"https://mdstrm.com/live-stream-playlist_1200/57bf686a61ff39e1085d43e1.m3u8?checkedby:iptvcat.com","country":"mexico","liveliness":"93","status":"offline","lastChecked":"2020-08-19T00:00:00Z","format":"hd","mbps":"5991, ...","URI":["north_america","north america","mexico","latin america","latin_america"]},{"id":"133031","channel":"Multimedios Monterrey","link":"https://mdstrm.com/live-stream-playlist/57b4dbf5dbbfc8f16bb63ce1.m3u8?ref=https://www.multimedios.com\u0026checkedby:iptvcat.com","country":"mexico","liveliness":"31","status":"offline","lastChecked":"2020-08-17T00:00:00Z","format":"hd","mbps":"5991, ...","URI":["north_america","north america","mexico","latin america","latin_america"]},{"id":"55899","channel":"Multimedios Monterrey, MX | Multimedios Monterrey","link":"https://mdstrm.com/live-stream-playlist/57b4dbf5dbbfc8f16bb63ce1.m3u8?checkedby:iptvcat.com","country":"mexico","liveliness":"37","status":"offline","lastChecked":"2020-08-19T00:00:00Z","format":"hd","mbps":"5991, ...","URI":["north_america","north america","mexico","latin america","latin_america"]},{"id":"133027","channel":"EWTN","link":"https://d3kr0d4mfjxpbv.cloudfront.net/p/SPAS.m3u8?checkedby:iptvcat.com","country":"mexico","liveliness":"99","status":"online","lastChecked":"2020-08-17T00:00:00Z","format":"hd","mbps":"4879, ...","URI":["north_america","north america","mexico","latin america","latin_america"]},{"id":"10148","channel":"15 TV (Sabinas), 15TV Sabinas","link":"http://live.gvstream.net:1935/e-tv-video/play.stream/playlist.m3u8?checkedby:iptvcat.com","country":"mexico","liveliness":"96","status":"online","lastChecked":"2020-08-17T00:00:00Z","format":"sd","mbps":"1181","URI":["mexico"]},{"id":"1930","channel":"ADN 40","link":"http://aztkhlslive3-i.akamaihd.net/hls/live/777407/adn40mx/master01.m3u8?checkedby:iptvcat.com","country":"mexico","liveliness":"99","status":"online","lastChecked":"2020-08-17T00:00:00Z","format":"sd","mbps":"960","URI":["mexico"]},{"id":"19928","channel":"Alcarria TV","link":"http://217.182.77.27/live/alcarriatv-livestream.m3u8?checkedby:iptvcat.com","country":"mexico","liveliness":"100","status":"online","lastChecked":"2020-08-17T00:00:00Z","format":"sd","mbps":"2883","URI":["europe","mexico","spain"]},{"id":"1933","channel":"Canal 10 Cancún","link":"http://stream2.dynalias.com:1935/live/tvlive1/playlist.m3u8?checkedby:iptvcat.com","country":"mexico","liveliness":"100","status":"online","lastChecked":"2020-08-17T00:00:00Z","format":"hd","mbps":"5991","URI":["mexico"]},{"id":"1932","channel":"Canal 10 Cancún","link":"http://stream2.dynalias.com:1935/live/tvlive1/chunklist_w1211325251.m3u8?checkedby:iptvcat.com","country":"mexico","liveliness":"100","status":"online","lastChecked":"2020-08-17T00:00:00Z","format":"hd","mbps":"5991","URI":["mexico"]},{"id":"1940","channel":"De Película","link":"https://5949aa132c8fb.streamlock.net:554/iptvbhtv/livebhtvtv/playlist.m3u8?checkedby:iptvcat.com","country":"mexico","liveliness":"97","status":"online","lastChecked":"2020-08-17T00:00:00Z","format":"hd","mbps":"4318","URI":["mexico"]},{"id":"133027","channel":"EWTN","link":"https://d3kr0d4mfjxpbv.cloudfront.net/p/SPAS.m3u8?checkedby:iptvcat.com","country":"mexico","liveliness":"99","status":"online","lastChecked":"2020-08-17T00:00:00Z","format":"hd","mbps":"4879, ...","URI":["north_america","north america","mexico","latin america","latin_america"]},{"id":"1942","channel":"EWTN","link":"http://d3kr0d4mfjxpbv.cloudfront.net/p/SPAS_1920x1080_4000k.m3u8?checkedby:iptvcat.com","country":"mexico","liveliness":"100","status":"online","lastChecked":"2020-08-17T00:00:00Z","format":"fhd 2k","mbps":"8370","URI":["mexico"]},{"id":"1944","channel":"Genesis TV","link":"http://201.144.184.98:1935/genesis/smil:television.smil/playlist.m3u8?checkedby:iptvcat.com","country":"mexico","liveliness":"99","status":"online","lastChecked":"2020-08-17T00:00:00Z","format":"hd","mbps":"5991, ...","URI":["mexico"]},{"id":"1948","channel":"MONTE MARIA | SD (MX)","link":"http://162.212.176.51:1935/live/myStream/playlist.m3u8?checkedby:iptvcat.com","country":"mexico","liveliness":"100","status":"online","lastChecked":"2020-08-17T00:00:00Z","format":"fhd 2k","mbps":"8370","URI":["mexico"]},{"id":"1949","channel":"MTV (Latinoamérica)","link":"http://161.0.157.5/PLTV/88888888/224/3221226825/index.m3u8?checkedby:iptvcat.com","country":"mexico","liveliness":"100","status":"online","lastChecked":"2020-08-17T00:00:00Z","format":"sd","mbps":"2088, ...","URI":["mexico"]},{"id":"55899","channel":"Multimedios Monterrey, MX | Multimedios Monterrey","link":"https://mdstrm.com/live-stream-playlist/57b4dbf5dbbfc8f16bb63ce1.m3u8?checkedby:iptvcat.com","country":"mexico","liveliness":"37","status":"offline","lastChecked":"2020-08-19T00:00:00Z","format":"hd","mbps":"5991, ...","URI":["north_america","north america","mexico","latin america","latin_america"]},{"id":"1947","channel":"Milenio TV","link":"http://bcoveliveios-i.akamaihd.net:80/hls/live/201661/57828478001/milenio_center_512k@51752.m3u8?checkedby:iptvcat.com","country":"mexico","liveliness":"100","status":"online","lastChecked":"2020-08-17T00:00:00Z","format":"hd","mbps":"5997","URI":["mexico"]},{"id":"1946","channel":"milenio, Milenio TV","link":"http://bcoveliveios-i.akamaihd.net/hls/live/201661/57828478001/milenio_center_512k@51752.m3u8?checkedby:iptvcat.com","country":"mexico","liveliness":"100","status":"online","lastChecked":"2020-08-17T00:00:00Z","format":"hd","mbps":"5997","URI":["mexico","undefined"]},{"id":"1954","channel":"Multimedios Guadalajara, Multimedios Guadalajara (Opt-1) (New!)","link":"https://mdstrm.com/live-stream-playlist/5c54d38ca392a5119bb0aa0d.m3u8?checkedby:iptvcat.com","country":"mexico","liveliness":"93","status":"offline","lastChecked":"2020-08-17T00:00:00Z","format":"hd","mbps":"5991, ...","URI":["mexico"]},{"id":"1955","channel":"Multimedios Laguna","link":"http://mdstrm.com/live-stream-playlist_1200/57bf686a61ff39e1085d43e1.m3u8?checkedby:iptvcat.com","country":"mexico","liveliness":"93","status":"online","lastChecked":"2020-08-17T00:00:00Z","format":"hd","mbps":"5991, ...","URI":["mexico"]},{"id":"1956","channel":"Multimedios Laguna","link":"https://mdstrm.com/live-stream-playlist/57bf686a61ff39e1085d43e1.m3u8?checkedby:iptvcat.com","country":"mexico","liveliness":"91","status":"online","lastChecked":"2020-08-17T00:00:00Z","format":"hd","mbps":"5991, ...","URI":["mexico"]},{"id":"133030","channel":"Multimedios Laguna","link":"https://mdstrm.com/live-stream-playlist_1200/57bf686a61ff39e1085d43e1.m3u8?checkedby:iptvcat.com","country":"mexico","liveliness":"93","status":"offline","lastChecked":"2020-08-19T00:00:00Z","format":"hd","mbps":"5991, ...","URI":["north_america","north america","mexico","latin america","latin_america"]},{"id":"133031","channel":"Multimedios Monterrey","link":"https://mdstrm.com/live-stream-playlist/57b4dbf5dbbfc8f16bb63ce1.m3u8?ref=https://www.multimedios.com\u0026checkedby:iptvcat.com","country":"mexico","liveliness":"31","status":"offline","lastChecked":"2020-08-17T00:00:00Z","format":"hd","mbps":"5991, ...","URI":["north_america","north america","mexico","latin america","latin_america"]},{"id":"1965","channel":"RTQ Queretaro","link":"http://wms.tecnoxia.com:1935/rytqrolive/rytqrolive/master.m3u8?checkedby:iptvcat.com","country":"mexico","liveliness":"99","status":"online","lastChecked":"2020-08-17T00:00:00Z","format":"sd","mbps":"1601","URI":["mexico"]},{"id":"133034","channel":"TELEFORMULA","link":"https://wms30.tecnoxia.com/radiof/abr_radioftele/radiof/radioftele_source/playlist.m3u8?checkedby:iptvcat.com","country":"mexico","liveliness":"99","status":"online","lastChecked":"2020-08-17T00:00:00Z","format":"hd","mbps":"5991","URI":["north_america","north america","mexico","latin america","latin_america"]},{"id":"133033","channel":"TELEFORMULA","link":"https://wms30.tecnoxia.com/radiof/abr_radioftele/playlist.m3u8?checkedby:iptvcat.com","country":"mexico","liveliness":"96","status":"online","lastChecked":"2020-08-17T00:00:00Z","format":"hd","mbps":"5991, ...","URI":["north_america","north america","mexico","latin america","latin_america"]},{"id":"13944","channel":"TELEFORMULA","link":"http://bit.ly/2Le41S2?checkedby:iptvcat.com","country":"mexico","liveliness":"98","status":"online","lastChecked":"2020-08-17T00:00:00Z","format":"hd","mbps":"5991, ...","URI":["mexico"]},{"id":"1969","channel":"TELEFORMULA","link":"http://wms30.tecnoxia.com/radiof/abr_radioftele/playlist.m3u8?checkedby:iptvcat.com","country":"mexico","liveliness":"97","status":"online","lastChecked":"2020-08-17T00:00:00Z","format":"hd","mbps":"5991, ...","URI":["mexico"]},{"id":"1972","channel":"Telemax","link":"http://s5.mexside.net:1935/telemax/telemax/.m3u8?checkedby:iptvcat.com","country":"mexico","liveliness":"92","status":"online","lastChecked":"2020-08-17T00:00:00Z","format":"hd","mbps":"4318","URI":["mexico"]},{"id":"1977","channel":"Uno TV","link":"http://ooyalahd2-f.akamaihd.net/i/UnoTV01_delivery@122640/master.m3u8?checkedby:iptvcat.com","country":"mexico","liveliness":"100","status":"online","lastChecked":"2020-08-17T00:00:00Z","format":"hd","mbps":"5991, ...","URI":["mexico"]},{"id":"133035","channel":"Uno TV","link":"https://ooyalahd2-f.akamaihd.net/i/UnoTV01_delivery@122640/master.m3u8?checkedby:iptvcat.com","country":"mexico","liveliness":"100","status":"online","lastChecked":"2020-08-18T00:00:00Z","format":"hd","mbps":"5991, ...","URI":["north_america","north america","mexico","latin america","latin_america"]},{"id":"10148","channel":"15 TV (Sabinas), 15TV Sabinas","link":"http://live.gvstream.net:1935/e-tv-video/play.stream/playlist.m3u8?checkedby:iptvcat.com","country":"mexico","liveliness":"96","status":"online","lastChecked":"2020-08-17T00:00:00Z","format":"sd","mbps":"1181","URI":["mexico"]},{"id":"1930","channel":"ADN 40","link":"http://aztkhlslive3-i.akamaihd.net/hls/live/777407/adn40mx/master01.m3u8?checkedby:iptvcat.com","country":"mexico","liveliness":"99","status":"online","lastChecked":"2020-08-17T00:00:00Z","format":"sd","mbps":"960","URI":["mexico"]},{"id":"19928","channel":"Alcarria TV","link":"http://217.182.77.27/live/alcarriatv-livestream.m3u8?checkedby:iptvcat.com","country":"mexico","liveliness":"100","status":"online","lastChecked":"2020-08-17T00:00:00Z","format":"sd","mbps":"2883","URI":["europe","mexico","spain"]},{"id":"1932","channel":"Canal 10 Cancún","link":"http://stream2.dynalias.com:1935/live/tvlive1/chunklist_w1211325251.m3u8?checkedby:iptvcat.com","country":"mexico","liveliness":"100","status":"online","lastChecked":"2020-08-17T00:00:00Z","format":"hd","mbps":"5991","URI":["mexico"]},{"id":"1933","channel":"Canal 10 Cancún","link":"http://stream2.dynalias.com:1935/live/tvlive1/playlist.m3u8?checkedby:iptvcat.com","country":"mexico","liveliness":"100","status":"online","lastChecked":"2020-08-17T00:00:00Z","format":"hd","mbps":"5991","URI":["mexico"]},{"id":"1940","channel":"De Película","link":"https://5949aa132c8fb.streamlock.net:554/iptvbhtv/livebhtvtv/playlist.m3u8?checkedby:iptvcat.com","country":"mexico","liveliness":"97","status":"online","lastChecked":"2020-08-17T00:00:00Z","format":"hd","mbps":"4318","URI":["mexico"]},{"id":"133027","channel":"EWTN","link":"https://d3kr0d4mfjxpbv.cloudfront.net/p/SPAS.m3u8?checkedby:iptvcat.com","country":"mexico","liveliness":"99","status":"online","lastChecked":"2020-08-17T00:00:00Z","format":"hd","mbps":"4879, ...","URI":["north_america","north america","mexico","latin america","latin_america"]},{"id":"1942","channel":"EWTN","link":"http://d3kr0d4mfjxpbv.cloudfront.net/p/SPAS_1920x1080_4000k.m3u8?checkedby:iptvcat.com","country":"mexico","liveliness":"100","status":"online","lastChecked":"2020-08-17T00:00:00Z","format":"fhd 2k","mbps":"8370","URI":["mexico"]},{"id":"1944","channel":"Genesis TV","link":"http://201.144.184.98:1935/genesis/smil:television.smil/playlist.m3u8?checkedby:iptvcat.com","country":"mexico","liveliness":"99","status":"online","lastChecked":"2020-08-17T00:00:00Z","format":"hd","mbps":"5991, ...","URI":["mexico"]},{"id":"1948","channel":"MONTE MARIA | SD (MX)","link":"http://162.212.176.51:1935/live/myStream/playlist.m3u8?checkedby:iptvcat.com","country":"mexico","liveliness":"100","status":"online","lastChecked":"2020-08-17T00:00:00Z","format":"fhd 2k","mbps":"8370","URI":["mexico"]},{"id":"1949","channel":"MTV (Latinoamérica)","link":"http://161.0.157.5/PLTV/88888888/224/3221226825/index.m3u8?checkedby:iptvcat.com","country":"mexico","liveliness":"100","status":"online","lastChecked":"2020-08-17T00:00:00Z","format":"sd","mbps":"2088, ...","URI":["mexico"]},{"id":"55899","channel":"Multimedios Monterrey, MX | Multimedios Monterrey","link":"https://mdstrm.com/live-stream-playlist/57b4dbf5dbbfc8f16bb63ce1.m3u8?checkedby:iptvcat.com","country":"mexico","liveliness":"37","status":"offline","lastChecked":"2020-08-19T00:00:00Z","format":"hd","mbps":"5991, ...","URI":["north_america","north america","mexico","latin america","latin_america"]},{"id":"1947","channel":"Milenio TV","link":"http://bcoveliveios-i.akamaihd.net:80/hls/live/201661/57828478001/milenio_center_512k@51752.m3u8?checkedby:iptvcat.com","country":"mexico","liveliness":"100","status":"online","lastChecked":"2020-08-17T00:00:00Z","format":"hd","mbps":"5997","URI":["mexico"]},{"id":"1946","channel":"milenio, Milenio TV","link":"http://bcoveliveios-i.akamaihd.net/hls/live/201661/57828478001/milenio_center_512k@51752.m3u8?checkedby:iptvcat.com","country":"mexico","liveliness":"100","status":"online","lastChecked":"2020-08-17T00:00:00Z","format":"hd","mbps":"5997","URI":["mexico","undefined"]},{"id":"1954","channel":"Multimedios Guadalajara, Multimedios Guadalajara (Opt-1) (New!)","link":"https://mdstrm.com/live-stream-playlist/5c54d38ca392a5119bb0aa0d.m3u8?checkedby:iptvcat.com","country":"mexico","liveliness":"93","status":"offline","lastChecked":"2020-08-17T00:00:00Z","format":"hd","mbps":"5991, ...","URI":["mexico"]},{"id":"1956","channel":"Multimedios Laguna","link":"https://mdstrm.com/live-stream-playlist/57bf686a61ff39e1085d43e1.m3u8?checkedby:iptvcat.com","country":"mexico","liveliness":"91","status":"online","lastChecked":"2020-08-17T00:00:00Z","format":"hd","mbps":"5991, ...","URI":["mexico"]},{"id":"1955","channel":"Multimedios Laguna","link":"http://mdstrm.com/live-stream-playlist_1200/57bf686a61ff39e1085d43e1.m3u8?checkedby:iptvcat.com","country":"mexico","liveliness":"93","status":"online","lastChecked":"2020-08-17T00:00:00Z","format":"hd","mbps":"5991, ...","URI":["mexico"]},{"id":"133030","channel":"Multimedios Laguna","link":"https://mdstrm.com/live-stream-playlist_1200/57bf686a61ff39e1085d43e1.m3u8?checkedby:iptvcat.com","country":"mexico","liveliness":"93","status":"offline","lastChecked":"2020-08-19T00:00:00Z","format":"hd","mbps":"5991, ...","URI":["north_america","north america","mexico","latin america","latin_america"]},{"id":"133031","channel":"Multimedios Monterrey","link":"https://mdstrm.com/live-stream-playlist/57b4dbf5dbbfc8f16bb63ce1.m3u8?ref=https://www.multimedios.com\u0026checkedby:iptvcat.com","country":"mexico","liveliness":"31","status":"offline","lastChecked":"2020-08-17T00:00:00Z","format":"hd","mbps":"5991, ...","URI":["north_america","north america","mexico","latin america","latin_america"]},{"id":"1965","channel":"RTQ Queretaro","link":"http://wms.tecnoxia.com:1935/rytqrolive/rytqrolive/master.m3u8?checkedby:iptvcat.com","country":"mexico","liveliness":"99","status":"online","lastChecked":"2020-08-17T00:00:00Z","format":"sd","mbps":"1601","URI":["mexico"]},{"id":"1969","channel":"TELEFORMULA","link":"http://wms30.tecnoxia.com/radiof/abr_radioftele/playlist.m3u8?checkedby:iptvcat.com","country":"mexico","liveliness":"97","status":"online","lastChecked":"2020-08-17T00:00:00Z","format":"hd","mbps":"5991, ...","URI":["mexico"]},{"id":"133034","channel":"TELEFORMULA","link":"https://wms30.tecnoxia.com/radiof/abr_radioftele/radiof/radioftele_source/playlist.m3u8?checkedby:iptvcat.com","country":"mexico","liveliness":"99","status":"online","lastChecked":"2020-08-17T00:00:00Z","format":"hd","mbps":"5991","URI":["north_america","north america","mexico","latin america","latin_america"]},{"id":"133033","channel":"TELEFORMULA","link":"https://wms30.tecnoxia.com/radiof/abr_radioftele/playlist.m3u8?checkedby:iptvcat.com","country":"mexico","liveliness":"96","status":"online","lastChecked":"2020-08-17T00:00:00Z","format":"hd","mbps":"5991, ...","URI":["north_america","north america","mexico","latin america","latin_america"]},{"id":"13944","channel":"TELEFORMULA","link":"http://bit.ly/2Le41S2?checkedby:iptvcat.com","country":"mexico","liveliness":"98","status":"online","lastChecked":"2020-08-17T00:00:00Z","format":"hd","mbps":"5991, ...","URI":["mexico"]},{"id":"1972","channel":"Telemax","link":"http://s5.mexside.net:1935/telemax/telemax/.m3u8?checkedby:iptvcat.com","country":"mexico","liveliness":"92","status":"online","lastChecked":"2020-08-17T00:00:00Z","format":"hd","mbps":"4318","URI":["mexico"]},{"id":"133035","channel":"Uno TV","link":"https://ooyalahd2-f.akamaihd.net/i/UnoTV01_delivery@122640/master.m3u8?checkedby:iptvcat.com","country":"mexico","liveliness":"100","status":"online","lastChecked":"2020-08-18T00:00:00Z","format":"hd","mbps":"5991, ...","URI":["north_america","north america","mexico","latin america","latin_america"]},{"id":"1977","channel":"Uno TV","link":"http://ooyalahd2-f.akamaihd.net/i/UnoTV01_delivery@122640/master.m3u8?checkedby:iptvcat.com","country":"mexico","liveliness":"100","status":"online","lastChecked":"2020-08-17T00:00:00Z","format":"hd","mbps":"5991, ...","URI":["mexico"]},{"id":"133035","channel":"Uno TV","link":"https://ooyalahd2-f.akamaihd.net/i/UnoTV01_delivery@122640/master.m3u8?checkedby:iptvcat.com","country":"mexico","liveliness":"100","status":"online","lastChecked":"2020-08-18T00:00:00Z","format":"hd","mbps":"5991, ...","URI":["north_america","north america","mexico","latin america","latin_america"]},{"id":"133034","channel":"TELEFORMULA","link":"https://wms30.tecnoxia.com/radiof/abr_radioftele/radiof/radioftele_source/playlist.m3u8?checkedby:iptvcat.com","country":"mexico","liveliness":"99","status":"online","lastChecked":"2020-08-17T00:00:00Z","format":"hd","mbps":"5991","URI":["north_america","north america","mexico","latin america","latin_america"]},{"id":"133033","channel":"TELEFORMULA","link":"https://wms30.tecnoxia.com/radiof/abr_radioftele/playlist.m3u8?checkedby:iptvcat.com","country":"mexico","liveliness":"96","status":"online","lastChecked":"2020-08-17T00:00:00Z","format":"hd","mbps":"5991, ...","URI":["north_america","north america","mexico","latin america","latin_america"]},{"id":"55899","channel":"Multimedios Monterrey, MX | Multimedios Monterrey","link":"https://mdstrm.com/live-stream-playlist/57b4dbf5dbbfc8f16bb63ce1.m3u8?checkedby:iptvcat.com","country":"mexico","liveliness":"37","status":"offline","lastChecked":"2020-08-19T00:00:00Z","format":"hd","mbps":"5991, ...","URI":["north_america","north america","mexico","latin america","latin_america"]},{"id":"133030","channel":"Multimedios Laguna","link":"https://mdstrm.com/live-stream-playlist_1200/57bf686a61ff39e1085d43e1.m3u8?checkedby:iptvcat.com","country":"mexico","liveliness":"93","status":"offline","lastChecked":"2020-08-19T00:00:00Z","format":"hd","mbps":"5991, ...","URI":["north_america","north america","mexico","latin america","latin_america"]},{"id":"133031","channel":"Multimedios Monterrey","link":"https://mdstrm.com/live-stream-playlist/57b4dbf5dbbfc8f16bb63ce1.m3u8?ref=https://www.multimedios.com\u0026checkedby:iptvcat.com","country":"mexico","liveliness":"31","status":"offline","lastChecked":"2020-08-17T00:00:00Z","format":"hd","mbps":"5991, ...","URI":["north_america","north america","mexico","latin america","latin_america"]},{"id":"133027","channel":"EWTN","link":"https://d3kr0d4mfjxpbv.cloudfront.net/p/SPAS.m3u8?checkedby:iptvcat.com","country":"mexico","liveliness":"99","status":"online","lastChecked":"2020-08-17T00:00:00Z","format":"hd","mbps":"4879, ...","URI":["north_america","north america","mexico","latin america","latin_america"]},{"id":"133035","channel":"Uno TV","link":"https://ooyalahd2-f.akamaihd.net/i/UnoTV01_delivery@122640/master.m3u8?checkedby:iptvcat.com","country":"mexico","liveliness":"100","status":"online","lastChecked":"2020-08-18T00:00:00Z","format":"hd","mbps":"5991, ...","URI":["north_america","north america","mexico","latin america","latin_america"]},{"id":"133034","channel":"TELEFORMULA","link":"https://wms30.tecnoxia.com/radiof/abr_radioftele/radiof/radioftele_source/playlist.m3u8?checkedby:iptvcat.com","country":"mexico","liveliness":"99","status":"online","lastChecked":"2020-08-17T00:00:00Z","format":"hd","mbps":"5991","URI":["north_america","north america","mexico","latin america","latin_america"]},{"id":"133033","channel":"TELEFORMULA","link":"https://wms30.tecnoxia.com/radiof/abr_radioftele/playlist.m3u8?checkedby:iptvcat.com","country":"mexico","liveliness":"96","status":"online","lastChecked":"2020-08-17T00:00:00Z","format":"hd","mbps":"5991, ...","URI":["north_america","north america","mexico","latin america","latin_america"]},{"id":"55899","channel":"Multimedios Monterrey, MX | Multimedios Monterrey","link":"https://mdstrm.com/live-stream-playlist/57b4dbf5dbbfc8f16bb63ce1.m3u8?checkedby:iptvcat.com","country":"mexico","liveliness":"37","status":"offline","lastChecked":"2020-08-19T00:00:00Z","format":"hd","mbps":"5991, ...","URI":["north_america","north america","mexico","latin america","latin_america"]},{"id":"133030","channel":"Multimedios Laguna","link":"https://mdstrm.com/live-stream-playlist_1200/57bf686a61ff39e1085d43e1.m3u8?checkedby:iptvcat.com","country":"mexico","liveliness":"93","status":"offline","lastChecked":"2020-08-19T00:00:00Z","format":"hd","mbps":"5991, ...","URI":["north_america","north america","mexico","latin america","latin_america"]},{"id":"133031","channel":"Multimedios Monterrey","link":"https://mdstrm.com/live-stream-playlist/57b4dbf5dbbfc8f16bb63ce1.m3u8?ref=https://www.multimedios.com\u0026checkedby:iptvcat.com","country":"mexico","liveliness":"31","status":"offline","lastChecked":"2020-08-17T00:00:00Z","format":"hd","mbps":"5991, ...","URI":["north_america","north america","mexico","latin america","latin_america"]},{"id":"133027","channel":"EWTN","link":"https://d3kr0d4mfjxpbv.cloudfront.net/p/SPAS.m3u8?checkedby:iptvcat.com","country":"mexico","liveliness":"99","status":"online","lastChecked":"2020-08-17T00:00:00Z","format":"hd","mbps":"4879, ...","URI":["north_america","north america","mexico","latin america","latin_america"]},{"id":"19928","channel":"Alcarria TV","link":"http://217.182.77.27/live/alcarriatv-livestream.m3u8?checkedby:iptvcat.com","country":"mexico","liveliness":"100","status":"online","lastChecked":"2020-08-17T00:00:00Z","format":"sd","mbps":"2883","URI":["europe","mexico","spain"]},{"id":"1946","channel":"milenio, Milenio TV","link":"http://bcoveliveios-i.akamaihd.net/hls/live/201661/57828478001/milenio_center_512k@51752.m3u8?checkedby:iptvcat.com","country":"mexico","liveliness":"100","status":"online","lastChecked":"2020-08-17T00:00:00Z","format":"hd","mbps":"5997","URI":["mexico","undefined"]}]