[{"id":"14816","channel":"МузСоюз","link":"http://hls.tvsoyuz.cdnvideo.ru/tvsoyuz2/muzsoyuz.6fw0-58xp-acts-esy0/playlist.m3u8?checkedby:iptvcat.com","country":"moldova","liveliness":"99","status":"online","lastChecked":"2020-08-17T00:00:00Z","format":"sd","mbps":"2369","URI":["europe","moldova"]},{"id":"14809","channel":"Каббала ТВ","link":"https://edge2.uk.kab.tv/rtplive/kabtv-rus-medium.stream/playlist.m3u8?checkedby:iptvcat.com","country":"moldova","liveliness":"100","status":"online","lastChecked":"2020-08-17T00:00:00Z","format":"sd","mbps":"1357","URI":["europe","moldova"]},{"id":"14800","channel":"TVR Targu Mures, TVR Targu-Mures","link":"http://89.136.209.26:1935/liveedge/TVRTGMURES.stream/playlist.m3u8?checkedby:iptvcat.com","country":"moldova","liveliness":"100","status":"online","lastChecked":"2020-08-17T00:00:00Z","format":"sd","mbps":"1494","URI":["europe","moldova","romania"]},{"id":"133039","channel":"Publika TV","link":"https://livebeta.publika.md/LIVE/P/6810.m3u8?checkedby:iptvcat.com","country":"moldova","liveliness":"100","status":"online","lastChecked":"2020-08-18T00:00:00Z","format":"hd","mbps":"3188, ...","URI":["europe","moldova"]},{"id":"133038","channel":"Publika TV","link":"https://livebeta.publika.md/LIVE/P/1000.m3u8?checkedby:iptvcat.com","country":"moldova","liveliness":"100","status":"online","lastChecked":"2020-08-18T00:00:00Z","format":"sd","mbps":"1853","URI":["europe","moldova"]},{"id":"14798","channel":"REALITATEA RO","link":"http://liveonline.realitatea.net/livestream/liverealitatea.stream/playlist.m3u8?checkedby:iptvcat.com","country":"moldova","liveliness":"100","status":"online","lastChecked":"2020-08-17T00:00:00Z","format":"hd","mbps":"7114","URI":["europe","moldova"]},{"id":"14774","channel":"Primul în Moldova","link":"https://video.a-tv.md/hls/tv.m3u8?checkedby:iptvcat.com","country":"moldova","liveliness":"100","status":"online","lastChecked":"2020-08-17T00:00:00Z","format":"sd","mbps":"1509","URI":["europe","moldova"]},{"id":"2294","channel":"Pro TV News, Pro X","link":"http://stream1.protv.ro/news/stream:1.stream/chunklist_w1582750279.m3u8?checkedby:iptvcat.com","country":"moldova","liveliness":"99","status":"online","lastChecked":"2020-08-17T00:00:00Z","format":"sd","mbps":"1444","URI":["europe","moldova","romania"]},{"id":"14783","channel":"PRO TV HD","link":"http://89.38.8.131:39532?checkedby:iptvcat.com","country":"moldova","liveliness":"98","status":"online","lastChecked":"2020-08-17T00:00:00Z","format":"fhd 2k","mbps":"7004","URI":["europe","moldova"]},{"id":"14761","channel":"PUBLIKA_TV_HD","link":"https://livebeta.publika.md/LIVE/P/1500.m3u8?checkedby:iptvcat.com","country":"moldova","liveliness":"100","status":"online","lastChecked":"2020-08-17T00:00:00Z","format":"hd","mbps":"3188","URI":["europe","moldova"]},{"id":"14759","channel":"Moldova 1","link":"http://212.0.209.209:1935/live/MoldovaUnu1/playlist.m3u8?checkedby:iptvcat.com","country":"moldova","liveliness":"98","status":"online","lastChecked":"2020-08-17T00:00:00Z","format":"fhd 2k","mbps":"11126","URI":["europe","moldova"]},{"id":"14760","channel":"Moldova 2","link":"http://www.trm.md/live/MoldovaDoi2/chunklist_w100565256.m3u8?checkedby:iptvcat.com","country":"moldova","liveliness":"95","status":"online","lastChecked":"2020-08-17T00:00:00Z","format":"fhd 2k","mbps":"7004","URI":["europe","moldova"]},{"id":"14812","channel":"MOLDOVA_1","link":"http://www.trm.md/live/MoldovaUnu1/chunklist_w1943375279.m3u8?checkedby:iptvcat.com","country":"moldova","liveliness":"93","status":"online","lastChecked":"2020-08-17T00:00:00Z","format":"fhd 2k","mbps":"11126","URI":["europe","moldova"]},{"id":"14817","channel":"MEDIA REGIONAL","link":"http://83.103.150.198:8080?checkedby:iptvcat.com","country":"moldova","liveliness":"100","status":"online","lastChecked":"2020-08-17T00:00:00Z","format":"sd","mbps":"2334","URI":["europe","moldova"]},{"id":"14796","channel":"KANAL D","link":"https://livefeed.kanald.ro/iphone/live.m3u8?checkedby:iptvcat.com","country":"moldova","liveliness":"88","status":"online","lastChecked":"2020-08-17T00:00:00Z","format":"sd","mbps":"706","URI":["europe","moldova"]},{"id":"14781","channel":"Drochia","link":"https://hls.drochia.tv/tv/web.m3u8?checkedby:iptvcat.com","country":"moldova","liveliness":"100","status":"online","lastChecked":"2020-08-17T00:00:00Z","format":"sd","mbps":"2773","URI":["europe","moldova"]},{"id":"14773","channel":"DW","link":"http://89.106.234.3:80/DW_34_35.m3u8?checkedby:iptvcat.com","country":"moldova","liveliness":"95","status":"online","lastChecked":"2020-08-17T00:00:00Z","format":"sd","mbps":"1237","URI":["europe","moldova"]},{"id":"14765","channel":"Canal Regional","link":"https://canalregional.md/tv/live/canalregional.m3u8?checkedby:iptvcat.com","country":"moldova","liveliness":"93","status":"online","lastChecked":"2020-08-17T00:00:00Z","format":"sd","mbps":"2334","URI":["europe","moldova"]},{"id":"14766","channel":"Bălti TV","link":"http://77.89.199.174:81/hls/live2.m3u8?checkedby:iptvcat.com","country":"moldova","liveliness":"100","status":"online","lastChecked":"2020-08-17T00:00:00Z","format":"fhd 2k","mbps":"7986","URI":["europe","moldova"]},{"id":"14795","channel":"Antena 1","link":"http://stream1.antenaplay.ro/live/smil:ComedyPlay.smil/chunklist_w899209015_b1000000.m3u8?checkedby:iptvcat.com","country":"moldova","liveliness":"96","status":"online","lastChecked":"2020-08-17T00:00:00Z","format":"hd","mbps":"3188","URI":["europe","moldova"]},{"id":"133036","channel":"Accent TV","link":"https://video.a-tv.md/hls/accent.m3u8?checkedby:iptvcat.com","country":"moldova","liveliness":"100","status":"online","lastChecked":"2020-08-18T00:00:00Z","format":"sd","mbps":"1104","URI":["europe","moldova"]},{"id":"1981","channel":"Elita TV, Elita TV Rezina","link":"http://46.55.111.242:8080/Rezina.m3u8?checkedby:iptvcat.com","country":"moldova","liveliness":"99","status":"online","lastChecked":"2020-08-17T00:00:00Z","format":"sd","mbps":"1706","URI":["north_america","united_states_of_america","north america","moldova","united states of america"]},{"id":"1981","channel":"Elita TV, Elita TV Rezina","link":"http://46.55.111.242:8080/Rezina.m3u8?checkedby:iptvcat.com","country":"moldova","liveliness":"99","status":"online","lastChecked":"2020-08-17T00:00:00Z","format":"sd","mbps":"1706","URI":["north_america","united_states_of_america","north america","moldova","united states of america"]},{"id":"1981","channel":"Elita TV, Elita TV Rezina","link":"http://46.55.111.242:8080/Rezina.m3u8?checkedby:iptvcat.com","country":"moldova","liveliness":"99","status":"online","lastChecked":"2020-08-17T00:00:00Z","format":"sd","mbps":"1706","URI":["north_america","united_states_of_america","north america","moldova","united states of america"]},{"id":"1978","channel":"Acasa TV","link":"http://hls.protv.md/acasatv/acasatv.m3u8?checkedby:iptvcat.com","country":"moldova","liveliness":"100","status":"online","lastChecked":"2020-08-17T00:00:00Z","format":"sd","mbps":"1509","URI":["moldova"]},{"id":"133036","channel":"Accent TV","link":"https://video.a-tv.md/hls/accent.m3u8?checkedby:iptvcat.com","country":"moldova","liveliness":"100","status":"online","lastChecked":"2020-08-18T00:00:00Z","format":"sd","mbps":"1104","URI":["europe","moldova"]},{"id":"1979","channel":"Accent TV","link":"http://video.a-tv.md/hls/accent.m3u8?checkedby:iptvcat.com","country":"moldova","liveliness":"100","status":"online","lastChecked":"2020-08-18T00:00:00Z","format":"sd","mbps":"1104","URI":["moldova"]},{"id":"14795","channel":"Antena 1","link":"http://stream1.antenaplay.ro/live/smil:ComedyPlay.smil/chunklist_w899209015_b1000000.m3u8?checkedby:iptvcat.com","country":"moldova","liveliness":"96","status":"online","lastChecked":"2020-08-17T00:00:00Z","format":"hd","mbps":"3188","URI":["europe","moldova"]},{"id":"14766","channel":"Bălti TV","link":"http://77.89.199.174:81/hls/live2.m3u8?checkedby:iptvcat.com","country":"moldova","liveliness":"100","status":"online","lastChecked":"2020-08-17T00:00:00Z","format":"fhd 2k","mbps":"7986","URI":["europe","moldova"]},{"id":"8933","channel":"Bălţi TV, RTV","link":"http://77.89.199.174:8000/play/1024/index.m3u8?checkedby:iptvcat.com","country":"moldova","liveliness":"100","status":"online","lastChecked":"2020-08-17T00:00:00Z","format":"fhd 2k","mbps":"11126","URI":["moldova","undefined"]},{"id":"1980","channel":"Canal Regional","link":"http://canalregional.md/tv/live/canalregional.m3u8?checkedby:iptvcat.com","country":"moldova","liveliness":"95","status":"online","lastChecked":"2020-08-17T00:00:00Z","format":"sd","mbps":"2334","URI":["moldova"]},{"id":"14765","channel":"Canal Regional","link":"https://canalregional.md/tv/live/canalregional.m3u8?checkedby:iptvcat.com","country":"moldova","liveliness":"93","status":"online","lastChecked":"2020-08-17T00:00:00Z","format":"sd","mbps":"2334","URI":["europe","moldova"]},{"id":"14773","channel":"DW","link":"http://89.106.234.3:80/DW_34_35.m3u8?checkedby:iptvcat.com","country":"moldova","liveliness":"95","status":"online","lastChecked":"2020-08-17T00:00:00Z","format":"sd","mbps":"1237","URI":["europe","moldova"]},{"id":"14781","channel":"Drochia","link":"https://hls.drochia.tv/tv/web.m3u8?checkedby:iptvcat.com","country":"moldova","liveliness":"100","status":"online","lastChecked":"2020-08-17T00:00:00Z","format":"sd","mbps":"2773","URI":["europe","moldova"]},{"id":"1981","channel":"Elita TV, Elita TV Rezina","link":"http://46.55.111.242:8080/Rezina.m3u8?checkedby:iptvcat.com","country":"moldova","liveliness":"99","status":"online","lastChecked":"2020-08-17T00:00:00Z","format":"sd","mbps":"1706","URI":["north_america","united_states_of_america","north america","moldova","united states of america"]},{"id":"14796","channel":"KANAL D","link":"https://livefeed.kanald.ro/iphone/live.m3u8?checkedby:iptvcat.com","country":"moldova","liveliness":"88","status":"online","lastChecked":"2020-08-17T00:00:00Z","format":"sd","mbps":"706","URI":["europe","moldova"]},{"id":"14817","channel":"MEDIA REGIONAL","link":"http://83.103.150.198:8080?checkedby:iptvcat.com","country":"moldova","liveliness":"100","status":"online","lastChecked":"2020-08-17T00:00:00Z","format":"sd","mbps":"2334","URI":["europe","moldova"]},{"id":"14812","channel":"MOLDOVA_1","link":"http://www.trm.md/live/MoldovaUnu1/chunklist_w1943375279.m3u8?checkedby:iptvcat.com","country":"moldova","liveliness":"93","status":"online","lastChecked":"2020-08-17T00:00:00Z","format":"fhd 2k","mbps":"11126","URI":["europe","moldova"]},{"id":"14759","channel":"Moldova 1","link":"http://212.0.209.209:1935/live/MoldovaUnu1/playlist.m3u8?checkedby:iptvcat.com","country":"moldova","liveliness":"98","status":"online","lastChecked":"2020-08-17T00:00:00Z","format":"fhd 2k","mbps":"11126","URI":["europe","moldova"]},{"id":"14760","channel":"Moldova 2","link":"http://www.trm.md/live/MoldovaDoi2/chunklist_w100565256.m3u8?checkedby:iptvcat.com","country":"moldova","liveliness":"95","status":"online","lastChecked":"2020-08-17T00:00:00Z","format":"fhd 2k","mbps":"7004","URI":["europe","moldova"]},{"id":"1982","channel":"Moldova1","link":"rtsp://212.0.209.209:1935/live/_definst_/mp4:MoldovaUnu1?checkedby:iptvcat.com","country":"moldova","liveliness":"99","status":"online","lastChecked":"2020-08-17T00:00:00Z","format":"fhd 2k","mbps":"11126","URI":["moldova"]},{"id":"1984","channel":"Moldova2","link":"rtmp://212.0.209.209:1935/live/_definst_mp4:MoldovaDoi2?checkedby:iptvcat.com","country":"moldova","liveliness":"98","status":"online","lastChecked":"2020-08-17T00:00:00Z","format":"fhd 2k","mbps":"7004","URI":["moldova"]},{"id":"1985","channel":"Noroc TV","link":"http://live.noroc.tv/hls/noroctv_chisinau.m3u8?checkedby:iptvcat.com","country":"moldova","liveliness":"97","status":"online","lastChecked":"2020-08-17T00:00:00Z","format":"sd","mbps":"1509","URI":["moldova"]},{"id":"14783","channel":"PRO TV HD","link":"http://89.38.8.131:39532?checkedby:iptvcat.com","country":"moldova","liveliness":"98","status":"online","lastChecked":"2020-08-17T00:00:00Z","format":"fhd 2k","mbps":"7004","URI":["europe","moldova"]},{"id":"14761","channel":"PUBLIKA_TV_HD","link":"https://livebeta.publika.md/LIVE/P/1500.m3u8?checkedby:iptvcat.com","country":"moldova","liveliness":"100","status":"online","lastChecked":"2020-08-17T00:00:00Z","format":"hd","mbps":"3188","URI":["europe","moldova"]},{"id":"14774","channel":"Primul în Moldova","link":"https://video.a-tv.md/hls/tv.m3u8?checkedby:iptvcat.com","country":"moldova","liveliness":"100","status":"online","lastChecked":"2020-08-17T00:00:00Z","format":"sd","mbps":"1509","URI":["europe","moldova"]},{"id":"1986","channel":"Pro TV","link":"http://hls.protv.md/hls/protv.m3u8?checkedby:iptvcat.com","country":"moldova","liveliness":"100","status":"online","lastChecked":"2020-08-17T00:00:00Z","format":"sd","mbps":"1509","URI":["moldova"]},{"id":"2294","channel":"Pro TV News, Pro X","link":"http://stream1.protv.ro/news/stream:1.stream/chunklist_w1582750279.m3u8?checkedby:iptvcat.com","country":"moldova","liveliness":"99","status":"online","lastChecked":"2020-08-17T00:00:00Z","format":"sd","mbps":"1444","URI":["europe","moldova","romania"]},{"id":"1989","channel":"Publika TV","link":"http://livebeta.publika.md/LIVE/P/6810.m3u8?checkedby:iptvcat.com","country":"moldova","liveliness":"100","status":"online","lastChecked":"2020-08-17T00:00:00Z","format":"hd","mbps":"3188, ...","URI":["moldova"]},{"id":"1988","channel":"Publika TV","link":"http://livebeta.publika.md/LIVE/P/1500.m3u8?checkedby:iptvcat.com","country":"moldova","liveliness":"100","status":"online","lastChecked":"2020-08-17T00:00:00Z","format":"hd","mbps":"3188","URI":["moldova"]},{"id":"1987","channel":"Publika TV","link":"http://livebeta.publika.md/LIVE/P/1000.m3u8?checkedby:iptvcat.com","country":"moldova","liveliness":"100","status":"online","lastChecked":"2020-08-17T00:00:00Z","format":"sd","mbps":"1853","URI":["moldova"]},{"id":"133039","channel":"Publika TV","link":"https://livebeta.publika.md/LIVE/P/6810.m3u8?checkedby:iptvcat.com","country":"moldova","liveliness":"100","status":"online","lastChecked":"2020-08-18T00:00:00Z","format":"hd","mbps":"3188, ...","URI":["europe","moldova"]},{"id":"133038","channel":"Publika TV","link":"https://livebeta.publika.md/LIVE/P/1000.m3u8?checkedby:iptvcat.com","country":"moldova","liveliness":"100","status":"online","lastChecked":"2020-08-18T00:00:00Z","format":"sd","mbps":"1853","URI":["europe","moldova"]},{"id":"14798","channel":"REALITATEA RO","link":"http://liveonline.realitatea.net/livestream/liverealitatea.stream/playlist.m3u8?checkedby:iptvcat.com","country":"moldova","liveliness":"100","status":"online","lastChecked":"2020-08-17T00:00:00Z","format":"hd","mbps":"7114","URI":["europe","moldova"]},{"id":"1993","channel":"TVR Moldova","link":"http://89.136.209.26:1935/liveedge/TVRMOLDOVA.stream/playlist.m3u8?checkedby:iptvcat.com","country":"moldova","liveliness":"100","status":"online","lastChecked":"2020-08-17T00:00:00Z","format":"sd","mbps":"1494","URI":["moldova"]},{"id":"14800","channel":"TVR Targu Mures, TVR Targu-Mures","link":"http://89.136.209.26:1935/liveedge/TVRTGMURES.stream/playlist.m3u8?checkedby:iptvcat.com","country":"moldova","liveliness":"100","status":"online","lastChecked":"2020-08-17T00:00:00Z","format":"sd","mbps":"1494","URI":["europe","moldova","romania"]},{"id":"14809","channel":"Каббала ТВ","link":"https://edge2.uk.kab.tv/rtplive/kabtv-rus-medium.stream/playlist.m3u8?checkedby:iptvcat.com","country":"moldova","liveliness":"100","status":"online","lastChecked":"2020-08-17T00:00:00Z","format":"sd","mbps":"1357","URI":["europe","moldova"]},{"id":"14816","channel":"МузСоюз","link":"http://hls.tvsoyuz.cdnvideo.ru/tvsoyuz2/muzsoyuz.6fw0-58xp-acts-esy0/playlist.m3u8?checkedby:iptvcat.com","country":"moldova","liveliness":"99","status":"online","lastChecked":"2020-08-17T00:00:00Z","format":"sd","mbps":"2369","URI":["europe","moldova"]},{"id":"2294","channel":"Pro TV News, Pro X","link":"http://stream1.protv.ro/news/stream:1.stream/chunklist_w1582750279.m3u8?checkedby:iptvcat.com","country":"moldova","liveliness":"99","status":"online","lastChecked":"2020-08-17T00:00:00Z","format":"sd","mbps":"1444","URI":["europe","moldova","romania"]},{"id":"14800","channel":"TVR Targu Mures, TVR Targu-Mures","link":"http://89.136.209.26:1935/liveedge/TVRTGMURES.stream/playlist.m3u8?checkedby:iptvcat.com","country":"moldova","liveliness":"100","status":"online","lastChecked":"2020-08-17T00:00:00Z","format":"sd","mbps":"1494","URI":["europe","moldova","romania"]},{"id":"1978","channel":"Acasa TV","link":"http://hls.protv.md/acasatv/acasatv.m3u8?checkedby:iptvcat.com","country":"moldova","liveliness":"100","status":"online","lastChecked":"2020-08-17T00:00:00Z","format":"sd","mbps":"1509","URI":["moldova"]},{"id":"1979","channel":"Accent TV","link":"http://video.a-tv.md/hls/accent.m3u8?checkedby:iptvcat.com","country":"moldova","liveliness":"100","status":"online","lastChecked":"2020-08-18T00:00:00Z","format":"sd","mbps":"1104","URI":["moldova"]},{"id":"133036","channel":"Accent TV","link":"https://video.a-tv.md/hls/accent.m3u8?checkedby:iptvcat.com","country":"moldova","liveliness":"100","status":"online","lastChecked":"2020-08-18T00:00:00Z","format":"sd","mbps":"1104","URI":["europe","moldova"]},{"id":"14795","channel":"Antena 1","link":"http://stream1.antenaplay.ro/live/smil:ComedyPlay.smil/chunklist_w899209015_b1000000.m3u8?checkedby:iptvcat.com","country":"moldova","liveliness":"96","status":"online","lastChecked":"2020-08-17T00:00:00Z","format":"hd","mbps":"3188","URI":["europe","moldova"]},{"id":"14766","channel":"Bălti TV","link":"http://77.89.199.174:81/hls/live2.m3u8?checkedby:iptvcat.com","country":"moldova","liveliness":"100","status":"online","lastChecked":"2020-08-17T00:00:00Z","format":"fhd 2k","mbps":"7986","URI":["europe","moldova"]},{"id":"8933","channel":"Bălţi TV, RTV","link":"http://77.89.199.174:8000/play/1024/index.m3u8?checkedby:iptvcat.com","country":"moldova","liveliness":"100","status":"online","lastChecked":"2020-08-17T00:00:00Z","format":"fhd 2k","mbps":"11126","URI":["moldova","undefined"]},{"id":"14765","channel":"Canal Regional","link":"https://canalregional.md/tv/live/canalregional.m3u8?checkedby:iptvcat.com","country":"moldova","liveliness":"93","status":"online","lastChecked":"2020-08-17T00:00:00Z","format":"sd","mbps":"2334","URI":["europe","moldova"]},{"id":"1980","channel":"Canal Regional","link":"http://canalregional.md/tv/live/canalregional.m3u8?checkedby:iptvcat.com","country":"moldova","liveliness":"95","status":"online","lastChecked":"2020-08-17T00:00:00Z","format":"sd","mbps":"2334","URI":["moldova"]},{"id":"14773","channel":"DW","link":"http://89.106.234.3:80/DW_34_35.m3u8?checkedby:iptvcat.com","country":"moldova","liveliness":"95","status":"online","lastChecked":"2020-08-17T00:00:00Z","format":"sd","mbps":"1237","URI":["europe","moldova"]},{"id":"14781","channel":"Drochia","link":"https://hls.drochia.tv/tv/web.m3u8?checkedby:iptvcat.com","country":"moldova","liveliness":"100","status":"online","lastChecked":"2020-08-17T00:00:00Z","format":"sd","mbps":"2773","URI":["europe","moldova"]},{"id":"1981","channel":"Elita TV, Elita TV Rezina","link":"http://46.55.111.242:8080/Rezina.m3u8?checkedby:iptvcat.com","country":"moldova","liveliness":"99","status":"online","lastChecked":"2020-08-17T00:00:00Z","format":"sd","mbps":"1706","URI":["north_america","united_states_of_america","north america","moldova","united states of america"]},{"id":"14796","channel":"KANAL D","link":"https://livefeed.kanald.ro/iphone/live.m3u8?checkedby:iptvcat.com","country":"moldova","liveliness":"88","status":"online","lastChecked":"2020-08-17T00:00:00Z","format":"sd","mbps":"706","URI":["europe","moldova"]},{"id":"14817","channel":"MEDIA REGIONAL","link":"http://83.103.150.198:8080?checkedby:iptvcat.com","country":"moldova","liveliness":"100","status":"online","lastChecked":"2020-08-17T00:00:00Z","format":"sd","mbps":"2334","URI":["europe","moldova"]},{"id":"14812","channel":"MOLDOVA_1","link":"http://www.trm.md/live/MoldovaUnu1/chunklist_w1943375279.m3u8?checkedby:iptvcat.com","country":"moldova","liveliness":"93","status":"online","lastChecked":"2020-08-17T00:00:00Z","format":"fhd 2k","mbps":"11126","URI":["europe","moldova"]},{"id":"14759","channel":"Moldova 1","link":"http://212.0.209.209:1935/live/MoldovaUnu1/playlist.m3u8?checkedby:iptvcat.com","country":"moldova","liveliness":"98","status":"online","lastChecked":"2020-08-17T00:00:00Z","format":"fhd 2k","mbps":"11126","URI":["europe","moldova"]},{"id":"14760","channel":"Moldova 2","link":"http://www.trm.md/live/MoldovaDoi2/chunklist_w100565256.m3u8?checkedby:iptvcat.com","country":"moldova","liveliness":"95","status":"online","lastChecked":"2020-08-17T00:00:00Z","format":"fhd 2k","mbps":"7004","URI":["europe","moldova"]},{"id":"1982","channel":"Moldova1","link":"rtsp://212.0.209.209:1935/live/_definst_/mp4:MoldovaUnu1?checkedby:iptvcat.com","country":"moldova","liveliness":"99","status":"online","lastChecked":"2020-08-17T00:00:00Z","format":"fhd 2k","mbps":"11126","URI":["moldova"]},{"id":"1984","channel":"Moldova2","link":"rtmp://212.0.209.209:1935/live/_definst_mp4:MoldovaDoi2?checkedby:iptvcat.com","country":"moldova","liveliness":"98","status":"online","lastChecked":"2020-08-17T00:00:00Z","format":"fhd 2k","mbps":"7004","URI":["moldova"]},{"id":"1985","channel":"Noroc TV","link":"http://live.noroc.tv/hls/noroctv_chisinau.m3u8?checkedby:iptvcat.com","country":"moldova","liveliness":"97","status":"online","lastChecked":"2020-08-17T00:00:00Z","format":"sd","mbps":"1509","URI":["moldova"]},{"id":"14783","channel":"PRO TV HD","link":"http://89.38.8.131:39532?checkedby:iptvcat.com","country":"moldova","liveliness":"98","status":"online","lastChecked":"2020-08-17T00:00:00Z","format":"fhd 2k","mbps":"7004","URI":["europe","moldova"]},{"id":"14761","channel":"PUBLIKA_TV_HD","link":"https://livebeta.publika.md/LIVE/P/1500.m3u8?checkedby:iptvcat.com","country":"moldova","liveliness":"100","status":"online","lastChecked":"2020-08-17T00:00:00Z","format":"hd","mbps":"3188","URI":["europe","moldova"]},{"id":"14774","channel":"Primul în Moldova","link":"https://video.a-tv.md/hls/tv.m3u8?checkedby:iptvcat.com","country":"moldova","liveliness":"100","status":"online","lastChecked":"2020-08-17T00:00:00Z","format":"sd","mbps":"1509","URI":["europe","moldova"]},{"id":"1986","channel":"Pro TV","link":"http://hls.protv.md/hls/protv.m3u8?checkedby:iptvcat.com","country":"moldova","liveliness":"100","status":"online","lastChecked":"2020-08-17T00:00:00Z","format":"sd","mbps":"1509","URI":["moldova"]},{"id":"2294","channel":"Pro TV News, Pro X","link":"http://stream1.protv.ro/news/stream:1.stream/chunklist_w1582750279.m3u8?checkedby:iptvcat.com","country":"moldova","liveliness":"99","status":"online","lastChecked":"2020-08-17T00:00:00Z","format":"sd","mbps":"1444","URI":["europe","moldova","romania"]},{"id":"1989","channel":"Publika TV","link":"http://livebeta.publika.md/LIVE/P/6810.m3u8?checkedby:iptvcat.com","country":"moldova","liveliness":"100","status":"online","lastChecked":"2020-08-17T00:00:00Z","format":"hd","mbps":"3188, ...","URI":["moldova"]},{"id":"1988","channel":"Publika TV","link":"http://livebeta.publika.md/LIVE/P/1500.m3u8?checkedby:iptvcat.com","country":"moldova","liveliness":"100","status":"online","lastChecked":"2020-08-17T00:00:00Z","format":"hd","mbps":"3188","URI":["moldova"]},{"id":"1987","channel":"Publika TV","link":"http://livebeta.publika.md/LIVE/P/1000.m3u8?checkedby:iptvcat.com","country":"moldova","liveliness":"100","status":"online","lastChecked":"2020-08-17T00:00:00Z","format":"sd","mbps":"1853","URI":["moldova"]},{"id":"133039","channel":"Publika TV","link":"https://livebeta.publika.md/LIVE/P/6810.m3u8?checkedby:iptvcat.com","country":"moldova","liveliness":"100","status":"online","lastChecked":"2020-08-18T00:00:00Z","format":"hd","mbps":"3188, ...","URI":["europe","moldova"]},{"id":"133038","channel":"Publika TV","link":"https://livebeta.publika.md/LIVE/P/1000.m3u8?checkedby:iptvcat.com","country":"moldova","liveliness":"100","status":"online","lastChecked":"2020-08-18T00:00:00Z","format":"sd","mbps":"1853","URI":["europe","moldova"]},{"id":"14798","channel":"REALITATEA RO","link":"http://liveonline.realitatea.net/livestream/liverealitatea.stream/playlist.m3u8?checkedby:iptvcat.com","country":"moldova","liveliness":"100","status":"online","lastChecked":"2020-08-17T00:00:00Z","format":"hd","mbps":"7114","URI":["europe","moldova"]},{"id":"1993","channel":"TVR Moldova","link":"http://89.136.209.26:1935/liveedge/TVRMOLDOVA.stream/playlist.m3u8?checkedby:iptvcat.com","country":"moldova","liveliness":"100","status":"online","lastChecked":"2020-08-17T00:00:00Z","format":"sd","mbps":"1494","URI":["moldova"]},{"id":"14800","channel":"TVR Targu Mures, TVR Targu-Mures","link":"http://89.136.209.26:1935/liveedge/TVRTGMURES.stream/playlist.m3u8?checkedby:iptvcat.com","country":"moldova","liveliness":"100","status":"online","lastChecked":"2020-08-17T00:00:00Z","format":"sd","mbps":"1494","URI":["europe","moldova","romania"]},{"id":"14809","channel":"Каббала ТВ","link":"https://edge2.uk.kab.tv/rtplive/kabtv-rus-medium.stream/playlist.m3u8?checkedby:iptvcat.com","country":"moldova","liveliness":"100","status":"online","lastChecked":"2020-08-17T00:00:00Z","format":"sd","mbps":"1357","URI":["europe","moldova"]},{"id":"14816","channel":"МузСоюз","link":"http://hls.tvsoyuz.cdnvideo.ru/tvsoyuz2/muzsoyuz.6fw0-58xp-acts-esy0/playlist.m3u8?checkedby:iptvcat.com","country":"moldova","liveliness":"99","status":"online","lastChecked":"2020-08-17T00:00:00Z","format":"sd","mbps":"2369","URI":["europe","moldova"]},{"id":"1978","channel":"Acasa TV","link":"http://hls.protv.md/acasatv/acasatv.m3u8?checkedby:iptvcat.com","country":"moldova","liveliness":"100","status":"online","lastChecked":"2020-08-17T00:00:00Z","format":"sd","mbps":"1509","URI":["moldova"]},{"id":"1979","channel":"Accent TV","link":"http://video.a-tv.md/hls/accent.m3u8?checkedby:iptvcat.com","country":"moldova","liveliness":"100","status":"online","lastChecked":"2020-08-18T00:00:00Z","format":"sd","mbps":"1104","URI":["moldova"]},{"id":"133036","channel":"Accent TV","link":"https://video.a-tv.md/hls/accent.m3u8?checkedby:iptvcat.com","country":"moldova","liveliness":"100","status":"online","lastChecked":"2020-08-18T00:00:00Z","format":"sd","mbps":"1104","URI":["europe","moldova"]},{"id":"14795","channel":"Antena 1","link":"http://stream1.antenaplay.ro/live/smil:ComedyPlay.smil/chunklist_w899209015_b1000000.m3u8?checkedby:iptvcat.com","country":"moldova","liveliness":"96","status":"online","lastChecked":"2020-08-17T00:00:00Z","format":"hd","mbps":"3188","URI":["europe","moldova"]},{"id":"14766","channel":"Bălti TV","link":"http://77.89.199.174:81/hls/live2.m3u8?checkedby:iptvcat.com","country":"moldova","liveliness":"100","status":"online","lastChecked":"2020-08-17T00:00:00Z","format":"fhd 2k","mbps":"7986","URI":["europe","moldova"]},{"id":"8933","channel":"Bălţi TV, RTV","link":"http://77.89.199.174:8000/play/1024/index.m3u8?checkedby:iptvcat.com","country":"moldova","liveliness":"100","status":"online","lastChecked":"2020-08-17T00:00:00Z","format":"fhd 2k","mbps":"11126","URI":["moldova","undefined"]},{"id":"14765","channel":"Canal Regional","link":"https://canalregional.md/tv/live/canalregional.m3u8?checkedby:iptvcat.com","country":"moldova","liveliness":"93","status":"online","lastChecked":"2020-08-17T00:00:00Z","format":"sd","mbps":"2334","URI":["europe","moldova"]},{"id":"1980","channel":"Canal Regional","link":"http://canalregional.md/tv/live/canalregional.m3u8?checkedby:iptvcat.com","country":"moldova","liveliness":"95","status":"online","lastChecked":"2020-08-17T00:00:00Z","format":"sd","mbps":"2334","URI":["moldova"]},{"id":"14773","channel":"DW","link":"http://89.106.234.3:80/DW_34_35.m3u8?checkedby:iptvcat.com","country":"moldova","liveliness":"95","status":"online","lastChecked":"2020-08-17T00:00:00Z","format":"sd","mbps":"1237","URI":["europe","moldova"]},{"id":"14781","channel":"Drochia","link":"https://hls.drochia.tv/tv/web.m3u8?checkedby:iptvcat.com","country":"moldova","liveliness":"100","status":"online","lastChecked":"2020-08-17T00:00:00Z","format":"sd","mbps":"2773","URI":["europe","moldova"]},{"id":"1981","channel":"Elita TV, Elita TV Rezina","link":"http://46.55.111.242:8080/Rezina.m3u8?checkedby:iptvcat.com","country":"moldova","liveliness":"99","status":"online","lastChecked":"2020-08-17T00:00:00Z","format":"sd","mbps":"1706","URI":["north_america","united_states_of_america","north america","moldova","united states of america"]},{"id":"14796","channel":"KANAL D","link":"https://livefeed.kanald.ro/iphone/live.m3u8?checkedby:iptvcat.com","country":"moldova","liveliness":"88","status":"online","lastChecked":"2020-08-17T00:00:00Z","format":"sd","mbps":"706","URI":["europe","moldova"]},{"id":"14817","channel":"MEDIA REGIONAL","link":"http://83.103.150.198:8080?checkedby:iptvcat.com","country":"moldova","liveliness":"100","status":"online","lastChecked":"2020-08-17T00:00:00Z","format":"sd","mbps":"2334","URI":["europe","moldova"]},{"id":"14812","channel":"MOLDOVA_1","link":"http://www.trm.md/live/MoldovaUnu1/chunklist_w1943375279.m3u8?checkedby:iptvcat.com","country":"moldova","liveliness":"93","status":"online","lastChecked":"2020-08-17T00:00:00Z","format":"fhd 2k","mbps":"11126","URI":["europe","moldova"]},{"id":"14759","channel":"Moldova 1","link":"http://212.0.209.209:1935/live/MoldovaUnu1/playlist.m3u8?checkedby:iptvcat.com","country":"moldova","liveliness":"98","status":"online","lastChecked":"2020-08-17T00:00:00Z","format":"fhd 2k","mbps":"11126","URI":["europe","moldova"]},{"id":"14760","channel":"Moldova 2","link":"http://www.trm.md/live/MoldovaDoi2/chunklist_w100565256.m3u8?checkedby:iptvcat.com","country":"moldova","liveliness":"95","status":"online","lastChecked":"2020-08-17T00:00:00Z","format":"fhd 2k","mbps":"7004","URI":["europe","moldova"]},{"id":"1982","channel":"Moldova1","link":"rtsp://212.0.209.209:1935/live/_definst_/mp4:MoldovaUnu1?checkedby:iptvcat.com","country":"moldova","liveliness":"99","status":"online","lastChecked":"2020-08-17T00:00:00Z","format":"fhd 2k","mbps":"11126","URI":["moldova"]},{"id":"1984","channel":"Moldova2","link":"rtmp://212.0.209.209:1935/live/_definst_mp4:MoldovaDoi2?checkedby:iptvcat.com","country":"moldova","liveliness":"98","status":"online","lastChecked":"2020-08-17T00:00:00Z","format":"fhd 2k","mbps":"7004","URI":["moldova"]},{"id":"1985","channel":"Noroc TV","link":"http://live.noroc.tv/hls/noroctv_chisinau.m3u8?checkedby:iptvcat.com","country":"moldova","liveliness":"97","status":"online","lastChecked":"2020-08-17T00:00:00Z","format":"sd","mbps":"1509","URI":["moldova"]},{"id":"14783","channel":"PRO TV HD","link":"http://89.38.8.131:39532?checkedby:iptvcat.com","country":"moldova","liveliness":"98","status":"online","lastChecked":"2020-08-17T00:00:00Z","format":"fhd 2k","mbps":"7004","URI":["europe","moldova"]},{"id":"14761","channel":"PUBLIKA_TV_HD","link":"https://livebeta.publika.md/LIVE/P/1500.m3u8?checkedby:iptvcat.com","country":"moldova","liveliness":"100","status":"online","lastChecked":"2020-08-17T00:00:00Z","format":"hd","mbps":"3188","URI":["europe","moldova"]},{"id":"14774","channel":"Primul în Moldova","link":"https://video.a-tv.md/hls/tv.m3u8?checkedby:iptvcat.com","country":"moldova","liveliness":"100","status":"online","lastChecked":"2020-08-17T00:00:00Z","format":"sd","mbps":"1509","URI":["europe","moldova"]},{"id":"1986","channel":"Pro TV","link":"http://hls.protv.md/hls/protv.m3u8?checkedby:iptvcat.com","country":"moldova","liveliness":"100","status":"online","lastChecked":"2020-08-17T00:00:00Z","format":"sd","mbps":"1509","URI":["moldova"]},{"id":"2294","channel":"Pro TV News, Pro X","link":"http://stream1.protv.ro/news/stream:1.stream/chunklist_w1582750279.m3u8?checkedby:iptvcat.com","country":"moldova","liveliness":"99","status":"online","lastChecked":"2020-08-17T00:00:00Z","format":"sd","mbps":"1444","URI":["europe","moldova","romania"]},{"id":"1989","channel":"Publika TV","link":"http://livebeta.publika.md/LIVE/P/6810.m3u8?checkedby:iptvcat.com","country":"moldova","liveliness":"100","status":"online","lastChecked":"2020-08-17T00:00:00Z","format":"hd","mbps":"3188, ...","URI":["moldova"]},{"id":"1988","channel":"Publika TV","link":"http://livebeta.publika.md/LIVE/P/1500.m3u8?checkedby:iptvcat.com","country":"moldova","liveliness":"100","status":"online","lastChecked":"2020-08-17T00:00:00Z","format":"hd","mbps":"3188","URI":["moldova"]},{"id":"1987","channel":"Publika TV","link":"http://livebeta.publika.md/LIVE/P/1000.m3u8?checkedby:iptvcat.com","country":"moldova","liveliness":"100","status":"online","lastChecked":"2020-08-17T00:00:00Z","format":"sd","mbps":"1853","URI":["moldova"]},{"id":"133039","channel":"Publika TV","link":"https://livebeta.publika.md/LIVE/P/6810.m3u8?checkedby:iptvcat.com","country":"moldova","liveliness":"100","status":"online","lastChecked":"2020-08-18T00:00:00Z","format":"hd","mbps":"3188, ...","URI":["europe","moldova"]},{"id":"133038","channel":"Publika TV","link":"https://livebeta.publika.md/LIVE/P/1000.m3u8?checkedby:iptvcat.com","country":"moldova","liveliness":"100","status":"online","lastChecked":"2020-08-18T00:00:00Z","format":"sd","mbps":"1853","URI":["europe","moldova"]},{"id":"14798","channel":"REALITATEA RO","link":"http://liveonline.realitatea.net/livestream/liverealitatea.stream/playlist.m3u8?checkedby:iptvcat.com","country":"moldova","liveliness":"100","status":"online","lastChecked":"2020-08-17T00:00:00Z","format":"hd","mbps":"7114","URI":["europe","moldova"]},{"id":"1993","channel":"TVR Moldova","link":"http://89.136.209.26:1935/liveedge/TVRMOLDOVA.stream/playlist.m3u8?checkedby:iptvcat.com","country":"moldova","liveliness":"100","status":"online","lastChecked":"2020-08-17T00:00:00Z","format":"sd","mbps":"1494","URI":["moldova"]},{"id":"14800","channel":"TVR Targu Mures, TVR Targu-Mures","link":"http://89.136.209.26:1935/liveedge/TVRTGMURES.stream/playlist.m3u8?checkedby:iptvcat.com","country":"moldova","liveliness":"100","status":"online","lastChecked":"2020-08-17T00:00:00Z","format":"sd","mbps":"1494","URI":["europe","moldova","romania"]},{"id":"14809","channel":"Каббала ТВ","link":"https://edge2.uk.kab.tv/rtplive/kabtv-rus-medium.stream/playlist.m3u8?checkedby:iptvcat.com","country":"moldova","liveliness":"100","status":"online","lastChecked":"2020-08-17T00:00:00Z","format":"sd","mbps":"1357","URI":["europe","moldova"]},{"id":"14816","channel":"МузСоюз","link":"http://hls.tvsoyuz.cdnvideo.ru/tvsoyuz2/muzsoyuz.6fw0-58xp-acts-esy0/playlist.m3u8?checkedby:iptvcat.com","country":"moldova","liveliness":"99","status":"online","lastChecked":"2020-08-17T00:00:00Z","format":"sd","mbps":"2369","URI":["europe","moldova"]},{"id":"1981","channel":"Elita TV, Elita TV Rezina","link":"http://46.55.111.242:8080/Rezina.m3u8?checkedby:iptvcat.com","country":"moldova","liveliness":"99","status":"online","lastChecked":"2020-08-17T00:00:00Z","format":"sd","mbps":"1706","URI":["north_america","united_states_of_america","north america","moldova","united states of america"]},{"id":"8933","channel":"Bălţi TV, RTV","link":"http://77.89.199.174:8000/play/1024/index.m3u8?checkedby:iptvcat.com","country":"moldova","liveliness":"100","status":"online","lastChecked":"2020-08-17T00:00:00Z","format":"fhd 2k","mbps":"11126","URI":["moldova","undefined"]}]