[{"id":"1994","channel":"Монголын Мэдээ","link":"http://103.14.38.107:1935/live/mn2.stream/chunklist.m3u8?checkedby:iptvcat.com","country":"mongolia","liveliness":"100","status":"online","lastChecked":"2020-08-17T00:00:00Z","format":"sd","mbps":"2334","URI":["mongolia"]},{"id":"1995","channel":"МҮОНТ-1","link":"http://103.14.38.107:1935/live/mnb.stream/chunklist.m3u8?checkedby:iptvcat.com","country":"mongolia","liveliness":"100","status":"online","lastChecked":"2020-08-17T00:00:00Z","format":"sd","mbps":"2334","URI":["mongolia"]}]