[{"id":"1997","channel":"777 Tehnika TV","link":"http://109.123.70.27:1935/tehnikatv777/tehnikatv777/index.m3u8?checkedby:iptvcat.com","country":"montenegro","liveliness":"83","status":"online","lastChecked":"2020-08-17T00:00:00Z","format":"sd","mbps":"1299","URI":["montenegro"]},{"id":"1999","channel":"RTCG Sat","link":"http://rtcg2.videostreaming.rs:1935/rtcg/rtcg.2.stream/playlist.m3u8?checkedby:iptvcat.com","country":"montenegro","liveliness":"99","status":"online","lastChecked":"2020-08-17T00:00:00Z","format":"hd","mbps":"3188","URI":["montenegro"]},{"id":"1998","channel":"RTCG Sat","link":"http://rtcg2.videostreaming.rs:1935/rtcg/rtcg.1.stream/index.m3u8?checkedby:iptvcat.com","country":"montenegro","liveliness":"99","status":"online","lastChecked":"2020-08-17T00:00:00Z","format":"hd","mbps":"3188","URI":["montenegro"]}]