[{"id":"2001","channel":"2M Monde","link":"https://cdnamd-hls-globecast.akamaized.net/live/ramdisk/2m_monde/hls_video_ts/2m_monde.m3u8?checkedby:iptvcat.com","country":"morocco","liveliness":"99","status":"online","lastChecked":"2020-08-17T00:00:00Z","format":"sd","mbps":"1357, ...","URI":["morocco"]},{"id":"2003","channel":"M24 TV","link":"https://www.m24tv.ma/live/smil:OutStream1.smil/chunklist.m3u8?checkedby:iptvcat.com","country":"morocco","liveliness":"97","status":"online","lastChecked":"2020-08-17T00:00:00Z","format":"hd","mbps":"5020, ...","URI":["morocco"]},{"id":"2005","channel":"Télé Maroc","link":"http://api.new.livestream.com/accounts/27130247/events/8196478/live.m3u8?checkedby:iptvcat.com","country":"morocco","liveliness":"95","status":"online","lastChecked":"2020-08-17T00:00:00Z","format":"hd","mbps":"7004, ...","URI":["morocco"]},{"id":"25737","channel":"Télé Maroc","link":"https://api.new.livestream.com/accounts/27130247/events/8196478/live.m3u8?checkedby:iptvcat.com","country":"morocco","liveliness":"93","status":"online","lastChecked":"2020-08-17T00:00:00Z","format":"hd","mbps":"7004, ...","URI":["morocco"]},{"id":"2001","channel":"2M Monde","link":"https://cdnamd-hls-globecast.akamaized.net/live/ramdisk/2m_monde/hls_video_ts/2m_monde.m3u8?checkedby:iptvcat.com","country":"morocco","liveliness":"99","status":"online","lastChecked":"2020-08-17T00:00:00Z","format":"sd","mbps":"1357, ...","URI":["morocco"]},{"id":"2003","channel":"M24 TV","link":"https://www.m24tv.ma/live/smil:OutStream1.smil/chunklist.m3u8?checkedby:iptvcat.com","country":"morocco","liveliness":"97","status":"online","lastChecked":"2020-08-17T00:00:00Z","format":"hd","mbps":"5020, ...","URI":["morocco"]},{"id":"25737","channel":"Télé Maroc","link":"https://api.new.livestream.com/accounts/27130247/events/8196478/live.m3u8?checkedby:iptvcat.com","country":"morocco","liveliness":"93","status":"online","lastChecked":"2020-08-17T00:00:00Z","format":"hd","mbps":"7004, ...","URI":["morocco"]},{"id":"2005","channel":"Télé Maroc","link":"http://api.new.livestream.com/accounts/27130247/events/8196478/live.m3u8?checkedby:iptvcat.com","country":"morocco","liveliness":"95","status":"online","lastChecked":"2020-08-17T00:00:00Z","format":"hd","mbps":"7004, ...","URI":["morocco"]},{"id":"2001","channel":"2M Monde","link":"https://cdnamd-hls-globecast.akamaized.net/live/ramdisk/2m_monde/hls_video_ts/2m_monde.m3u8?checkedby:iptvcat.com","country":"morocco","liveliness":"99","status":"online","lastChecked":"2020-08-17T00:00:00Z","format":"sd","mbps":"1357, ...","URI":["morocco"]},{"id":"2003","channel":"M24 TV","link":"https://www.m24tv.ma/live/smil:OutStream1.smil/chunklist.m3u8?checkedby:iptvcat.com","country":"morocco","liveliness":"97","status":"online","lastChecked":"2020-08-17T00:00:00Z","format":"hd","mbps":"5020, ...","URI":["morocco"]},{"id":"25737","channel":"Télé Maroc","link":"https://api.new.livestream.com/accounts/27130247/events/8196478/live.m3u8?checkedby:iptvcat.com","country":"morocco","liveliness":"93","status":"online","lastChecked":"2020-08-17T00:00:00Z","format":"hd","mbps":"7004, ...","URI":["morocco"]},{"id":"2005","channel":"Télé Maroc","link":"http://api.new.livestream.com/accounts/27130247/events/8196478/live.m3u8?checkedby:iptvcat.com","country":"morocco","liveliness":"95","status":"online","lastChecked":"2020-08-17T00:00:00Z","format":"hd","mbps":"7004, ...","URI":["morocco"]},{"id":"2001","channel":"2M Monde","link":"https://cdnamd-hls-globecast.akamaized.net/live/ramdisk/2m_monde/hls_video_ts/2m_monde.m3u8?checkedby:iptvcat.com","country":"morocco","liveliness":"99","status":"online","lastChecked":"2020-08-17T00:00:00Z","format":"sd","mbps":"1357, ...","URI":["morocco"]},{"id":"2003","channel":"M24 TV","link":"https://www.m24tv.ma/live/smil:OutStream1.smil/chunklist.m3u8?checkedby:iptvcat.com","country":"morocco","liveliness":"97","status":"online","lastChecked":"2020-08-17T00:00:00Z","format":"hd","mbps":"5020, ...","URI":["morocco"]},{"id":"25737","channel":"Télé Maroc","link":"https://api.new.livestream.com/accounts/27130247/events/8196478/live.m3u8?checkedby:iptvcat.com","country":"morocco","liveliness":"93","status":"online","lastChecked":"2020-08-17T00:00:00Z","format":"hd","mbps":"7004, ...","URI":["morocco"]},{"id":"2005","channel":"Télé Maroc","link":"http://api.new.livestream.com/accounts/27130247/events/8196478/live.m3u8?checkedby:iptvcat.com","country":"morocco","liveliness":"95","status":"online","lastChecked":"2020-08-17T00:00:00Z","format":"hd","mbps":"7004, ...","URI":["morocco"]}]