[{"id":"13955","channel":"Channel K","link":"https://d3cs5y5559s57s.cloudfront.net/live/channelk.m3u8?checkedby:iptvcat.com","country":"myanmar","liveliness":"99","status":"online","lastChecked":"2020-08-17T00:00:00Z","format":"sd","mbps":"1220","URI":["myanmar"]},{"id":"133043","channel":"MRTV-4","link":"https://104275ooyala-lh.akamaihd.net/i/forevergroup_02@449366/master.m3u8?checkedby:iptvcat.com","country":"myanmar","liveliness":"99","status":"online","lastChecked":"2020-08-17T00:00:00Z","format":"sd","mbps":"1983, ...","URI":["myanmar","asia"]},{"id":"133041","channel":"Mahar TV","link":"https://maharlive.b-cdn.net/stream.m3u8?checkedby:iptvcat.com","country":"myanmar","liveliness":"96","status":"online","lastChecked":"2020-08-17T00:00:00Z","format":"sd","mbps":"1235","URI":["myanmar","asia"]},{"id":"2013","channel":"Mahar TV","link":"http://maharlive.b-cdn.net/stream.m3u8?checkedby:iptvcat.com","country":"myanmar","liveliness":"99","status":"online","lastChecked":"2020-08-16T00:00:00Z","format":"sd","mbps":"1235","URI":["myanmar"]},{"id":"13958","channel":"Mizzima TV","link":"http://220.158.149.28:8180/TV00000000000000000170@HHZT?checkedby:iptvcat.com","country":"myanmar","liveliness":"98","status":"online","lastChecked":"2020-08-17T00:00:00Z","format":"sd","mbps":"1444","URI":["myanmar"]},{"id":"133043","channel":"MRTV-4","link":"https://104275ooyala-lh.akamaihd.net/i/forevergroup_02@449366/master.m3u8?checkedby:iptvcat.com","country":"myanmar","liveliness":"99","status":"online","lastChecked":"2020-08-17T00:00:00Z","format":"sd","mbps":"1983, ...","URI":["myanmar","asia"]},{"id":"133041","channel":"Mahar TV","link":"https://maharlive.b-cdn.net/stream.m3u8?checkedby:iptvcat.com","country":"myanmar","liveliness":"96","status":"online","lastChecked":"2020-08-17T00:00:00Z","format":"sd","mbps":"1235","URI":["myanmar","asia"]},{"id":"13955","channel":"Channel K","link":"https://d3cs5y5559s57s.cloudfront.net/live/channelk.m3u8?checkedby:iptvcat.com","country":"myanmar","liveliness":"99","status":"online","lastChecked":"2020-08-17T00:00:00Z","format":"sd","mbps":"1220","URI":["myanmar"]},{"id":"133043","channel":"MRTV-4","link":"https://104275ooyala-lh.akamaihd.net/i/forevergroup_02@449366/master.m3u8?checkedby:iptvcat.com","country":"myanmar","liveliness":"99","status":"online","lastChecked":"2020-08-17T00:00:00Z","format":"sd","mbps":"1983, ...","URI":["myanmar","asia"]},{"id":"133041","channel":"Mahar TV","link":"https://maharlive.b-cdn.net/stream.m3u8?checkedby:iptvcat.com","country":"myanmar","liveliness":"96","status":"online","lastChecked":"2020-08-17T00:00:00Z","format":"sd","mbps":"1235","URI":["myanmar","asia"]},{"id":"2013","channel":"Mahar TV","link":"http://maharlive.b-cdn.net/stream.m3u8?checkedby:iptvcat.com","country":"myanmar","liveliness":"99","status":"online","lastChecked":"2020-08-16T00:00:00Z","format":"sd","mbps":"1235","URI":["myanmar"]},{"id":"13958","channel":"Mizzima TV","link":"http://220.158.149.28:8180/TV00000000000000000170@HHZT?checkedby:iptvcat.com","country":"myanmar","liveliness":"98","status":"online","lastChecked":"2020-08-17T00:00:00Z","format":"sd","mbps":"1444","URI":["myanmar"]}]