[{"id":"133073","channel":"Māori Television","link":"https://i.mjh.nz/nz/tv.13.m3u8?checkedby:iptvcat.com","country":"new zealand","liveliness":"99","status":"online","lastChecked":"2020-08-17T00:00:00Z","format":"hd","mbps":"11126, ...","URI":["new zealand","new_zealand","oceania"]},{"id":"2083","channel":"Māori Television","link":"https://bcsecurelivehls-i.akamaihd.net//hls/live/720612/1614493167001_1/master_iPad1080p.m3u8?checkedby:iptvcat.com","country":"new zealand","liveliness":"99","status":"online","lastChecked":"2020-08-17T00:00:00Z","format":"fhd 2k","mbps":"11126","URI":["new zealand","new_zealand"]},{"id":"133072","channel":"Māori Television","link":"https://bcsecurelivehls-i.akamaihd.net//hls/live/720612/1614493167001_1/master.m3u8?checkedby:iptvcat.com","country":"new zealand","liveliness":"100","status":"online","lastChecked":"2020-08-18T00:00:00Z","format":"hd","mbps":"11126, ...","URI":["new zealand","new_zealand","oceania"]},{"id":"2082","channel":"Māori Television","link":"http://i.mjh.nz/nz/tv.13.m3u8?checkedby:iptvcat.com","country":"new zealand","liveliness":"99","status":"online","lastChecked":"2020-08-17T00:00:00Z","format":"hd","mbps":"11126, ...","URI":["new zealand","new_zealand"]},{"id":"55645","channel":"NZ | Te Reo, Te Reo","link":"https://bcsecurelivehls-i.akamaihd.net//hls/live/720613/1614493167001_2/master_iPad1080p.m3u8?checkedby:iptvcat.com","country":"new zealand","liveliness":"100","status":"online","lastChecked":"2020-08-16T00:00:00Z","format":"fhd 2k","mbps":"11126","URI":["new zealand","new_zealand","oceania"]},{"id":"10419","channel":"Parliament TV, Parliament TV (NZ)","link":"https://streaming.kordia.net.nz/out/u/house_captionsVideo3.m3u8?checkedby:iptvcat.com","country":"new zealand","liveliness":"100","status":"online","lastChecked":"2020-08-17T00:00:00Z","format":"sd","mbps":"3262","URI":["new zealand","new_zealand"]},{"id":"53020","channel":"Parliament TV","link":"https://i.mjh.nz/nz/tv.18.m3u8?checkedby:iptvcat.com","country":"new zealand","liveliness":"96","status":"online","lastChecked":"2020-08-17T00:00:00Z","format":"sd","mbps":"3262, ...","URI":["new zealand","new_zealand"]},{"id":"2087","channel":"Parliament TV","link":"http://streaming.kordia.net.nz/out/u/ptv_houseaudio.m3u8?checkedby:iptvcat.com","country":"new zealand","liveliness":"98","status":"online","lastChecked":"2020-08-17T00:00:00Z","format":"sd","mbps":"3262, ...","URI":["new zealand","new_zealand"]},{"id":"2086","channel":"Parliament TV","link":"http://streaming.kordia.net.nz/out/u/house_captionsVideo3.m3u8?checkedby:iptvcat.com","country":"new zealand","liveliness":"100","status":"online","lastChecked":"2020-08-17T00:00:00Z","format":"sd","mbps":"3262","URI":["new zealand","new_zealand"]},{"id":"2085","channel":"Parliament TV","link":"http://i.mjh.nz/nz/tv.18.m3u8?checkedby:iptvcat.com","country":"new zealand","liveliness":"96","status":"online","lastChecked":"2020-08-17T00:00:00Z","format":"sd","mbps":"3262, ...","URI":["new zealand","new_zealand"]},{"id":"53022","channel":"Parliament TV","link":"https://streaming.kordia.net.nz/out/u/ptv_houseaudio.m3u8?checkedby:iptvcat.com","country":"new zealand","liveliness":"95","status":"online","lastChecked":"2020-08-17T00:00:00Z","format":"sd","mbps":"3262, ...","URI":["new zealand","new_zealand"]},{"id":"11990","channel":"TVNZ Shopping, TVSN Shopping","link":"https://tvsn-i.akamaihd.net/hls/live/261837/tvsn_nz/tvsn_nz_750.m3u8?checkedby:iptvcat.com","country":"new zealand","liveliness":"100","status":"online","lastChecked":"2020-08-17T00:00:00Z","format":"sd","mbps":"1357","URI":["new zealand","new_zealand"]},{"id":"2094","channel":"TVSN Shopping","link":"http://tvsn-i.akamaihd.net/hls/live/261837/tvsn_nz/tvsn_nz_750.m3u8?checkedby:iptvcat.com","country":"new zealand","liveliness":"100","status":"online","lastChecked":"2020-08-17T00:00:00Z","format":"sd","mbps":"1357","URI":["new zealand","new_zealand"]},{"id":"53024","channel":"TVSN Shopping","link":"https://i.mjh.nz/nz/tv.45.m3u8?checkedby:iptvcat.com","country":"new zealand","liveliness":"100","status":"online","lastChecked":"2020-08-18T00:00:00Z","format":"sd","mbps":"1357","URI":["new zealand","new_zealand"]},{"id":"2089","channel":"Te Reo","link":"http://i.mjh.nz/nz/tv.20.m3u8?checkedby:iptvcat.com","country":"new zealand","liveliness":"99","status":"online","lastChecked":"2020-08-17T00:00:00Z","format":"hd","mbps":"11126, ...","URI":["new zealand","new_zealand"]},{"id":"133075","channel":"Te Reo","link":"https://i.mjh.nz/nz/tv.20.m3u8?checkedby:iptvcat.com","country":"new zealand","liveliness":"99","status":"online","lastChecked":"2020-08-17T00:00:00Z","format":"hd","mbps":"11126, ...","URI":["new zealand","new_zealand","oceania"]},{"id":"133073","channel":"Māori Television","link":"https://i.mjh.nz/nz/tv.13.m3u8?checkedby:iptvcat.com","country":"new zealand","liveliness":"99","status":"online","lastChecked":"2020-08-17T00:00:00Z","format":"hd","mbps":"11126, ...","URI":["new zealand","new_zealand","oceania"]},{"id":"2083","channel":"Māori Television","link":"https://bcsecurelivehls-i.akamaihd.net//hls/live/720612/1614493167001_1/master_iPad1080p.m3u8?checkedby:iptvcat.com","country":"new zealand","liveliness":"99","status":"online","lastChecked":"2020-08-17T00:00:00Z","format":"fhd 2k","mbps":"11126","URI":["new zealand","new_zealand"]},{"id":"133072","channel":"Māori Television","link":"https://bcsecurelivehls-i.akamaihd.net//hls/live/720612/1614493167001_1/master.m3u8?checkedby:iptvcat.com","country":"new zealand","liveliness":"100","status":"online","lastChecked":"2020-08-18T00:00:00Z","format":"hd","mbps":"11126, ...","URI":["new zealand","new_zealand","oceania"]},{"id":"2082","channel":"Māori Television","link":"http://i.mjh.nz/nz/tv.13.m3u8?checkedby:iptvcat.com","country":"new zealand","liveliness":"99","status":"online","lastChecked":"2020-08-17T00:00:00Z","format":"hd","mbps":"11126, ...","URI":["new zealand","new_zealand"]},{"id":"55645","channel":"NZ | Te Reo, Te Reo","link":"https://bcsecurelivehls-i.akamaihd.net//hls/live/720613/1614493167001_2/master_iPad1080p.m3u8?checkedby:iptvcat.com","country":"new zealand","liveliness":"100","status":"online","lastChecked":"2020-08-16T00:00:00Z","format":"fhd 2k","mbps":"11126","URI":["new zealand","new_zealand","oceania"]},{"id":"10419","channel":"Parliament TV, Parliament TV (NZ)","link":"https://streaming.kordia.net.nz/out/u/house_captionsVideo3.m3u8?checkedby:iptvcat.com","country":"new zealand","liveliness":"100","status":"online","lastChecked":"2020-08-17T00:00:00Z","format":"sd","mbps":"3262","URI":["new zealand","new_zealand"]},{"id":"53020","channel":"Parliament TV","link":"https://i.mjh.nz/nz/tv.18.m3u8?checkedby:iptvcat.com","country":"new zealand","liveliness":"96","status":"online","lastChecked":"2020-08-17T00:00:00Z","format":"sd","mbps":"3262, ...","URI":["new zealand","new_zealand"]},{"id":"2087","channel":"Parliament TV","link":"http://streaming.kordia.net.nz/out/u/ptv_houseaudio.m3u8?checkedby:iptvcat.com","country":"new zealand","liveliness":"98","status":"online","lastChecked":"2020-08-17T00:00:00Z","format":"sd","mbps":"3262, ...","URI":["new zealand","new_zealand"]},{"id":"2086","channel":"Parliament TV","link":"http://streaming.kordia.net.nz/out/u/house_captionsVideo3.m3u8?checkedby:iptvcat.com","country":"new zealand","liveliness":"100","status":"online","lastChecked":"2020-08-17T00:00:00Z","format":"sd","mbps":"3262","URI":["new zealand","new_zealand"]},{"id":"2085","channel":"Parliament TV","link":"http://i.mjh.nz/nz/tv.18.m3u8?checkedby:iptvcat.com","country":"new zealand","liveliness":"96","status":"online","lastChecked":"2020-08-17T00:00:00Z","format":"sd","mbps":"3262, ...","URI":["new zealand","new_zealand"]},{"id":"53022","channel":"Parliament TV","link":"https://streaming.kordia.net.nz/out/u/ptv_houseaudio.m3u8?checkedby:iptvcat.com","country":"new zealand","liveliness":"95","status":"online","lastChecked":"2020-08-17T00:00:00Z","format":"sd","mbps":"3262, ...","URI":["new zealand","new_zealand"]},{"id":"11990","channel":"TVNZ Shopping, TVSN Shopping","link":"https://tvsn-i.akamaihd.net/hls/live/261837/tvsn_nz/tvsn_nz_750.m3u8?checkedby:iptvcat.com","country":"new zealand","liveliness":"100","status":"online","lastChecked":"2020-08-17T00:00:00Z","format":"sd","mbps":"1357","URI":["new zealand","new_zealand"]},{"id":"2094","channel":"TVSN Shopping","link":"http://tvsn-i.akamaihd.net/hls/live/261837/tvsn_nz/tvsn_nz_750.m3u8?checkedby:iptvcat.com","country":"new zealand","liveliness":"100","status":"online","lastChecked":"2020-08-17T00:00:00Z","format":"sd","mbps":"1357","URI":["new zealand","new_zealand"]},{"id":"53024","channel":"TVSN Shopping","link":"https://i.mjh.nz/nz/tv.45.m3u8?checkedby:iptvcat.com","country":"new zealand","liveliness":"100","status":"online","lastChecked":"2020-08-18T00:00:00Z","format":"sd","mbps":"1357","URI":["new zealand","new_zealand"]},{"id":"2089","channel":"Te Reo","link":"http://i.mjh.nz/nz/tv.20.m3u8?checkedby:iptvcat.com","country":"new zealand","liveliness":"99","status":"online","lastChecked":"2020-08-17T00:00:00Z","format":"hd","mbps":"11126, ...","URI":["new zealand","new_zealand"]},{"id":"133075","channel":"Te Reo","link":"https://i.mjh.nz/nz/tv.20.m3u8?checkedby:iptvcat.com","country":"new zealand","liveliness":"99","status":"online","lastChecked":"2020-08-17T00:00:00Z","format":"hd","mbps":"11126, ...","URI":["new zealand","new_zealand","oceania"]},{"id":"133073","channel":"Māori Television","link":"https://i.mjh.nz/nz/tv.13.m3u8?checkedby:iptvcat.com","country":"new zealand","liveliness":"99","status":"online","lastChecked":"2020-08-17T00:00:00Z","format":"hd","mbps":"11126, ...","URI":["new zealand","new_zealand","oceania"]},{"id":"133072","channel":"Māori Television","link":"https://bcsecurelivehls-i.akamaihd.net//hls/live/720612/1614493167001_1/master.m3u8?checkedby:iptvcat.com","country":"new zealand","liveliness":"100","status":"online","lastChecked":"2020-08-18T00:00:00Z","format":"hd","mbps":"11126, ...","URI":["new zealand","new_zealand","oceania"]},{"id":"55645","channel":"NZ | Te Reo, Te Reo","link":"https://bcsecurelivehls-i.akamaihd.net//hls/live/720613/1614493167001_2/master_iPad1080p.m3u8?checkedby:iptvcat.com","country":"new zealand","liveliness":"100","status":"online","lastChecked":"2020-08-16T00:00:00Z","format":"fhd 2k","mbps":"11126","URI":["new zealand","new_zealand","oceania"]},{"id":"133075","channel":"Te Reo","link":"https://i.mjh.nz/nz/tv.20.m3u8?checkedby:iptvcat.com","country":"new zealand","liveliness":"99","status":"online","lastChecked":"2020-08-17T00:00:00Z","format":"hd","mbps":"11126, ...","URI":["new zealand","new_zealand","oceania"]},{"id":"2083","channel":"Māori Television","link":"https://bcsecurelivehls-i.akamaihd.net//hls/live/720612/1614493167001_1/master_iPad1080p.m3u8?checkedby:iptvcat.com","country":"new zealand","liveliness":"99","status":"online","lastChecked":"2020-08-17T00:00:00Z","format":"fhd 2k","mbps":"11126","URI":["new zealand","new_zealand"]},{"id":"133073","channel":"Māori Television","link":"https://i.mjh.nz/nz/tv.13.m3u8?checkedby:iptvcat.com","country":"new zealand","liveliness":"99","status":"online","lastChecked":"2020-08-17T00:00:00Z","format":"hd","mbps":"11126, ...","URI":["new zealand","new_zealand","oceania"]},{"id":"2082","channel":"Māori Television","link":"http://i.mjh.nz/nz/tv.13.m3u8?checkedby:iptvcat.com","country":"new zealand","liveliness":"99","status":"online","lastChecked":"2020-08-17T00:00:00Z","format":"hd","mbps":"11126, ...","URI":["new zealand","new_zealand"]},{"id":"133072","channel":"Māori Television","link":"https://bcsecurelivehls-i.akamaihd.net//hls/live/720612/1614493167001_1/master.m3u8?checkedby:iptvcat.com","country":"new zealand","liveliness":"100","status":"online","lastChecked":"2020-08-18T00:00:00Z","format":"hd","mbps":"11126, ...","URI":["new zealand","new_zealand","oceania"]},{"id":"55645","channel":"NZ | Te Reo, Te Reo","link":"https://bcsecurelivehls-i.akamaihd.net//hls/live/720613/1614493167001_2/master_iPad1080p.m3u8?checkedby:iptvcat.com","country":"new zealand","liveliness":"100","status":"online","lastChecked":"2020-08-16T00:00:00Z","format":"fhd 2k","mbps":"11126","URI":["new zealand","new_zealand","oceania"]},{"id":"53022","channel":"Parliament TV","link":"https://streaming.kordia.net.nz/out/u/ptv_houseaudio.m3u8?checkedby:iptvcat.com","country":"new zealand","liveliness":"95","status":"online","lastChecked":"2020-08-17T00:00:00Z","format":"sd","mbps":"3262, ...","URI":["new zealand","new_zealand"]},{"id":"10419","channel":"Parliament TV, Parliament TV (NZ)","link":"https://streaming.kordia.net.nz/out/u/house_captionsVideo3.m3u8?checkedby:iptvcat.com","country":"new zealand","liveliness":"100","status":"online","lastChecked":"2020-08-17T00:00:00Z","format":"sd","mbps":"3262","URI":["new zealand","new_zealand"]},{"id":"53020","channel":"Parliament TV","link":"https://i.mjh.nz/nz/tv.18.m3u8?checkedby:iptvcat.com","country":"new zealand","liveliness":"96","status":"online","lastChecked":"2020-08-17T00:00:00Z","format":"sd","mbps":"3262, ...","URI":["new zealand","new_zealand"]},{"id":"2087","channel":"Parliament TV","link":"http://streaming.kordia.net.nz/out/u/ptv_houseaudio.m3u8?checkedby:iptvcat.com","country":"new zealand","liveliness":"98","status":"online","lastChecked":"2020-08-17T00:00:00Z","format":"sd","mbps":"3262, ...","URI":["new zealand","new_zealand"]},{"id":"2086","channel":"Parliament TV","link":"http://streaming.kordia.net.nz/out/u/house_captionsVideo3.m3u8?checkedby:iptvcat.com","country":"new zealand","liveliness":"100","status":"online","lastChecked":"2020-08-17T00:00:00Z","format":"sd","mbps":"3262","URI":["new zealand","new_zealand"]},{"id":"2085","channel":"Parliament TV","link":"http://i.mjh.nz/nz/tv.18.m3u8?checkedby:iptvcat.com","country":"new zealand","liveliness":"96","status":"online","lastChecked":"2020-08-17T00:00:00Z","format":"sd","mbps":"3262, ...","URI":["new zealand","new_zealand"]},{"id":"11990","channel":"TVNZ Shopping, TVSN Shopping","link":"https://tvsn-i.akamaihd.net/hls/live/261837/tvsn_nz/tvsn_nz_750.m3u8?checkedby:iptvcat.com","country":"new zealand","liveliness":"100","status":"online","lastChecked":"2020-08-17T00:00:00Z","format":"sd","mbps":"1357","URI":["new zealand","new_zealand"]},{"id":"53024","channel":"TVSN Shopping","link":"https://i.mjh.nz/nz/tv.45.m3u8?checkedby:iptvcat.com","country":"new zealand","liveliness":"100","status":"online","lastChecked":"2020-08-18T00:00:00Z","format":"sd","mbps":"1357","URI":["new zealand","new_zealand"]},{"id":"2094","channel":"TVSN Shopping","link":"http://tvsn-i.akamaihd.net/hls/live/261837/tvsn_nz/tvsn_nz_750.m3u8?checkedby:iptvcat.com","country":"new zealand","liveliness":"100","status":"online","lastChecked":"2020-08-17T00:00:00Z","format":"sd","mbps":"1357","URI":["new zealand","new_zealand"]},{"id":"2089","channel":"Te Reo","link":"http://i.mjh.nz/nz/tv.20.m3u8?checkedby:iptvcat.com","country":"new zealand","liveliness":"99","status":"online","lastChecked":"2020-08-17T00:00:00Z","format":"hd","mbps":"11126, ...","URI":["new zealand","new_zealand"]},{"id":"133075","channel":"Te Reo","link":"https://i.mjh.nz/nz/tv.20.m3u8?checkedby:iptvcat.com","country":"new zealand","liveliness":"99","status":"online","lastChecked":"2020-08-17T00:00:00Z","format":"hd","mbps":"11126, ...","URI":["new zealand","new_zealand","oceania"]}]