[{"id":"2098","channel":"Canal 2","link":"http://162.244.81.181:1935/live/Stream1/playlist.m3u8?checkedby:iptvcat.com","country":"nicaragua","liveliness":"100","status":"online","lastChecked":"2020-08-17T00:00:00Z","format":"sd","mbps":"441","URI":["nicaragua"]},{"id":"2097","channel":"Canal 2","link":"http://162.244.81.181:1935/live//Stream1/playlist.m3u8?checkedby:iptvcat.com","country":"nicaragua","liveliness":"100","status":"online","lastChecked":"2020-08-17T00:00:00Z","format":"sd","mbps":"441","URI":["nicaragua"]}]