[{"id":"25334","channel":"Emmanuel TV, EmmanuelTV (English)","link":"https://api.new.livestream.com/accounts/23202872/events/7200883/live.m3u8?checkedby:iptvcat.com","country":"nigeria","liveliness":"100","status":"online","lastChecked":"2020-08-17T00:00:00Z","format":"hd","mbps":"13311, ...","URI":["nigeria"]},{"id":"2105","channel":"Emmanuel TV","link":"http://api.new.livestream.com/accounts/23202872/events/7200883/live.m3u8?checkedby:iptvcat.com","country":"nigeria","liveliness":"99","status":"online","lastChecked":"2020-08-17T00:00:00Z","format":"hd","mbps":"13311, ...","URI":["nigeria"]}]