[{"id":"24697","channel":"LiveTV HD","link":"rtmp://live.livetvhd.cf/live/livetvhd?checkedby:iptvcat.com","country":"north macedonia","liveliness":"91","status":"online","lastChecked":"2020-08-17T00:00:00Z","format":"sd","mbps":"2369","URI":["north macedonia","north_macedonia"]},{"id":"10941","channel":"Macedonia : Sky Folk TV HD, Sky Folk TV","link":"http://skyfolk.mk/live.m3u8?checkedby:iptvcat.com","country":"north macedonia","liveliness":"98","status":"online","lastChecked":"2020-08-17T00:00:00Z","format":"hd","mbps":"5020","URI":["north macedonia","north_macedonia"]},{"id":"24697","channel":"LiveTV HD","link":"rtmp://live.livetvhd.cf/live/livetvhd?checkedby:iptvcat.com","country":"north macedonia","liveliness":"91","status":"online","lastChecked":"2020-08-17T00:00:00Z","format":"sd","mbps":"2369","URI":["north macedonia","north_macedonia"]},{"id":"10941","channel":"Macedonia : Sky Folk TV HD, Sky Folk TV","link":"http://skyfolk.mk/live.m3u8?checkedby:iptvcat.com","country":"north macedonia","liveliness":"98","status":"online","lastChecked":"2020-08-17T00:00:00Z","format":"hd","mbps":"5020","URI":["north macedonia","north_macedonia"]},{"id":"24697","channel":"LiveTV HD","link":"rtmp://live.livetvhd.cf/live/livetvhd?checkedby:iptvcat.com","country":"north macedonia","liveliness":"91","status":"online","lastChecked":"2020-08-17T00:00:00Z","format":"sd","mbps":"2369","URI":["north macedonia","north_macedonia"]},{"id":"10941","channel":"Macedonia : Sky Folk TV HD, Sky Folk TV","link":"http://skyfolk.mk/live.m3u8?checkedby:iptvcat.com","country":"north macedonia","liveliness":"98","status":"online","lastChecked":"2020-08-17T00:00:00Z","format":"hd","mbps":"5020","URI":["north macedonia","north_macedonia"]}]