[{"id":"2110","channel":"Korean Central Television, Korean Central Television (KCTV)","link":"https://tv.nknews.org/tvhls/stream.m3u8?checkedby:iptvcat.com","country":"north korea","liveliness":"100","status":"online","lastChecked":"2020-08-17T00:00:00Z","format":"sd","mbps":"1784","URI":["north korea","north_korea"]},{"id":"2110","channel":"Korean Central Television, Korean Central Television (KCTV)","link":"https://tv.nknews.org/tvhls/stream.m3u8?checkedby:iptvcat.com","country":"north korea","liveliness":"100","status":"online","lastChecked":"2020-08-17T00:00:00Z","format":"sd","mbps":"1784","URI":["north korea","north_korea"]}]