[{"id":"24701","channel":"Gatebil TV","link":"https://digicom.hls.iptvdc.com/tvplus/tracks-v1a1/mono.m3u8?checkedby:iptvcat.com","country":"norway","liveliness":"100","status":"online","lastChecked":"2020-08-17T00:00:00Z","format":"hd","mbps":"6241","URI":["norway"]},{"id":"133076","channel":"Kanal 10 Norge","link":"https://cdn-kanal10.crossnet.net/kanal10no/live1/playlist.m3u8?checkedby:iptvcat.com","country":"norway","liveliness":"100","status":"online","lastChecked":"2020-08-18T00:00:00Z","format":"sd","mbps":"3262","URI":["norway","europe","scandinavia"]},{"id":"55888","channel":"Kanal 10 Norge, NO | Kanal 10 Norge","link":"http://cdn-kanal10.crossnet.net:1935/kanal10no/mp4:live1/chunklist.m3u8?checkedby:iptvcat.com","country":"norway","liveliness":"100","status":"online","lastChecked":"2020-08-17T00:00:00Z","format":"sd","mbps":"3262","URI":["norway","europe","scandinavia"]},{"id":"2111","channel":"Kanal 10 Norge","link":"http://cdn-kanal10.crossnet.net/kanal10no/live1/playlist.m3u8?checkedby:iptvcat.com","country":"norway","liveliness":"100","status":"online","lastChecked":"2020-08-17T00:00:00Z","format":"sd","mbps":"3262","URI":["norway"]},{"id":"2113","channel":"MTV HD, MTV Norge","link":"http://unilivemtveu-lh.akamaihd.net/i/mtvno_1@346424/index_3500_av-b.m3u8?checkedby:iptvcat.com","country":"norway","liveliness":"91","status":"online","lastChecked":"2020-08-17T00:00:00Z","format":"hd","mbps":"3188","URI":["norway"]},{"id":"55889","channel":"NO | TV Haugaland, TV Haugaland","link":"https://900c544ac47302fffd7d3f12b4c745fd-httpcache0-90216-cachelive0.dna.qbrick.com/90216-cachelive0/smil:APPLETV/playlist.m3u8?checkedby:iptvcat.com","country":"norway","liveliness":"100","status":"online","lastChecked":"2020-08-17T00:00:00Z","format":"hd","mbps":"7114","URI":["norway","europe","scandinavia"]},{"id":"2114","channel":"Stortinget","link":"http://flash0.19333-live0.dna.qbrick.com:1935/19333-live0/push-stortinget_1/playlist.m3u8?checkedby:iptvcat.com","country":"norway","liveliness":"97","status":"online","lastChecked":"2020-08-17T00:00:00Z","format":"sd","mbps":"3262","URI":["norway"]},{"id":"55889","channel":"NO | TV Haugaland, TV Haugaland","link":"https://900c544ac47302fffd7d3f12b4c745fd-httpcache0-90216-cachelive0.dna.qbrick.com/90216-cachelive0/smil:APPLETV/playlist.m3u8?checkedby:iptvcat.com","country":"norway","liveliness":"100","status":"online","lastChecked":"2020-08-17T00:00:00Z","format":"hd","mbps":"7114","URI":["norway","europe","scandinavia"]},{"id":"133076","channel":"Kanal 10 Norge","link":"https://cdn-kanal10.crossnet.net/kanal10no/live1/playlist.m3u8?checkedby:iptvcat.com","country":"norway","liveliness":"100","status":"online","lastChecked":"2020-08-18T00:00:00Z","format":"sd","mbps":"3262","URI":["norway","europe","scandinavia"]},{"id":"55888","channel":"Kanal 10 Norge, NO | Kanal 10 Norge","link":"http://cdn-kanal10.crossnet.net:1935/kanal10no/mp4:live1/chunklist.m3u8?checkedby:iptvcat.com","country":"norway","liveliness":"100","status":"online","lastChecked":"2020-08-17T00:00:00Z","format":"sd","mbps":"3262","URI":["norway","europe","scandinavia"]},{"id":"133076","channel":"Kanal 10 Norge","link":"https://cdn-kanal10.crossnet.net/kanal10no/live1/playlist.m3u8?checkedby:iptvcat.com","country":"norway","liveliness":"100","status":"online","lastChecked":"2020-08-18T00:00:00Z","format":"sd","mbps":"3262","URI":["norway","europe","scandinavia"]},{"id":"55888","channel":"Kanal 10 Norge, NO | Kanal 10 Norge","link":"http://cdn-kanal10.crossnet.net:1935/kanal10no/mp4:live1/chunklist.m3u8?checkedby:iptvcat.com","country":"norway","liveliness":"100","status":"online","lastChecked":"2020-08-17T00:00:00Z","format":"sd","mbps":"3262","URI":["norway","europe","scandinavia"]},{"id":"55889","channel":"NO | TV Haugaland, TV Haugaland","link":"https://900c544ac47302fffd7d3f12b4c745fd-httpcache0-90216-cachelive0.dna.qbrick.com/90216-cachelive0/smil:APPLETV/playlist.m3u8?checkedby:iptvcat.com","country":"norway","liveliness":"100","status":"online","lastChecked":"2020-08-17T00:00:00Z","format":"hd","mbps":"7114","URI":["norway","europe","scandinavia"]}]