[{"id":"2115","channel":"Al-Istiqama, Al-Istiqama TV, OM | Al-Istiqama","link":"http://jmc-live.ercdn.net/alistiqama/alistiqama_576p.m3u8?checkedby:iptvcat.com","country":"oman","liveliness":"100","status":"online","lastChecked":"2020-08-17T00:00:00Z","format":"sd","mbps":"2089","URI":["arab_countries","asia","oman","arab countries"]},{"id":"22287","channel":"OM | Oman TV, Oman TV","link":"http://partne.cdn.mangomolo.com/omantv/smil:omantv.stream.smil/playlist.m3u8?checkedby:iptvcat.com","country":"oman","liveliness":"100","status":"online","lastChecked":"2020-08-17T00:00:00Z","format":"hd","mbps":"7004, ...","URI":["asia","oman","arab_countries","arab countries"]},{"id":"22288","channel":"OM | Oman TV Cultural, Oman TV Cultural","link":"http://partwo.cdn.mangomolo.com/omcultural/smil:omcultural.stream.smil/playlist.m3u8?checkedby:iptvcat.com","country":"oman","liveliness":"100","status":"online","lastChecked":"2020-08-17T00:00:00Z","format":"hd","mbps":"7004, ...","URI":["asia","oman","arab_countries","arab countries"]},{"id":"22289","channel":"OM | Oman TV Mubashir, Oman TV Mubashir","link":"http://partwo.cdn.mangomolo.com/omlive/smil:omlive.stream.smil/playlist.m3u8?checkedby:iptvcat.com","country":"oman","liveliness":"100","status":"online","lastChecked":"2020-08-17T00:00:00Z","format":"hd","mbps":"7004, ...","URI":["asia","oman","arab_countries","arab countries"]},{"id":"328892","channel":"OMAN","link":"http://red.ipfox.org:8080/live/tigerag_uFZ5wd/3dL1WNjy/10231.m3u8?checkedby:iptvcat.com","country":"oman","liveliness":"25","status":"offline","lastChecked":"2020-08-18T00:00:00Z","format":"sd","mbps":"1967","URI":["asia","oman","arab_countries","arab countries"]},{"id":"328891","channel":"Oman TV General HD","link":"http://red.ipfox.org:8080/live/tigerag_uFZ5wd/3dL1WNjy/10230.m3u8?checkedby:iptvcat.com","country":"oman","liveliness":"25","status":"offline","lastChecked":"2020-08-18T00:00:00Z","format":"sd","mbps":"1967","URI":["asia","oman","arab_countries","arab countries"]},{"id":"2115","channel":"Al-Istiqama, Al-Istiqama TV, OM | Al-Istiqama","link":"http://jmc-live.ercdn.net/alistiqama/alistiqama_576p.m3u8?checkedby:iptvcat.com","country":"oman","liveliness":"100","status":"online","lastChecked":"2020-08-17T00:00:00Z","format":"sd","mbps":"2089","URI":["arab_countries","asia","oman","arab countries"]},{"id":"2115","channel":"Al-Istiqama, Al-Istiqama TV, OM | Al-Istiqama","link":"http://jmc-live.ercdn.net/alistiqama/alistiqama_576p.m3u8?checkedby:iptvcat.com","country":"oman","liveliness":"100","status":"online","lastChecked":"2020-08-17T00:00:00Z","format":"sd","mbps":"2089","URI":["arab_countries","asia","oman","arab countries"]},{"id":"2115","channel":"Al-Istiqama, Al-Istiqama TV, OM | Al-Istiqama","link":"http://jmc-live.ercdn.net/alistiqama/alistiqama_576p.m3u8?checkedby:iptvcat.com","country":"oman","liveliness":"100","status":"online","lastChecked":"2020-08-17T00:00:00Z","format":"sd","mbps":"2089","URI":["arab_countries","asia","oman","arab countries"]},{"id":"2115","channel":"Al-Istiqama, Al-Istiqama TV, OM | Al-Istiqama","link":"http://jmc-live.ercdn.net/alistiqama/alistiqama_576p.m3u8?checkedby:iptvcat.com","country":"oman","liveliness":"100","status":"online","lastChecked":"2020-08-17T00:00:00Z","format":"sd","mbps":"2089","URI":["arab_countries","asia","oman","arab countries"]},{"id":"2115","channel":"Al-Istiqama, Al-Istiqama TV, OM | Al-Istiqama","link":"http://jmc-live.ercdn.net/alistiqama/alistiqama_576p.m3u8?checkedby:iptvcat.com","country":"oman","liveliness":"100","status":"online","lastChecked":"2020-08-17T00:00:00Z","format":"sd","mbps":"2089","URI":["arab_countries","asia","oman","arab countries"]},{"id":"25738","channel":"Al Istiqama TV, Al-Istiqama TV","link":"https://jmc-live.ercdn.net/alistiqama/alistiqama.m3u8?checkedby:iptvcat.com","country":"oman","liveliness":"100","status":"online","lastChecked":"2020-08-17T00:00:00Z","format":"sd","mbps":"2089, ...","URI":["oman"]},{"id":"2115","channel":"Al-Istiqama, Al-Istiqama TV, OM | Al-Istiqama","link":"http://jmc-live.ercdn.net/alistiqama/alistiqama_576p.m3u8?checkedby:iptvcat.com","country":"oman","liveliness":"100","status":"online","lastChecked":"2020-08-17T00:00:00Z","format":"sd","mbps":"2089","URI":["arab_countries","asia","oman","arab countries"]},{"id":"22287","channel":"OM | Oman TV, Oman TV","link":"http://partne.cdn.mangomolo.com/omantv/smil:omantv.stream.smil/playlist.m3u8?checkedby:iptvcat.com","country":"oman","liveliness":"100","status":"online","lastChecked":"2020-08-17T00:00:00Z","format":"hd","mbps":"7004, ...","URI":["asia","oman","arab_countries","arab countries"]},{"id":"22288","channel":"OM | Oman TV Cultural, Oman TV Cultural","link":"http://partwo.cdn.mangomolo.com/omcultural/smil:omcultural.stream.smil/playlist.m3u8?checkedby:iptvcat.com","country":"oman","liveliness":"100","status":"online","lastChecked":"2020-08-17T00:00:00Z","format":"hd","mbps":"7004, ...","URI":["asia","oman","arab_countries","arab countries"]},{"id":"22289","channel":"OM | Oman TV Mubashir, Oman TV Mubashir","link":"http://partwo.cdn.mangomolo.com/omlive/smil:omlive.stream.smil/playlist.m3u8?checkedby:iptvcat.com","country":"oman","liveliness":"100","status":"online","lastChecked":"2020-08-17T00:00:00Z","format":"hd","mbps":"7004, ...","URI":["asia","oman","arab_countries","arab countries"]},{"id":"328892","channel":"OMAN","link":"http://red.ipfox.org:8080/live/tigerag_uFZ5wd/3dL1WNjy/10231.m3u8?checkedby:iptvcat.com","country":"oman","liveliness":"25","status":"offline","lastChecked":"2020-08-18T00:00:00Z","format":"sd","mbps":"1967","URI":["asia","oman","arab_countries","arab countries"]},{"id":"22286","channel":"Oman Sport, SPORT : Oman Sports, SPORT | Oman Sports","link":"http://partne.cdn.mangomolo.com/omsport/smil:omsport.stream.smil/playlist.m3u8?checkedby:iptvcat.com","country":"oman","liveliness":"100","status":"online","lastChecked":"2020-08-17T00:00:00Z","format":"hd","mbps":"7004, ...","URI":["oman","sport"]},{"id":"25739","channel":"Oman Sport","link":"https://partne.cdn.mangomolo.com/omsport/smil:omsport.stream.smil/playlist.m3u8?checkedby:iptvcat.com","country":"oman","liveliness":"99","status":"online","lastChecked":"2020-08-16T00:00:00Z","format":"hd","mbps":"7004, ...","URI":["oman","sport"]},{"id":"25740","channel":"Oman TV","link":"https://partne.cdn.mangomolo.com/omantv/smil:omantv.stream.smil/playlist.m3u8?checkedby:iptvcat.com","country":"oman","liveliness":"99","status":"online","lastChecked":"2020-08-16T00:00:00Z","format":"hd","mbps":"7004, ...","URI":["oman"]},{"id":"25741","channel":"Oman TV Cultural","link":"https://partwo.cdn.mangomolo.com/omcultural/smil:omcultural.stream.smil/playlist.m3u8?checkedby:iptvcat.com","country":"oman","liveliness":"99","status":"online","lastChecked":"2020-08-16T00:00:00Z","format":"hd","mbps":"7004, ...","URI":["oman"]},{"id":"328891","channel":"Oman TV General HD","link":"http://red.ipfox.org:8080/live/tigerag_uFZ5wd/3dL1WNjy/10230.m3u8?checkedby:iptvcat.com","country":"oman","liveliness":"25","status":"offline","lastChecked":"2020-08-18T00:00:00Z","format":"sd","mbps":"1967","URI":["asia","oman","arab_countries","arab countries"]},{"id":"25742","channel":"Oman TV Mubashir","link":"https://partwo.cdn.mangomolo.com/omlive/smil:omlive.stream.smil/playlist.m3u8?checkedby:iptvcat.com","country":"oman","liveliness":"100","status":"online","lastChecked":"2020-08-17T00:00:00Z","format":"hd","mbps":"7004, ...","URI":["oman"]},{"id":"25739","channel":"Oman Sport","link":"https://partne.cdn.mangomolo.com/omsport/smil:omsport.stream.smil/playlist.m3u8?checkedby:iptvcat.com","country":"oman","liveliness":"99","status":"online","lastChecked":"2020-08-16T00:00:00Z","format":"hd","mbps":"7004, ...","URI":["oman","sport"]},{"id":"22286","channel":"Oman Sport, SPORT : Oman Sports, SPORT | Oman Sports","link":"http://partne.cdn.mangomolo.com/omsport/smil:omsport.stream.smil/playlist.m3u8?checkedby:iptvcat.com","country":"oman","liveliness":"100","status":"online","lastChecked":"2020-08-17T00:00:00Z","format":"hd","mbps":"7004, ...","URI":["oman","sport"]},{"id":"25739","channel":"Oman Sport","link":"https://partne.cdn.mangomolo.com/omsport/smil:omsport.stream.smil/playlist.m3u8?checkedby:iptvcat.com","country":"oman","liveliness":"99","status":"online","lastChecked":"2020-08-16T00:00:00Z","format":"hd","mbps":"7004, ...","URI":["oman","sport"]},{"id":"22286","channel":"Oman Sport, SPORT : Oman Sports, SPORT | Oman Sports","link":"http://partne.cdn.mangomolo.com/omsport/smil:omsport.stream.smil/playlist.m3u8?checkedby:iptvcat.com","country":"oman","liveliness":"100","status":"online","lastChecked":"2020-08-17T00:00:00Z","format":"hd","mbps":"7004, ...","URI":["oman","sport"]},{"id":"2115","channel":"Al-Istiqama, Al-Istiqama TV, OM | Al-Istiqama","link":"http://jmc-live.ercdn.net/alistiqama/alistiqama_576p.m3u8?checkedby:iptvcat.com","country":"oman","liveliness":"100","status":"online","lastChecked":"2020-08-17T00:00:00Z","format":"sd","mbps":"2089","URI":["arab_countries","asia","oman","arab countries"]},{"id":"328891","channel":"Oman TV General HD","link":"http://red.ipfox.org:8080/live/tigerag_uFZ5wd/3dL1WNjy/10230.m3u8?checkedby:iptvcat.com","country":"oman","liveliness":"25","status":"offline","lastChecked":"2020-08-18T00:00:00Z","format":"sd","mbps":"1967","URI":["asia","oman","arab_countries","arab countries"]},{"id":"22287","channel":"OM | Oman TV, Oman TV","link":"http://partne.cdn.mangomolo.com/omantv/smil:omantv.stream.smil/playlist.m3u8?checkedby:iptvcat.com","country":"oman","liveliness":"100","status":"online","lastChecked":"2020-08-17T00:00:00Z","format":"hd","mbps":"7004, ...","URI":["asia","oman","arab_countries","arab countries"]},{"id":"22288","channel":"OM | Oman TV Cultural, Oman TV Cultural","link":"http://partwo.cdn.mangomolo.com/omcultural/smil:omcultural.stream.smil/playlist.m3u8?checkedby:iptvcat.com","country":"oman","liveliness":"100","status":"online","lastChecked":"2020-08-17T00:00:00Z","format":"hd","mbps":"7004, ...","URI":["asia","oman","arab_countries","arab countries"]},{"id":"22289","channel":"OM | Oman TV Mubashir, Oman TV Mubashir","link":"http://partwo.cdn.mangomolo.com/omlive/smil:omlive.stream.smil/playlist.m3u8?checkedby:iptvcat.com","country":"oman","liveliness":"100","status":"online","lastChecked":"2020-08-17T00:00:00Z","format":"hd","mbps":"7004, ...","URI":["asia","oman","arab_countries","arab countries"]},{"id":"328892","channel":"OMAN","link":"http://red.ipfox.org:8080/live/tigerag_uFZ5wd/3dL1WNjy/10231.m3u8?checkedby:iptvcat.com","country":"oman","liveliness":"25","status":"offline","lastChecked":"2020-08-18T00:00:00Z","format":"sd","mbps":"1967","URI":["asia","oman","arab_countries","arab countries"]},{"id":"2115","channel":"Al-Istiqama, Al-Istiqama TV, OM | Al-Istiqama","link":"http://jmc-live.ercdn.net/alistiqama/alistiqama_576p.m3u8?checkedby:iptvcat.com","country":"oman","liveliness":"100","status":"online","lastChecked":"2020-08-17T00:00:00Z","format":"sd","mbps":"2089","URI":["arab_countries","asia","oman","arab countries"]},{"id":"2115","channel":"Al-Istiqama, Al-Istiqama TV, OM | Al-Istiqama","link":"http://jmc-live.ercdn.net/alistiqama/alistiqama_576p.m3u8?checkedby:iptvcat.com","country":"oman","liveliness":"100","status":"online","lastChecked":"2020-08-17T00:00:00Z","format":"sd","mbps":"2089","URI":["arab_countries","asia","oman","arab countries"]},{"id":"328891","channel":"Oman TV General HD","link":"http://red.ipfox.org:8080/live/tigerag_uFZ5wd/3dL1WNjy/10230.m3u8?checkedby:iptvcat.com","country":"oman","liveliness":"25","status":"offline","lastChecked":"2020-08-18T00:00:00Z","format":"sd","mbps":"1967","URI":["asia","oman","arab_countries","arab countries"]},{"id":"22287","channel":"OM | Oman TV, Oman TV","link":"http://partne.cdn.mangomolo.com/omantv/smil:omantv.stream.smil/playlist.m3u8?checkedby:iptvcat.com","country":"oman","liveliness":"100","status":"online","lastChecked":"2020-08-17T00:00:00Z","format":"hd","mbps":"7004, ...","URI":["asia","oman","arab_countries","arab countries"]},{"id":"22288","channel":"OM | Oman TV Cultural, Oman TV Cultural","link":"http://partwo.cdn.mangomolo.com/omcultural/smil:omcultural.stream.smil/playlist.m3u8?checkedby:iptvcat.com","country":"oman","liveliness":"100","status":"online","lastChecked":"2020-08-17T00:00:00Z","format":"hd","mbps":"7004, ...","URI":["asia","oman","arab_countries","arab countries"]},{"id":"22289","channel":"OM | Oman TV Mubashir, Oman TV Mubashir","link":"http://partwo.cdn.mangomolo.com/omlive/smil:omlive.stream.smil/playlist.m3u8?checkedby:iptvcat.com","country":"oman","liveliness":"100","status":"online","lastChecked":"2020-08-17T00:00:00Z","format":"hd","mbps":"7004, ...","URI":["asia","oman","arab_countries","arab countries"]},{"id":"328892","channel":"OMAN","link":"http://red.ipfox.org:8080/live/tigerag_uFZ5wd/3dL1WNjy/10231.m3u8?checkedby:iptvcat.com","country":"oman","liveliness":"25","status":"offline","lastChecked":"2020-08-18T00:00:00Z","format":"sd","mbps":"1967","URI":["asia","oman","arab_countries","arab countries"]},{"id":"2115","channel":"Al-Istiqama, Al-Istiqama TV, OM | Al-Istiqama","link":"http://jmc-live.ercdn.net/alistiqama/alistiqama_576p.m3u8?checkedby:iptvcat.com","country":"oman","liveliness":"100","status":"online","lastChecked":"2020-08-17T00:00:00Z","format":"sd","mbps":"2089","URI":["arab_countries","asia","oman","arab countries"]},{"id":"2115","channel":"Al-Istiqama, Al-Istiqama TV, OM | Al-Istiqama","link":"http://jmc-live.ercdn.net/alistiqama/alistiqama_576p.m3u8?checkedby:iptvcat.com","country":"oman","liveliness":"100","status":"online","lastChecked":"2020-08-17T00:00:00Z","format":"sd","mbps":"2089","URI":["arab_countries","asia","oman","arab countries"]}]