[{"id":"2124","channel":"92 News","link":"http://92news.vdn.dstreamone.net/92newshd/92hd_160p/playlist.m3u8?checkedby:iptvcat.com","country":"pakistan","liveliness":"100","status":"online","lastChecked":"2020-08-17T00:00:00Z","format":"sd","mbps":"308","URI":["pakistan"]},{"id":"2123","channel":"92 News","link":"http://92news.vdn.dstreamone.net/92newshd/92hd/playlist.m3u8?checkedby:iptvcat.com","country":"pakistan","liveliness":"100","status":"online","lastChecked":"2020-08-17T00:00:00Z","format":"hd","mbps":"5020","URI":["pakistan"]},{"id":"133079","channel":"92 News","link":"https://92news.vdn.dstreamone.net/92newshd/92hd_160p/playlist.m3u8?checkedby:iptvcat.com","country":"pakistan","liveliness":"99","status":"online","lastChecked":"2020-08-17T00:00:00Z","format":"sd","mbps":"308","URI":["pakistan","asia"]},{"id":"133078","channel":"92 News","link":"https://92news.vdn.dstreamone.net/92newshd/92hd/playlist.m3u8?checkedby:iptvcat.com","country":"pakistan","liveliness":"99","status":"online","lastChecked":"2020-08-17T00:00:00Z","format":"hd","mbps":"5020","URI":["pakistan","asia"]},{"id":"2125","channel":"92 News UK","link":"https://securecontributions.sechls01.visionip.tv/live/securecontributions-securecontributions-92_news-hsslive-25f-16x9-SD/chunklist.m3u8?checkedby:iptvcat.com","country":"pakistan","liveliness":"98","status":"online","lastChecked":"2020-08-17T00:00:00Z","format":"sd","mbps":"1509","URI":["pakistan"]},{"id":"2127","channel":"AVT KHYBER","link":"https://dcunilive38-lh.akamaihd.net/i/dclive_1@692670/index_150_av-p.m3u8?checkedby:iptvcat.com","country":"pakistan","liveliness":"99","status":"online","lastChecked":"2020-08-18T00:00:00Z","format":"sd","mbps":"1984","URI":["pakistan","asia"]},{"id":"133083","channel":"AVT KHYBER","link":"https://dcunilive38-lh.akamaihd.net/i/dclive_1@692670/master.m3u8?checkedby:iptvcat.com","country":"pakistan","liveliness":"96","status":"online","lastChecked":"2020-08-17T00:00:00Z","format":"sd","mbps":"1984","URI":["pakistan","asia"]},{"id":"9690","channel":"B4U Kadak","link":"http://103.199.160.85/Content/moviehouse/Live/Channel(MovieHouse)/Stream(01)/index.m3u8?checkedby:iptvcat.com","country":"pakistan","liveliness":"98","status":"online","lastChecked":"2020-08-17T00:00:00Z","format":"sd","mbps":"1509","URI":["pakistan","asia"]},{"id":"2129","channel":"Dunya News","link":"http://imob.dunyanews.tv/live/_definst_/dunyalive_1/chunklist_w1239250459.m3u8?checkedby:iptvcat.com","country":"pakistan","liveliness":"99","status":"online","lastChecked":"2020-08-17T00:00:00Z","format":"sd","mbps":"1008","URI":["pakistan"]},{"id":"133089","channel":"Dunya News","link":"https://imob.dunyanews.tv/live/_definst_/dunyalive_1/playlist.m3u8?checkedby:iptvcat.com","country":"pakistan","liveliness":"100","status":"online","lastChecked":"2020-08-18T00:00:00Z","format":"sd","mbps":"1008","URI":["pakistan","asia"]},{"id":"5602","channel":"Eawaz TV (CA)","link":"https://streamer12.vdn.dstreamone.net/saazoawaz/saazoawaz/chunks.m3u8?checkedby:iptvcat.com","country":"pakistan","liveliness":"99","status":"online","lastChecked":"2020-08-17T00:00:00Z","format":"hd","mbps":"3795","URI":["pakistan"]},{"id":"2130","channel":"Express TV","link":"https://5d48372bad056.streamlock.net/expressdigital/livestream/chunklist.m3u8?checkedby:iptvcat.com","country":"pakistan","liveliness":"98","status":"online","lastChecked":"2020-08-17T00:00:00Z","format":"sd","mbps":"2801","URI":["pakistan"]},{"id":"5603","channel":"Express TV","link":"https://5a6ada4d8f439.streamlock.net/expressdigital/livestream/playlist.m3u8?checkedby:iptvcat.com","country":"pakistan","liveliness":"98","status":"online","lastChecked":"2020-08-17T00:00:00Z","format":"sd","mbps":"2801","URI":["pakistan"]},{"id":"5604","channel":"Eye 95 America (US)","link":"http://cdn20.liveonlineservices.com/hls/eye95tv.m3u8?checkedby:iptvcat.com","country":"pakistan","liveliness":"95","status":"online","lastChecked":"2020-08-17T00:00:00Z","format":"hd","mbps":"5991","URI":["pakistan"]},{"id":"53068","channel":"Geo Kahani","link":"http://stream-e30453a4b.nmbs.top/m3u/Pakistan/895fb98ab9.m3u8?checkedby:iptvcat.com","country":"pakistan","liveliness":"86","status":"offline","lastChecked":"2020-08-17T00:00:00Z","format":"sd","mbps":"1764","URI":["pakistan"]},{"id":"308087","channel":"HD","link":"http://hdonline.ml:80/live/kam/kam/7208.m3u8?checkedby:iptvcat.com","country":"pakistan","liveliness":"27","status":"offline","lastChecked":"2020-08-19T00:00:00Z","format":"hd","mbps":"5020","URI":["pakistan","asia"]},{"id":"308333","channel":"HD","link":"http://hdonline.ml:80/live/kam/kam/7276.m3u8?checkedby:iptvcat.com","country":"pakistan","liveliness":"38","status":"offline","lastChecked":"2020-08-19T00:00:00Z","format":"sd","mbps":"1983","URI":["pakistan","asia"]},{"id":"308435","channel":"HD","link":"http://hdonline.ml:80/live/kam/kam/7321.m3u8?checkedby:iptvcat.com","country":"pakistan","liveliness":"50","status":"offline","lastChecked":"2020-08-18T00:00:00Z","format":"hd","mbps":"3799","URI":["pakistan","asia"]},{"id":"308248","channel":"HD","link":"http://hdonline.ml:80/live/kam/kam/7245.m3u8?checkedby:iptvcat.com","country":"pakistan","liveliness":"40","status":"offline","lastChecked":"2020-08-18T00:00:00Z","format":"hd","mbps":"3795","URI":["pakistan","asia"]},{"id":"308416","channel":"HD","link":"http://hdonline.ml:80/live/kam/kam/7313.m3u8?checkedby:iptvcat.com","country":"pakistan","liveliness":"36","status":"offline","lastChecked":"2020-08-18T00:00:00Z","format":"hd","mbps":"3188","URI":["pakistan","asia"]},{"id":"308402","channel":"HD","link":"http://hdonline.ml:80/live/kam/kam/7307.m3u8?checkedby:iptvcat.com","country":"pakistan","liveliness":"33","status":"offline","lastChecked":"2020-08-18T00:00:00Z","format":"sd","mbps":"1174","URI":["pakistan","asia"]},{"id":"308396","channel":"HD","link":"http://hdonline.ml:80/live/kam/kam/7303.m3u8?checkedby:iptvcat.com","country":"pakistan","liveliness":"23","status":"offline","lastChecked":"2020-08-19T00:00:00Z","format":"sd","mbps":"2743","URI":["pakistan","asia"]},{"id":"308189","channel":"HD","link":"http://hdonline.ml:80/live/kam/kam/7224.m3u8?checkedby:iptvcat.com","country":"pakistan","liveliness":"27","status":"offline","lastChecked":"2020-08-18T00:00:00Z","format":"hd","mbps":"5020","URI":["pakistan","asia"]},{"id":"308130","channel":"HD","link":"http://hdonline.ml:80/live/kam/kam/7214.m3u8?checkedby:iptvcat.com","country":"pakistan","liveliness":"33","status":"offline","lastChecked":"2020-08-19T00:00:00Z","format":"hd","mbps":"5020","URI":["pakistan","asia"]},{"id":"308367","channel":"HD","link":"http://hdonline.ml:80/live/kam/kam/7289.m3u8?checkedby:iptvcat.com","country":"pakistan","liveliness":"21","status":"offline","lastChecked":"2020-08-19T00:00:00Z","format":"hd","mbps":"3188","URI":["pakistan","asia"]},{"id":"308352","channel":"HD","link":"http://hdonline.ml:80/live/kam/kam/7285.m3u8?checkedby:iptvcat.com","country":"pakistan","liveliness":"33","status":"offline","lastChecked":"2020-08-18T00:00:00Z","format":"sd","mbps":"2801","URI":["pakistan","asia"]},{"id":"5605","channel":"Kay 2","link":"http://dcunilive36-lh.akamaihd.net/i/dclive_1@662109/master.m3u8?checkedby:iptvcat.com","country":"pakistan","liveliness":"99","status":"online","lastChecked":"2020-08-17T00:00:00Z","format":"sd","mbps":"1677","URI":["pakistan"]},{"id":"2137","channel":"Kay 2, Kay2 TV, PK | Kay 2","link":"https://dcunilive36-lh.akamaihd.net/i/dclive_1@662109/index_150_av-p.m3u8?checkedby:iptvcat.com","country":"pakistan","liveliness":"100","status":"online","lastChecked":"2020-08-17T00:00:00Z","format":"sd","mbps":"1677","URI":["pakistan","asia"]},{"id":"133096","channel":"Kay2 TV","link":"https://dcunilive36-lh.akamaihd.net/i/dclive_1@662109/master.m3u8?checkedby:iptvcat.com","country":"pakistan","liveliness":"100","status":"online","lastChecked":"2020-08-18T00:00:00Z","format":"sd","mbps":"1677","URI":["pakistan","asia"]},{"id":"5606","channel":"Khyber Middle East","link":"https://dcunilive83-lh.akamaihd.net/i/dclive_1@16122/master.m3u8?checkedby:iptvcat.com","country":"pakistan","liveliness":"100","status":"online","lastChecked":"2020-08-17T00:00:00Z","format":"sd","mbps":"1677","URI":["pakistan"]},{"id":"2138","channel":"Khyber Middle East TV","link":"https://dcunilive83-lh.akamaihd.net/i/dclive_1@16122/index_150_av-p.m3u8?checkedby:iptvcat.com","country":"pakistan","liveliness":"100","status":"online","lastChecked":"2020-08-17T00:00:00Z","format":"sd","mbps":"1677","URI":["pakistan","asia"]},{"id":"5607","channel":"Khyber News","link":"http://dcunilive38-lh.akamaihd.net/i/dclive_1@692677/master.m3u8?checkedby:iptvcat.com","country":"pakistan","liveliness":"99","status":"online","lastChecked":"2020-08-17T00:00:00Z","format":"sd","mbps":"1677","URI":["pakistan"]},{"id":"133097","channel":"Khyber News TV","link":"https://dcunilive38-lh.akamaihd.net/i/dclive_1@692677/master.m3u8?checkedby:iptvcat.com","country":"pakistan","liveliness":"99","status":"online","lastChecked":"2020-08-17T00:00:00Z","format":"sd","mbps":"1677","URI":["pakistan","asia"]},{"id":"2139","channel":"Khyber News TV","link":"https://dcunilive38-lh.akamaihd.net/i/dclive_1@692677/index_150_av-p.m3u8?checkedby:iptvcat.com","country":"pakistan","liveliness":"99","status":"online","lastChecked":"2020-08-18T00:00:00Z","format":"sd","mbps":"1677","URI":["pakistan","asia"]},{"id":"2140","channel":"Lahore News","link":"http://mlive.lahorenews.tv:1935/lahorelive/lnews_1/playlist.m3u8?checkedby:iptvcat.com","country":"pakistan","liveliness":"99","status":"online","lastChecked":"2020-08-17T00:00:00Z","format":"hd","mbps":"4318","URI":["pakistan"]},{"id":"5608","channel":"Lahore News (Opt-2)","link":"http://mlive.lahorenews.tv/lahorelive/lnews_1/chunklist_DVR.m3u8?checkedby:iptvcat.com","country":"pakistan","liveliness":"99","status":"online","lastChecked":"2020-08-17T00:00:00Z","format":"hd","mbps":"4318","URI":["pakistan"]},{"id":"133102","channel":"Minhaj TV","link":"https://api.new.livestream.com/accounts/547271/events/4237509/live.m3u8?checkedby:iptvcat.com","country":"pakistan","liveliness":"93","status":"online","lastChecked":"2020-08-17T00:00:00Z","format":"hd","mbps":"5020, ...","URI":["pakistan","asia"]},{"id":"2141","channel":"Minhaj TV","link":"http://api.new.livestream.com/accounts/547271/events/4237509/live.m3u8?checkedby:iptvcat.com","country":"pakistan","liveliness":"96","status":"online","lastChecked":"2020-08-17T00:00:00Z","format":"hd","mbps":"5020, ...","URI":["pakistan"]},{"id":"308089","channel":"SD","link":"http://hdonline.ml:80/live/kam/kam/7209.m3u8?checkedby:iptvcat.com","country":"pakistan","liveliness":"29","status":"offline","lastChecked":"2020-08-19T00:00:00Z","format":"sd","mbps":"2089","URI":["pakistan","asia"]},{"id":"308349","channel":"SD","link":"http://hdonline.ml:80/live/kam/kam/7283.m3u8?checkedby:iptvcat.com","country":"pakistan","liveliness":"25","status":"offline","lastChecked":"2020-08-19T00:00:00Z","format":"sd","mbps":"1509","URI":["pakistan","asia"]},{"id":"308348","channel":"SD","link":"http://hdonline.ml:80/live/kam/kam/7282.m3u8?checkedby:iptvcat.com","country":"pakistan","liveliness":"40","status":"offline","lastChecked":"2020-08-19T00:00:00Z","format":"hd","mbps":"3188","URI":["pakistan","asia"]},{"id":"308456","channel":"SD","link":"http://hdonline.ml:80/live/kam/kam/7339.m3u8?checkedby:iptvcat.com","country":"pakistan","liveliness":"33","status":"offline","lastChecked":"2020-08-18T00:00:00Z","format":"hd","mbps":"5020","URI":["pakistan","asia"]},{"id":"308076","channel":"SD","link":"http://hdonline.ml:80/live/kam/kam/7206.m3u8?checkedby:iptvcat.com","country":"pakistan","liveliness":"17","status":"offline","lastChecked":"2020-08-19T00:00:00Z","format":"sd","mbps":"2883","URI":["pakistan","asia"]},{"id":"308448","channel":"SD","link":"http://hdonline.ml:80/live/kam/kam/7334.m3u8?checkedby:iptvcat.com","country":"pakistan","liveliness":"27","status":"offline","lastChecked":"2020-08-18T00:00:00Z","format":"fhd 2k","mbps":"11126","URI":["pakistan","asia"]},{"id":"308305","channel":"SD","link":"http://hdonline.ml:80/live/kam/kam/7265.m3u8?checkedby:iptvcat.com","country":"pakistan","liveliness":"54","status":"offline","lastChecked":"2020-08-18T00:00:00Z","format":"hd","mbps":"3188","URI":["pakistan","asia"]},{"id":"308447","channel":"SD","link":"http://hdonline.ml:80/live/kam/kam/7331.m3u8?checkedby:iptvcat.com","country":"pakistan","liveliness":"36","status":"offline","lastChecked":"2020-08-19T00:00:00Z","format":"sd","mbps":"899","URI":["pakistan","asia"]},{"id":"308299","channel":"SD","link":"http://hdonline.ml:80/live/kam/kam/7262.m3u8?checkedby:iptvcat.com","country":"pakistan","liveliness":"14","status":"offline","lastChecked":"2020-08-19T00:00:00Z","format":"sd","mbps":"368","URI":["pakistan","asia"]},{"id":"308439","channel":"SD","link":"http://hdonline.ml:80/live/kam/kam/7325.m3u8?checkedby:iptvcat.com","country":"pakistan","liveliness":"33","status":"offline","lastChecked":"2020-08-18T00:00:00Z","format":"sd","mbps":"1796","URI":["pakistan","asia"]},{"id":"308281","channel":"SD","link":"http://hdonline.ml:80/live/kam/kam/7258.m3u8?checkedby:iptvcat.com","country":"pakistan","liveliness":"40","status":"offline","lastChecked":"2020-08-18T00:00:00Z","format":"sd","mbps":"2369","URI":["pakistan","asia"]},{"id":"308255","channel":"SD","link":"http://hdonline.ml:80/live/kam/kam/7248.m3u8?checkedby:iptvcat.com","country":"pakistan","liveliness":"25","status":"offline","lastChecked":"2020-08-19T00:00:00Z","format":"sd","mbps":"1008","URI":["pakistan","asia"]},{"id":"308425","channel":"SD","link":"http://hdonline.ml:80/live/kam/kam/7316.m3u8?checkedby:iptvcat.com","country":"pakistan","liveliness":"40","status":"offline","lastChecked":"2020-08-18T00:00:00Z","format":"hd","mbps":"4318","URI":["pakistan","asia"]},{"id":"308247","channel":"SD","link":"http://hdonline.ml:80/live/kam/kam/7243.m3u8?checkedby:iptvcat.com","country":"pakistan","liveliness":"36","status":"offline","lastChecked":"2020-08-19T00:00:00Z","format":"sd","mbps":"1796","URI":["pakistan","asia"]},{"id":"308415","channel":"SD","link":"http://hdonline.ml:80/live/kam/kam/7311.m3u8?checkedby:iptvcat.com","country":"pakistan","liveliness":"33","status":"offline","lastChecked":"2020-08-18T00:00:00Z","format":"sd","mbps":"2369","URI":["pakistan","asia"]},{"id":"308244","channel":"SD","link":"http://hdonline.ml:80/live/kam/kam/7242.m3u8?checkedby:iptvcat.com","country":"pakistan","liveliness":"30","status":"offline","lastChecked":"2020-08-18T00:00:00Z","format":"sd","mbps":"1796","URI":["pakistan","asia"]},{"id":"308240","channel":"SD","link":"http://hdonline.ml:80/live/kam/kam/7241.m3u8?checkedby:iptvcat.com","country":"pakistan","liveliness":"43","status":"offline","lastChecked":"2020-08-19T00:00:00Z","format":"sd","mbps":"1796","URI":["pakistan","asia"]},{"id":"308401","channel":"SD","link":"http://hdonline.ml:80/live/kam/kam/7305.m3u8?checkedby:iptvcat.com","country":"pakistan","liveliness":"38","status":"offline","lastChecked":"2020-08-19T00:00:00Z","format":"hd","mbps":"5020","URI":["pakistan","asia"]},{"id":"308223","channel":"SD","link":"http://hdonline.ml:80/live/kam/kam/7237.m3u8?checkedby:iptvcat.com","country":"pakistan","liveliness":"36","status":"offline","lastChecked":"2020-08-19T00:00:00Z","format":"sd","mbps":"1796","URI":["pakistan","asia"]},{"id":"308213","channel":"SD","link":"http://hdonline.ml:80/live/kam/kam/7234.m3u8?checkedby:iptvcat.com","country":"pakistan","liveliness":"17","status":"offline","lastChecked":"2020-08-19T00:00:00Z","format":"sd","mbps":"4532","URI":["pakistan","asia"]},{"id":"308381","channel":"SD","link":"http://hdonline.ml:80/live/kam/kam/7295.m3u8?checkedby:iptvcat.com","country":"pakistan","liveliness":"31","status":"offline","lastChecked":"2020-08-19T00:00:00Z","format":"sd","mbps":"899","URI":["pakistan","asia"]},{"id":"308373","channel":"SD","link":"http://hdonline.ml:80/live/kam/kam/7290.m3u8?checkedby:iptvcat.com","country":"pakistan","liveliness":"25","status":"offline","lastChecked":"2020-08-19T00:00:00Z","format":"hd","mbps":"3188","URI":["pakistan","asia"]},{"id":"308098","channel":"SD","link":"http://hdonline.ml:80/live/kam/kam/7210.m3u8?checkedby:iptvcat.com","country":"pakistan","liveliness":"40","status":"offline","lastChecked":"2020-08-19T00:00:00Z","format":"sd","mbps":"2334","URI":["pakistan","asia"]},{"id":"5611","channel":"Subrang TV (US) (Opt-2)","link":"https://cdn20.liveonlineservices.com/hls/subrang.m3u8?checkedby:iptvcat.com","country":"pakistan","liveliness":"97","status":"online","lastChecked":"2020-08-17T00:00:00Z","format":"sd","mbps":"2308","URI":["pakistan"]},{"id":"5613","channel":"Tag TV (Opt-2)","link":"https://cdn30.liveonlineservices.com/hls/tagtv.m3u8?checkedby:iptvcat.com","country":"pakistan","liveliness":"98","status":"online","lastChecked":"2020-08-17T00:00:00Z","format":"fhd 2k","mbps":"9546","URI":["pakistan"]},{"id":"2145","channel":"Zindagi TV","link":"https://5ad386ff92705.streamlock.net/live_transcoder/ngrp:zindagitv.stream_all/chunklist.m3u8?checkedby:iptvcat.com","country":"pakistan","liveliness":"100","status":"online","lastChecked":"2020-08-17T00:00:00Z","format":"sd","mbps":"1706, ...","URI":["pakistan"]},{"id":"308223","channel":"SD","link":"http://hdonline.ml:80/live/kam/kam/7237.m3u8?checkedby:iptvcat.com","country":"pakistan","liveliness":"36","status":"offline","lastChecked":"2020-08-19T00:00:00Z","format":"sd","mbps":"1796","URI":["pakistan","asia"]},{"id":"308381","channel":"SD","link":"http://hdonline.ml:80/live/kam/kam/7295.m3u8?checkedby:iptvcat.com","country":"pakistan","liveliness":"31","status":"offline","lastChecked":"2020-08-19T00:00:00Z","format":"sd","mbps":"899","URI":["pakistan","asia"]},{"id":"308213","channel":"SD","link":"http://hdonline.ml:80/live/kam/kam/7234.m3u8?checkedby:iptvcat.com","country":"pakistan","liveliness":"17","status":"offline","lastChecked":"2020-08-19T00:00:00Z","format":"sd","mbps":"4532","URI":["pakistan","asia"]},{"id":"308373","channel":"SD","link":"http://hdonline.ml:80/live/kam/kam/7290.m3u8?checkedby:iptvcat.com","country":"pakistan","liveliness":"25","status":"offline","lastChecked":"2020-08-19T00:00:00Z","format":"hd","mbps":"3188","URI":["pakistan","asia"]},{"id":"308098","channel":"SD","link":"http://hdonline.ml:80/live/kam/kam/7210.m3u8?checkedby:iptvcat.com","country":"pakistan","liveliness":"40","status":"offline","lastChecked":"2020-08-19T00:00:00Z","format":"sd","mbps":"2334","URI":["pakistan","asia"]},{"id":"308349","channel":"SD","link":"http://hdonline.ml:80/live/kam/kam/7283.m3u8?checkedby:iptvcat.com","country":"pakistan","liveliness":"25","status":"offline","lastChecked":"2020-08-19T00:00:00Z","format":"sd","mbps":"1509","URI":["pakistan","asia"]},{"id":"308089","channel":"SD","link":"http://hdonline.ml:80/live/kam/kam/7209.m3u8?checkedby:iptvcat.com","country":"pakistan","liveliness":"29","status":"offline","lastChecked":"2020-08-19T00:00:00Z","format":"sd","mbps":"2089","URI":["pakistan","asia"]},{"id":"308348","channel":"SD","link":"http://hdonline.ml:80/live/kam/kam/7282.m3u8?checkedby:iptvcat.com","country":"pakistan","liveliness":"40","status":"offline","lastChecked":"2020-08-19T00:00:00Z","format":"hd","mbps":"3188","URI":["pakistan","asia"]},{"id":"308456","channel":"SD","link":"http://hdonline.ml:80/live/kam/kam/7339.m3u8?checkedby:iptvcat.com","country":"pakistan","liveliness":"33","status":"offline","lastChecked":"2020-08-18T00:00:00Z","format":"hd","mbps":"5020","URI":["pakistan","asia"]},{"id":"308448","channel":"SD","link":"http://hdonline.ml:80/live/kam/kam/7334.m3u8?checkedby:iptvcat.com","country":"pakistan","liveliness":"27","status":"offline","lastChecked":"2020-08-18T00:00:00Z","format":"fhd 2k","mbps":"11126","URI":["pakistan","asia"]},{"id":"308076","channel":"SD","link":"http://hdonline.ml:80/live/kam/kam/7206.m3u8?checkedby:iptvcat.com","country":"pakistan","liveliness":"17","status":"offline","lastChecked":"2020-08-19T00:00:00Z","format":"sd","mbps":"2883","URI":["pakistan","asia"]},{"id":"308305","channel":"SD","link":"http://hdonline.ml:80/live/kam/kam/7265.m3u8?checkedby:iptvcat.com","country":"pakistan","liveliness":"54","status":"offline","lastChecked":"2020-08-18T00:00:00Z","format":"hd","mbps":"3188","URI":["pakistan","asia"]},{"id":"308447","channel":"SD","link":"http://hdonline.ml:80/live/kam/kam/7331.m3u8?checkedby:iptvcat.com","country":"pakistan","liveliness":"36","status":"offline","lastChecked":"2020-08-19T00:00:00Z","format":"sd","mbps":"899","URI":["pakistan","asia"]},{"id":"308299","channel":"SD","link":"http://hdonline.ml:80/live/kam/kam/7262.m3u8?checkedby:iptvcat.com","country":"pakistan","liveliness":"14","status":"offline","lastChecked":"2020-08-19T00:00:00Z","format":"sd","mbps":"368","URI":["pakistan","asia"]},{"id":"308439","channel":"SD","link":"http://hdonline.ml:80/live/kam/kam/7325.m3u8?checkedby:iptvcat.com","country":"pakistan","liveliness":"33","status":"offline","lastChecked":"2020-08-18T00:00:00Z","format":"sd","mbps":"1796","URI":["pakistan","asia"]},{"id":"308281","channel":"SD","link":"http://hdonline.ml:80/live/kam/kam/7258.m3u8?checkedby:iptvcat.com","country":"pakistan","liveliness":"40","status":"offline","lastChecked":"2020-08-18T00:00:00Z","format":"sd","mbps":"2369","URI":["pakistan","asia"]},{"id":"308255","channel":"SD","link":"http://hdonline.ml:80/live/kam/kam/7248.m3u8?checkedby:iptvcat.com","country":"pakistan","liveliness":"25","status":"offline","lastChecked":"2020-08-19T00:00:00Z","format":"sd","mbps":"1008","URI":["pakistan","asia"]},{"id":"308425","channel":"SD","link":"http://hdonline.ml:80/live/kam/kam/7316.m3u8?checkedby:iptvcat.com","country":"pakistan","liveliness":"40","status":"offline","lastChecked":"2020-08-18T00:00:00Z","format":"hd","mbps":"4318","URI":["pakistan","asia"]},{"id":"308247","channel":"SD","link":"http://hdonline.ml:80/live/kam/kam/7243.m3u8?checkedby:iptvcat.com","country":"pakistan","liveliness":"36","status":"offline","lastChecked":"2020-08-19T00:00:00Z","format":"sd","mbps":"1796","URI":["pakistan","asia"]},{"id":"308415","channel":"SD","link":"http://hdonline.ml:80/live/kam/kam/7311.m3u8?checkedby:iptvcat.com","country":"pakistan","liveliness":"33","status":"offline","lastChecked":"2020-08-18T00:00:00Z","format":"sd","mbps":"2369","URI":["pakistan","asia"]},{"id":"308244","channel":"SD","link":"http://hdonline.ml:80/live/kam/kam/7242.m3u8?checkedby:iptvcat.com","country":"pakistan","liveliness":"30","status":"offline","lastChecked":"2020-08-18T00:00:00Z","format":"sd","mbps":"1796","URI":["pakistan","asia"]},{"id":"308240","channel":"SD","link":"http://hdonline.ml:80/live/kam/kam/7241.m3u8?checkedby:iptvcat.com","country":"pakistan","liveliness":"43","status":"offline","lastChecked":"2020-08-19T00:00:00Z","format":"sd","mbps":"1796","URI":["pakistan","asia"]},{"id":"308401","channel":"SD","link":"http://hdonline.ml:80/live/kam/kam/7305.m3u8?checkedby:iptvcat.com","country":"pakistan","liveliness":"38","status":"offline","lastChecked":"2020-08-19T00:00:00Z","format":"hd","mbps":"5020","URI":["pakistan","asia"]},{"id":"2137","channel":"Kay 2, Kay2 TV, PK | Kay 2","link":"https://dcunilive36-lh.akamaihd.net/i/dclive_1@662109/index_150_av-p.m3u8?checkedby:iptvcat.com","country":"pakistan","liveliness":"100","status":"online","lastChecked":"2020-08-17T00:00:00Z","format":"sd","mbps":"1677","URI":["pakistan","asia"]},{"id":"133096","channel":"Kay2 TV","link":"https://dcunilive36-lh.akamaihd.net/i/dclive_1@662109/master.m3u8?checkedby:iptvcat.com","country":"pakistan","liveliness":"100","status":"online","lastChecked":"2020-08-18T00:00:00Z","format":"sd","mbps":"1677","URI":["pakistan","asia"]},{"id":"2138","channel":"Khyber Middle East TV","link":"https://dcunilive83-lh.akamaihd.net/i/dclive_1@16122/index_150_av-p.m3u8?checkedby:iptvcat.com","country":"pakistan","liveliness":"100","status":"online","lastChecked":"2020-08-17T00:00:00Z","format":"sd","mbps":"1677","URI":["pakistan","asia"]},{"id":"133097","channel":"Khyber News TV","link":"https://dcunilive38-lh.akamaihd.net/i/dclive_1@692677/master.m3u8?checkedby:iptvcat.com","country":"pakistan","liveliness":"99","status":"online","lastChecked":"2020-08-17T00:00:00Z","format":"sd","mbps":"1677","URI":["pakistan","asia"]},{"id":"2139","channel":"Khyber News TV","link":"https://dcunilive38-lh.akamaihd.net/i/dclive_1@692677/index_150_av-p.m3u8?checkedby:iptvcat.com","country":"pakistan","liveliness":"99","status":"online","lastChecked":"2020-08-18T00:00:00Z","format":"sd","mbps":"1677","URI":["pakistan","asia"]},{"id":"133102","channel":"Minhaj TV","link":"https://api.new.livestream.com/accounts/547271/events/4237509/live.m3u8?checkedby:iptvcat.com","country":"pakistan","liveliness":"93","status":"online","lastChecked":"2020-08-17T00:00:00Z","format":"hd","mbps":"5020, ...","URI":["pakistan","asia"]},{"id":"133089","channel":"Dunya News","link":"https://imob.dunyanews.tv/live/_definst_/dunyalive_1/playlist.m3u8?checkedby:iptvcat.com","country":"pakistan","liveliness":"100","status":"online","lastChecked":"2020-08-18T00:00:00Z","format":"sd","mbps":"1008","URI":["pakistan","asia"]},{"id":"308352","channel":"HD","link":"http://hdonline.ml:80/live/kam/kam/7285.m3u8?checkedby:iptvcat.com","country":"pakistan","liveliness":"33","status":"offline","lastChecked":"2020-08-18T00:00:00Z","format":"sd","mbps":"2801","URI":["pakistan","asia"]},{"id":"308087","channel":"HD","link":"http://hdonline.ml:80/live/kam/kam/7208.m3u8?checkedby:iptvcat.com","country":"pakistan","liveliness":"27","status":"offline","lastChecked":"2020-08-19T00:00:00Z","format":"hd","mbps":"5020","URI":["pakistan","asia"]},{"id":"308333","channel":"HD","link":"http://hdonline.ml:80/live/kam/kam/7276.m3u8?checkedby:iptvcat.com","country":"pakistan","liveliness":"38","status":"offline","lastChecked":"2020-08-19T00:00:00Z","format":"sd","mbps":"1983","URI":["pakistan","asia"]},{"id":"308435","channel":"HD","link":"http://hdonline.ml:80/live/kam/kam/7321.m3u8?checkedby:iptvcat.com","country":"pakistan","liveliness":"50","status":"offline","lastChecked":"2020-08-18T00:00:00Z","format":"hd","mbps":"3799","URI":["pakistan","asia"]},{"id":"308248","channel":"HD","link":"http://hdonline.ml:80/live/kam/kam/7245.m3u8?checkedby:iptvcat.com","country":"pakistan","liveliness":"40","status":"offline","lastChecked":"2020-08-18T00:00:00Z","format":"hd","mbps":"3795","URI":["pakistan","asia"]},{"id":"308416","channel":"HD","link":"http://hdonline.ml:80/live/kam/kam/7313.m3u8?checkedby:iptvcat.com","country":"pakistan","liveliness":"36","status":"offline","lastChecked":"2020-08-18T00:00:00Z","format":"hd","mbps":"3188","URI":["pakistan","asia"]},{"id":"308402","channel":"HD","link":"http://hdonline.ml:80/live/kam/kam/7307.m3u8?checkedby:iptvcat.com","country":"pakistan","liveliness":"33","status":"offline","lastChecked":"2020-08-18T00:00:00Z","format":"sd","mbps":"1174","URI":["pakistan","asia"]},{"id":"308396","channel":"HD","link":"http://hdonline.ml:80/live/kam/kam/7303.m3u8?checkedby:iptvcat.com","country":"pakistan","liveliness":"23","status":"offline","lastChecked":"2020-08-19T00:00:00Z","format":"sd","mbps":"2743","URI":["pakistan","asia"]},{"id":"308189","channel":"HD","link":"http://hdonline.ml:80/live/kam/kam/7224.m3u8?checkedby:iptvcat.com","country":"pakistan","liveliness":"27","status":"offline","lastChecked":"2020-08-18T00:00:00Z","format":"hd","mbps":"5020","URI":["pakistan","asia"]},{"id":"308367","channel":"HD","link":"http://hdonline.ml:80/live/kam/kam/7289.m3u8?checkedby:iptvcat.com","country":"pakistan","liveliness":"21","status":"offline","lastChecked":"2020-08-19T00:00:00Z","format":"hd","mbps":"3188","URI":["pakistan","asia"]},{"id":"308130","channel":"HD","link":"http://hdonline.ml:80/live/kam/kam/7214.m3u8?checkedby:iptvcat.com","country":"pakistan","liveliness":"33","status":"offline","lastChecked":"2020-08-19T00:00:00Z","format":"hd","mbps":"5020","URI":["pakistan","asia"]},{"id":"133079","channel":"92 News","link":"https://92news.vdn.dstreamone.net/92newshd/92hd_160p/playlist.m3u8?checkedby:iptvcat.com","country":"pakistan","liveliness":"99","status":"online","lastChecked":"2020-08-17T00:00:00Z","format":"sd","mbps":"308","URI":["pakistan","asia"]},{"id":"133078","channel":"92 News","link":"https://92news.vdn.dstreamone.net/92newshd/92hd/playlist.m3u8?checkedby:iptvcat.com","country":"pakistan","liveliness":"99","status":"online","lastChecked":"2020-08-17T00:00:00Z","format":"hd","mbps":"5020","URI":["pakistan","asia"]},{"id":"2127","channel":"AVT KHYBER","link":"https://dcunilive38-lh.akamaihd.net/i/dclive_1@692670/index_150_av-p.m3u8?checkedby:iptvcat.com","country":"pakistan","liveliness":"99","status":"online","lastChecked":"2020-08-18T00:00:00Z","format":"sd","mbps":"1984","URI":["pakistan","asia"]},{"id":"133083","channel":"AVT KHYBER","link":"https://dcunilive38-lh.akamaihd.net/i/dclive_1@692670/master.m3u8?checkedby:iptvcat.com","country":"pakistan","liveliness":"96","status":"online","lastChecked":"2020-08-17T00:00:00Z","format":"sd","mbps":"1984","URI":["pakistan","asia"]},{"id":"9690","channel":"B4U Kadak","link":"http://103.199.160.85/Content/moviehouse/Live/Channel(MovieHouse)/Stream(01)/index.m3u8?checkedby:iptvcat.com","country":"pakistan","liveliness":"98","status":"online","lastChecked":"2020-08-17T00:00:00Z","format":"sd","mbps":"1509","URI":["pakistan","asia"]},{"id":"133079","channel":"92 News","link":"https://92news.vdn.dstreamone.net/92newshd/92hd_160p/playlist.m3u8?checkedby:iptvcat.com","country":"pakistan","liveliness":"99","status":"online","lastChecked":"2020-08-17T00:00:00Z","format":"sd","mbps":"308","URI":["pakistan","asia"]},{"id":"133078","channel":"92 News","link":"https://92news.vdn.dstreamone.net/92newshd/92hd/playlist.m3u8?checkedby:iptvcat.com","country":"pakistan","liveliness":"99","status":"online","lastChecked":"2020-08-17T00:00:00Z","format":"hd","mbps":"5020","URI":["pakistan","asia"]},{"id":"2127","channel":"AVT KHYBER","link":"https://dcunilive38-lh.akamaihd.net/i/dclive_1@692670/index_150_av-p.m3u8?checkedby:iptvcat.com","country":"pakistan","liveliness":"99","status":"online","lastChecked":"2020-08-18T00:00:00Z","format":"sd","mbps":"1984","URI":["pakistan","asia"]},{"id":"133083","channel":"AVT KHYBER","link":"https://dcunilive38-lh.akamaihd.net/i/dclive_1@692670/master.m3u8?checkedby:iptvcat.com","country":"pakistan","liveliness":"96","status":"online","lastChecked":"2020-08-17T00:00:00Z","format":"sd","mbps":"1984","URI":["pakistan","asia"]},{"id":"2124","channel":"92 News","link":"http://92news.vdn.dstreamone.net/92newshd/92hd_160p/playlist.m3u8?checkedby:iptvcat.com","country":"pakistan","liveliness":"100","status":"online","lastChecked":"2020-08-17T00:00:00Z","format":"sd","mbps":"308","URI":["pakistan"]},{"id":"2123","channel":"92 News","link":"http://92news.vdn.dstreamone.net/92newshd/92hd/playlist.m3u8?checkedby:iptvcat.com","country":"pakistan","liveliness":"100","status":"online","lastChecked":"2020-08-17T00:00:00Z","format":"hd","mbps":"5020","URI":["pakistan"]},{"id":"133079","channel":"92 News","link":"https://92news.vdn.dstreamone.net/92newshd/92hd_160p/playlist.m3u8?checkedby:iptvcat.com","country":"pakistan","liveliness":"99","status":"online","lastChecked":"2020-08-17T00:00:00Z","format":"sd","mbps":"308","URI":["pakistan","asia"]},{"id":"133078","channel":"92 News","link":"https://92news.vdn.dstreamone.net/92newshd/92hd/playlist.m3u8?checkedby:iptvcat.com","country":"pakistan","liveliness":"99","status":"online","lastChecked":"2020-08-17T00:00:00Z","format":"hd","mbps":"5020","URI":["pakistan","asia"]},{"id":"2125","channel":"92 News UK","link":"https://securecontributions.sechls01.visionip.tv/live/securecontributions-securecontributions-92_news-hsslive-25f-16x9-SD/chunklist.m3u8?checkedby:iptvcat.com","country":"pakistan","liveliness":"98","status":"online","lastChecked":"2020-08-17T00:00:00Z","format":"sd","mbps":"1509","URI":["pakistan"]},{"id":"2127","channel":"AVT KHYBER","link":"https://dcunilive38-lh.akamaihd.net/i/dclive_1@692670/index_150_av-p.m3u8?checkedby:iptvcat.com","country":"pakistan","liveliness":"99","status":"online","lastChecked":"2020-08-18T00:00:00Z","format":"sd","mbps":"1984","URI":["pakistan","asia"]},{"id":"133083","channel":"AVT KHYBER","link":"https://dcunilive38-lh.akamaihd.net/i/dclive_1@692670/master.m3u8?checkedby:iptvcat.com","country":"pakistan","liveliness":"96","status":"online","lastChecked":"2020-08-17T00:00:00Z","format":"sd","mbps":"1984","URI":["pakistan","asia"]},{"id":"9690","channel":"B4U Kadak","link":"http://103.199.160.85/Content/moviehouse/Live/Channel(MovieHouse)/Stream(01)/index.m3u8?checkedby:iptvcat.com","country":"pakistan","liveliness":"98","status":"online","lastChecked":"2020-08-17T00:00:00Z","format":"sd","mbps":"1509","URI":["pakistan","asia"]},{"id":"2129","channel":"Dunya News","link":"http://imob.dunyanews.tv/live/_definst_/dunyalive_1/chunklist_w1239250459.m3u8?checkedby:iptvcat.com","country":"pakistan","liveliness":"99","status":"online","lastChecked":"2020-08-17T00:00:00Z","format":"sd","mbps":"1008","URI":["pakistan"]},{"id":"133089","channel":"Dunya News","link":"https://imob.dunyanews.tv/live/_definst_/dunyalive_1/playlist.m3u8?checkedby:iptvcat.com","country":"pakistan","liveliness":"100","status":"online","lastChecked":"2020-08-18T00:00:00Z","format":"sd","mbps":"1008","URI":["pakistan","asia"]},{"id":"5602","channel":"Eawaz TV (CA)","link":"https://streamer12.vdn.dstreamone.net/saazoawaz/saazoawaz/chunks.m3u8?checkedby:iptvcat.com","country":"pakistan","liveliness":"99","status":"online","lastChecked":"2020-08-17T00:00:00Z","format":"hd","mbps":"3795","URI":["pakistan"]},{"id":"2130","channel":"Express TV","link":"https://5d48372bad056.streamlock.net/expressdigital/livestream/chunklist.m3u8?checkedby:iptvcat.com","country":"pakistan","liveliness":"98","status":"online","lastChecked":"2020-08-17T00:00:00Z","format":"sd","mbps":"2801","URI":["pakistan"]},{"id":"5603","channel":"Express TV","link":"https://5a6ada4d8f439.streamlock.net/expressdigital/livestream/playlist.m3u8?checkedby:iptvcat.com","country":"pakistan","liveliness":"98","status":"online","lastChecked":"2020-08-17T00:00:00Z","format":"sd","mbps":"2801","URI":["pakistan"]},{"id":"5604","channel":"Eye 95 America (US)","link":"http://cdn20.liveonlineservices.com/hls/eye95tv.m3u8?checkedby:iptvcat.com","country":"pakistan","liveliness":"95","status":"online","lastChecked":"2020-08-17T00:00:00Z","format":"hd","mbps":"5991","URI":["pakistan"]},{"id":"53068","channel":"Geo Kahani","link":"http://stream-e30453a4b.nmbs.top/m3u/Pakistan/895fb98ab9.m3u8?checkedby:iptvcat.com","country":"pakistan","liveliness":"86","status":"offline","lastChecked":"2020-08-17T00:00:00Z","format":"sd","mbps":"1764","URI":["pakistan"]},{"id":"308396","channel":"HD","link":"http://hdonline.ml:80/live/kam/kam/7303.m3u8?checkedby:iptvcat.com","country":"pakistan","liveliness":"23","status":"offline","lastChecked":"2020-08-19T00:00:00Z","format":"sd","mbps":"2743","URI":["pakistan","asia"]},{"id":"308189","channel":"HD","link":"http://hdonline.ml:80/live/kam/kam/7224.m3u8?checkedby:iptvcat.com","country":"pakistan","liveliness":"27","status":"offline","lastChecked":"2020-08-18T00:00:00Z","format":"hd","mbps":"5020","URI":["pakistan","asia"]},{"id":"308367","channel":"HD","link":"http://hdonline.ml:80/live/kam/kam/7289.m3u8?checkedby:iptvcat.com","country":"pakistan","liveliness":"21","status":"offline","lastChecked":"2020-08-19T00:00:00Z","format":"hd","mbps":"3188","URI":["pakistan","asia"]},{"id":"308130","channel":"HD","link":"http://hdonline.ml:80/live/kam/kam/7214.m3u8?checkedby:iptvcat.com","country":"pakistan","liveliness":"33","status":"offline","lastChecked":"2020-08-19T00:00:00Z","format":"hd","mbps":"5020","URI":["pakistan","asia"]},{"id":"308352","channel":"HD","link":"http://hdonline.ml:80/live/kam/kam/7285.m3u8?checkedby:iptvcat.com","country":"pakistan","liveliness":"33","status":"offline","lastChecked":"2020-08-18T00:00:00Z","format":"sd","mbps":"2801","URI":["pakistan","asia"]},{"id":"308087","channel":"HD","link":"http://hdonline.ml:80/live/kam/kam/7208.m3u8?checkedby:iptvcat.com","country":"pakistan","liveliness":"27","status":"offline","lastChecked":"2020-08-19T00:00:00Z","format":"hd","mbps":"5020","URI":["pakistan","asia"]},{"id":"308333","channel":"HD","link":"http://hdonline.ml:80/live/kam/kam/7276.m3u8?checkedby:iptvcat.com","country":"pakistan","liveliness":"38","status":"offline","lastChecked":"2020-08-19T00:00:00Z","format":"sd","mbps":"1983","URI":["pakistan","asia"]},{"id":"308435","channel":"HD","link":"http://hdonline.ml:80/live/kam/kam/7321.m3u8?checkedby:iptvcat.com","country":"pakistan","liveliness":"50","status":"offline","lastChecked":"2020-08-18T00:00:00Z","format":"hd","mbps":"3799","URI":["pakistan","asia"]},{"id":"308416","channel":"HD","link":"http://hdonline.ml:80/live/kam/kam/7313.m3u8?checkedby:iptvcat.com","country":"pakistan","liveliness":"36","status":"offline","lastChecked":"2020-08-18T00:00:00Z","format":"hd","mbps":"3188","URI":["pakistan","asia"]},{"id":"308248","channel":"HD","link":"http://hdonline.ml:80/live/kam/kam/7245.m3u8?checkedby:iptvcat.com","country":"pakistan","liveliness":"40","status":"offline","lastChecked":"2020-08-18T00:00:00Z","format":"hd","mbps":"3795","URI":["pakistan","asia"]},{"id":"308402","channel":"HD","link":"http://hdonline.ml:80/live/kam/kam/7307.m3u8?checkedby:iptvcat.com","country":"pakistan","liveliness":"33","status":"offline","lastChecked":"2020-08-18T00:00:00Z","format":"sd","mbps":"1174","URI":["pakistan","asia"]},{"id":"2137","channel":"Kay 2, Kay2 TV, PK | Kay 2","link":"https://dcunilive36-lh.akamaihd.net/i/dclive_1@662109/index_150_av-p.m3u8?checkedby:iptvcat.com","country":"pakistan","liveliness":"100","status":"online","lastChecked":"2020-08-17T00:00:00Z","format":"sd","mbps":"1677","URI":["pakistan","asia"]},{"id":"5605","channel":"Kay 2","link":"http://dcunilive36-lh.akamaihd.net/i/dclive_1@662109/master.m3u8?checkedby:iptvcat.com","country":"pakistan","liveliness":"99","status":"online","lastChecked":"2020-08-17T00:00:00Z","format":"sd","mbps":"1677","URI":["pakistan"]},{"id":"133096","channel":"Kay2 TV","link":"https://dcunilive36-lh.akamaihd.net/i/dclive_1@662109/master.m3u8?checkedby:iptvcat.com","country":"pakistan","liveliness":"100","status":"online","lastChecked":"2020-08-18T00:00:00Z","format":"sd","mbps":"1677","URI":["pakistan","asia"]},{"id":"5606","channel":"Khyber Middle East","link":"https://dcunilive83-lh.akamaihd.net/i/dclive_1@16122/master.m3u8?checkedby:iptvcat.com","country":"pakistan","liveliness":"100","status":"online","lastChecked":"2020-08-17T00:00:00Z","format":"sd","mbps":"1677","URI":["pakistan"]},{"id":"2138","channel":"Khyber Middle East TV","link":"https://dcunilive83-lh.akamaihd.net/i/dclive_1@16122/index_150_av-p.m3u8?checkedby:iptvcat.com","country":"pakistan","liveliness":"100","status":"online","lastChecked":"2020-08-17T00:00:00Z","format":"sd","mbps":"1677","URI":["pakistan","asia"]},{"id":"5607","channel":"Khyber News","link":"http://dcunilive38-lh.akamaihd.net/i/dclive_1@692677/master.m3u8?checkedby:iptvcat.com","country":"pakistan","liveliness":"99","status":"online","lastChecked":"2020-08-17T00:00:00Z","format":"sd","mbps":"1677","URI":["pakistan"]},{"id":"2139","channel":"Khyber News TV","link":"https://dcunilive38-lh.akamaihd.net/i/dclive_1@692677/index_150_av-p.m3u8?checkedby:iptvcat.com","country":"pakistan","liveliness":"99","status":"online","lastChecked":"2020-08-18T00:00:00Z","format":"sd","mbps":"1677","URI":["pakistan","asia"]},{"id":"133097","channel":"Khyber News TV","link":"https://dcunilive38-lh.akamaihd.net/i/dclive_1@692677/master.m3u8?checkedby:iptvcat.com","country":"pakistan","liveliness":"99","status":"online","lastChecked":"2020-08-17T00:00:00Z","format":"sd","mbps":"1677","URI":["pakistan","asia"]},{"id":"2140","channel":"Lahore News","link":"http://mlive.lahorenews.tv:1935/lahorelive/lnews_1/playlist.m3u8?checkedby:iptvcat.com","country":"pakistan","liveliness":"99","status":"online","lastChecked":"2020-08-17T00:00:00Z","format":"hd","mbps":"4318","URI":["pakistan"]},{"id":"5608","channel":"Lahore News (Opt-2)","link":"http://mlive.lahorenews.tv/lahorelive/lnews_1/chunklist_DVR.m3u8?checkedby:iptvcat.com","country":"pakistan","liveliness":"99","status":"online","lastChecked":"2020-08-17T00:00:00Z","format":"hd","mbps":"4318","URI":["pakistan"]},{"id":"133102","channel":"Minhaj TV","link":"https://api.new.livestream.com/accounts/547271/events/4237509/live.m3u8?checkedby:iptvcat.com","country":"pakistan","liveliness":"93","status":"online","lastChecked":"2020-08-17T00:00:00Z","format":"hd","mbps":"5020, ...","URI":["pakistan","asia"]},{"id":"2141","channel":"Minhaj TV","link":"http://api.new.livestream.com/accounts/547271/events/4237509/live.m3u8?checkedby:iptvcat.com","country":"pakistan","liveliness":"96","status":"online","lastChecked":"2020-08-17T00:00:00Z","format":"hd","mbps":"5020, ...","URI":["pakistan"]},{"id":"308401","channel":"SD","link":"http://hdonline.ml:80/live/kam/kam/7305.m3u8?checkedby:iptvcat.com","country":"pakistan","liveliness":"38","status":"offline","lastChecked":"2020-08-19T00:00:00Z","format":"hd","mbps":"5020","URI":["pakistan","asia"]},{"id":"308240","channel":"SD","link":"http://hdonline.ml:80/live/kam/kam/7241.m3u8?checkedby:iptvcat.com","country":"pakistan","liveliness":"43","status":"offline","lastChecked":"2020-08-19T00:00:00Z","format":"sd","mbps":"1796","URI":["pakistan","asia"]},{"id":"308223","channel":"SD","link":"http://hdonline.ml:80/live/kam/kam/7237.m3u8?checkedby:iptvcat.com","country":"pakistan","liveliness":"36","status":"offline","lastChecked":"2020-08-19T00:00:00Z","format":"sd","mbps":"1796","URI":["pakistan","asia"]},{"id":"308381","channel":"SD","link":"http://hdonline.ml:80/live/kam/kam/7295.m3u8?checkedby:iptvcat.com","country":"pakistan","liveliness":"31","status":"offline","lastChecked":"2020-08-19T00:00:00Z","format":"sd","mbps":"899","URI":["pakistan","asia"]},{"id":"308213","channel":"SD","link":"http://hdonline.ml:80/live/kam/kam/7234.m3u8?checkedby:iptvcat.com","country":"pakistan","liveliness":"17","status":"offline","lastChecked":"2020-08-19T00:00:00Z","format":"sd","mbps":"4532","URI":["pakistan","asia"]},{"id":"308373","channel":"SD","link":"http://hdonline.ml:80/live/kam/kam/7290.m3u8?checkedby:iptvcat.com","country":"pakistan","liveliness":"25","status":"offline","lastChecked":"2020-08-19T00:00:00Z","format":"hd","mbps":"3188","URI":["pakistan","asia"]},{"id":"308098","channel":"SD","link":"http://hdonline.ml:80/live/kam/kam/7210.m3u8?checkedby:iptvcat.com","country":"pakistan","liveliness":"40","status":"offline","lastChecked":"2020-08-19T00:00:00Z","format":"sd","mbps":"2334","URI":["pakistan","asia"]},{"id":"308349","channel":"SD","link":"http://hdonline.ml:80/live/kam/kam/7283.m3u8?checkedby:iptvcat.com","country":"pakistan","liveliness":"25","status":"offline","lastChecked":"2020-08-19T00:00:00Z","format":"sd","mbps":"1509","URI":["pakistan","asia"]},{"id":"308089","channel":"SD","link":"http://hdonline.ml:80/live/kam/kam/7209.m3u8?checkedby:iptvcat.com","country":"pakistan","liveliness":"29","status":"offline","lastChecked":"2020-08-19T00:00:00Z","format":"sd","mbps":"2089","URI":["pakistan","asia"]},{"id":"308456","channel":"SD","link":"http://hdonline.ml:80/live/kam/kam/7339.m3u8?checkedby:iptvcat.com","country":"pakistan","liveliness":"33","status":"offline","lastChecked":"2020-08-18T00:00:00Z","format":"hd","mbps":"5020","URI":["pakistan","asia"]},{"id":"308348","channel":"SD","link":"http://hdonline.ml:80/live/kam/kam/7282.m3u8?checkedby:iptvcat.com","country":"pakistan","liveliness":"40","status":"offline","lastChecked":"2020-08-19T00:00:00Z","format":"hd","mbps":"3188","URI":["pakistan","asia"]},{"id":"308448","channel":"SD","link":"http://hdonline.ml:80/live/kam/kam/7334.m3u8?checkedby:iptvcat.com","country":"pakistan","liveliness":"27","status":"offline","lastChecked":"2020-08-18T00:00:00Z","format":"fhd 2k","mbps":"11126","URI":["pakistan","asia"]},{"id":"308076","channel":"SD","link":"http://hdonline.ml:80/live/kam/kam/7206.m3u8?checkedby:iptvcat.com","country":"pakistan","liveliness":"17","status":"offline","lastChecked":"2020-08-19T00:00:00Z","format":"sd","mbps":"2883","URI":["pakistan","asia"]},{"id":"308447","channel":"SD","link":"http://hdonline.ml:80/live/kam/kam/7331.m3u8?checkedby:iptvcat.com","country":"pakistan","liveliness":"36","status":"offline","lastChecked":"2020-08-19T00:00:00Z","format":"sd","mbps":"899","URI":["pakistan","asia"]},{"id":"308305","channel":"SD","link":"http://hdonline.ml:80/live/kam/kam/7265.m3u8?checkedby:iptvcat.com","country":"pakistan","liveliness":"54","status":"offline","lastChecked":"2020-08-18T00:00:00Z","format":"hd","mbps":"3188","URI":["pakistan","asia"]},{"id":"308439","channel":"SD","link":"http://hdonline.ml:80/live/kam/kam/7325.m3u8?checkedby:iptvcat.com","country":"pakistan","liveliness":"33","status":"offline","lastChecked":"2020-08-18T00:00:00Z","format":"sd","mbps":"1796","URI":["pakistan","asia"]},{"id":"308299","channel":"SD","link":"http://hdonline.ml:80/live/kam/kam/7262.m3u8?checkedby:iptvcat.com","country":"pakistan","liveliness":"14","status":"offline","lastChecked":"2020-08-19T00:00:00Z","format":"sd","mbps":"368","URI":["pakistan","asia"]},{"id":"308281","channel":"SD","link":"http://hdonline.ml:80/live/kam/kam/7258.m3u8?checkedby:iptvcat.com","country":"pakistan","liveliness":"40","status":"offline","lastChecked":"2020-08-18T00:00:00Z","format":"sd","mbps":"2369","URI":["pakistan","asia"]},{"id":"308425","channel":"SD","link":"http://hdonline.ml:80/live/kam/kam/7316.m3u8?checkedby:iptvcat.com","country":"pakistan","liveliness":"40","status":"offline","lastChecked":"2020-08-18T00:00:00Z","format":"hd","mbps":"4318","URI":["pakistan","asia"]},{"id":"308255","channel":"SD","link":"http://hdonline.ml:80/live/kam/kam/7248.m3u8?checkedby:iptvcat.com","country":"pakistan","liveliness":"25","status":"offline","lastChecked":"2020-08-19T00:00:00Z","format":"sd","mbps":"1008","URI":["pakistan","asia"]},{"id":"308415","channel":"SD","link":"http://hdonline.ml:80/live/kam/kam/7311.m3u8?checkedby:iptvcat.com","country":"pakistan","liveliness":"33","status":"offline","lastChecked":"2020-08-18T00:00:00Z","format":"sd","mbps":"2369","URI":["pakistan","asia"]},{"id":"308247","channel":"SD","link":"http://hdonline.ml:80/live/kam/kam/7243.m3u8?checkedby:iptvcat.com","country":"pakistan","liveliness":"36","status":"offline","lastChecked":"2020-08-19T00:00:00Z","format":"sd","mbps":"1796","URI":["pakistan","asia"]},{"id":"308244","channel":"SD","link":"http://hdonline.ml:80/live/kam/kam/7242.m3u8?checkedby:iptvcat.com","country":"pakistan","liveliness":"30","status":"offline","lastChecked":"2020-08-18T00:00:00Z","format":"sd","mbps":"1796","URI":["pakistan","asia"]},{"id":"5611","channel":"Subrang TV (US) (Opt-2)","link":"https://cdn20.liveonlineservices.com/hls/subrang.m3u8?checkedby:iptvcat.com","country":"pakistan","liveliness":"97","status":"online","lastChecked":"2020-08-17T00:00:00Z","format":"sd","mbps":"2308","URI":["pakistan"]},{"id":"5613","channel":"Tag TV (Opt-2)","link":"https://cdn30.liveonlineservices.com/hls/tagtv.m3u8?checkedby:iptvcat.com","country":"pakistan","liveliness":"98","status":"online","lastChecked":"2020-08-17T00:00:00Z","format":"fhd 2k","mbps":"9546","URI":["pakistan"]},{"id":"2145","channel":"Zindagi TV","link":"https://5ad386ff92705.streamlock.net/live_transcoder/ngrp:zindagitv.stream_all/chunklist.m3u8?checkedby:iptvcat.com","country":"pakistan","liveliness":"100","status":"online","lastChecked":"2020-08-17T00:00:00Z","format":"sd","mbps":"1706, ...","URI":["pakistan"]},{"id":"133079","channel":"92 News","link":"https://92news.vdn.dstreamone.net/92newshd/92hd_160p/playlist.m3u8?checkedby:iptvcat.com","country":"pakistan","liveliness":"99","status":"online","lastChecked":"2020-08-17T00:00:00Z","format":"sd","mbps":"308","URI":["pakistan","asia"]},{"id":"133078","channel":"92 News","link":"https://92news.vdn.dstreamone.net/92newshd/92hd/playlist.m3u8?checkedby:iptvcat.com","country":"pakistan","liveliness":"99","status":"online","lastChecked":"2020-08-17T00:00:00Z","format":"hd","mbps":"5020","URI":["pakistan","asia"]},{"id":"2124","channel":"92 News","link":"http://92news.vdn.dstreamone.net/92newshd/92hd_160p/playlist.m3u8?checkedby:iptvcat.com","country":"pakistan","liveliness":"100","status":"online","lastChecked":"2020-08-17T00:00:00Z","format":"sd","mbps":"308","URI":["pakistan"]},{"id":"2123","channel":"92 News","link":"http://92news.vdn.dstreamone.net/92newshd/92hd/playlist.m3u8?checkedby:iptvcat.com","country":"pakistan","liveliness":"100","status":"online","lastChecked":"2020-08-17T00:00:00Z","format":"hd","mbps":"5020","URI":["pakistan"]},{"id":"2125","channel":"92 News UK","link":"https://securecontributions.sechls01.visionip.tv/live/securecontributions-securecontributions-92_news-hsslive-25f-16x9-SD/chunklist.m3u8?checkedby:iptvcat.com","country":"pakistan","liveliness":"98","status":"online","lastChecked":"2020-08-17T00:00:00Z","format":"sd","mbps":"1509","URI":["pakistan"]},{"id":"133083","channel":"AVT KHYBER","link":"https://dcunilive38-lh.akamaihd.net/i/dclive_1@692670/master.m3u8?checkedby:iptvcat.com","country":"pakistan","liveliness":"96","status":"online","lastChecked":"2020-08-17T00:00:00Z","format":"sd","mbps":"1984","URI":["pakistan","asia"]},{"id":"2127","channel":"AVT KHYBER","link":"https://dcunilive38-lh.akamaihd.net/i/dclive_1@692670/index_150_av-p.m3u8?checkedby:iptvcat.com","country":"pakistan","liveliness":"99","status":"online","lastChecked":"2020-08-18T00:00:00Z","format":"sd","mbps":"1984","URI":["pakistan","asia"]},{"id":"9690","channel":"B4U Kadak","link":"http://103.199.160.85/Content/moviehouse/Live/Channel(MovieHouse)/Stream(01)/index.m3u8?checkedby:iptvcat.com","country":"pakistan","liveliness":"98","status":"online","lastChecked":"2020-08-17T00:00:00Z","format":"sd","mbps":"1509","URI":["pakistan","asia"]},{"id":"2129","channel":"Dunya News","link":"http://imob.dunyanews.tv/live/_definst_/dunyalive_1/chunklist_w1239250459.m3u8?checkedby:iptvcat.com","country":"pakistan","liveliness":"99","status":"online","lastChecked":"2020-08-17T00:00:00Z","format":"sd","mbps":"1008","URI":["pakistan"]},{"id":"133089","channel":"Dunya News","link":"https://imob.dunyanews.tv/live/_definst_/dunyalive_1/playlist.m3u8?checkedby:iptvcat.com","country":"pakistan","liveliness":"100","status":"online","lastChecked":"2020-08-18T00:00:00Z","format":"sd","mbps":"1008","URI":["pakistan","asia"]},{"id":"5602","channel":"Eawaz TV (CA)","link":"https://streamer12.vdn.dstreamone.net/saazoawaz/saazoawaz/chunks.m3u8?checkedby:iptvcat.com","country":"pakistan","liveliness":"99","status":"online","lastChecked":"2020-08-17T00:00:00Z","format":"hd","mbps":"3795","URI":["pakistan"]},{"id":"2130","channel":"Express TV","link":"https://5d48372bad056.streamlock.net/expressdigital/livestream/chunklist.m3u8?checkedby:iptvcat.com","country":"pakistan","liveliness":"98","status":"online","lastChecked":"2020-08-17T00:00:00Z","format":"sd","mbps":"2801","URI":["pakistan"]},{"id":"5603","channel":"Express TV","link":"https://5a6ada4d8f439.streamlock.net/expressdigital/livestream/playlist.m3u8?checkedby:iptvcat.com","country":"pakistan","liveliness":"98","status":"online","lastChecked":"2020-08-17T00:00:00Z","format":"sd","mbps":"2801","URI":["pakistan"]},{"id":"5604","channel":"Eye 95 America (US)","link":"http://cdn20.liveonlineservices.com/hls/eye95tv.m3u8?checkedby:iptvcat.com","country":"pakistan","liveliness":"95","status":"online","lastChecked":"2020-08-17T00:00:00Z","format":"hd","mbps":"5991","URI":["pakistan"]},{"id":"53068","channel":"Geo Kahani","link":"http://stream-e30453a4b.nmbs.top/m3u/Pakistan/895fb98ab9.m3u8?checkedby:iptvcat.com","country":"pakistan","liveliness":"86","status":"offline","lastChecked":"2020-08-17T00:00:00Z","format":"sd","mbps":"1764","URI":["pakistan"]},{"id":"308248","channel":"HD","link":"http://hdonline.ml:80/live/kam/kam/7245.m3u8?checkedby:iptvcat.com","country":"pakistan","liveliness":"40","status":"offline","lastChecked":"2020-08-18T00:00:00Z","format":"hd","mbps":"3795","URI":["pakistan","asia"]},{"id":"308416","channel":"HD","link":"http://hdonline.ml:80/live/kam/kam/7313.m3u8?checkedby:iptvcat.com","country":"pakistan","liveliness":"36","status":"offline","lastChecked":"2020-08-18T00:00:00Z","format":"hd","mbps":"3188","URI":["pakistan","asia"]},{"id":"308402","channel":"HD","link":"http://hdonline.ml:80/live/kam/kam/7307.m3u8?checkedby:iptvcat.com","country":"pakistan","liveliness":"33","status":"offline","lastChecked":"2020-08-18T00:00:00Z","format":"sd","mbps":"1174","URI":["pakistan","asia"]},{"id":"308396","channel":"HD","link":"http://hdonline.ml:80/live/kam/kam/7303.m3u8?checkedby:iptvcat.com","country":"pakistan","liveliness":"23","status":"offline","lastChecked":"2020-08-19T00:00:00Z","format":"sd","mbps":"2743","URI":["pakistan","asia"]},{"id":"308189","channel":"HD","link":"http://hdonline.ml:80/live/kam/kam/7224.m3u8?checkedby:iptvcat.com","country":"pakistan","liveliness":"27","status":"offline","lastChecked":"2020-08-18T00:00:00Z","format":"hd","mbps":"5020","URI":["pakistan","asia"]},{"id":"308130","channel":"HD","link":"http://hdonline.ml:80/live/kam/kam/7214.m3u8?checkedby:iptvcat.com","country":"pakistan","liveliness":"33","status":"offline","lastChecked":"2020-08-19T00:00:00Z","format":"hd","mbps":"5020","URI":["pakistan","asia"]},{"id":"308367","channel":"HD","link":"http://hdonline.ml:80/live/kam/kam/7289.m3u8?checkedby:iptvcat.com","country":"pakistan","liveliness":"21","status":"offline","lastChecked":"2020-08-19T00:00:00Z","format":"hd","mbps":"3188","URI":["pakistan","asia"]},{"id":"308352","channel":"HD","link":"http://hdonline.ml:80/live/kam/kam/7285.m3u8?checkedby:iptvcat.com","country":"pakistan","liveliness":"33","status":"offline","lastChecked":"2020-08-18T00:00:00Z","format":"sd","mbps":"2801","URI":["pakistan","asia"]},{"id":"308087","channel":"HD","link":"http://hdonline.ml:80/live/kam/kam/7208.m3u8?checkedby:iptvcat.com","country":"pakistan","liveliness":"27","status":"offline","lastChecked":"2020-08-19T00:00:00Z","format":"hd","mbps":"5020","URI":["pakistan","asia"]},{"id":"308333","channel":"HD","link":"http://hdonline.ml:80/live/kam/kam/7276.m3u8?checkedby:iptvcat.com","country":"pakistan","liveliness":"38","status":"offline","lastChecked":"2020-08-19T00:00:00Z","format":"sd","mbps":"1983","URI":["pakistan","asia"]},{"id":"308435","channel":"HD","link":"http://hdonline.ml:80/live/kam/kam/7321.m3u8?checkedby:iptvcat.com","country":"pakistan","liveliness":"50","status":"offline","lastChecked":"2020-08-18T00:00:00Z","format":"hd","mbps":"3799","URI":["pakistan","asia"]},{"id":"2137","channel":"Kay 2, Kay2 TV, PK | Kay 2","link":"https://dcunilive36-lh.akamaihd.net/i/dclive_1@662109/index_150_av-p.m3u8?checkedby:iptvcat.com","country":"pakistan","liveliness":"100","status":"online","lastChecked":"2020-08-17T00:00:00Z","format":"sd","mbps":"1677","URI":["pakistan","asia"]},{"id":"5605","channel":"Kay 2","link":"http://dcunilive36-lh.akamaihd.net/i/dclive_1@662109/master.m3u8?checkedby:iptvcat.com","country":"pakistan","liveliness":"99","status":"online","lastChecked":"2020-08-17T00:00:00Z","format":"sd","mbps":"1677","URI":["pakistan"]},{"id":"133096","channel":"Kay2 TV","link":"https://dcunilive36-lh.akamaihd.net/i/dclive_1@662109/master.m3u8?checkedby:iptvcat.com","country":"pakistan","liveliness":"100","status":"online","lastChecked":"2020-08-18T00:00:00Z","format":"sd","mbps":"1677","URI":["pakistan","asia"]},{"id":"5606","channel":"Khyber Middle East","link":"https://dcunilive83-lh.akamaihd.net/i/dclive_1@16122/master.m3u8?checkedby:iptvcat.com","country":"pakistan","liveliness":"100","status":"online","lastChecked":"2020-08-17T00:00:00Z","format":"sd","mbps":"1677","URI":["pakistan"]},{"id":"2138","channel":"Khyber Middle East TV","link":"https://dcunilive83-lh.akamaihd.net/i/dclive_1@16122/index_150_av-p.m3u8?checkedby:iptvcat.com","country":"pakistan","liveliness":"100","status":"online","lastChecked":"2020-08-17T00:00:00Z","format":"sd","mbps":"1677","URI":["pakistan","asia"]},{"id":"5607","channel":"Khyber News","link":"http://dcunilive38-lh.akamaihd.net/i/dclive_1@692677/master.m3u8?checkedby:iptvcat.com","country":"pakistan","liveliness":"99","status":"online","lastChecked":"2020-08-17T00:00:00Z","format":"sd","mbps":"1677","URI":["pakistan"]},{"id":"2139","channel":"Khyber News TV","link":"https://dcunilive38-lh.akamaihd.net/i/dclive_1@692677/index_150_av-p.m3u8?checkedby:iptvcat.com","country":"pakistan","liveliness":"99","status":"online","lastChecked":"2020-08-18T00:00:00Z","format":"sd","mbps":"1677","URI":["pakistan","asia"]},{"id":"133097","channel":"Khyber News TV","link":"https://dcunilive38-lh.akamaihd.net/i/dclive_1@692677/master.m3u8?checkedby:iptvcat.com","country":"pakistan","liveliness":"99","status":"online","lastChecked":"2020-08-17T00:00:00Z","format":"sd","mbps":"1677","URI":["pakistan","asia"]},{"id":"2140","channel":"Lahore News","link":"http://mlive.lahorenews.tv:1935/lahorelive/lnews_1/playlist.m3u8?checkedby:iptvcat.com","country":"pakistan","liveliness":"99","status":"online","lastChecked":"2020-08-17T00:00:00Z","format":"hd","mbps":"4318","URI":["pakistan"]},{"id":"5608","channel":"Lahore News (Opt-2)","link":"http://mlive.lahorenews.tv/lahorelive/lnews_1/chunklist_DVR.m3u8?checkedby:iptvcat.com","country":"pakistan","liveliness":"99","status":"online","lastChecked":"2020-08-17T00:00:00Z","format":"hd","mbps":"4318","URI":["pakistan"]},{"id":"2141","channel":"Minhaj TV","link":"http://api.new.livestream.com/accounts/547271/events/4237509/live.m3u8?checkedby:iptvcat.com","country":"pakistan","liveliness":"96","status":"online","lastChecked":"2020-08-17T00:00:00Z","format":"hd","mbps":"5020, ...","URI":["pakistan"]},{"id":"133102","channel":"Minhaj TV","link":"https://api.new.livestream.com/accounts/547271/events/4237509/live.m3u8?checkedby:iptvcat.com","country":"pakistan","liveliness":"93","status":"online","lastChecked":"2020-08-17T00:00:00Z","format":"hd","mbps":"5020, ...","URI":["pakistan","asia"]},{"id":"308247","channel":"SD","link":"http://hdonline.ml:80/live/kam/kam/7243.m3u8?checkedby:iptvcat.com","country":"pakistan","liveliness":"36","status":"offline","lastChecked":"2020-08-19T00:00:00Z","format":"sd","mbps":"1796","URI":["pakistan","asia"]},{"id":"308415","channel":"SD","link":"http://hdonline.ml:80/live/kam/kam/7311.m3u8?checkedby:iptvcat.com","country":"pakistan","liveliness":"33","status":"offline","lastChecked":"2020-08-18T00:00:00Z","format":"sd","mbps":"2369","URI":["pakistan","asia"]},{"id":"308244","channel":"SD","link":"http://hdonline.ml:80/live/kam/kam/7242.m3u8?checkedby:iptvcat.com","country":"pakistan","liveliness":"30","status":"offline","lastChecked":"2020-08-18T00:00:00Z","format":"sd","mbps":"1796","URI":["pakistan","asia"]},{"id":"308240","channel":"SD","link":"http://hdonline.ml:80/live/kam/kam/7241.m3u8?checkedby:iptvcat.com","country":"pakistan","liveliness":"43","status":"offline","lastChecked":"2020-08-19T00:00:00Z","format":"sd","mbps":"1796","URI":["pakistan","asia"]},{"id":"308401","channel":"SD","link":"http://hdonline.ml:80/live/kam/kam/7305.m3u8?checkedby:iptvcat.com","country":"pakistan","liveliness":"38","status":"offline","lastChecked":"2020-08-19T00:00:00Z","format":"hd","mbps":"5020","URI":["pakistan","asia"]},{"id":"308223","channel":"SD","link":"http://hdonline.ml:80/live/kam/kam/7237.m3u8?checkedby:iptvcat.com","country":"pakistan","liveliness":"36","status":"offline","lastChecked":"2020-08-19T00:00:00Z","format":"sd","mbps":"1796","URI":["pakistan","asia"]},{"id":"308213","channel":"SD","link":"http://hdonline.ml:80/live/kam/kam/7234.m3u8?checkedby:iptvcat.com","country":"pakistan","liveliness":"17","status":"offline","lastChecked":"2020-08-19T00:00:00Z","format":"sd","mbps":"4532","URI":["pakistan","asia"]},{"id":"308381","channel":"SD","link":"http://hdonline.ml:80/live/kam/kam/7295.m3u8?checkedby:iptvcat.com","country":"pakistan","liveliness":"31","status":"offline","lastChecked":"2020-08-19T00:00:00Z","format":"sd","mbps":"899","URI":["pakistan","asia"]},{"id":"308373","channel":"SD","link":"http://hdonline.ml:80/live/kam/kam/7290.m3u8?checkedby:iptvcat.com","country":"pakistan","liveliness":"25","status":"offline","lastChecked":"2020-08-19T00:00:00Z","format":"hd","mbps":"3188","URI":["pakistan","asia"]},{"id":"308098","channel":"SD","link":"http://hdonline.ml:80/live/kam/kam/7210.m3u8?checkedby:iptvcat.com","country":"pakistan","liveliness":"40","status":"offline","lastChecked":"2020-08-19T00:00:00Z","format":"sd","mbps":"2334","URI":["pakistan","asia"]},{"id":"308089","channel":"SD","link":"http://hdonline.ml:80/live/kam/kam/7209.m3u8?checkedby:iptvcat.com","country":"pakistan","liveliness":"29","status":"offline","lastChecked":"2020-08-19T00:00:00Z","format":"sd","mbps":"2089","URI":["pakistan","asia"]},{"id":"308349","channel":"SD","link":"http://hdonline.ml:80/live/kam/kam/7283.m3u8?checkedby:iptvcat.com","country":"pakistan","liveliness":"25","status":"offline","lastChecked":"2020-08-19T00:00:00Z","format":"sd","mbps":"1509","URI":["pakistan","asia"]},{"id":"308348","channel":"SD","link":"http://hdonline.ml:80/live/kam/kam/7282.m3u8?checkedby:iptvcat.com","country":"pakistan","liveliness":"40","status":"offline","lastChecked":"2020-08-19T00:00:00Z","format":"hd","mbps":"3188","URI":["pakistan","asia"]},{"id":"308456","channel":"SD","link":"http://hdonline.ml:80/live/kam/kam/7339.m3u8?checkedby:iptvcat.com","country":"pakistan","liveliness":"33","status":"offline","lastChecked":"2020-08-18T00:00:00Z","format":"hd","mbps":"5020","URI":["pakistan","asia"]},{"id":"308076","channel":"SD","link":"http://hdonline.ml:80/live/kam/kam/7206.m3u8?checkedby:iptvcat.com","country":"pakistan","liveliness":"17","status":"offline","lastChecked":"2020-08-19T00:00:00Z","format":"sd","mbps":"2883","URI":["pakistan","asia"]},{"id":"308448","channel":"SD","link":"http://hdonline.ml:80/live/kam/kam/7334.m3u8?checkedby:iptvcat.com","country":"pakistan","liveliness":"27","status":"offline","lastChecked":"2020-08-18T00:00:00Z","format":"fhd 2k","mbps":"11126","URI":["pakistan","asia"]},{"id":"308305","channel":"SD","link":"http://hdonline.ml:80/live/kam/kam/7265.m3u8?checkedby:iptvcat.com","country":"pakistan","liveliness":"54","status":"offline","lastChecked":"2020-08-18T00:00:00Z","format":"hd","mbps":"3188","URI":["pakistan","asia"]},{"id":"308447","channel":"SD","link":"http://hdonline.ml:80/live/kam/kam/7331.m3u8?checkedby:iptvcat.com","country":"pakistan","liveliness":"36","status":"offline","lastChecked":"2020-08-19T00:00:00Z","format":"sd","mbps":"899","URI":["pakistan","asia"]},{"id":"308299","channel":"SD","link":"http://hdonline.ml:80/live/kam/kam/7262.m3u8?checkedby:iptvcat.com","country":"pakistan","liveliness":"14","status":"offline","lastChecked":"2020-08-19T00:00:00Z","format":"sd","mbps":"368","URI":["pakistan","asia"]},{"id":"308439","channel":"SD","link":"http://hdonline.ml:80/live/kam/kam/7325.m3u8?checkedby:iptvcat.com","country":"pakistan","liveliness":"33","status":"offline","lastChecked":"2020-08-18T00:00:00Z","format":"sd","mbps":"1796","URI":["pakistan","asia"]},{"id":"308281","channel":"SD","link":"http://hdonline.ml:80/live/kam/kam/7258.m3u8?checkedby:iptvcat.com","country":"pakistan","liveliness":"40","status":"offline","lastChecked":"2020-08-18T00:00:00Z","format":"sd","mbps":"2369","URI":["pakistan","asia"]},{"id":"308255","channel":"SD","link":"http://hdonline.ml:80/live/kam/kam/7248.m3u8?checkedby:iptvcat.com","country":"pakistan","liveliness":"25","status":"offline","lastChecked":"2020-08-19T00:00:00Z","format":"sd","mbps":"1008","URI":["pakistan","asia"]},{"id":"308425","channel":"SD","link":"http://hdonline.ml:80/live/kam/kam/7316.m3u8?checkedby:iptvcat.com","country":"pakistan","liveliness":"40","status":"offline","lastChecked":"2020-08-18T00:00:00Z","format":"hd","mbps":"4318","URI":["pakistan","asia"]},{"id":"5611","channel":"Subrang TV (US) (Opt-2)","link":"https://cdn20.liveonlineservices.com/hls/subrang.m3u8?checkedby:iptvcat.com","country":"pakistan","liveliness":"97","status":"online","lastChecked":"2020-08-17T00:00:00Z","format":"sd","mbps":"2308","URI":["pakistan"]},{"id":"5613","channel":"Tag TV (Opt-2)","link":"https://cdn30.liveonlineservices.com/hls/tagtv.m3u8?checkedby:iptvcat.com","country":"pakistan","liveliness":"98","status":"online","lastChecked":"2020-08-17T00:00:00Z","format":"fhd 2k","mbps":"9546","URI":["pakistan"]},{"id":"2145","channel":"Zindagi TV","link":"https://5ad386ff92705.streamlock.net/live_transcoder/ngrp:zindagitv.stream_all/chunklist.m3u8?checkedby:iptvcat.com","country":"pakistan","liveliness":"100","status":"online","lastChecked":"2020-08-17T00:00:00Z","format":"sd","mbps":"1706, ...","URI":["pakistan"]},{"id":"133079","channel":"92 News","link":"https://92news.vdn.dstreamone.net/92newshd/92hd_160p/playlist.m3u8?checkedby:iptvcat.com","country":"pakistan","liveliness":"99","status":"online","lastChecked":"2020-08-17T00:00:00Z","format":"sd","mbps":"308","URI":["pakistan","asia"]},{"id":"133078","channel":"92 News","link":"https://92news.vdn.dstreamone.net/92newshd/92hd/playlist.m3u8?checkedby:iptvcat.com","country":"pakistan","liveliness":"99","status":"online","lastChecked":"2020-08-17T00:00:00Z","format":"hd","mbps":"5020","URI":["pakistan","asia"]},{"id":"2127","channel":"AVT KHYBER","link":"https://dcunilive38-lh.akamaihd.net/i/dclive_1@692670/index_150_av-p.m3u8?checkedby:iptvcat.com","country":"pakistan","liveliness":"99","status":"online","lastChecked":"2020-08-18T00:00:00Z","format":"sd","mbps":"1984","URI":["pakistan","asia"]},{"id":"133083","channel":"AVT KHYBER","link":"https://dcunilive38-lh.akamaihd.net/i/dclive_1@692670/master.m3u8?checkedby:iptvcat.com","country":"pakistan","liveliness":"96","status":"online","lastChecked":"2020-08-17T00:00:00Z","format":"sd","mbps":"1984","URI":["pakistan","asia"]},{"id":"2124","channel":"92 News","link":"http://92news.vdn.dstreamone.net/92newshd/92hd_160p/playlist.m3u8?checkedby:iptvcat.com","country":"pakistan","liveliness":"100","status":"online","lastChecked":"2020-08-17T00:00:00Z","format":"sd","mbps":"308","URI":["pakistan"]},{"id":"2123","channel":"92 News","link":"http://92news.vdn.dstreamone.net/92newshd/92hd/playlist.m3u8?checkedby:iptvcat.com","country":"pakistan","liveliness":"100","status":"online","lastChecked":"2020-08-17T00:00:00Z","format":"hd","mbps":"5020","URI":["pakistan"]},{"id":"133079","channel":"92 News","link":"https://92news.vdn.dstreamone.net/92newshd/92hd_160p/playlist.m3u8?checkedby:iptvcat.com","country":"pakistan","liveliness":"99","status":"online","lastChecked":"2020-08-17T00:00:00Z","format":"sd","mbps":"308","URI":["pakistan","asia"]},{"id":"133078","channel":"92 News","link":"https://92news.vdn.dstreamone.net/92newshd/92hd/playlist.m3u8?checkedby:iptvcat.com","country":"pakistan","liveliness":"99","status":"online","lastChecked":"2020-08-17T00:00:00Z","format":"hd","mbps":"5020","URI":["pakistan","asia"]},{"id":"2125","channel":"92 News UK","link":"https://securecontributions.sechls01.visionip.tv/live/securecontributions-securecontributions-92_news-hsslive-25f-16x9-SD/chunklist.m3u8?checkedby:iptvcat.com","country":"pakistan","liveliness":"98","status":"online","lastChecked":"2020-08-17T00:00:00Z","format":"sd","mbps":"1509","URI":["pakistan"]},{"id":"2127","channel":"AVT KHYBER","link":"https://dcunilive38-lh.akamaihd.net/i/dclive_1@692670/index_150_av-p.m3u8?checkedby:iptvcat.com","country":"pakistan","liveliness":"99","status":"online","lastChecked":"2020-08-18T00:00:00Z","format":"sd","mbps":"1984","URI":["pakistan","asia"]},{"id":"133083","channel":"AVT KHYBER","link":"https://dcunilive38-lh.akamaihd.net/i/dclive_1@692670/master.m3u8?checkedby:iptvcat.com","country":"pakistan","liveliness":"96","status":"online","lastChecked":"2020-08-17T00:00:00Z","format":"sd","mbps":"1984","URI":["pakistan","asia"]},{"id":"9690","channel":"B4U Kadak","link":"http://103.199.160.85/Content/moviehouse/Live/Channel(MovieHouse)/Stream(01)/index.m3u8?checkedby:iptvcat.com","country":"pakistan","liveliness":"98","status":"online","lastChecked":"2020-08-17T00:00:00Z","format":"sd","mbps":"1509","URI":["pakistan","asia"]},{"id":"2129","channel":"Dunya News","link":"http://imob.dunyanews.tv/live/_definst_/dunyalive_1/chunklist_w1239250459.m3u8?checkedby:iptvcat.com","country":"pakistan","liveliness":"99","status":"online","lastChecked":"2020-08-17T00:00:00Z","format":"sd","mbps":"1008","URI":["pakistan"]},{"id":"133089","channel":"Dunya News","link":"https://imob.dunyanews.tv/live/_definst_/dunyalive_1/playlist.m3u8?checkedby:iptvcat.com","country":"pakistan","liveliness":"100","status":"online","lastChecked":"2020-08-18T00:00:00Z","format":"sd","mbps":"1008","URI":["pakistan","asia"]},{"id":"5602","channel":"Eawaz TV (CA)","link":"https://streamer12.vdn.dstreamone.net/saazoawaz/saazoawaz/chunks.m3u8?checkedby:iptvcat.com","country":"pakistan","liveliness":"99","status":"online","lastChecked":"2020-08-17T00:00:00Z","format":"hd","mbps":"3795","URI":["pakistan"]},{"id":"2130","channel":"Express TV","link":"https://5d48372bad056.streamlock.net/expressdigital/livestream/chunklist.m3u8?checkedby:iptvcat.com","country":"pakistan","liveliness":"98","status":"online","lastChecked":"2020-08-17T00:00:00Z","format":"sd","mbps":"2801","URI":["pakistan"]},{"id":"5603","channel":"Express TV","link":"https://5a6ada4d8f439.streamlock.net/expressdigital/livestream/playlist.m3u8?checkedby:iptvcat.com","country":"pakistan","liveliness":"98","status":"online","lastChecked":"2020-08-17T00:00:00Z","format":"sd","mbps":"2801","URI":["pakistan"]},{"id":"5604","channel":"Eye 95 America (US)","link":"http://cdn20.liveonlineservices.com/hls/eye95tv.m3u8?checkedby:iptvcat.com","country":"pakistan","liveliness":"95","status":"online","lastChecked":"2020-08-17T00:00:00Z","format":"hd","mbps":"5991","URI":["pakistan"]},{"id":"53068","channel":"Geo Kahani","link":"http://stream-e30453a4b.nmbs.top/m3u/Pakistan/895fb98ab9.m3u8?checkedby:iptvcat.com","country":"pakistan","liveliness":"86","status":"offline","lastChecked":"2020-08-17T00:00:00Z","format":"sd","mbps":"1764","URI":["pakistan"]},{"id":"308087","channel":"HD","link":"http://hdonline.ml:80/live/kam/kam/7208.m3u8?checkedby:iptvcat.com","country":"pakistan","liveliness":"27","status":"offline","lastChecked":"2020-08-19T00:00:00Z","format":"hd","mbps":"5020","URI":["pakistan","asia"]},{"id":"308333","channel":"HD","link":"http://hdonline.ml:80/live/kam/kam/7276.m3u8?checkedby:iptvcat.com","country":"pakistan","liveliness":"38","status":"offline","lastChecked":"2020-08-19T00:00:00Z","format":"sd","mbps":"1983","URI":["pakistan","asia"]},{"id":"308435","channel":"HD","link":"http://hdonline.ml:80/live/kam/kam/7321.m3u8?checkedby:iptvcat.com","country":"pakistan","liveliness":"50","status":"offline","lastChecked":"2020-08-18T00:00:00Z","format":"hd","mbps":"3799","URI":["pakistan","asia"]},{"id":"308248","channel":"HD","link":"http://hdonline.ml:80/live/kam/kam/7245.m3u8?checkedby:iptvcat.com","country":"pakistan","liveliness":"40","status":"offline","lastChecked":"2020-08-18T00:00:00Z","format":"hd","mbps":"3795","URI":["pakistan","asia"]},{"id":"308416","channel":"HD","link":"http://hdonline.ml:80/live/kam/kam/7313.m3u8?checkedby:iptvcat.com","country":"pakistan","liveliness":"36","status":"offline","lastChecked":"2020-08-18T00:00:00Z","format":"hd","mbps":"3188","URI":["pakistan","asia"]},{"id":"308402","channel":"HD","link":"http://hdonline.ml:80/live/kam/kam/7307.m3u8?checkedby:iptvcat.com","country":"pakistan","liveliness":"33","status":"offline","lastChecked":"2020-08-18T00:00:00Z","format":"sd","mbps":"1174","URI":["pakistan","asia"]},{"id":"308396","channel":"HD","link":"http://hdonline.ml:80/live/kam/kam/7303.m3u8?checkedby:iptvcat.com","country":"pakistan","liveliness":"23","status":"offline","lastChecked":"2020-08-19T00:00:00Z","format":"sd","mbps":"2743","URI":["pakistan","asia"]},{"id":"308189","channel":"HD","link":"http://hdonline.ml:80/live/kam/kam/7224.m3u8?checkedby:iptvcat.com","country":"pakistan","liveliness":"27","status":"offline","lastChecked":"2020-08-18T00:00:00Z","format":"hd","mbps":"5020","URI":["pakistan","asia"]},{"id":"308130","channel":"HD","link":"http://hdonline.ml:80/live/kam/kam/7214.m3u8?checkedby:iptvcat.com","country":"pakistan","liveliness":"33","status":"offline","lastChecked":"2020-08-19T00:00:00Z","format":"hd","mbps":"5020","URI":["pakistan","asia"]},{"id":"308367","channel":"HD","link":"http://hdonline.ml:80/live/kam/kam/7289.m3u8?checkedby:iptvcat.com","country":"pakistan","liveliness":"21","status":"offline","lastChecked":"2020-08-19T00:00:00Z","format":"hd","mbps":"3188","URI":["pakistan","asia"]},{"id":"308352","channel":"HD","link":"http://hdonline.ml:80/live/kam/kam/7285.m3u8?checkedby:iptvcat.com","country":"pakistan","liveliness":"33","status":"offline","lastChecked":"2020-08-18T00:00:00Z","format":"sd","mbps":"2801","URI":["pakistan","asia"]},{"id":"5605","channel":"Kay 2","link":"http://dcunilive36-lh.akamaihd.net/i/dclive_1@662109/master.m3u8?checkedby:iptvcat.com","country":"pakistan","liveliness":"99","status":"online","lastChecked":"2020-08-17T00:00:00Z","format":"sd","mbps":"1677","URI":["pakistan"]},{"id":"2137","channel":"Kay 2, Kay2 TV, PK | Kay 2","link":"https://dcunilive36-lh.akamaihd.net/i/dclive_1@662109/index_150_av-p.m3u8?checkedby:iptvcat.com","country":"pakistan","liveliness":"100","status":"online","lastChecked":"2020-08-17T00:00:00Z","format":"sd","mbps":"1677","URI":["pakistan","asia"]},{"id":"133096","channel":"Kay2 TV","link":"https://dcunilive36-lh.akamaihd.net/i/dclive_1@662109/master.m3u8?checkedby:iptvcat.com","country":"pakistan","liveliness":"100","status":"online","lastChecked":"2020-08-18T00:00:00Z","format":"sd","mbps":"1677","URI":["pakistan","asia"]},{"id":"5606","channel":"Khyber Middle East","link":"https://dcunilive83-lh.akamaihd.net/i/dclive_1@16122/master.m3u8?checkedby:iptvcat.com","country":"pakistan","liveliness":"100","status":"online","lastChecked":"2020-08-17T00:00:00Z","format":"sd","mbps":"1677","URI":["pakistan"]},{"id":"2138","channel":"Khyber Middle East TV","link":"https://dcunilive83-lh.akamaihd.net/i/dclive_1@16122/index_150_av-p.m3u8?checkedby:iptvcat.com","country":"pakistan","liveliness":"100","status":"online","lastChecked":"2020-08-17T00:00:00Z","format":"sd","mbps":"1677","URI":["pakistan","asia"]},{"id":"5607","channel":"Khyber News","link":"http://dcunilive38-lh.akamaihd.net/i/dclive_1@692677/master.m3u8?checkedby:iptvcat.com","country":"pakistan","liveliness":"99","status":"online","lastChecked":"2020-08-17T00:00:00Z","format":"sd","mbps":"1677","URI":["pakistan"]},{"id":"133097","channel":"Khyber News TV","link":"https://dcunilive38-lh.akamaihd.net/i/dclive_1@692677/master.m3u8?checkedby:iptvcat.com","country":"pakistan","liveliness":"99","status":"online","lastChecked":"2020-08-17T00:00:00Z","format":"sd","mbps":"1677","URI":["pakistan","asia"]},{"id":"2139","channel":"Khyber News TV","link":"https://dcunilive38-lh.akamaihd.net/i/dclive_1@692677/index_150_av-p.m3u8?checkedby:iptvcat.com","country":"pakistan","liveliness":"99","status":"online","lastChecked":"2020-08-18T00:00:00Z","format":"sd","mbps":"1677","URI":["pakistan","asia"]},{"id":"2140","channel":"Lahore News","link":"http://mlive.lahorenews.tv:1935/lahorelive/lnews_1/playlist.m3u8?checkedby:iptvcat.com","country":"pakistan","liveliness":"99","status":"online","lastChecked":"2020-08-17T00:00:00Z","format":"hd","mbps":"4318","URI":["pakistan"]},{"id":"5608","channel":"Lahore News (Opt-2)","link":"http://mlive.lahorenews.tv/lahorelive/lnews_1/chunklist_DVR.m3u8?checkedby:iptvcat.com","country":"pakistan","liveliness":"99","status":"online","lastChecked":"2020-08-17T00:00:00Z","format":"hd","mbps":"4318","URI":["pakistan"]},{"id":"133102","channel":"Minhaj TV","link":"https://api.new.livestream.com/accounts/547271/events/4237509/live.m3u8?checkedby:iptvcat.com","country":"pakistan","liveliness":"93","status":"online","lastChecked":"2020-08-17T00:00:00Z","format":"hd","mbps":"5020, ...","URI":["pakistan","asia"]},{"id":"2141","channel":"Minhaj TV","link":"http://api.new.livestream.com/accounts/547271/events/4237509/live.m3u8?checkedby:iptvcat.com","country":"pakistan","liveliness":"96","status":"online","lastChecked":"2020-08-17T00:00:00Z","format":"hd","mbps":"5020, ...","URI":["pakistan"]},{"id":"308089","channel":"SD","link":"http://hdonline.ml:80/live/kam/kam/7209.m3u8?checkedby:iptvcat.com","country":"pakistan","liveliness":"29","status":"offline","lastChecked":"2020-08-19T00:00:00Z","format":"sd","mbps":"2089","URI":["pakistan","asia"]},{"id":"308349","channel":"SD","link":"http://hdonline.ml:80/live/kam/kam/7283.m3u8?checkedby:iptvcat.com","country":"pakistan","liveliness":"25","status":"offline","lastChecked":"2020-08-19T00:00:00Z","format":"sd","mbps":"1509","URI":["pakistan","asia"]},{"id":"308348","channel":"SD","link":"http://hdonline.ml:80/live/kam/kam/7282.m3u8?checkedby:iptvcat.com","country":"pakistan","liveliness":"40","status":"offline","lastChecked":"2020-08-19T00:00:00Z","format":"hd","mbps":"3188","URI":["pakistan","asia"]},{"id":"308456","channel":"SD","link":"http://hdonline.ml:80/live/kam/kam/7339.m3u8?checkedby:iptvcat.com","country":"pakistan","liveliness":"33","status":"offline","lastChecked":"2020-08-18T00:00:00Z","format":"hd","mbps":"5020","URI":["pakistan","asia"]},{"id":"308076","channel":"SD","link":"http://hdonline.ml:80/live/kam/kam/7206.m3u8?checkedby:iptvcat.com","country":"pakistan","liveliness":"17","status":"offline","lastChecked":"2020-08-19T00:00:00Z","format":"sd","mbps":"2883","URI":["pakistan","asia"]},{"id":"308448","channel":"SD","link":"http://hdonline.ml:80/live/kam/kam/7334.m3u8?checkedby:iptvcat.com","country":"pakistan","liveliness":"27","status":"offline","lastChecked":"2020-08-18T00:00:00Z","format":"fhd 2k","mbps":"11126","URI":["pakistan","asia"]},{"id":"308305","channel":"SD","link":"http://hdonline.ml:80/live/kam/kam/7265.m3u8?checkedby:iptvcat.com","country":"pakistan","liveliness":"54","status":"offline","lastChecked":"2020-08-18T00:00:00Z","format":"hd","mbps":"3188","URI":["pakistan","asia"]},{"id":"308447","channel":"SD","link":"http://hdonline.ml:80/live/kam/kam/7331.m3u8?checkedby:iptvcat.com","country":"pakistan","liveliness":"36","status":"offline","lastChecked":"2020-08-19T00:00:00Z","format":"sd","mbps":"899","URI":["pakistan","asia"]},{"id":"308299","channel":"SD","link":"http://hdonline.ml:80/live/kam/kam/7262.m3u8?checkedby:iptvcat.com","country":"pakistan","liveliness":"14","status":"offline","lastChecked":"2020-08-19T00:00:00Z","format":"sd","mbps":"368","URI":["pakistan","asia"]},{"id":"308439","channel":"SD","link":"http://hdonline.ml:80/live/kam/kam/7325.m3u8?checkedby:iptvcat.com","country":"pakistan","liveliness":"33","status":"offline","lastChecked":"2020-08-18T00:00:00Z","format":"sd","mbps":"1796","URI":["pakistan","asia"]},{"id":"308281","channel":"SD","link":"http://hdonline.ml:80/live/kam/kam/7258.m3u8?checkedby:iptvcat.com","country":"pakistan","liveliness":"40","status":"offline","lastChecked":"2020-08-18T00:00:00Z","format":"sd","mbps":"2369","URI":["pakistan","asia"]},{"id":"308255","channel":"SD","link":"http://hdonline.ml:80/live/kam/kam/7248.m3u8?checkedby:iptvcat.com","country":"pakistan","liveliness":"25","status":"offline","lastChecked":"2020-08-19T00:00:00Z","format":"sd","mbps":"1008","URI":["pakistan","asia"]},{"id":"308425","channel":"SD","link":"http://hdonline.ml:80/live/kam/kam/7316.m3u8?checkedby:iptvcat.com","country":"pakistan","liveliness":"40","status":"offline","lastChecked":"2020-08-18T00:00:00Z","format":"hd","mbps":"4318","URI":["pakistan","asia"]},{"id":"308247","channel":"SD","link":"http://hdonline.ml:80/live/kam/kam/7243.m3u8?checkedby:iptvcat.com","country":"pakistan","liveliness":"36","status":"offline","lastChecked":"2020-08-19T00:00:00Z","format":"sd","mbps":"1796","URI":["pakistan","asia"]},{"id":"308415","channel":"SD","link":"http://hdonline.ml:80/live/kam/kam/7311.m3u8?checkedby:iptvcat.com","country":"pakistan","liveliness":"33","status":"offline","lastChecked":"2020-08-18T00:00:00Z","format":"sd","mbps":"2369","URI":["pakistan","asia"]},{"id":"308244","channel":"SD","link":"http://hdonline.ml:80/live/kam/kam/7242.m3u8?checkedby:iptvcat.com","country":"pakistan","liveliness":"30","status":"offline","lastChecked":"2020-08-18T00:00:00Z","format":"sd","mbps":"1796","URI":["pakistan","asia"]},{"id":"308240","channel":"SD","link":"http://hdonline.ml:80/live/kam/kam/7241.m3u8?checkedby:iptvcat.com","country":"pakistan","liveliness":"43","status":"offline","lastChecked":"2020-08-19T00:00:00Z","format":"sd","mbps":"1796","URI":["pakistan","asia"]},{"id":"308401","channel":"SD","link":"http://hdonline.ml:80/live/kam/kam/7305.m3u8?checkedby:iptvcat.com","country":"pakistan","liveliness":"38","status":"offline","lastChecked":"2020-08-19T00:00:00Z","format":"hd","mbps":"5020","URI":["pakistan","asia"]},{"id":"308223","channel":"SD","link":"http://hdonline.ml:80/live/kam/kam/7237.m3u8?checkedby:iptvcat.com","country":"pakistan","liveliness":"36","status":"offline","lastChecked":"2020-08-19T00:00:00Z","format":"sd","mbps":"1796","URI":["pakistan","asia"]},{"id":"308213","channel":"SD","link":"http://hdonline.ml:80/live/kam/kam/7234.m3u8?checkedby:iptvcat.com","country":"pakistan","liveliness":"17","status":"offline","lastChecked":"2020-08-19T00:00:00Z","format":"sd","mbps":"4532","URI":["pakistan","asia"]},{"id":"308381","channel":"SD","link":"http://hdonline.ml:80/live/kam/kam/7295.m3u8?checkedby:iptvcat.com","country":"pakistan","liveliness":"31","status":"offline","lastChecked":"2020-08-19T00:00:00Z","format":"sd","mbps":"899","URI":["pakistan","asia"]},{"id":"308373","channel":"SD","link":"http://hdonline.ml:80/live/kam/kam/7290.m3u8?checkedby:iptvcat.com","country":"pakistan","liveliness":"25","status":"offline","lastChecked":"2020-08-19T00:00:00Z","format":"hd","mbps":"3188","URI":["pakistan","asia"]},{"id":"308098","channel":"SD","link":"http://hdonline.ml:80/live/kam/kam/7210.m3u8?checkedby:iptvcat.com","country":"pakistan","liveliness":"40","status":"offline","lastChecked":"2020-08-19T00:00:00Z","format":"sd","mbps":"2334","URI":["pakistan","asia"]},{"id":"5611","channel":"Subrang TV (US) (Opt-2)","link":"https://cdn20.liveonlineservices.com/hls/subrang.m3u8?checkedby:iptvcat.com","country":"pakistan","liveliness":"97","status":"online","lastChecked":"2020-08-17T00:00:00Z","format":"sd","mbps":"2308","URI":["pakistan"]},{"id":"5613","channel":"Tag TV (Opt-2)","link":"https://cdn30.liveonlineservices.com/hls/tagtv.m3u8?checkedby:iptvcat.com","country":"pakistan","liveliness":"98","status":"online","lastChecked":"2020-08-17T00:00:00Z","format":"fhd 2k","mbps":"9546","URI":["pakistan"]},{"id":"2145","channel":"Zindagi TV","link":"https://5ad386ff92705.streamlock.net/live_transcoder/ngrp:zindagitv.stream_all/chunklist.m3u8?checkedby:iptvcat.com","country":"pakistan","liveliness":"100","status":"online","lastChecked":"2020-08-17T00:00:00Z","format":"sd","mbps":"1706, ...","URI":["pakistan"]},{"id":"133079","channel":"92 News","link":"https://92news.vdn.dstreamone.net/92newshd/92hd_160p/playlist.m3u8?checkedby:iptvcat.com","country":"pakistan","liveliness":"99","status":"online","lastChecked":"2020-08-17T00:00:00Z","format":"sd","mbps":"308","URI":["pakistan","asia"]},{"id":"133078","channel":"92 News","link":"https://92news.vdn.dstreamone.net/92newshd/92hd/playlist.m3u8?checkedby:iptvcat.com","country":"pakistan","liveliness":"99","status":"online","lastChecked":"2020-08-17T00:00:00Z","format":"hd","mbps":"5020","URI":["pakistan","asia"]},{"id":"2127","channel":"AVT KHYBER","link":"https://dcunilive38-lh.akamaihd.net/i/dclive_1@692670/index_150_av-p.m3u8?checkedby:iptvcat.com","country":"pakistan","liveliness":"99","status":"online","lastChecked":"2020-08-18T00:00:00Z","format":"sd","mbps":"1984","URI":["pakistan","asia"]},{"id":"133083","channel":"AVT KHYBER","link":"https://dcunilive38-lh.akamaihd.net/i/dclive_1@692670/master.m3u8?checkedby:iptvcat.com","country":"pakistan","liveliness":"96","status":"online","lastChecked":"2020-08-17T00:00:00Z","format":"sd","mbps":"1984","URI":["pakistan","asia"]}]