[{"id":"22290","channel":"Al Aqsa Channel","link":"https://live-1.linuxway.info/aqsatv/live/tv/playlist.m3u8?checkedby:iptvcat.com","country":"palestine","liveliness":"84","status":"online","lastChecked":"2020-08-18T00:00:00Z","format":"sd","mbps":"2334","URI":["palestine"]},{"id":"328898","channel":"AlQuds Today","link":"http://red.ipfox.org:8080/live/tigerag_uFZ5wd/3dL1WNjy/15310.m3u8?checkedby:iptvcat.com","country":"palestine","liveliness":"25","status":"offline","lastChecked":"2020-08-18T00:00:00Z","format":"sd","mbps":"1967","URI":["palestine","arab_countries","asia","arab countries"]},{"id":"2149","channel":"An-Najah Nbc","link":"http://htvpalsat.mada.ps:8888/najah/index.m3u8?v=1559311573\u0026checkedby:iptvcat.com","country":"palestine","liveliness":"100","status":"online","lastChecked":"2020-08-17T00:00:00Z","format":"sd","mbps":"1677","URI":["palestine"]},{"id":"13982","channel":"MusawaChannel","link":"http://htvpalsat.mada.ps:8888/musawa/index.m3u8?checkedby:iptvcat.com","country":"palestine","liveliness":"100","status":"online","lastChecked":"2020-08-17T00:00:00Z","format":"sd","mbps":"1099","URI":["palestine"]},{"id":"328897","channel":"Palestine Live","link":"http://red.ipfox.org:8080/live/tigerag_uFZ5wd/3dL1WNjy/15309.m3u8?checkedby:iptvcat.com","country":"palestine","liveliness":"25","status":"offline","lastChecked":"2020-08-18T00:00:00Z","format":"sd","mbps":"1967","URI":["palestine","asia","arab_countries","arab countries"]},{"id":"2152","channel":"Palestine Mubasher","link":"http://htvpalsat.mada.ps:8888/PBCLive/tracks-v1a1/mono.m3u8?checkedby:iptvcat.com","country":"palestine","liveliness":"100","status":"online","lastChecked":"2020-08-17T00:00:00Z","format":"sd","mbps":"1099","URI":["palestine"]},{"id":"25743","channel":"Palestine Satellite Channel","link":"https://cdnamd-hls-globecast.akamaized.net/live/ramdisk/palestinian_satellite_channel/hls1/palestinian_satellite_channel.m3u8?checkedby:iptvcat.com","country":"palestine","liveliness":"100","status":"online","lastChecked":"2020-08-17T00:00:00Z","format":"sd","mbps":"1052, ...","URI":["palestine"]},{"id":"22291","channel":"Palestine Satellite Channel","link":"http://cdnamd-hls-globecast.akamaized.net/live/ramdisk/palestinian_satellite_channel/hls1/palestinian_satellite_channel.m3u8?checkedby:iptvcat.com","country":"palestine","liveliness":"99","status":"online","lastChecked":"2020-08-17T00:00:00Z","format":"sd","mbps":"1052, ...","URI":["palestine"]},{"id":"2153","channel":"Palestine Satellite Channel, Palestine Sattelite Channel","link":"http://htvpalsat.mada.ps:8888/PBC/tracks-v1a1/mono.m3u8?checkedby:iptvcat.com","country":"palestine","liveliness":"100","status":"online","lastChecked":"2020-08-17T00:00:00Z","format":"sd","mbps":"1677","URI":["palestine"]},{"id":"328895","channel":"Palestine TODAY","link":"http://red.ipfox.org:8080/live/tigerag_uFZ5wd/3dL1WNjy/15308.m3u8?checkedby:iptvcat.com","country":"palestine","liveliness":"25","status":"offline","lastChecked":"2020-08-18T00:00:00Z","format":"sd","mbps":"2334","URI":["palestine","asia","arab_countries","arab countries"]},{"id":"328894","channel":"Palestine TV","link":"http://red.ipfox.org:8080/live/tigerag_uFZ5wd/3dL1WNjy/15307.m3u8?checkedby:iptvcat.com","country":"palestine","liveliness":"25","status":"offline","lastChecked":"2020-08-18T00:00:00Z","format":"hd","mbps":"5020","URI":["palestine","asia","arab_countries","arab countries"]},{"id":"19775","channel":"Wattan TV","link":"http://htvmada.mada.ps:8888/wattan/tracks-v1a1/mono.m3u8?checkedby:iptvcat.com","country":"palestine","liveliness":"94","status":"online","lastChecked":"2020-08-17T00:00:00Z","format":"hd","mbps":"7114","URI":["palestine","asia"]},{"id":"328898","channel":"AlQuds Today","link":"http://red.ipfox.org:8080/live/tigerag_uFZ5wd/3dL1WNjy/15310.m3u8?checkedby:iptvcat.com","country":"palestine","liveliness":"25","status":"offline","lastChecked":"2020-08-18T00:00:00Z","format":"sd","mbps":"1967","URI":["palestine","arab_countries","asia","arab countries"]},{"id":"19775","channel":"Wattan TV","link":"http://htvmada.mada.ps:8888/wattan/tracks-v1a1/mono.m3u8?checkedby:iptvcat.com","country":"palestine","liveliness":"94","status":"online","lastChecked":"2020-08-17T00:00:00Z","format":"hd","mbps":"7114","URI":["palestine","asia"]},{"id":"328895","channel":"Palestine TODAY","link":"http://red.ipfox.org:8080/live/tigerag_uFZ5wd/3dL1WNjy/15308.m3u8?checkedby:iptvcat.com","country":"palestine","liveliness":"25","status":"offline","lastChecked":"2020-08-18T00:00:00Z","format":"sd","mbps":"2334","URI":["palestine","asia","arab_countries","arab countries"]},{"id":"328894","channel":"Palestine TV","link":"http://red.ipfox.org:8080/live/tigerag_uFZ5wd/3dL1WNjy/15307.m3u8?checkedby:iptvcat.com","country":"palestine","liveliness":"25","status":"offline","lastChecked":"2020-08-18T00:00:00Z","format":"hd","mbps":"5020","URI":["palestine","asia","arab_countries","arab countries"]},{"id":"328897","channel":"Palestine Live","link":"http://red.ipfox.org:8080/live/tigerag_uFZ5wd/3dL1WNjy/15309.m3u8?checkedby:iptvcat.com","country":"palestine","liveliness":"25","status":"offline","lastChecked":"2020-08-18T00:00:00Z","format":"sd","mbps":"1967","URI":["palestine","asia","arab_countries","arab countries"]},{"id":"328898","channel":"AlQuds Today","link":"http://red.ipfox.org:8080/live/tigerag_uFZ5wd/3dL1WNjy/15310.m3u8?checkedby:iptvcat.com","country":"palestine","liveliness":"25","status":"offline","lastChecked":"2020-08-18T00:00:00Z","format":"sd","mbps":"1967","URI":["palestine","arab_countries","asia","arab countries"]},{"id":"328898","channel":"AlQuds Today","link":"http://red.ipfox.org:8080/live/tigerag_uFZ5wd/3dL1WNjy/15310.m3u8?checkedby:iptvcat.com","country":"palestine","liveliness":"25","status":"offline","lastChecked":"2020-08-18T00:00:00Z","format":"sd","mbps":"1967","URI":["palestine","arab_countries","asia","arab countries"]},{"id":"328898","channel":"AlQuds Today","link":"http://red.ipfox.org:8080/live/tigerag_uFZ5wd/3dL1WNjy/15310.m3u8?checkedby:iptvcat.com","country":"palestine","liveliness":"25","status":"offline","lastChecked":"2020-08-18T00:00:00Z","format":"sd","mbps":"1967","URI":["palestine","arab_countries","asia","arab countries"]},{"id":"328898","channel":"AlQuds Today","link":"http://red.ipfox.org:8080/live/tigerag_uFZ5wd/3dL1WNjy/15310.m3u8?checkedby:iptvcat.com","country":"palestine","liveliness":"25","status":"offline","lastChecked":"2020-08-18T00:00:00Z","format":"sd","mbps":"1967","URI":["palestine","arab_countries","asia","arab countries"]},{"id":"328898","channel":"AlQuds Today","link":"http://red.ipfox.org:8080/live/tigerag_uFZ5wd/3dL1WNjy/15310.m3u8?checkedby:iptvcat.com","country":"palestine","liveliness":"25","status":"offline","lastChecked":"2020-08-18T00:00:00Z","format":"sd","mbps":"1967","URI":["palestine","arab_countries","asia","arab countries"]},{"id":"328898","channel":"AlQuds Today","link":"http://red.ipfox.org:8080/live/tigerag_uFZ5wd/3dL1WNjy/15310.m3u8?checkedby:iptvcat.com","country":"palestine","liveliness":"25","status":"offline","lastChecked":"2020-08-18T00:00:00Z","format":"sd","mbps":"1967","URI":["palestine","arab_countries","asia","arab countries"]},{"id":"328897","channel":"Palestine Live","link":"http://red.ipfox.org:8080/live/tigerag_uFZ5wd/3dL1WNjy/15309.m3u8?checkedby:iptvcat.com","country":"palestine","liveliness":"25","status":"offline","lastChecked":"2020-08-18T00:00:00Z","format":"sd","mbps":"1967","URI":["palestine","asia","arab_countries","arab countries"]},{"id":"328895","channel":"Palestine TODAY","link":"http://red.ipfox.org:8080/live/tigerag_uFZ5wd/3dL1WNjy/15308.m3u8?checkedby:iptvcat.com","country":"palestine","liveliness":"25","status":"offline","lastChecked":"2020-08-18T00:00:00Z","format":"sd","mbps":"2334","URI":["palestine","asia","arab_countries","arab countries"]},{"id":"328894","channel":"Palestine TV","link":"http://red.ipfox.org:8080/live/tigerag_uFZ5wd/3dL1WNjy/15307.m3u8?checkedby:iptvcat.com","country":"palestine","liveliness":"25","status":"offline","lastChecked":"2020-08-18T00:00:00Z","format":"hd","mbps":"5020","URI":["palestine","asia","arab_countries","arab countries"]},{"id":"328898","channel":"AlQuds Today","link":"http://red.ipfox.org:8080/live/tigerag_uFZ5wd/3dL1WNjy/15310.m3u8?checkedby:iptvcat.com","country":"palestine","liveliness":"25","status":"offline","lastChecked":"2020-08-18T00:00:00Z","format":"sd","mbps":"1967","URI":["palestine","arab_countries","asia","arab countries"]},{"id":"328898","channel":"AlQuds Today","link":"http://red.ipfox.org:8080/live/tigerag_uFZ5wd/3dL1WNjy/15310.m3u8?checkedby:iptvcat.com","country":"palestine","liveliness":"25","status":"offline","lastChecked":"2020-08-18T00:00:00Z","format":"sd","mbps":"1967","URI":["palestine","arab_countries","asia","arab countries"]},{"id":"328897","channel":"Palestine Live","link":"http://red.ipfox.org:8080/live/tigerag_uFZ5wd/3dL1WNjy/15309.m3u8?checkedby:iptvcat.com","country":"palestine","liveliness":"25","status":"offline","lastChecked":"2020-08-18T00:00:00Z","format":"sd","mbps":"1967","URI":["palestine","asia","arab_countries","arab countries"]},{"id":"328895","channel":"Palestine TODAY","link":"http://red.ipfox.org:8080/live/tigerag_uFZ5wd/3dL1WNjy/15308.m3u8?checkedby:iptvcat.com","country":"palestine","liveliness":"25","status":"offline","lastChecked":"2020-08-18T00:00:00Z","format":"sd","mbps":"2334","URI":["palestine","asia","arab_countries","arab countries"]},{"id":"328894","channel":"Palestine TV","link":"http://red.ipfox.org:8080/live/tigerag_uFZ5wd/3dL1WNjy/15307.m3u8?checkedby:iptvcat.com","country":"palestine","liveliness":"25","status":"offline","lastChecked":"2020-08-18T00:00:00Z","format":"hd","mbps":"5020","URI":["palestine","asia","arab_countries","arab countries"]},{"id":"328898","channel":"AlQuds Today","link":"http://red.ipfox.org:8080/live/tigerag_uFZ5wd/3dL1WNjy/15310.m3u8?checkedby:iptvcat.com","country":"palestine","liveliness":"25","status":"offline","lastChecked":"2020-08-18T00:00:00Z","format":"sd","mbps":"1967","URI":["palestine","arab_countries","asia","arab countries"]},{"id":"328898","channel":"AlQuds Today","link":"http://red.ipfox.org:8080/live/tigerag_uFZ5wd/3dL1WNjy/15310.m3u8?checkedby:iptvcat.com","country":"palestine","liveliness":"25","status":"offline","lastChecked":"2020-08-18T00:00:00Z","format":"sd","mbps":"1967","URI":["palestine","arab_countries","asia","arab countries"]}]