[{"id":"2156","channel":"Hosanna Vision","link":"https://1206618505.rsc.cdn77.org/LS-ATL-59020-1/tracks-v1a1/mono.m3u8?checkedby:iptvcat.com","country":"panama","liveliness":"98","status":"online","lastChecked":"2020-08-17T00:00:00Z","format":"hd","mbps":"5991","URI":["panama"]},{"id":"55914","channel":"OYE CANAL 7, PA | OYE CANAL 7","link":"https://mdstrm.com/live-stream-playlist/5d88df173853e7072f3f953f.m3u8?checkedby:iptvcat.com","country":"panama","liveliness":"100","status":"online","lastChecked":"2020-08-17T00:00:00Z","format":"sd","mbps":"2743, ...","URI":["panama","north_america","north america","latin america","latin_america"]},{"id":"133108","channel":"Sertv","link":"https://accionastream.com/live/sertv/playlist.m3u8?checkedby:iptvcat.com","country":"panama","liveliness":"93","status":"online","lastChecked":"2020-08-17T00:00:00Z","format":"sd","mbps":"1765","URI":["panama","north_america","north america","latin america","latin_america"]},{"id":"2159","channel":"Sertv","link":"https://accionastream.com/live/sertv/chunklist_w1815341125.m3u8?checkedby:iptvcat.com","country":"panama","liveliness":"96","status":"online","lastChecked":"2020-08-17T00:00:00Z","format":"sd","mbps":"1765","URI":["panama"]},{"id":"133108","channel":"Sertv","link":"https://accionastream.com/live/sertv/playlist.m3u8?checkedby:iptvcat.com","country":"panama","liveliness":"93","status":"online","lastChecked":"2020-08-17T00:00:00Z","format":"sd","mbps":"1765","URI":["panama","north_america","north america","latin america","latin_america"]},{"id":"55914","channel":"OYE CANAL 7, PA | OYE CANAL 7","link":"https://mdstrm.com/live-stream-playlist/5d88df173853e7072f3f953f.m3u8?checkedby:iptvcat.com","country":"panama","liveliness":"100","status":"online","lastChecked":"2020-08-17T00:00:00Z","format":"sd","mbps":"2743, ...","URI":["panama","north_america","north america","latin america","latin_america"]},{"id":"133108","channel":"Sertv","link":"https://accionastream.com/live/sertv/playlist.m3u8?checkedby:iptvcat.com","country":"panama","liveliness":"93","status":"online","lastChecked":"2020-08-17T00:00:00Z","format":"sd","mbps":"1765","URI":["panama","north_america","north america","latin america","latin_america"]},{"id":"55914","channel":"OYE CANAL 7, PA | OYE CANAL 7","link":"https://mdstrm.com/live-stream-playlist/5d88df173853e7072f3f953f.m3u8?checkedby:iptvcat.com","country":"panama","liveliness":"100","status":"online","lastChecked":"2020-08-17T00:00:00Z","format":"sd","mbps":"2743, ...","URI":["panama","north_america","north america","latin america","latin_america"]},{"id":"133108","channel":"Sertv","link":"https://accionastream.com/live/sertv/playlist.m3u8?checkedby:iptvcat.com","country":"panama","liveliness":"93","status":"online","lastChecked":"2020-08-17T00:00:00Z","format":"sd","mbps":"1765","URI":["panama","north_america","north america","latin america","latin_america"]},{"id":"55914","channel":"OYE CANAL 7, PA | OYE CANAL 7","link":"https://mdstrm.com/live-stream-playlist/5d88df173853e7072f3f953f.m3u8?checkedby:iptvcat.com","country":"panama","liveliness":"100","status":"online","lastChecked":"2020-08-17T00:00:00Z","format":"sd","mbps":"2743, ...","URI":["panama","north_america","north america","latin america","latin_america"]},{"id":"133108","channel":"Sertv","link":"https://accionastream.com/live/sertv/playlist.m3u8?checkedby:iptvcat.com","country":"panama","liveliness":"93","status":"online","lastChecked":"2020-08-17T00:00:00Z","format":"sd","mbps":"1765","URI":["panama","north_america","north america","latin america","latin_america"]},{"id":"55914","channel":"OYE CANAL 7, PA | OYE CANAL 7","link":"https://mdstrm.com/live-stream-playlist/5d88df173853e7072f3f953f.m3u8?checkedby:iptvcat.com","country":"panama","liveliness":"100","status":"online","lastChecked":"2020-08-17T00:00:00Z","format":"sd","mbps":"2743, ...","URI":["panama","north_america","north america","latin america","latin_america"]}]