[{"id":"133109","channel":"Unicanal","link":"http://45.55.127.106/live/unicanal.m3u8?checkedby:iptvcat.com","country":"paraguay","liveliness":"86","status":"offline","lastChecked":"2020-08-17T00:00:00Z","format":"sd","mbps":"1494, ...","URI":["paraguay_","south_america","south america","latin america","latin_america"]},{"id":"133109","channel":"Unicanal","link":"http://45.55.127.106/live/unicanal.m3u8?checkedby:iptvcat.com","country":"paraguay","liveliness":"86","status":"offline","lastChecked":"2020-08-17T00:00:00Z","format":"sd","mbps":"1494, ...","URI":["paraguay_","south_america","south america","latin america","latin_america"]},{"id":"133109","channel":"Unicanal","link":"http://45.55.127.106/live/unicanal.m3u8?checkedby:iptvcat.com","country":"paraguay","liveliness":"86","status":"offline","lastChecked":"2020-08-17T00:00:00Z","format":"sd","mbps":"1494, ...","URI":["paraguay_","south_america","south america","latin america","latin_america"]},{"id":"133109","channel":"Unicanal","link":"http://45.55.127.106/live/unicanal.m3u8?checkedby:iptvcat.com","country":"paraguay","liveliness":"86","status":"offline","lastChecked":"2020-08-17T00:00:00Z","format":"sd","mbps":"1494, ...","URI":["paraguay_","south_america","south america","latin america","latin_america"]},{"id":"133109","channel":"Unicanal","link":"http://45.55.127.106/live/unicanal.m3u8?checkedby:iptvcat.com","country":"paraguay","liveliness":"86","status":"offline","lastChecked":"2020-08-17T00:00:00Z","format":"sd","mbps":"1494, ...","URI":["paraguay_","south_america","south america","latin america","latin_america"]}]