[{"id":"2166","channel":"BHtv","link":"http://cdn2.ujjina.com:1935/iptvbhtv/livebhtvtv/playlist.m3u8?checkedby:iptvcat.com","country":"peru","liveliness":"99","status":"online","lastChecked":"2020-08-17T00:00:00Z","format":"hd","mbps":"4318","URI":["peru"]},{"id":"2165","channel":"BHtv","link":"http://cdn2.ujjina.com:1935/iptvbhtv/livebhtvtv/media_w554966584.m3u8?checkedby:iptvcat.com","country":"peru","liveliness":"98","status":"online","lastChecked":"2020-08-17T00:00:00Z","format":"hd","mbps":"4318","URI":["peru"]},{"id":"2164","channel":"BHtv","link":"http://cdn1.ujjina.com:1935/iptvbhtv/livebhtvtv/playlist.m3u8?checkedby:iptvcat.com","country":"peru","liveliness":"99","status":"online","lastChecked":"2020-08-17T00:00:00Z","format":"hd","mbps":"4318","URI":["peru"]},{"id":"2163","channel":"BHtv","link":"http://cdn1.ujjina.com:1935/iptvbhtv/livebhtvtv/.m3u8?checkedby:iptvcat.com","country":"peru","liveliness":"99","status":"online","lastChecked":"2020-08-17T00:00:00Z","format":"hd","mbps":"4318","URI":["peru"]},{"id":"133110","channel":"Cultura 24 TV","link":"https://vs8.live.opencaster.com/cultura24/smil:cultura24/playlist.m3u8?checkedby:iptvcat.com","country":"peru","liveliness":"100","status":"online","lastChecked":"2020-08-18T00:00:00Z","format":"sd","mbps":"1181","URI":["peru","south_america","south america","latin america","latin_america"]},{"id":"2170","channel":"Cultura 24 TV","link":"http://vs8.live.opencaster.com/cultura24/smil:cultura24/playlist.m3u8?checkedby:iptvcat.com","country":"peru","liveliness":"99","status":"online","lastChecked":"2020-08-17T00:00:00Z","format":"sd","mbps":"1181","URI":["peru"]},{"id":"2169","channel":"Cultura 24 TV","link":"http://vs8.live.opencaster.com/cultura24/smil:cultura24/chunklist_w1710773429_b564000_sles.m3u8?checkedby:iptvcat.com","country":"peru","liveliness":"99","status":"online","lastChecked":"2020-08-17T00:00:00Z","format":"sd","mbps":"1073","URI":["peru"]},{"id":"2171","channel":"IPE","link":"http://cdnh4.iblups.com/hls/OVJNKV4pSr.m3u8?checkedby:iptvcat.com","country":"peru","liveliness":"96","status":"online","lastChecked":"2020-08-17T00:00:00Z","format":"sd","mbps":"1600","URI":["peru"]},{"id":"133111","channel":"Monterrico TV","link":"https://vs8.live.opencaster.com/20100152275/jcpstream/playlist.m3u8?checkedby:iptvcat.com","country":"peru","liveliness":"88","status":"online","lastChecked":"2020-08-17T00:00:00Z","format":"fhd 2k","mbps":"13311","URI":["peru","south_america","south america","latin america","latin_america"]},{"id":"133112","channel":"Pax TV","link":"https://d2fxrfbiedz1tm.cloudfront.net/livepaxtv/smil:PC.smil/playlist.m3u8?checkedby:iptvcat.com","country":"peru","liveliness":"100","status":"online","lastChecked":"2020-08-18T00:00:00Z","format":"sd","mbps":"1073","URI":["peru","south_america","south america","latin america","latin_america"]},{"id":"2174","channel":"Pax TV","link":"http://d2fxrfbiedz1tm.cloudfront.net/livepaxtv/smil:PC.smil/playlist.m3u8?checkedby:iptvcat.com","country":"peru","liveliness":"99","status":"online","lastChecked":"2020-08-17T00:00:00Z","format":"sd","mbps":"1073","URI":["peru"]},{"id":"133112","channel":"Pax TV","link":"https://d2fxrfbiedz1tm.cloudfront.net/livepaxtv/smil:PC.smil/playlist.m3u8?checkedby:iptvcat.com","country":"peru","liveliness":"100","status":"online","lastChecked":"2020-08-18T00:00:00Z","format":"sd","mbps":"1073","URI":["peru","south_america","south america","latin america","latin_america"]},{"id":"133111","channel":"Monterrico TV","link":"https://vs8.live.opencaster.com/20100152275/jcpstream/playlist.m3u8?checkedby:iptvcat.com","country":"peru","liveliness":"88","status":"online","lastChecked":"2020-08-17T00:00:00Z","format":"fhd 2k","mbps":"13311","URI":["peru","south_america","south america","latin america","latin_america"]},{"id":"133110","channel":"Cultura 24 TV","link":"https://vs8.live.opencaster.com/cultura24/smil:cultura24/playlist.m3u8?checkedby:iptvcat.com","country":"peru","liveliness":"100","status":"online","lastChecked":"2020-08-18T00:00:00Z","format":"sd","mbps":"1181","URI":["peru","south_america","south america","latin america","latin_america"]},{"id":"133112","channel":"Pax TV","link":"https://d2fxrfbiedz1tm.cloudfront.net/livepaxtv/smil:PC.smil/playlist.m3u8?checkedby:iptvcat.com","country":"peru","liveliness":"100","status":"online","lastChecked":"2020-08-18T00:00:00Z","format":"sd","mbps":"1073","URI":["peru","south_america","south america","latin america","latin_america"]},{"id":"133111","channel":"Monterrico TV","link":"https://vs8.live.opencaster.com/20100152275/jcpstream/playlist.m3u8?checkedby:iptvcat.com","country":"peru","liveliness":"88","status":"online","lastChecked":"2020-08-17T00:00:00Z","format":"fhd 2k","mbps":"13311","URI":["peru","south_america","south america","latin america","latin_america"]},{"id":"133110","channel":"Cultura 24 TV","link":"https://vs8.live.opencaster.com/cultura24/smil:cultura24/playlist.m3u8?checkedby:iptvcat.com","country":"peru","liveliness":"100","status":"online","lastChecked":"2020-08-18T00:00:00Z","format":"sd","mbps":"1181","URI":["peru","south_america","south america","latin america","latin_america"]},{"id":"133112","channel":"Pax TV","link":"https://d2fxrfbiedz1tm.cloudfront.net/livepaxtv/smil:PC.smil/playlist.m3u8?checkedby:iptvcat.com","country":"peru","liveliness":"100","status":"online","lastChecked":"2020-08-18T00:00:00Z","format":"sd","mbps":"1073","URI":["peru","south_america","south america","latin america","latin_america"]},{"id":"133111","channel":"Monterrico TV","link":"https://vs8.live.opencaster.com/20100152275/jcpstream/playlist.m3u8?checkedby:iptvcat.com","country":"peru","liveliness":"88","status":"online","lastChecked":"2020-08-17T00:00:00Z","format":"fhd 2k","mbps":"13311","URI":["peru","south_america","south america","latin america","latin_america"]},{"id":"133110","channel":"Cultura 24 TV","link":"https://vs8.live.opencaster.com/cultura24/smil:cultura24/playlist.m3u8?checkedby:iptvcat.com","country":"peru","liveliness":"100","status":"online","lastChecked":"2020-08-18T00:00:00Z","format":"sd","mbps":"1181","URI":["peru","south_america","south america","latin america","latin_america"]},{"id":"133112","channel":"Pax TV","link":"https://d2fxrfbiedz1tm.cloudfront.net/livepaxtv/smil:PC.smil/playlist.m3u8?checkedby:iptvcat.com","country":"peru","liveliness":"100","status":"online","lastChecked":"2020-08-18T00:00:00Z","format":"sd","mbps":"1073","URI":["peru","south_america","south america","latin america","latin_america"]},{"id":"133111","channel":"Monterrico TV","link":"https://vs8.live.opencaster.com/20100152275/jcpstream/playlist.m3u8?checkedby:iptvcat.com","country":"peru","liveliness":"88","status":"online","lastChecked":"2020-08-17T00:00:00Z","format":"fhd 2k","mbps":"13311","URI":["peru","south_america","south america","latin america","latin_america"]},{"id":"133110","channel":"Cultura 24 TV","link":"https://vs8.live.opencaster.com/cultura24/smil:cultura24/playlist.m3u8?checkedby:iptvcat.com","country":"peru","liveliness":"100","status":"online","lastChecked":"2020-08-18T00:00:00Z","format":"sd","mbps":"1181","URI":["peru","south_america","south america","latin america","latin_america"]}]