[{"id":"13984","channel":"Beam TV","link":"https://d3cbe0gidjd4k2.cloudfront.net/channel_5/channel5/chunklist_w1001324973.m3u8?checkedby:iptvcat.com","country":"philippines","liveliness":"83","status":"online","lastChecked":"2020-08-17T00:00:00Z","format":"sd","mbps":"2636","URI":["philippines"]},{"id":"133113","channel":"Beam TV","link":"https://d3cbe0gidjd4k2.cloudfront.net/channel_5/channel5/playlist.m3u8?checkedby:iptvcat.com","country":"philippines","liveliness":"75","status":"online","lastChecked":"2020-08-17T00:00:00Z","format":"sd","mbps":"2636","URI":["philippines","asia"]},{"id":"133114","channel":"CNN Philippines","link":"https://df7lqp0btxdx2.cloudfront.net/11227.m3u8?checkedby:iptvcat.com","country":"philippines","liveliness":"70","status":"online","lastChecked":"2020-08-17T00:00:00Z","format":"sd","mbps":"626, ...","URI":["philippines","asia"]},{"id":"2185","channel":"CNN Phillippines","link":"http://54.251.134.121:1935/live/15273.sdp/playlist.m3u8?checkedby:iptvcat.com","country":"philippines","liveliness":"84","status":"online","lastChecked":"2020-08-17T00:00:00Z","format":"sd","mbps":"2088","URI":["philippines"]},{"id":"13985","channel":"Inquirer 990 Television","link":"https://d3cbe0gidjd4k2.cloudfront.net/channel_7/channel7/chunklist_w842017402.m3u8?checkedby:iptvcat.com","country":"philippines","liveliness":"84","status":"online","lastChecked":"2020-08-17T00:00:00Z","format":"sd","mbps":"1922","URI":["philippines"]},{"id":"56067","channel":"Inquirer 990 Television, PH | Inquirer 990 Television","link":"http://59c3ec70cfde0.streamlock.net/channel_7/channel7/chunklist.m3u8?checkedby:iptvcat.com","country":"philippines","liveliness":"77","status":"online","lastChecked":"2020-08-17T00:00:00Z","format":"sd","mbps":"1922","URI":["philippines","asia"]},{"id":"56066","channel":"Life TV, PH | Life TV","link":"http://59c3ec70cfde0.streamlock.net/channel_6/channel6/chunklist.m3u8?checkedby:iptvcat.com","country":"philippines","liveliness":"76","status":"online","lastChecked":"2020-08-17T00:00:00Z","format":"sd","mbps":"1922","URI":["philippines","asia"]},{"id":"13986","channel":"Life TV Asia","link":"https://d3cbe0gidjd4k2.cloudfront.net/channel_6/channel6/chunklist_w1653262029.m3u8?checkedby:iptvcat.com","country":"philippines","liveliness":"83","status":"online","lastChecked":"2020-08-17T00:00:00Z","format":"sd","mbps":"1922","URI":["philippines"]},{"id":"56065","channel":"PH | Pilipinas HD, Pilipinas HD","link":"http://59c3ec70cfde0.streamlock.net/channel_5/channel5/chunklist.m3u8?checkedby:iptvcat.com","country":"philippines","liveliness":"77","status":"online","lastChecked":"2020-08-17T00:00:00Z","format":"sd","mbps":"2636","URI":["philippines","asia"]},{"id":"307639","channel":"SD","link":"http://hdonline.ml:80/live/kam/kam/6903.m3u8?checkedby:iptvcat.com","country":"philippines","liveliness":"44","status":"online","lastChecked":"2020-08-17T00:00:00Z","format":"sd","mbps":"1600","URI":["philippines","asia"]},{"id":"307583","channel":"SD","link":"http://hdonline.ml:80/live/kam/kam/6893.m3u8?checkedby:iptvcat.com","country":"philippines","liveliness":"44","status":"online","lastChecked":"2020-08-17T00:00:00Z","format":"sd","mbps":"1600","URI":["philippines","asia"]},{"id":"307536","channel":"SD","link":"http://hdonline.ml:80/live/kam/kam/6873.m3u8?checkedby:iptvcat.com","country":"philippines","liveliness":"56","status":"online","lastChecked":"2020-08-17T00:00:00Z","format":"sd","mbps":"1600","URI":["philippines","asia"]},{"id":"307572","channel":"SD","link":"http://hdonline.ml:80/live/kam/kam/6891.m3u8?checkedby:iptvcat.com","country":"philippines","liveliness":"27","status":"offline","lastChecked":"2020-08-19T00:00:00Z","format":"sd","mbps":"1998","URI":["philippines","asia"]},{"id":"307551","channel":"SD","link":"http://hdonline.ml:80/live/kam/kam/6887.m3u8?checkedby:iptvcat.com","country":"philippines","liveliness":"25","status":"offline","lastChecked":"2020-08-19T00:00:00Z","format":"sd","mbps":"1600","URI":["philippines","asia"]},{"id":"307545","channel":"SD","link":"http://hdonline.ml:80/live/kam/kam/6884.m3u8?checkedby:iptvcat.com","country":"philippines","liveliness":"25","status":"offline","lastChecked":"2020-08-19T00:00:00Z","format":"sd","mbps":"1357","URI":["philippines","asia"]},{"id":"307543","channel":"SD","link":"http://hdonline.ml:80/live/kam/kam/6882.m3u8?checkedby:iptvcat.com","country":"philippines","liveliness":"27","status":"offline","lastChecked":"2020-08-19T00:00:00Z","format":"sd","mbps":"1600","URI":["philippines","asia"]},{"id":"307542","channel":"SD","link":"http://hdonline.ml:80/live/kam/kam/6880.m3u8?checkedby:iptvcat.com","country":"philippines","liveliness":"25","status":"offline","lastChecked":"2020-08-18T00:00:00Z","format":"sd","mbps":"1357","URI":["philippines","asia"]},{"id":"307539","channel":"SD","link":"http://hdonline.ml:80/live/kam/kam/6878.m3u8?checkedby:iptvcat.com","country":"philippines","liveliness":"38","status":"offline","lastChecked":"2020-08-19T00:00:00Z","format":"sd","mbps":"1357","URI":["philippines","asia"]},{"id":"307529","channel":"SD","link":"http://hdonline.ml:80/live/kam/kam/6869.m3u8?checkedby:iptvcat.com","country":"philippines","liveliness":"36","status":"offline","lastChecked":"2020-08-18T00:00:00Z","format":"sd","mbps":"1998","URI":["philippines","asia"]},{"id":"13989","channel":"SMNI","link":"http://api.new.livestream.com/accounts/19079954/events/7831871/live.m3u8?checkedby:iptvcat.com","country":"philippines","liveliness":"94","status":"offline","lastChecked":"2020-08-17T00:00:00Z","format":"hd","mbps":"5997","URI":["philippines"]},{"id":"133116","channel":"SMNI","link":"https://api.new.livestream.com/accounts/19079954/events/7831871/live.m3u8?checkedby:iptvcat.com","country":"philippines","liveliness":"87","status":"offline","lastChecked":"2020-08-17T00:00:00Z","format":"hd","mbps":"5997","URI":["philippines","asia"]},{"id":"2187","channel":"UNTV","link":"https://untv.mmdlive.lldns.net/untv/97cc8d2c46bd43b78e0b112761ab71fe/master.m3u8?checkedby:iptvcat.com","country":"philippines","liveliness":"99","status":"online","lastChecked":"2020-08-17T00:00:00Z","format":"sd","mbps":"1983, ...","URI":["philippines"]},{"id":"307539","channel":"SD","link":"http://hdonline.ml:80/live/kam/kam/6878.m3u8?checkedby:iptvcat.com","country":"philippines","liveliness":"38","status":"offline","lastChecked":"2020-08-19T00:00:00Z","format":"sd","mbps":"1357","URI":["philippines","asia"]},{"id":"307529","channel":"SD","link":"http://hdonline.ml:80/live/kam/kam/6869.m3u8?checkedby:iptvcat.com","country":"philippines","liveliness":"36","status":"offline","lastChecked":"2020-08-18T00:00:00Z","format":"sd","mbps":"1998","URI":["philippines","asia"]},{"id":"133116","channel":"SMNI","link":"https://api.new.livestream.com/accounts/19079954/events/7831871/live.m3u8?checkedby:iptvcat.com","country":"philippines","liveliness":"87","status":"offline","lastChecked":"2020-08-17T00:00:00Z","format":"hd","mbps":"5997","URI":["philippines","asia"]},{"id":"307639","channel":"SD","link":"http://hdonline.ml:80/live/kam/kam/6903.m3u8?checkedby:iptvcat.com","country":"philippines","liveliness":"44","status":"online","lastChecked":"2020-08-17T00:00:00Z","format":"sd","mbps":"1600","URI":["philippines","asia"]},{"id":"307583","channel":"SD","link":"http://hdonline.ml:80/live/kam/kam/6893.m3u8?checkedby:iptvcat.com","country":"philippines","liveliness":"44","status":"online","lastChecked":"2020-08-17T00:00:00Z","format":"sd","mbps":"1600","URI":["philippines","asia"]},{"id":"307536","channel":"SD","link":"http://hdonline.ml:80/live/kam/kam/6873.m3u8?checkedby:iptvcat.com","country":"philippines","liveliness":"56","status":"online","lastChecked":"2020-08-17T00:00:00Z","format":"sd","mbps":"1600","URI":["philippines","asia"]},{"id":"307572","channel":"SD","link":"http://hdonline.ml:80/live/kam/kam/6891.m3u8?checkedby:iptvcat.com","country":"philippines","liveliness":"27","status":"offline","lastChecked":"2020-08-19T00:00:00Z","format":"sd","mbps":"1998","URI":["philippines","asia"]},{"id":"307551","channel":"SD","link":"http://hdonline.ml:80/live/kam/kam/6887.m3u8?checkedby:iptvcat.com","country":"philippines","liveliness":"25","status":"offline","lastChecked":"2020-08-19T00:00:00Z","format":"sd","mbps":"1600","URI":["philippines","asia"]},{"id":"307545","channel":"SD","link":"http://hdonline.ml:80/live/kam/kam/6884.m3u8?checkedby:iptvcat.com","country":"philippines","liveliness":"25","status":"offline","lastChecked":"2020-08-19T00:00:00Z","format":"sd","mbps":"1357","URI":["philippines","asia"]},{"id":"307543","channel":"SD","link":"http://hdonline.ml:80/live/kam/kam/6882.m3u8?checkedby:iptvcat.com","country":"philippines","liveliness":"27","status":"offline","lastChecked":"2020-08-19T00:00:00Z","format":"sd","mbps":"1600","URI":["philippines","asia"]},{"id":"307542","channel":"SD","link":"http://hdonline.ml:80/live/kam/kam/6880.m3u8?checkedby:iptvcat.com","country":"philippines","liveliness":"25","status":"offline","lastChecked":"2020-08-18T00:00:00Z","format":"sd","mbps":"1357","URI":["philippines","asia"]},{"id":"56066","channel":"Life TV, PH | Life TV","link":"http://59c3ec70cfde0.streamlock.net/channel_6/channel6/chunklist.m3u8?checkedby:iptvcat.com","country":"philippines","liveliness":"76","status":"online","lastChecked":"2020-08-17T00:00:00Z","format":"sd","mbps":"1922","URI":["philippines","asia"]},{"id":"56065","channel":"PH | Pilipinas HD, Pilipinas HD","link":"http://59c3ec70cfde0.streamlock.net/channel_5/channel5/chunklist.m3u8?checkedby:iptvcat.com","country":"philippines","liveliness":"77","status":"online","lastChecked":"2020-08-17T00:00:00Z","format":"sd","mbps":"2636","URI":["philippines","asia"]},{"id":"56067","channel":"Inquirer 990 Television, PH | Inquirer 990 Television","link":"http://59c3ec70cfde0.streamlock.net/channel_7/channel7/chunklist.m3u8?checkedby:iptvcat.com","country":"philippines","liveliness":"77","status":"online","lastChecked":"2020-08-17T00:00:00Z","format":"sd","mbps":"1922","URI":["philippines","asia"]},{"id":"133113","channel":"Beam TV","link":"https://d3cbe0gidjd4k2.cloudfront.net/channel_5/channel5/playlist.m3u8?checkedby:iptvcat.com","country":"philippines","liveliness":"75","status":"online","lastChecked":"2020-08-17T00:00:00Z","format":"sd","mbps":"2636","URI":["philippines","asia"]},{"id":"133114","channel":"CNN Philippines","link":"https://df7lqp0btxdx2.cloudfront.net/11227.m3u8?checkedby:iptvcat.com","country":"philippines","liveliness":"70","status":"online","lastChecked":"2020-08-17T00:00:00Z","format":"sd","mbps":"626, ...","URI":["philippines","asia"]},{"id":"133113","channel":"Beam TV","link":"https://d3cbe0gidjd4k2.cloudfront.net/channel_5/channel5/playlist.m3u8?checkedby:iptvcat.com","country":"philippines","liveliness":"75","status":"online","lastChecked":"2020-08-17T00:00:00Z","format":"sd","mbps":"2636","URI":["philippines","asia"]},{"id":"13984","channel":"Beam TV","link":"https://d3cbe0gidjd4k2.cloudfront.net/channel_5/channel5/chunklist_w1001324973.m3u8?checkedby:iptvcat.com","country":"philippines","liveliness":"83","status":"online","lastChecked":"2020-08-17T00:00:00Z","format":"sd","mbps":"2636","URI":["philippines"]},{"id":"133114","channel":"CNN Philippines","link":"https://df7lqp0btxdx2.cloudfront.net/11227.m3u8?checkedby:iptvcat.com","country":"philippines","liveliness":"70","status":"online","lastChecked":"2020-08-17T00:00:00Z","format":"sd","mbps":"626, ...","URI":["philippines","asia"]},{"id":"2185","channel":"CNN Phillippines","link":"http://54.251.134.121:1935/live/15273.sdp/playlist.m3u8?checkedby:iptvcat.com","country":"philippines","liveliness":"84","status":"online","lastChecked":"2020-08-17T00:00:00Z","format":"sd","mbps":"2088","URI":["philippines"]},{"id":"56067","channel":"Inquirer 990 Television, PH | Inquirer 990 Television","link":"http://59c3ec70cfde0.streamlock.net/channel_7/channel7/chunklist.m3u8?checkedby:iptvcat.com","country":"philippines","liveliness":"77","status":"online","lastChecked":"2020-08-17T00:00:00Z","format":"sd","mbps":"1922","URI":["philippines","asia"]},{"id":"13985","channel":"Inquirer 990 Television","link":"https://d3cbe0gidjd4k2.cloudfront.net/channel_7/channel7/chunklist_w842017402.m3u8?checkedby:iptvcat.com","country":"philippines","liveliness":"84","status":"online","lastChecked":"2020-08-17T00:00:00Z","format":"sd","mbps":"1922","URI":["philippines"]},{"id":"56066","channel":"Life TV, PH | Life TV","link":"http://59c3ec70cfde0.streamlock.net/channel_6/channel6/chunklist.m3u8?checkedby:iptvcat.com","country":"philippines","liveliness":"76","status":"online","lastChecked":"2020-08-17T00:00:00Z","format":"sd","mbps":"1922","URI":["philippines","asia"]},{"id":"13986","channel":"Life TV Asia","link":"https://d3cbe0gidjd4k2.cloudfront.net/channel_6/channel6/chunklist_w1653262029.m3u8?checkedby:iptvcat.com","country":"philippines","liveliness":"83","status":"online","lastChecked":"2020-08-17T00:00:00Z","format":"sd","mbps":"1922","URI":["philippines"]},{"id":"56065","channel":"PH | Pilipinas HD, Pilipinas HD","link":"http://59c3ec70cfde0.streamlock.net/channel_5/channel5/chunklist.m3u8?checkedby:iptvcat.com","country":"philippines","liveliness":"77","status":"online","lastChecked":"2020-08-17T00:00:00Z","format":"sd","mbps":"2636","URI":["philippines","asia"]},{"id":"307639","channel":"SD","link":"http://hdonline.ml:80/live/kam/kam/6903.m3u8?checkedby:iptvcat.com","country":"philippines","liveliness":"44","status":"online","lastChecked":"2020-08-17T00:00:00Z","format":"sd","mbps":"1600","URI":["philippines","asia"]},{"id":"307583","channel":"SD","link":"http://hdonline.ml:80/live/kam/kam/6893.m3u8?checkedby:iptvcat.com","country":"philippines","liveliness":"44","status":"online","lastChecked":"2020-08-17T00:00:00Z","format":"sd","mbps":"1600","URI":["philippines","asia"]},{"id":"307536","channel":"SD","link":"http://hdonline.ml:80/live/kam/kam/6873.m3u8?checkedby:iptvcat.com","country":"philippines","liveliness":"56","status":"online","lastChecked":"2020-08-17T00:00:00Z","format":"sd","mbps":"1600","URI":["philippines","asia"]},{"id":"307572","channel":"SD","link":"http://hdonline.ml:80/live/kam/kam/6891.m3u8?checkedby:iptvcat.com","country":"philippines","liveliness":"27","status":"offline","lastChecked":"2020-08-19T00:00:00Z","format":"sd","mbps":"1998","URI":["philippines","asia"]},{"id":"307551","channel":"SD","link":"http://hdonline.ml:80/live/kam/kam/6887.m3u8?checkedby:iptvcat.com","country":"philippines","liveliness":"25","status":"offline","lastChecked":"2020-08-19T00:00:00Z","format":"sd","mbps":"1600","URI":["philippines","asia"]},{"id":"307545","channel":"SD","link":"http://hdonline.ml:80/live/kam/kam/6884.m3u8?checkedby:iptvcat.com","country":"philippines","liveliness":"25","status":"offline","lastChecked":"2020-08-19T00:00:00Z","format":"sd","mbps":"1357","URI":["philippines","asia"]},{"id":"307543","channel":"SD","link":"http://hdonline.ml:80/live/kam/kam/6882.m3u8?checkedby:iptvcat.com","country":"philippines","liveliness":"27","status":"offline","lastChecked":"2020-08-19T00:00:00Z","format":"sd","mbps":"1600","URI":["philippines","asia"]},{"id":"307542","channel":"SD","link":"http://hdonline.ml:80/live/kam/kam/6880.m3u8?checkedby:iptvcat.com","country":"philippines","liveliness":"25","status":"offline","lastChecked":"2020-08-18T00:00:00Z","format":"sd","mbps":"1357","URI":["philippines","asia"]},{"id":"307539","channel":"SD","link":"http://hdonline.ml:80/live/kam/kam/6878.m3u8?checkedby:iptvcat.com","country":"philippines","liveliness":"38","status":"offline","lastChecked":"2020-08-19T00:00:00Z","format":"sd","mbps":"1357","URI":["philippines","asia"]},{"id":"307529","channel":"SD","link":"http://hdonline.ml:80/live/kam/kam/6869.m3u8?checkedby:iptvcat.com","country":"philippines","liveliness":"36","status":"offline","lastChecked":"2020-08-18T00:00:00Z","format":"sd","mbps":"1998","URI":["philippines","asia"]},{"id":"13989","channel":"SMNI","link":"http://api.new.livestream.com/accounts/19079954/events/7831871/live.m3u8?checkedby:iptvcat.com","country":"philippines","liveliness":"94","status":"offline","lastChecked":"2020-08-17T00:00:00Z","format":"hd","mbps":"5997","URI":["philippines"]},{"id":"133116","channel":"SMNI","link":"https://api.new.livestream.com/accounts/19079954/events/7831871/live.m3u8?checkedby:iptvcat.com","country":"philippines","liveliness":"87","status":"offline","lastChecked":"2020-08-17T00:00:00Z","format":"hd","mbps":"5997","URI":["philippines","asia"]},{"id":"2187","channel":"UNTV","link":"https://untv.mmdlive.lldns.net/untv/97cc8d2c46bd43b78e0b112761ab71fe/master.m3u8?checkedby:iptvcat.com","country":"philippines","liveliness":"99","status":"online","lastChecked":"2020-08-17T00:00:00Z","format":"sd","mbps":"1983, ...","URI":["philippines"]},{"id":"133113","channel":"Beam TV","link":"https://d3cbe0gidjd4k2.cloudfront.net/channel_5/channel5/playlist.m3u8?checkedby:iptvcat.com","country":"philippines","liveliness":"75","status":"online","lastChecked":"2020-08-17T00:00:00Z","format":"sd","mbps":"2636","URI":["philippines","asia"]},{"id":"13984","channel":"Beam TV","link":"https://d3cbe0gidjd4k2.cloudfront.net/channel_5/channel5/chunklist_w1001324973.m3u8?checkedby:iptvcat.com","country":"philippines","liveliness":"83","status":"online","lastChecked":"2020-08-17T00:00:00Z","format":"sd","mbps":"2636","URI":["philippines"]},{"id":"133114","channel":"CNN Philippines","link":"https://df7lqp0btxdx2.cloudfront.net/11227.m3u8?checkedby:iptvcat.com","country":"philippines","liveliness":"70","status":"online","lastChecked":"2020-08-17T00:00:00Z","format":"sd","mbps":"626, ...","URI":["philippines","asia"]},{"id":"2185","channel":"CNN Phillippines","link":"http://54.251.134.121:1935/live/15273.sdp/playlist.m3u8?checkedby:iptvcat.com","country":"philippines","liveliness":"84","status":"online","lastChecked":"2020-08-17T00:00:00Z","format":"sd","mbps":"2088","URI":["philippines"]},{"id":"56067","channel":"Inquirer 990 Television, PH | Inquirer 990 Television","link":"http://59c3ec70cfde0.streamlock.net/channel_7/channel7/chunklist.m3u8?checkedby:iptvcat.com","country":"philippines","liveliness":"77","status":"online","lastChecked":"2020-08-17T00:00:00Z","format":"sd","mbps":"1922","URI":["philippines","asia"]},{"id":"13985","channel":"Inquirer 990 Television","link":"https://d3cbe0gidjd4k2.cloudfront.net/channel_7/channel7/chunklist_w842017402.m3u8?checkedby:iptvcat.com","country":"philippines","liveliness":"84","status":"online","lastChecked":"2020-08-17T00:00:00Z","format":"sd","mbps":"1922","URI":["philippines"]},{"id":"56066","channel":"Life TV, PH | Life TV","link":"http://59c3ec70cfde0.streamlock.net/channel_6/channel6/chunklist.m3u8?checkedby:iptvcat.com","country":"philippines","liveliness":"76","status":"online","lastChecked":"2020-08-17T00:00:00Z","format":"sd","mbps":"1922","URI":["philippines","asia"]},{"id":"13986","channel":"Life TV Asia","link":"https://d3cbe0gidjd4k2.cloudfront.net/channel_6/channel6/chunklist_w1653262029.m3u8?checkedby:iptvcat.com","country":"philippines","liveliness":"83","status":"online","lastChecked":"2020-08-17T00:00:00Z","format":"sd","mbps":"1922","URI":["philippines"]},{"id":"56065","channel":"PH | Pilipinas HD, Pilipinas HD","link":"http://59c3ec70cfde0.streamlock.net/channel_5/channel5/chunklist.m3u8?checkedby:iptvcat.com","country":"philippines","liveliness":"77","status":"online","lastChecked":"2020-08-17T00:00:00Z","format":"sd","mbps":"2636","URI":["philippines","asia"]},{"id":"307639","channel":"SD","link":"http://hdonline.ml:80/live/kam/kam/6903.m3u8?checkedby:iptvcat.com","country":"philippines","liveliness":"44","status":"online","lastChecked":"2020-08-17T00:00:00Z","format":"sd","mbps":"1600","URI":["philippines","asia"]},{"id":"307583","channel":"SD","link":"http://hdonline.ml:80/live/kam/kam/6893.m3u8?checkedby:iptvcat.com","country":"philippines","liveliness":"44","status":"online","lastChecked":"2020-08-17T00:00:00Z","format":"sd","mbps":"1600","URI":["philippines","asia"]},{"id":"307536","channel":"SD","link":"http://hdonline.ml:80/live/kam/kam/6873.m3u8?checkedby:iptvcat.com","country":"philippines","liveliness":"56","status":"online","lastChecked":"2020-08-17T00:00:00Z","format":"sd","mbps":"1600","URI":["philippines","asia"]},{"id":"307572","channel":"SD","link":"http://hdonline.ml:80/live/kam/kam/6891.m3u8?checkedby:iptvcat.com","country":"philippines","liveliness":"27","status":"offline","lastChecked":"2020-08-19T00:00:00Z","format":"sd","mbps":"1998","URI":["philippines","asia"]},{"id":"307551","channel":"SD","link":"http://hdonline.ml:80/live/kam/kam/6887.m3u8?checkedby:iptvcat.com","country":"philippines","liveliness":"25","status":"offline","lastChecked":"2020-08-19T00:00:00Z","format":"sd","mbps":"1600","URI":["philippines","asia"]},{"id":"307545","channel":"SD","link":"http://hdonline.ml:80/live/kam/kam/6884.m3u8?checkedby:iptvcat.com","country":"philippines","liveliness":"25","status":"offline","lastChecked":"2020-08-19T00:00:00Z","format":"sd","mbps":"1357","URI":["philippines","asia"]},{"id":"307543","channel":"SD","link":"http://hdonline.ml:80/live/kam/kam/6882.m3u8?checkedby:iptvcat.com","country":"philippines","liveliness":"27","status":"offline","lastChecked":"2020-08-19T00:00:00Z","format":"sd","mbps":"1600","URI":["philippines","asia"]},{"id":"307542","channel":"SD","link":"http://hdonline.ml:80/live/kam/kam/6880.m3u8?checkedby:iptvcat.com","country":"philippines","liveliness":"25","status":"offline","lastChecked":"2020-08-18T00:00:00Z","format":"sd","mbps":"1357","URI":["philippines","asia"]},{"id":"307539","channel":"SD","link":"http://hdonline.ml:80/live/kam/kam/6878.m3u8?checkedby:iptvcat.com","country":"philippines","liveliness":"38","status":"offline","lastChecked":"2020-08-19T00:00:00Z","format":"sd","mbps":"1357","URI":["philippines","asia"]},{"id":"307529","channel":"SD","link":"http://hdonline.ml:80/live/kam/kam/6869.m3u8?checkedby:iptvcat.com","country":"philippines","liveliness":"36","status":"offline","lastChecked":"2020-08-18T00:00:00Z","format":"sd","mbps":"1998","URI":["philippines","asia"]},{"id":"13989","channel":"SMNI","link":"http://api.new.livestream.com/accounts/19079954/events/7831871/live.m3u8?checkedby:iptvcat.com","country":"philippines","liveliness":"94","status":"offline","lastChecked":"2020-08-17T00:00:00Z","format":"hd","mbps":"5997","URI":["philippines"]},{"id":"133116","channel":"SMNI","link":"https://api.new.livestream.com/accounts/19079954/events/7831871/live.m3u8?checkedby:iptvcat.com","country":"philippines","liveliness":"87","status":"offline","lastChecked":"2020-08-17T00:00:00Z","format":"hd","mbps":"5997","URI":["philippines","asia"]},{"id":"2187","channel":"UNTV","link":"https://untv.mmdlive.lldns.net/untv/97cc8d2c46bd43b78e0b112761ab71fe/master.m3u8?checkedby:iptvcat.com","country":"philippines","liveliness":"99","status":"online","lastChecked":"2020-08-17T00:00:00Z","format":"sd","mbps":"1983, ...","URI":["philippines"]}]