[{"id":"133120","channel":"CDM International","link":"https://59825a54e4454.streamlock.net:8443/marcos536/marcos536/playlist.m3u8?checkedby:iptvcat.com","country":"puerto rico","liveliness":"99","status":"online","lastChecked":"2020-08-17T00:00:00Z","format":"sd","mbps":"1996","URI":["puerto rico","north_america","puerto_rico","north america","latin america","latin_america"]},{"id":"133121","channel":"WIPR","link":"https://api.new.livestream.com/accounts/16550960/events/8600941/live.m3u8?checkedby:iptvcat.com","country":"puerto rico","liveliness":"99","status":"online","lastChecked":"2020-08-17T00:00:00Z","format":"hd","mbps":"5991","URI":["puerto rico","north_america","puerto_rico","north america","latin america","latin_america"]},{"id":"2227","channel":"WIPR","link":"http://api.new.livestream.com/accounts/16550960/events/8600941/live.m3u8?checkedby:iptvcat.com","country":"puerto rico","liveliness":"99","status":"online","lastChecked":"2020-08-17T00:00:00Z","format":"hd","mbps":"5991","URI":["puerto rico","puerto_rico"]},{"id":"133121","channel":"WIPR","link":"https://api.new.livestream.com/accounts/16550960/events/8600941/live.m3u8?checkedby:iptvcat.com","country":"puerto rico","liveliness":"99","status":"online","lastChecked":"2020-08-17T00:00:00Z","format":"hd","mbps":"5991","URI":["puerto rico","north_america","puerto_rico","north america","latin america","latin_america"]},{"id":"133120","channel":"CDM International","link":"https://59825a54e4454.streamlock.net:8443/marcos536/marcos536/playlist.m3u8?checkedby:iptvcat.com","country":"puerto rico","liveliness":"99","status":"online","lastChecked":"2020-08-17T00:00:00Z","format":"sd","mbps":"1996","URI":["puerto rico","north_america","puerto_rico","north america","latin america","latin_america"]},{"id":"133120","channel":"CDM International","link":"https://59825a54e4454.streamlock.net:8443/marcos536/marcos536/playlist.m3u8?checkedby:iptvcat.com","country":"puerto rico","liveliness":"99","status":"online","lastChecked":"2020-08-17T00:00:00Z","format":"sd","mbps":"1996","URI":["puerto rico","north_america","puerto_rico","north america","latin america","latin_america"]},{"id":"133121","channel":"WIPR","link":"https://api.new.livestream.com/accounts/16550960/events/8600941/live.m3u8?checkedby:iptvcat.com","country":"puerto rico","liveliness":"99","status":"online","lastChecked":"2020-08-17T00:00:00Z","format":"hd","mbps":"5991","URI":["puerto rico","north_america","puerto_rico","north america","latin america","latin_america"]},{"id":"2227","channel":"WIPR","link":"http://api.new.livestream.com/accounts/16550960/events/8600941/live.m3u8?checkedby:iptvcat.com","country":"puerto rico","liveliness":"99","status":"online","lastChecked":"2020-08-17T00:00:00Z","format":"hd","mbps":"5991","URI":["puerto rico","puerto_rico"]},{"id":"133121","channel":"WIPR","link":"https://api.new.livestream.com/accounts/16550960/events/8600941/live.m3u8?checkedby:iptvcat.com","country":"puerto rico","liveliness":"99","status":"online","lastChecked":"2020-08-17T00:00:00Z","format":"hd","mbps":"5991","URI":["puerto rico","north_america","puerto_rico","north america","latin america","latin_america"]},{"id":"133120","channel":"CDM International","link":"https://59825a54e4454.streamlock.net:8443/marcos536/marcos536/playlist.m3u8?checkedby:iptvcat.com","country":"puerto rico","liveliness":"99","status":"online","lastChecked":"2020-08-17T00:00:00Z","format":"sd","mbps":"1996","URI":["puerto rico","north_america","puerto_rico","north america","latin america","latin_america"]},{"id":"133120","channel":"CDM International","link":"https://59825a54e4454.streamlock.net:8443/marcos536/marcos536/playlist.m3u8?checkedby:iptvcat.com","country":"puerto rico","liveliness":"99","status":"online","lastChecked":"2020-08-17T00:00:00Z","format":"sd","mbps":"1996","URI":["puerto rico","north_america","puerto_rico","north america","latin america","latin_america"]},{"id":"2227","channel":"WIPR","link":"http://api.new.livestream.com/accounts/16550960/events/8600941/live.m3u8?checkedby:iptvcat.com","country":"puerto rico","liveliness":"99","status":"online","lastChecked":"2020-08-17T00:00:00Z","format":"hd","mbps":"5991","URI":["puerto rico","puerto_rico"]},{"id":"133121","channel":"WIPR","link":"https://api.new.livestream.com/accounts/16550960/events/8600941/live.m3u8?checkedby:iptvcat.com","country":"puerto rico","liveliness":"99","status":"online","lastChecked":"2020-08-17T00:00:00Z","format":"hd","mbps":"5991","URI":["puerto rico","north_america","puerto_rico","north america","latin america","latin_america"]},{"id":"133121","channel":"WIPR","link":"https://api.new.livestream.com/accounts/16550960/events/8600941/live.m3u8?checkedby:iptvcat.com","country":"puerto rico","liveliness":"99","status":"online","lastChecked":"2020-08-17T00:00:00Z","format":"hd","mbps":"5991","URI":["puerto rico","north_america","puerto_rico","north america","latin america","latin_america"]},{"id":"133120","channel":"CDM International","link":"https://59825a54e4454.streamlock.net:8443/marcos536/marcos536/playlist.m3u8?checkedby:iptvcat.com","country":"puerto rico","liveliness":"99","status":"online","lastChecked":"2020-08-17T00:00:00Z","format":"sd","mbps":"1996","URI":["puerto rico","north_america","puerto_rico","north america","latin america","latin_america"]},{"id":"133121","channel":"WIPR","link":"https://api.new.livestream.com/accounts/16550960/events/8600941/live.m3u8?checkedby:iptvcat.com","country":"puerto rico","liveliness":"99","status":"online","lastChecked":"2020-08-17T00:00:00Z","format":"hd","mbps":"5991","URI":["puerto rico","north_america","puerto_rico","north america","latin america","latin_america"]},{"id":"133120","channel":"CDM International","link":"https://59825a54e4454.streamlock.net:8443/marcos536/marcos536/playlist.m3u8?checkedby:iptvcat.com","country":"puerto rico","liveliness":"99","status":"online","lastChecked":"2020-08-17T00:00:00Z","format":"sd","mbps":"1996","URI":["puerto rico","north_america","puerto_rico","north america","latin america","latin_america"]}]