[{"id":"56085","channel":"Al Jazeera Documentary, QA | Al Jazeera Documentary","link":"https://live-hls-web-ajd.getaj.net/AJD/index.m3u8?checkedby:iptvcat.com","country":"qatar","liveliness":"100","status":"online","lastChecked":"2020-08-17T00:00:00Z","format":"sd","mbps":"724","URI":["arab_countries","asia","qatar","arab countries"]},{"id":"56084","channel":"Al Jazeera English, QA | Al Jazeera English","link":"https://live-hls-web-aje.getaj.net/AJE/01.m3u8?checkedby:iptvcat.com","country":"qatar","liveliness":"100","status":"online","lastChecked":"2020-08-17T00:00:00Z","format":"fhd 2k","mbps":"7004","URI":["arab_countries","asia","qatar","arab countries"]},{"id":"56086","channel":"QA | Qatar Television, Qatar Television","link":"http://qtv-i.akamaihd.net/hls/live/213233-b/QTV/master720p.m3u8?checkedby:iptvcat.com","country":"qatar","liveliness":"100","status":"online","lastChecked":"2020-08-17T00:00:00Z","format":"hd","mbps":"3188","URI":["asia","qatar","arab_countries","arab countries"]},{"id":"133124","channel":"Qatar TV","link":"http://qtv-i.akamaihd.net/hls/live/213233-b/QTV/master.m3u8?checkedby:iptvcat.com","country":"qatar","liveliness":"99","status":"online","lastChecked":"2020-08-17T00:00:00Z","format":"hd","mbps":"3188, ...","URI":["asia","qatar","arab_countries","arab countries"]},{"id":"56085","channel":"Al Jazeera Documentary, QA | Al Jazeera Documentary","link":"https://live-hls-web-ajd.getaj.net/AJD/index.m3u8?checkedby:iptvcat.com","country":"qatar","liveliness":"100","status":"online","lastChecked":"2020-08-17T00:00:00Z","format":"sd","mbps":"724","URI":["arab_countries","asia","qatar","arab countries"]},{"id":"56084","channel":"Al Jazeera English, QA | Al Jazeera English","link":"https://live-hls-web-aje.getaj.net/AJE/01.m3u8?checkedby:iptvcat.com","country":"qatar","liveliness":"100","status":"online","lastChecked":"2020-08-17T00:00:00Z","format":"fhd 2k","mbps":"7004","URI":["arab_countries","asia","qatar","arab countries"]},{"id":"56085","channel":"Al Jazeera Documentary, QA | Al Jazeera Documentary","link":"https://live-hls-web-ajd.getaj.net/AJD/index.m3u8?checkedby:iptvcat.com","country":"qatar","liveliness":"100","status":"online","lastChecked":"2020-08-17T00:00:00Z","format":"sd","mbps":"724","URI":["arab_countries","asia","qatar","arab countries"]},{"id":"56084","channel":"Al Jazeera English, QA | Al Jazeera English","link":"https://live-hls-web-aje.getaj.net/AJE/01.m3u8?checkedby:iptvcat.com","country":"qatar","liveliness":"100","status":"online","lastChecked":"2020-08-17T00:00:00Z","format":"fhd 2k","mbps":"7004","URI":["arab_countries","asia","qatar","arab countries"]},{"id":"56085","channel":"Al Jazeera Documentary, QA | Al Jazeera Documentary","link":"https://live-hls-web-ajd.getaj.net/AJD/index.m3u8?checkedby:iptvcat.com","country":"qatar","liveliness":"100","status":"online","lastChecked":"2020-08-17T00:00:00Z","format":"sd","mbps":"724","URI":["arab_countries","asia","qatar","arab countries"]},{"id":"56084","channel":"Al Jazeera English, QA | Al Jazeera English","link":"https://live-hls-web-aje.getaj.net/AJE/01.m3u8?checkedby:iptvcat.com","country":"qatar","liveliness":"100","status":"online","lastChecked":"2020-08-17T00:00:00Z","format":"fhd 2k","mbps":"7004","URI":["arab_countries","asia","qatar","arab countries"]},{"id":"56085","channel":"Al Jazeera Documentary, QA | Al Jazeera Documentary","link":"https://live-hls-web-ajd.getaj.net/AJD/index.m3u8?checkedby:iptvcat.com","country":"qatar","liveliness":"100","status":"online","lastChecked":"2020-08-17T00:00:00Z","format":"sd","mbps":"724","URI":["arab_countries","asia","qatar","arab countries"]},{"id":"56084","channel":"Al Jazeera English, QA | Al Jazeera English","link":"https://live-hls-web-aje.getaj.net/AJE/01.m3u8?checkedby:iptvcat.com","country":"qatar","liveliness":"100","status":"online","lastChecked":"2020-08-17T00:00:00Z","format":"fhd 2k","mbps":"7004","URI":["arab_countries","asia","qatar","arab countries"]},{"id":"56085","channel":"Al Jazeera Documentary, QA | Al Jazeera Documentary","link":"https://live-hls-web-ajd.getaj.net/AJD/index.m3u8?checkedby:iptvcat.com","country":"qatar","liveliness":"100","status":"online","lastChecked":"2020-08-17T00:00:00Z","format":"sd","mbps":"724","URI":["arab_countries","asia","qatar","arab countries"]},{"id":"56084","channel":"Al Jazeera English, QA | Al Jazeera English","link":"https://live-hls-web-aje.getaj.net/AJE/01.m3u8?checkedby:iptvcat.com","country":"qatar","liveliness":"100","status":"online","lastChecked":"2020-08-17T00:00:00Z","format":"fhd 2k","mbps":"7004","URI":["arab_countries","asia","qatar","arab countries"]},{"id":"22297","channel":"Al Jazeera Arabic","link":"https://live-hls-web-aja.getaj.net/AJA/index.m3u8?checkedby:iptvcat.com","country":"qatar","liveliness":"95","status":"online","lastChecked":"2020-08-17T00:00:00Z","format":"hd","mbps":"7004, ...","URI":["qatar"]},{"id":"56085","channel":"Al Jazeera Documentary, QA | Al Jazeera Documentary","link":"https://live-hls-web-ajd.getaj.net/AJD/index.m3u8?checkedby:iptvcat.com","country":"qatar","liveliness":"100","status":"online","lastChecked":"2020-08-17T00:00:00Z","format":"sd","mbps":"724","URI":["arab_countries","asia","qatar","arab countries"]},{"id":"56084","channel":"Al Jazeera English, QA | Al Jazeera English","link":"https://live-hls-web-aje.getaj.net/AJE/01.m3u8?checkedby:iptvcat.com","country":"qatar","liveliness":"100","status":"online","lastChecked":"2020-08-17T00:00:00Z","format":"fhd 2k","mbps":"7004","URI":["arab_countries","asia","qatar","arab countries"]},{"id":"24712","channel":"Al Jazeera English","link":"https://live-hls-web-aje.getaj.net/AJE/index.m3u8?checkedby:iptvcat.com","country":"qatar","liveliness":"100","status":"online","lastChecked":"2020-08-17T00:00:00Z","format":"hd","mbps":"7004, ...","URI":["qatar"]},{"id":"22299","channel":"Al Rayyan","link":"https://svs.itworkscdn.net/alrayyanlive/alrayyan.smil/playlist.m3u8?checkedby:iptvcat.com","country":"qatar","liveliness":"100","status":"online","lastChecked":"2020-08-17T00:00:00Z","format":"fhd 2k","mbps":"11126, ...","URI":["qatar"]},{"id":"22300","channel":"Al Rayyan Al Qadeem","link":"https://svs.itworkscdn.net/alrayyanqadeemlive/alrayyanqadeem.smil/playlist.m3u8?checkedby:iptvcat.com","country":"qatar","liveliness":"100","status":"online","lastChecked":"2020-08-17T00:00:00Z","format":"fhd 2k","mbps":"11126, ...","URI":["qatar"]},{"id":"56086","channel":"QA | Qatar Television, Qatar Television","link":"http://qtv-i.akamaihd.net/hls/live/213233-b/QTV/master720p.m3u8?checkedby:iptvcat.com","country":"qatar","liveliness":"100","status":"online","lastChecked":"2020-08-17T00:00:00Z","format":"hd","mbps":"3188","URI":["asia","qatar","arab_countries","arab countries"]},{"id":"133124","channel":"Qatar TV","link":"http://qtv-i.akamaihd.net/hls/live/213233-b/QTV/master.m3u8?checkedby:iptvcat.com","country":"qatar","liveliness":"99","status":"online","lastChecked":"2020-08-17T00:00:00Z","format":"hd","mbps":"3188, ...","URI":["asia","qatar","arab_countries","arab countries"]},{"id":"56085","channel":"Al Jazeera Documentary, QA | Al Jazeera Documentary","link":"https://live-hls-web-ajd.getaj.net/AJD/index.m3u8?checkedby:iptvcat.com","country":"qatar","liveliness":"100","status":"online","lastChecked":"2020-08-17T00:00:00Z","format":"sd","mbps":"724","URI":["arab_countries","asia","qatar","arab countries"]},{"id":"56084","channel":"Al Jazeera English, QA | Al Jazeera English","link":"https://live-hls-web-aje.getaj.net/AJE/01.m3u8?checkedby:iptvcat.com","country":"qatar","liveliness":"100","status":"online","lastChecked":"2020-08-17T00:00:00Z","format":"fhd 2k","mbps":"7004","URI":["arab_countries","asia","qatar","arab countries"]},{"id":"56086","channel":"QA | Qatar Television, Qatar Television","link":"http://qtv-i.akamaihd.net/hls/live/213233-b/QTV/master720p.m3u8?checkedby:iptvcat.com","country":"qatar","liveliness":"100","status":"online","lastChecked":"2020-08-17T00:00:00Z","format":"hd","mbps":"3188","URI":["asia","qatar","arab_countries","arab countries"]},{"id":"133124","channel":"Qatar TV","link":"http://qtv-i.akamaihd.net/hls/live/213233-b/QTV/master.m3u8?checkedby:iptvcat.com","country":"qatar","liveliness":"99","status":"online","lastChecked":"2020-08-17T00:00:00Z","format":"hd","mbps":"3188, ...","URI":["asia","qatar","arab_countries","arab countries"]},{"id":"56085","channel":"Al Jazeera Documentary, QA | Al Jazeera Documentary","link":"https://live-hls-web-ajd.getaj.net/AJD/index.m3u8?checkedby:iptvcat.com","country":"qatar","liveliness":"100","status":"online","lastChecked":"2020-08-17T00:00:00Z","format":"sd","mbps":"724","URI":["arab_countries","asia","qatar","arab countries"]},{"id":"56084","channel":"Al Jazeera English, QA | Al Jazeera English","link":"https://live-hls-web-aje.getaj.net/AJE/01.m3u8?checkedby:iptvcat.com","country":"qatar","liveliness":"100","status":"online","lastChecked":"2020-08-17T00:00:00Z","format":"fhd 2k","mbps":"7004","URI":["arab_countries","asia","qatar","arab countries"]},{"id":"56085","channel":"Al Jazeera Documentary, QA | Al Jazeera Documentary","link":"https://live-hls-web-ajd.getaj.net/AJD/index.m3u8?checkedby:iptvcat.com","country":"qatar","liveliness":"100","status":"online","lastChecked":"2020-08-17T00:00:00Z","format":"sd","mbps":"724","URI":["arab_countries","asia","qatar","arab countries"]},{"id":"56084","channel":"Al Jazeera English, QA | Al Jazeera English","link":"https://live-hls-web-aje.getaj.net/AJE/01.m3u8?checkedby:iptvcat.com","country":"qatar","liveliness":"100","status":"online","lastChecked":"2020-08-17T00:00:00Z","format":"fhd 2k","mbps":"7004","URI":["arab_countries","asia","qatar","arab countries"]},{"id":"56086","channel":"QA | Qatar Television, Qatar Television","link":"http://qtv-i.akamaihd.net/hls/live/213233-b/QTV/master720p.m3u8?checkedby:iptvcat.com","country":"qatar","liveliness":"100","status":"online","lastChecked":"2020-08-17T00:00:00Z","format":"hd","mbps":"3188","URI":["asia","qatar","arab_countries","arab countries"]},{"id":"133124","channel":"Qatar TV","link":"http://qtv-i.akamaihd.net/hls/live/213233-b/QTV/master.m3u8?checkedby:iptvcat.com","country":"qatar","liveliness":"99","status":"online","lastChecked":"2020-08-17T00:00:00Z","format":"hd","mbps":"3188, ...","URI":["asia","qatar","arab_countries","arab countries"]},{"id":"56085","channel":"Al Jazeera Documentary, QA | Al Jazeera Documentary","link":"https://live-hls-web-ajd.getaj.net/AJD/index.m3u8?checkedby:iptvcat.com","country":"qatar","liveliness":"100","status":"online","lastChecked":"2020-08-17T00:00:00Z","format":"sd","mbps":"724","URI":["arab_countries","asia","qatar","arab countries"]},{"id":"56084","channel":"Al Jazeera English, QA | Al Jazeera English","link":"https://live-hls-web-aje.getaj.net/AJE/01.m3u8?checkedby:iptvcat.com","country":"qatar","liveliness":"100","status":"online","lastChecked":"2020-08-17T00:00:00Z","format":"fhd 2k","mbps":"7004","URI":["arab_countries","asia","qatar","arab countries"]},{"id":"56085","channel":"Al Jazeera Documentary, QA | Al Jazeera Documentary","link":"https://live-hls-web-ajd.getaj.net/AJD/index.m3u8?checkedby:iptvcat.com","country":"qatar","liveliness":"100","status":"online","lastChecked":"2020-08-17T00:00:00Z","format":"sd","mbps":"724","URI":["arab_countries","asia","qatar","arab countries"]},{"id":"56084","channel":"Al Jazeera English, QA | Al Jazeera English","link":"https://live-hls-web-aje.getaj.net/AJE/01.m3u8?checkedby:iptvcat.com","country":"qatar","liveliness":"100","status":"online","lastChecked":"2020-08-17T00:00:00Z","format":"fhd 2k","mbps":"7004","URI":["arab_countries","asia","qatar","arab countries"]}]