[{"id":"14042","channel":"KC2, RW | KC2","link":"https://5c46fa289c89f.streamlock.net/kc2/kc2/chunklist.m3u8?checkedby:iptvcat.com","country":"rwanda","liveliness":"94","status":"online","lastChecked":"2020-08-17T00:00:00Z","format":"sd","mbps":"1509","URI":["rwanda"]},{"id":"14040","channel":"RTV Rwanda","link":"https://1600706787.rsc.cdn77.org//1600706787/tracks-v1a1/mono.m3u8?checkedby:iptvcat.com","country":"rwanda","liveliness":"95","status":"online","lastChecked":"2020-08-18T00:00:00Z","format":"hd","mbps":"5020","URI":["rwanda"]},{"id":"14039","channel":"RTV Rwanda","link":"http://197.243.19.131:1935/rtv/rtv/chunklist.m3u8?checkedby:iptvcat.com","country":"rwanda","liveliness":"99","status":"online","lastChecked":"2020-08-17T00:00:00Z","format":"sd","mbps":"2089","URI":["rwanda"]},{"id":"2476","channel":"RTV Rwanda","link":"https://5c46fa289c89f.streamlock.net/rtv/rtv/playlist.m3u8?checkedby:iptvcat.com","country":"rwanda","liveliness":"98","status":"online","lastChecked":"2020-08-17T00:00:00Z","format":"sd","mbps":"2089","URI":["rwanda"]},{"id":"2475","channel":"RTV Rwanda","link":"http://197.243.19.131:1935/rtv/rtv/chunklist_w2093872577.m3u8?checkedby:iptvcat.com","country":"rwanda","liveliness":"99","status":"online","lastChecked":"2020-08-17T00:00:00Z","format":"sd","mbps":"2089","URI":["rwanda"]}]