[{"id":"2480","channel":"RTV San Marino","link":"https://dlxommsyqo2g0.cloudfront.net/smrtv-ch01/_definst_/smil:ch-01.smil/chunklist_b1692000_slita.m3u8?checkedby:iptvcat.com","country":"san marino","liveliness":"100","status":"online","lastChecked":"2020-08-17T00:00:00Z","format":"hd","mbps":"3625","URI":["san marino","san_marino"]},{"id":"2480","channel":"RTV San Marino","link":"https://dlxommsyqo2g0.cloudfront.net/smrtv-ch01/_definst_/smil:ch-01.smil/chunklist_b1692000_slita.m3u8?checkedby:iptvcat.com","country":"san marino","liveliness":"100","status":"online","lastChecked":"2020-08-17T00:00:00Z","format":"hd","mbps":"3625","URI":["san marino","san_marino"]}]