[{"id":"56082","channel":"Al Arabiya, SA | Al Arabiya","link":"https://shls-alarabiya-prod.shahid.net/alarabiya-prod_1.m3u8?checkedby:iptvcat.com","country":"saudi arabia","liveliness":"100","status":"online","lastChecked":"2020-08-17T00:00:00Z","format":"fhd 2k","mbps":"7004","URI":["arab_countries","asia","saudi_arabia","saudi arabia","arab countries"]},{"id":"22310","channel":"SA | Saudi TV 1, Saudi TV 1","link":"http://cdnamd-hls-globecast.akamaized.net/live/ramdisk/saudi_tv/hls1/saudi_tv.m3u8?checkedby:iptvcat.com","country":"saudi arabia","liveliness":"99","status":"online","lastChecked":"2020-08-17T00:00:00Z","format":"sd","mbps":"1052, ...","URI":["asia","saudi_arabia","saudi arabia","arab_countries","arab countries"]},{"id":"133201","channel":"EN TV","link":"http://82.212.74.100:8000/live/8130.m3u8?checkedby:iptvcat.com","country":"saudi arabia","liveliness":"91","status":"online","lastChecked":"2020-08-18T00:00:00Z","format":"sd","mbps":"1509","URI":["asia","saudi_arabia","saudi arabia","arab_countries","arab countries"]},{"id":"133202","channel":"Jasco Events TV","link":"http://82.212.74.100:8000/live/hls/8131.m3u8?checkedby:iptvcat.com","country":"saudi arabia","liveliness":"100","status":"online","lastChecked":"2020-08-18T00:00:00Z","format":"sd","mbps":"1509","URI":["asia","saudi_arabia","saudi arabia","arab_countries","arab countries"]},{"id":"56082","channel":"Al Arabiya, SA | Al Arabiya","link":"https://shls-alarabiya-prod.shahid.net/alarabiya-prod_1.m3u8?checkedby:iptvcat.com","country":"saudi arabia","liveliness":"100","status":"online","lastChecked":"2020-08-17T00:00:00Z","format":"fhd 2k","mbps":"7004","URI":["arab_countries","asia","saudi_arabia","saudi arabia","arab countries"]},{"id":"56082","channel":"Al Arabiya, SA | Al Arabiya","link":"https://shls-alarabiya-prod.shahid.net/alarabiya-prod_1.m3u8?checkedby:iptvcat.com","country":"saudi arabia","liveliness":"100","status":"online","lastChecked":"2020-08-17T00:00:00Z","format":"fhd 2k","mbps":"7004","URI":["arab_countries","asia","saudi_arabia","saudi arabia","arab countries"]},{"id":"24723","channel":"22 TV","link":"http://82.212.74.99:8000/live/hls/8117.m3u8?checkedby:iptvcat.com","country":"saudi arabia","liveliness":"76","status":"offline","lastChecked":"2020-08-17T00:00:00Z","format":"sd","mbps":"1509","URI":["saudi_arabia","saudi arabia"]},{"id":"56082","channel":"Al Arabiya, SA | Al Arabiya","link":"https://shls-alarabiya-prod.shahid.net/alarabiya-prod_1.m3u8?checkedby:iptvcat.com","country":"saudi arabia","liveliness":"100","status":"online","lastChecked":"2020-08-17T00:00:00Z","format":"fhd 2k","mbps":"7004","URI":["arab_countries","asia","saudi_arabia","saudi arabia","arab countries"]},{"id":"25749","channel":"Al Khalij","link":"https://mn-nl.mncdn.com/khalij/khalij/playlist.m3u8?checkedby:iptvcat.com","country":"saudi arabia","liveliness":"95","status":"online","lastChecked":"2020-08-17T00:00:00Z","format":"fhd 2k","mbps":"13873","URI":["saudi_arabia","saudi arabia"]},{"id":"24724","channel":"Al Khalij","link":"http://mn-nl.mncdn.com/khalij/khalij/playlist.m3u8?checkedby:iptvcat.com","country":"saudi arabia","liveliness":"96","status":"online","lastChecked":"2020-08-17T00:00:00Z","format":"fhd 2k","mbps":"13873","URI":["saudi_arabia","saudi arabia"]},{"id":"22308","channel":"Al Quran Al Kareem (Mecca)","link":"http://cdnamd-hls-globecast.akamaized.net/live/ramdisk/saudi_quran/hls1/saudi_quran.m3u8?checkedby:iptvcat.com","country":"saudi arabia","liveliness":"99","status":"online","lastChecked":"2020-08-17T00:00:00Z","format":"sd","mbps":"1052, ...","URI":["saudi_arabia","saudi arabia"]},{"id":"11229","channel":"Al Quran Al Kareem (Mecca), Quran","link":"http://m.live.net.sa:1935/live/quran/playlist.m3u8?checkedby:iptvcat.com","country":"saudi arabia","liveliness":"96","status":"online","lastChecked":"2020-08-18T00:00:00Z","format":"hd","mbps":"5216","URI":["saudi_arabia","saudi arabia"]},{"id":"25750","channel":"Al Quran Al Kareem (Mecca)","link":"https://cdnamd-hls-globecast.akamaized.net/live/ramdisk/saudi_quran/hls1/saudi_quran.m3u8?checkedby:iptvcat.com","country":"saudi arabia","liveliness":"100","status":"online","lastChecked":"2020-08-17T00:00:00Z","format":"sd","mbps":"1052, ...","URI":["saudi_arabia","saudi arabia"]},{"id":"22309","channel":"Al Sunnah (Medina)","link":"http://cdnamd-hls-globecast.akamaized.net/live/ramdisk/saudi_sunnah/hls1/saudi_sunnah.m3u8?checkedby:iptvcat.com","country":"saudi arabia","liveliness":"99","status":"online","lastChecked":"2020-08-17T00:00:00Z","format":"sd","mbps":"1052, ...","URI":["saudi_arabia","saudi arabia"]},{"id":"25752","channel":"Al Sunnah (Medina)","link":"https://cdnamd-hls-globecast.akamaized.net/live/ramdisk/saudi_sunnah/hls1/saudi_sunnah.m3u8?checkedby:iptvcat.com","country":"saudi arabia","liveliness":"100","status":"online","lastChecked":"2020-08-17T00:00:00Z","format":"sd","mbps":"1052, ...","URI":["saudi_arabia","saudi arabia"]},{"id":"14046","channel":"Beity","link":"http://82.212.74.99:8000/live/8164.m3u8?checkedby:iptvcat.com","country":"saudi arabia","liveliness":"75","status":"offline","lastChecked":"2020-08-17T00:00:00Z","format":"sd","mbps":"1509","URI":["saudi_arabia","saudi arabia"]},{"id":"133201","channel":"EN TV","link":"http://82.212.74.100:8000/live/8130.m3u8?checkedby:iptvcat.com","country":"saudi arabia","liveliness":"91","status":"online","lastChecked":"2020-08-18T00:00:00Z","format":"sd","mbps":"1509","URI":["asia","saudi_arabia","saudi arabia","arab_countries","arab countries"]},{"id":"14047","channel":"Iqraa","link":"https://iqraac.cdn.mangomolo.com/iqraa/smil:iqraar1.stream.smil/playlist.m3u8?checkedby:iptvcat.com","country":"saudi arabia","liveliness":"100","status":"online","lastChecked":"2020-08-17T00:00:00Z","format":"sd","mbps":"2480, ...","URI":["saudi_arabia","saudi arabia"]},{"id":"14048","channel":"Iqraa Europe Africa","link":"https://iqraac.cdn.mangomolo.com/iqraa/smil:iqraar2.stream.smil/playlist.m3u8?checkedby:iptvcat.com","country":"saudi arabia","liveliness":"100","status":"online","lastChecked":"2020-08-17T00:00:00Z","format":"sd","mbps":"2480, ...","URI":["saudi_arabia","saudi arabia"]},{"id":"133202","channel":"Jasco Events TV","link":"http://82.212.74.100:8000/live/hls/8131.m3u8?checkedby:iptvcat.com","country":"saudi arabia","liveliness":"100","status":"online","lastChecked":"2020-08-18T00:00:00Z","format":"sd","mbps":"1509","URI":["asia","saudi_arabia","saudi arabia","arab_countries","arab countries"]},{"id":"18602","channel":"Kaif TV, قناة كيف ؟؟","link":"http://82.212.74.2:8000/live/hls/7311.m3u8?checkedby:iptvcat.com","country":"saudi arabia","liveliness":"98","status":"online","lastChecked":"2020-08-17T00:00:00Z","format":"sd","mbps":"1509","URI":["saudi_arabia","saudi arabia","arab_countries","arab countries"]},{"id":"14052","channel":"Makkah TV","link":"http://makkahtv.srfms.com:1935/makkahtv/livestream/playlist.m3u8?checkedby:iptvcat.com","country":"saudi arabia","liveliness":"97","status":"online","lastChecked":"2020-08-17T00:00:00Z","format":"sd","mbps":"1688","URI":["saudi_arabia","saudi arabia"]},{"id":"22310","channel":"SA | Saudi TV 1, Saudi TV 1","link":"http://cdnamd-hls-globecast.akamaized.net/live/ramdisk/saudi_tv/hls1/saudi_tv.m3u8?checkedby:iptvcat.com","country":"saudi arabia","liveliness":"99","status":"online","lastChecked":"2020-08-17T00:00:00Z","format":"sd","mbps":"1052, ...","URI":["asia","saudi_arabia","saudi arabia","arab_countries","arab countries"]},{"id":"25755","channel":"Saudi TV 1","link":"https://cdnamd-hls-globecast.akamaized.net/live/ramdisk/saudi_tv/hls1/saudi_tv.m3u8?checkedby:iptvcat.com","country":"saudi arabia","liveliness":"100","status":"online","lastChecked":"2020-08-17T00:00:00Z","format":"sd","mbps":"1052, ...","URI":["saudi_arabia","saudi arabia"]},{"id":"56082","channel":"Al Arabiya, SA | Al Arabiya","link":"https://shls-alarabiya-prod.shahid.net/alarabiya-prod_1.m3u8?checkedby:iptvcat.com","country":"saudi arabia","liveliness":"100","status":"online","lastChecked":"2020-08-17T00:00:00Z","format":"fhd 2k","mbps":"7004","URI":["arab_countries","asia","saudi_arabia","saudi arabia","arab countries"]},{"id":"56082","channel":"Al Arabiya, SA | Al Arabiya","link":"https://shls-alarabiya-prod.shahid.net/alarabiya-prod_1.m3u8?checkedby:iptvcat.com","country":"saudi arabia","liveliness":"100","status":"online","lastChecked":"2020-08-17T00:00:00Z","format":"fhd 2k","mbps":"7004","URI":["arab_countries","asia","saudi_arabia","saudi arabia","arab countries"]},{"id":"56082","channel":"Al Arabiya, SA | Al Arabiya","link":"https://shls-alarabiya-prod.shahid.net/alarabiya-prod_1.m3u8?checkedby:iptvcat.com","country":"saudi arabia","liveliness":"100","status":"online","lastChecked":"2020-08-17T00:00:00Z","format":"fhd 2k","mbps":"7004","URI":["arab_countries","asia","saudi_arabia","saudi arabia","arab countries"]},{"id":"24723","channel":"22 TV","link":"http://82.212.74.99:8000/live/hls/8117.m3u8?checkedby:iptvcat.com","country":"saudi arabia","liveliness":"76","status":"offline","lastChecked":"2020-08-17T00:00:00Z","format":"sd","mbps":"1509","URI":["saudi_arabia","saudi arabia"]},{"id":"56082","channel":"Al Arabiya, SA | Al Arabiya","link":"https://shls-alarabiya-prod.shahid.net/alarabiya-prod_1.m3u8?checkedby:iptvcat.com","country":"saudi arabia","liveliness":"100","status":"online","lastChecked":"2020-08-17T00:00:00Z","format":"fhd 2k","mbps":"7004","URI":["arab_countries","asia","saudi_arabia","saudi arabia","arab countries"]},{"id":"25749","channel":"Al Khalij","link":"https://mn-nl.mncdn.com/khalij/khalij/playlist.m3u8?checkedby:iptvcat.com","country":"saudi arabia","liveliness":"95","status":"online","lastChecked":"2020-08-17T00:00:00Z","format":"fhd 2k","mbps":"13873","URI":["saudi_arabia","saudi arabia"]},{"id":"24724","channel":"Al Khalij","link":"http://mn-nl.mncdn.com/khalij/khalij/playlist.m3u8?checkedby:iptvcat.com","country":"saudi arabia","liveliness":"96","status":"online","lastChecked":"2020-08-17T00:00:00Z","format":"fhd 2k","mbps":"13873","URI":["saudi_arabia","saudi arabia"]},{"id":"11229","channel":"Al Quran Al Kareem (Mecca), Quran","link":"http://m.live.net.sa:1935/live/quran/playlist.m3u8?checkedby:iptvcat.com","country":"saudi arabia","liveliness":"96","status":"online","lastChecked":"2020-08-18T00:00:00Z","format":"hd","mbps":"5216","URI":["saudi_arabia","saudi arabia"]},{"id":"25750","channel":"Al Quran Al Kareem (Mecca)","link":"https://cdnamd-hls-globecast.akamaized.net/live/ramdisk/saudi_quran/hls1/saudi_quran.m3u8?checkedby:iptvcat.com","country":"saudi arabia","liveliness":"100","status":"online","lastChecked":"2020-08-17T00:00:00Z","format":"sd","mbps":"1052, ...","URI":["saudi_arabia","saudi arabia"]},{"id":"22308","channel":"Al Quran Al Kareem (Mecca)","link":"http://cdnamd-hls-globecast.akamaized.net/live/ramdisk/saudi_quran/hls1/saudi_quran.m3u8?checkedby:iptvcat.com","country":"saudi arabia","liveliness":"99","status":"online","lastChecked":"2020-08-17T00:00:00Z","format":"sd","mbps":"1052, ...","URI":["saudi_arabia","saudi arabia"]},{"id":"25752","channel":"Al Sunnah (Medina)","link":"https://cdnamd-hls-globecast.akamaized.net/live/ramdisk/saudi_sunnah/hls1/saudi_sunnah.m3u8?checkedby:iptvcat.com","country":"saudi arabia","liveliness":"100","status":"online","lastChecked":"2020-08-17T00:00:00Z","format":"sd","mbps":"1052, ...","URI":["saudi_arabia","saudi arabia"]},{"id":"22309","channel":"Al Sunnah (Medina)","link":"http://cdnamd-hls-globecast.akamaized.net/live/ramdisk/saudi_sunnah/hls1/saudi_sunnah.m3u8?checkedby:iptvcat.com","country":"saudi arabia","liveliness":"99","status":"online","lastChecked":"2020-08-17T00:00:00Z","format":"sd","mbps":"1052, ...","URI":["saudi_arabia","saudi arabia"]},{"id":"14046","channel":"Beity","link":"http://82.212.74.99:8000/live/8164.m3u8?checkedby:iptvcat.com","country":"saudi arabia","liveliness":"75","status":"offline","lastChecked":"2020-08-17T00:00:00Z","format":"sd","mbps":"1509","URI":["saudi_arabia","saudi arabia"]},{"id":"133201","channel":"EN TV","link":"http://82.212.74.100:8000/live/8130.m3u8?checkedby:iptvcat.com","country":"saudi arabia","liveliness":"91","status":"online","lastChecked":"2020-08-18T00:00:00Z","format":"sd","mbps":"1509","URI":["asia","saudi_arabia","saudi arabia","arab_countries","arab countries"]},{"id":"14047","channel":"Iqraa","link":"https://iqraac.cdn.mangomolo.com/iqraa/smil:iqraar1.stream.smil/playlist.m3u8?checkedby:iptvcat.com","country":"saudi arabia","liveliness":"100","status":"online","lastChecked":"2020-08-17T00:00:00Z","format":"sd","mbps":"2480, ...","URI":["saudi_arabia","saudi arabia"]},{"id":"14048","channel":"Iqraa Europe Africa","link":"https://iqraac.cdn.mangomolo.com/iqraa/smil:iqraar2.stream.smil/playlist.m3u8?checkedby:iptvcat.com","country":"saudi arabia","liveliness":"100","status":"online","lastChecked":"2020-08-17T00:00:00Z","format":"sd","mbps":"2480, ...","URI":["saudi_arabia","saudi arabia"]},{"id":"133202","channel":"Jasco Events TV","link":"http://82.212.74.100:8000/live/hls/8131.m3u8?checkedby:iptvcat.com","country":"saudi arabia","liveliness":"100","status":"online","lastChecked":"2020-08-18T00:00:00Z","format":"sd","mbps":"1509","URI":["asia","saudi_arabia","saudi arabia","arab_countries","arab countries"]},{"id":"18602","channel":"Kaif TV, قناة كيف ؟؟","link":"http://82.212.74.2:8000/live/hls/7311.m3u8?checkedby:iptvcat.com","country":"saudi arabia","liveliness":"98","status":"online","lastChecked":"2020-08-17T00:00:00Z","format":"sd","mbps":"1509","URI":["saudi_arabia","saudi arabia","arab_countries","arab countries"]},{"id":"14052","channel":"Makkah TV","link":"http://makkahtv.srfms.com:1935/makkahtv/livestream/playlist.m3u8?checkedby:iptvcat.com","country":"saudi arabia","liveliness":"97","status":"online","lastChecked":"2020-08-17T00:00:00Z","format":"sd","mbps":"1688","URI":["saudi_arabia","saudi arabia"]},{"id":"22310","channel":"SA | Saudi TV 1, Saudi TV 1","link":"http://cdnamd-hls-globecast.akamaized.net/live/ramdisk/saudi_tv/hls1/saudi_tv.m3u8?checkedby:iptvcat.com","country":"saudi arabia","liveliness":"99","status":"online","lastChecked":"2020-08-17T00:00:00Z","format":"sd","mbps":"1052, ...","URI":["asia","saudi_arabia","saudi arabia","arab_countries","arab countries"]},{"id":"25755","channel":"Saudi TV 1","link":"https://cdnamd-hls-globecast.akamaized.net/live/ramdisk/saudi_tv/hls1/saudi_tv.m3u8?checkedby:iptvcat.com","country":"saudi arabia","liveliness":"100","status":"online","lastChecked":"2020-08-17T00:00:00Z","format":"sd","mbps":"1052, ...","URI":["saudi_arabia","saudi arabia"]},{"id":"24723","channel":"22 TV","link":"http://82.212.74.99:8000/live/hls/8117.m3u8?checkedby:iptvcat.com","country":"saudi arabia","liveliness":"76","status":"offline","lastChecked":"2020-08-17T00:00:00Z","format":"sd","mbps":"1509","URI":["saudi_arabia","saudi arabia"]},{"id":"56082","channel":"Al Arabiya, SA | Al Arabiya","link":"https://shls-alarabiya-prod.shahid.net/alarabiya-prod_1.m3u8?checkedby:iptvcat.com","country":"saudi arabia","liveliness":"100","status":"online","lastChecked":"2020-08-17T00:00:00Z","format":"fhd 2k","mbps":"7004","URI":["arab_countries","asia","saudi_arabia","saudi arabia","arab countries"]},{"id":"25749","channel":"Al Khalij","link":"https://mn-nl.mncdn.com/khalij/khalij/playlist.m3u8?checkedby:iptvcat.com","country":"saudi arabia","liveliness":"95","status":"online","lastChecked":"2020-08-17T00:00:00Z","format":"fhd 2k","mbps":"13873","URI":["saudi_arabia","saudi arabia"]},{"id":"24724","channel":"Al Khalij","link":"http://mn-nl.mncdn.com/khalij/khalij/playlist.m3u8?checkedby:iptvcat.com","country":"saudi arabia","liveliness":"96","status":"online","lastChecked":"2020-08-17T00:00:00Z","format":"fhd 2k","mbps":"13873","URI":["saudi_arabia","saudi arabia"]},{"id":"11229","channel":"Al Quran Al Kareem (Mecca), Quran","link":"http://m.live.net.sa:1935/live/quran/playlist.m3u8?checkedby:iptvcat.com","country":"saudi arabia","liveliness":"96","status":"online","lastChecked":"2020-08-18T00:00:00Z","format":"hd","mbps":"5216","URI":["saudi_arabia","saudi arabia"]},{"id":"25750","channel":"Al Quran Al Kareem (Mecca)","link":"https://cdnamd-hls-globecast.akamaized.net/live/ramdisk/saudi_quran/hls1/saudi_quran.m3u8?checkedby:iptvcat.com","country":"saudi arabia","liveliness":"100","status":"online","lastChecked":"2020-08-17T00:00:00Z","format":"sd","mbps":"1052, ...","URI":["saudi_arabia","saudi arabia"]},{"id":"22308","channel":"Al Quran Al Kareem (Mecca)","link":"http://cdnamd-hls-globecast.akamaized.net/live/ramdisk/saudi_quran/hls1/saudi_quran.m3u8?checkedby:iptvcat.com","country":"saudi arabia","liveliness":"99","status":"online","lastChecked":"2020-08-17T00:00:00Z","format":"sd","mbps":"1052, ...","URI":["saudi_arabia","saudi arabia"]},{"id":"25752","channel":"Al Sunnah (Medina)","link":"https://cdnamd-hls-globecast.akamaized.net/live/ramdisk/saudi_sunnah/hls1/saudi_sunnah.m3u8?checkedby:iptvcat.com","country":"saudi arabia","liveliness":"100","status":"online","lastChecked":"2020-08-17T00:00:00Z","format":"sd","mbps":"1052, ...","URI":["saudi_arabia","saudi arabia"]},{"id":"22309","channel":"Al Sunnah (Medina)","link":"http://cdnamd-hls-globecast.akamaized.net/live/ramdisk/saudi_sunnah/hls1/saudi_sunnah.m3u8?checkedby:iptvcat.com","country":"saudi arabia","liveliness":"99","status":"online","lastChecked":"2020-08-17T00:00:00Z","format":"sd","mbps":"1052, ...","URI":["saudi_arabia","saudi arabia"]},{"id":"14046","channel":"Beity","link":"http://82.212.74.99:8000/live/8164.m3u8?checkedby:iptvcat.com","country":"saudi arabia","liveliness":"75","status":"offline","lastChecked":"2020-08-17T00:00:00Z","format":"sd","mbps":"1509","URI":["saudi_arabia","saudi arabia"]},{"id":"133201","channel":"EN TV","link":"http://82.212.74.100:8000/live/8130.m3u8?checkedby:iptvcat.com","country":"saudi arabia","liveliness":"91","status":"online","lastChecked":"2020-08-18T00:00:00Z","format":"sd","mbps":"1509","URI":["asia","saudi_arabia","saudi arabia","arab_countries","arab countries"]},{"id":"14047","channel":"Iqraa","link":"https://iqraac.cdn.mangomolo.com/iqraa/smil:iqraar1.stream.smil/playlist.m3u8?checkedby:iptvcat.com","country":"saudi arabia","liveliness":"100","status":"online","lastChecked":"2020-08-17T00:00:00Z","format":"sd","mbps":"2480, ...","URI":["saudi_arabia","saudi arabia"]},{"id":"14048","channel":"Iqraa Europe Africa","link":"https://iqraac.cdn.mangomolo.com/iqraa/smil:iqraar2.stream.smil/playlist.m3u8?checkedby:iptvcat.com","country":"saudi arabia","liveliness":"100","status":"online","lastChecked":"2020-08-17T00:00:00Z","format":"sd","mbps":"2480, ...","URI":["saudi_arabia","saudi arabia"]},{"id":"133202","channel":"Jasco Events TV","link":"http://82.212.74.100:8000/live/hls/8131.m3u8?checkedby:iptvcat.com","country":"saudi arabia","liveliness":"100","status":"online","lastChecked":"2020-08-18T00:00:00Z","format":"sd","mbps":"1509","URI":["asia","saudi_arabia","saudi arabia","arab_countries","arab countries"]},{"id":"18602","channel":"Kaif TV, قناة كيف ؟؟","link":"http://82.212.74.2:8000/live/hls/7311.m3u8?checkedby:iptvcat.com","country":"saudi arabia","liveliness":"98","status":"online","lastChecked":"2020-08-17T00:00:00Z","format":"sd","mbps":"1509","URI":["saudi_arabia","saudi arabia","arab_countries","arab countries"]},{"id":"14052","channel":"Makkah TV","link":"http://makkahtv.srfms.com:1935/makkahtv/livestream/playlist.m3u8?checkedby:iptvcat.com","country":"saudi arabia","liveliness":"97","status":"online","lastChecked":"2020-08-17T00:00:00Z","format":"sd","mbps":"1688","URI":["saudi_arabia","saudi arabia"]},{"id":"22310","channel":"SA | Saudi TV 1, Saudi TV 1","link":"http://cdnamd-hls-globecast.akamaized.net/live/ramdisk/saudi_tv/hls1/saudi_tv.m3u8?checkedby:iptvcat.com","country":"saudi arabia","liveliness":"99","status":"online","lastChecked":"2020-08-17T00:00:00Z","format":"sd","mbps":"1052, ...","URI":["asia","saudi_arabia","saudi arabia","arab_countries","arab countries"]},{"id":"25755","channel":"Saudi TV 1","link":"https://cdnamd-hls-globecast.akamaized.net/live/ramdisk/saudi_tv/hls1/saudi_tv.m3u8?checkedby:iptvcat.com","country":"saudi arabia","liveliness":"100","status":"online","lastChecked":"2020-08-17T00:00:00Z","format":"sd","mbps":"1052, ...","URI":["saudi_arabia","saudi arabia"]},{"id":"56082","channel":"Al Arabiya, SA | Al Arabiya","link":"https://shls-alarabiya-prod.shahid.net/alarabiya-prod_1.m3u8?checkedby:iptvcat.com","country":"saudi arabia","liveliness":"100","status":"online","lastChecked":"2020-08-17T00:00:00Z","format":"fhd 2k","mbps":"7004","URI":["arab_countries","asia","saudi_arabia","saudi arabia","arab countries"]},{"id":"22310","channel":"SA | Saudi TV 1, Saudi TV 1","link":"http://cdnamd-hls-globecast.akamaized.net/live/ramdisk/saudi_tv/hls1/saudi_tv.m3u8?checkedby:iptvcat.com","country":"saudi arabia","liveliness":"99","status":"online","lastChecked":"2020-08-17T00:00:00Z","format":"sd","mbps":"1052, ...","URI":["asia","saudi_arabia","saudi arabia","arab_countries","arab countries"]},{"id":"133201","channel":"EN TV","link":"http://82.212.74.100:8000/live/8130.m3u8?checkedby:iptvcat.com","country":"saudi arabia","liveliness":"91","status":"online","lastChecked":"2020-08-18T00:00:00Z","format":"sd","mbps":"1509","URI":["asia","saudi_arabia","saudi arabia","arab_countries","arab countries"]},{"id":"133202","channel":"Jasco Events TV","link":"http://82.212.74.100:8000/live/hls/8131.m3u8?checkedby:iptvcat.com","country":"saudi arabia","liveliness":"100","status":"online","lastChecked":"2020-08-18T00:00:00Z","format":"sd","mbps":"1509","URI":["asia","saudi_arabia","saudi arabia","arab_countries","arab countries"]},{"id":"18602","channel":"Kaif TV, قناة كيف ؟؟","link":"http://82.212.74.2:8000/live/hls/7311.m3u8?checkedby:iptvcat.com","country":"saudi arabia","liveliness":"98","status":"online","lastChecked":"2020-08-17T00:00:00Z","format":"sd","mbps":"1509","URI":["saudi_arabia","saudi arabia","arab_countries","arab countries"]},{"id":"56082","channel":"Al Arabiya, SA | Al Arabiya","link":"https://shls-alarabiya-prod.shahid.net/alarabiya-prod_1.m3u8?checkedby:iptvcat.com","country":"saudi arabia","liveliness":"100","status":"online","lastChecked":"2020-08-17T00:00:00Z","format":"fhd 2k","mbps":"7004","URI":["arab_countries","asia","saudi_arabia","saudi arabia","arab countries"]},{"id":"56082","channel":"Al Arabiya, SA | Al Arabiya","link":"https://shls-alarabiya-prod.shahid.net/alarabiya-prod_1.m3u8?checkedby:iptvcat.com","country":"saudi arabia","liveliness":"100","status":"online","lastChecked":"2020-08-17T00:00:00Z","format":"fhd 2k","mbps":"7004","URI":["arab_countries","asia","saudi_arabia","saudi arabia","arab countries"]},{"id":"22310","channel":"SA | Saudi TV 1, Saudi TV 1","link":"http://cdnamd-hls-globecast.akamaized.net/live/ramdisk/saudi_tv/hls1/saudi_tv.m3u8?checkedby:iptvcat.com","country":"saudi arabia","liveliness":"99","status":"online","lastChecked":"2020-08-17T00:00:00Z","format":"sd","mbps":"1052, ...","URI":["asia","saudi_arabia","saudi arabia","arab_countries","arab countries"]},{"id":"133201","channel":"EN TV","link":"http://82.212.74.100:8000/live/8130.m3u8?checkedby:iptvcat.com","country":"saudi arabia","liveliness":"91","status":"online","lastChecked":"2020-08-18T00:00:00Z","format":"sd","mbps":"1509","URI":["asia","saudi_arabia","saudi arabia","arab_countries","arab countries"]},{"id":"133202","channel":"Jasco Events TV","link":"http://82.212.74.100:8000/live/hls/8131.m3u8?checkedby:iptvcat.com","country":"saudi arabia","liveliness":"100","status":"online","lastChecked":"2020-08-18T00:00:00Z","format":"sd","mbps":"1509","URI":["asia","saudi_arabia","saudi arabia","arab_countries","arab countries"]},{"id":"18602","channel":"Kaif TV, قناة كيف ؟؟","link":"http://82.212.74.2:8000/live/hls/7311.m3u8?checkedby:iptvcat.com","country":"saudi arabia","liveliness":"98","status":"online","lastChecked":"2020-08-17T00:00:00Z","format":"sd","mbps":"1509","URI":["saudi_arabia","saudi arabia","arab_countries","arab countries"]},{"id":"56082","channel":"Al Arabiya, SA | Al Arabiya","link":"https://shls-alarabiya-prod.shahid.net/alarabiya-prod_1.m3u8?checkedby:iptvcat.com","country":"saudi arabia","liveliness":"100","status":"online","lastChecked":"2020-08-17T00:00:00Z","format":"fhd 2k","mbps":"7004","URI":["arab_countries","asia","saudi_arabia","saudi arabia","arab countries"]},{"id":"56082","channel":"Al Arabiya, SA | Al Arabiya","link":"https://shls-alarabiya-prod.shahid.net/alarabiya-prod_1.m3u8?checkedby:iptvcat.com","country":"saudi arabia","liveliness":"100","status":"online","lastChecked":"2020-08-17T00:00:00Z","format":"fhd 2k","mbps":"7004","URI":["arab_countries","asia","saudi_arabia","saudi arabia","arab countries"]}]