[{"id":"62390","channel":"TV Duga +  rtm","link":"rtmp://w10.streamgb.com/dugaplus/dugaplus?checkedby:iptvcat.com","country":"serbia","liveliness":"84","status":"online","lastChecked":"2020-08-17T00:00:00Z","format":"sd","mbps":"1688","URI":["serbia","ex yugoslavia","europe","ex_yugoslavia"]},{"id":"2506","channel":"TV Duga Plus","link":"http://w10.streamgb.com:1935/dugaplus/dugaplus/playlist.m3u8?checkedby:iptvcat.com","country":"serbia","liveliness":"89","status":"online","lastChecked":"2020-08-17T00:00:00Z","format":"sd","mbps":"1688","URI":["serbia"]},{"id":"62391","channel":"TV Hram  rtm","link":"rtmp://178.253.194.75/live/hram.stream?checkedby:iptvcat.com","country":"serbia","liveliness":"94","status":"online","lastChecked":"2020-08-18T00:00:00Z","format":"sd","mbps":"1509","URI":["serbia","ex yugoslavia","europe","ex_yugoslavia"]},{"id":"2505","channel":"Televizija Leskovac","link":"http://best.str.nettvplus.com:8080/stream/?channel=tvleskovac\u0026stream=1mb\u0026sp=nettvplus?u=X0B2YB95\u0026checkedby:iptvcat.com","country":"serbia","liveliness":"100","status":"online","lastChecked":"2020-08-17T00:00:00Z","format":"sd","mbps":"2334","URI":["serbia"]},{"id":"62390","channel":"TV Duga +  rtm","link":"rtmp://w10.streamgb.com/dugaplus/dugaplus?checkedby:iptvcat.com","country":"serbia","liveliness":"84","status":"online","lastChecked":"2020-08-17T00:00:00Z","format":"sd","mbps":"1688","URI":["serbia","ex yugoslavia","europe","ex_yugoslavia"]},{"id":"62391","channel":"TV Hram  rtm","link":"rtmp://178.253.194.75/live/hram.stream?checkedby:iptvcat.com","country":"serbia","liveliness":"94","status":"online","lastChecked":"2020-08-18T00:00:00Z","format":"sd","mbps":"1509","URI":["serbia","ex yugoslavia","europe","ex_yugoslavia"]},{"id":"62390","channel":"TV Duga +  rtm","link":"rtmp://w10.streamgb.com/dugaplus/dugaplus?checkedby:iptvcat.com","country":"serbia","liveliness":"84","status":"online","lastChecked":"2020-08-17T00:00:00Z","format":"sd","mbps":"1688","URI":["serbia","ex yugoslavia","europe","ex_yugoslavia"]},{"id":"62391","channel":"TV Hram  rtm","link":"rtmp://178.253.194.75/live/hram.stream?checkedby:iptvcat.com","country":"serbia","liveliness":"94","status":"online","lastChecked":"2020-08-18T00:00:00Z","format":"sd","mbps":"1509","URI":["serbia","ex yugoslavia","europe","ex_yugoslavia"]},{"id":"62390","channel":"TV Duga +  rtm","link":"rtmp://w10.streamgb.com/dugaplus/dugaplus?checkedby:iptvcat.com","country":"serbia","liveliness":"84","status":"online","lastChecked":"2020-08-17T00:00:00Z","format":"sd","mbps":"1688","URI":["serbia","ex yugoslavia","europe","ex_yugoslavia"]},{"id":"62391","channel":"TV Hram  rtm","link":"rtmp://178.253.194.75/live/hram.stream?checkedby:iptvcat.com","country":"serbia","liveliness":"94","status":"online","lastChecked":"2020-08-18T00:00:00Z","format":"sd","mbps":"1509","URI":["serbia","ex yugoslavia","europe","ex_yugoslavia"]}]