[{"id":"2510","channel":"AYV","link":"https://1219373429.rsc.cdn77.org/live/stream-1/chunklist.m3u8?checkedby:iptvcat.com","country":"sierra leone","liveliness":"97","status":"online","lastChecked":"2020-08-17T00:00:00Z","format":"hd","mbps":"3625","URI":["sierra leone","sierra_leone"]},{"id":"2510","channel":"AYV","link":"https://1219373429.rsc.cdn77.org/live/stream-1/chunklist.m3u8?checkedby:iptvcat.com","country":"sierra leone","liveliness":"97","status":"online","lastChecked":"2020-08-17T00:00:00Z","format":"hd","mbps":"3625","URI":["sierra leone","sierra_leone"]}]