[{"id":"24731","channel":"CNA HD","link":"https://d2e1asnsl7br7b.cloudfront.net/7782e205e72f43aeb4a48ec97f66ebbe/index.m3u8?checkedby:iptvcat.com","country":"singapore","liveliness":"99","status":"online","lastChecked":"2020-08-17T00:00:00Z","format":"hd","mbps":"11126, ...","URI":["singapore"]},{"id":"24731","channel":"CNA HD","link":"https://d2e1asnsl7br7b.cloudfront.net/7782e205e72f43aeb4a48ec97f66ebbe/index.m3u8?checkedby:iptvcat.com","country":"singapore","liveliness":"99","status":"online","lastChecked":"2020-08-17T00:00:00Z","format":"hd","mbps":"11126, ...","URI":["singapore"]}]