[{"id":"24736","channel":"TV KOPER","link":"https://27-rtvslo-tv-kp-int.cdn.eurovisioncdn.net/playlist.m3u8?checkedby:iptvcat.com","country":"slovenia","liveliness":"100","status":"online","lastChecked":"2020-08-17T00:00:00Z","format":"hd","mbps":"3188, ...","URI":["slovenia"]},{"id":"24737","channel":"TV MARIBOR","link":"https://25-rtvslo-tv-mb-int.cdn.eurovisioncdn.net/playlist.m3u8?checkedby:iptvcat.com","country":"slovenia","liveliness":"100","status":"online","lastChecked":"2020-08-17T00:00:00Z","format":"hd","mbps":"3188, ...","URI":["slovenia"]},{"id":"24738","channel":"TV SLOVENIJA 1","link":"https://31-rtvslo-tv-slo1-int.cdn.eurovisioncdn.net/playlist.m3u8?checkedby:iptvcat.com","country":"slovenia","liveliness":"100","status":"online","lastChecked":"2020-08-17T00:00:00Z","format":"hd","mbps":"3188, ...","URI":["slovenia"]},{"id":"24739","channel":"TV SLOVENIJA 2","link":"https://21-rtvslo-tv-slo2-int.cdn.eurovisioncdn.net/playlist.m3u8?checkedby:iptvcat.com","country":"slovenia","liveliness":"100","status":"online","lastChecked":"2020-08-17T00:00:00Z","format":"hd","mbps":"7004, ...","URI":["slovenia"]},{"id":"24740","channel":"TV SLOVENIJA 3","link":"https://16-rtvslo-tv-slo3-int.cdn.eurovisioncdn.net/playlist.m3u8?checkedby:iptvcat.com","country":"slovenia","liveliness":"100","status":"online","lastChecked":"2020-08-17T00:00:00Z","format":"hd","mbps":"3188, ...","URI":["slovenia"]}]