[{"id":"2524","channel":"BTV","link":"rtmp://s1.media-planet.sk:80/live/bardejov1?checkedby:iptvcat.com","country":"slovakia","liveliness":"99","status":"online","lastChecked":"2020-08-17T00:00:00Z","format":"hd","mbps":"3625","URI":["slovakia"]},{"id":"2531","channel":"JOJ","link":"http://nn1.joj.sk/hls/joj-720.m3u8?checkedby:iptvcat.com","country":"slovakia","liveliness":"100","status":"online","lastChecked":"2020-08-17T00:00:00Z","format":"hd","mbps":"3188","URI":["slovakia"]},{"id":"2530","channel":"JOJ","link":"http://nn.geo.joj.sk/hls/joj-720.m3u8?checkedby:iptvcat.com","country":"slovakia","liveliness":"100","status":"online","lastChecked":"2020-08-17T00:00:00Z","format":"hd","mbps":"3188","URI":["slovakia"]},{"id":"2529","channel":"JOJ","link":"http://nn.geo.joj.sk/hls/joj-540.m3u8?checkedby:iptvcat.com","country":"slovakia","liveliness":"100","status":"online","lastChecked":"2020-08-17T00:00:00Z","format":"sd","mbps":"1853","URI":["slovakia"]},{"id":"133205","channel":"JOJ","link":"https://nn1.joj.sk/hls/joj-720.m3u8?checkedby:iptvcat.com","country":"slovakia","liveliness":"99","status":"online","lastChecked":"2020-08-17T00:00:00Z","format":"hd","mbps":"3188","URI":["slovakia","europe"]},{"id":"133204","channel":"JOJ","link":"https://nn.geo.joj.sk/hls/joj-720.m3u8?checkedby:iptvcat.com","country":"slovakia","liveliness":"99","status":"online","lastChecked":"2020-08-17T00:00:00Z","format":"hd","mbps":"3188","URI":["slovakia","europe"]},{"id":"133203","channel":"JOJ","link":"https://nn.geo.joj.sk/hls/joj-540.m3u8?checkedby:iptvcat.com","country":"slovakia","liveliness":"99","status":"online","lastChecked":"2020-08-17T00:00:00Z","format":"sd","mbps":"1853","URI":["slovakia","europe"]},{"id":"2535","channel":"JOJ Family","link":"http://nn2.joj.sk/hls/family-540.m3u8?checkedby:iptvcat.com","country":"slovakia","liveliness":"100","status":"online","lastChecked":"2020-08-17T00:00:00Z","format":"sd","mbps":"1853","URI":["slovakia"]},{"id":"2534","channel":"JOJ Family","link":"http://nn.geo.joj.sk/hls/family-540.m3u8?checkedby:iptvcat.com","country":"slovakia","liveliness":"100","status":"online","lastChecked":"2020-08-17T00:00:00Z","format":"sd","mbps":"1853","URI":["slovakia"]},{"id":"2533","channel":"JOJ Family","link":"http://nn.geo.joj.sk/hls/family-360.m3u8?checkedby:iptvcat.com","country":"slovakia","liveliness":"100","status":"online","lastChecked":"2020-08-17T00:00:00Z","format":"sd","mbps":"899","URI":["slovakia"]},{"id":"133208","channel":"JOJ Family","link":"https://nn2.joj.sk/hls/family-540.m3u8?checkedby:iptvcat.com","country":"slovakia","liveliness":"99","status":"online","lastChecked":"2020-08-17T00:00:00Z","format":"sd","mbps":"1853","URI":["slovakia","europe"]},{"id":"133207","channel":"JOJ Family","link":"https://nn.geo.joj.sk/hls/family-540.m3u8?checkedby:iptvcat.com","country":"slovakia","liveliness":"99","status":"online","lastChecked":"2020-08-17T00:00:00Z","format":"sd","mbps":"1853","URI":["slovakia","europe"]},{"id":"133206","channel":"JOJ Family","link":"https://nn.geo.joj.sk/hls/family-360.m3u8?checkedby:iptvcat.com","country":"slovakia","liveliness":"99","status":"online","lastChecked":"2020-08-17T00:00:00Z","format":"sd","mbps":"899","URI":["slovakia","europe"]},{"id":"2537","channel":"Košice:dnes","link":"http://lb.streaming.sk/tvnasa/stream/playlist.m3u8?checkedby:iptvcat.com","country":"slovakia","liveliness":"100","status":"online","lastChecked":"2020-08-17T00:00:00Z","format":"sd","mbps":"2044","URI":["slovakia"]},{"id":"2536","channel":"Košice:dnes","link":"http://213.81.153.221:8080/nasa?checkedby:iptvcat.com","country":"slovakia","liveliness":"98","status":"online","lastChecked":"2020-08-17T00:00:00Z","format":"sd","mbps":"136","URI":["slovakia"]},{"id":"2541","channel":"Plus","link":"https://nn.geo.joj.sk/live/hls/jojplus-540.m3u8?checkedby:iptvcat.com","country":"slovakia","liveliness":"100","status":"online","lastChecked":"2020-08-17T00:00:00Z","format":"sd","mbps":"1853","URI":["slovakia"]},{"id":"133210","channel":"Raj TV","link":"https://ottst05.flexitv.sk/2827-tv-pc.m3u8?checkedby:iptvcat.com","country":"slovakia","liveliness":"100","status":"online","lastChecked":"2020-08-18T00:00:00Z","format":"hd","mbps":"3188","URI":["slovakia","europe"]},{"id":"2543","channel":"Raj TV","link":"http://ottst05.flexitv.sk/2827-tv-pc.m3u8?checkedby:iptvcat.com","country":"slovakia","liveliness":"99","status":"online","lastChecked":"2020-08-17T00:00:00Z","format":"hd","mbps":"3188","URI":["slovakia"]},{"id":"9977","channel":"Rik","link":"https://nn.geo.joj.sk/live/hls/rik-540.m3u8?checkedby:iptvcat.com","country":"slovakia","liveliness":"99","status":"online","lastChecked":"2020-08-17T00:00:00Z","format":"sd","mbps":"1853","URI":["slovakia","europe"]},{"id":"2544","channel":"Senzi TV","link":"http://109.74.144.130/live/senzitest/playlist.m3u8?checkedby:iptvcat.com","country":"slovakia","liveliness":"100","status":"online","lastChecked":"2020-08-17T00:00:00Z","format":"sd","mbps":"1706","URI":["slovakia"]},{"id":"2551","channel":"TV KREA Galanta","link":"http://213.81.153.221:8080/galanta?checkedby:iptvcat.com","country":"slovakia","liveliness":"95","status":"offline","lastChecked":"2020-08-17T00:00:00Z","format":"sd","mbps":"543","URI":["slovakia"]},{"id":"2553","channel":"TV Lux","link":"http://live.tvlux.sk:1935/lux/lux.stream_360p/chunklist_w1295439472.m3u8?checkedby:iptvcat.com","country":"slovakia","liveliness":"100","status":"online","lastChecked":"2020-08-17T00:00:00Z","format":"sd","mbps":"1357","URI":["slovakia"]},{"id":"2552","channel":"TV Lux","link":"http://live.tvlux.sk:1935/lux/lux.stream/playlist.m3u8?checkedby:iptvcat.com","country":"slovakia","liveliness":"100","status":"online","lastChecked":"2020-08-17T00:00:00Z","format":"fhd 2k","mbps":"7004","URI":["slovakia"]},{"id":"2556","channel":"TV Nové Zámky","link":"rtmp://s1.media-planet.sk:80/live/novezamky?checkedby:iptvcat.com","country":"slovakia","liveliness":"100","status":"online","lastChecked":"2020-08-17T00:00:00Z","format":"sd","mbps":"1725","URI":["slovakia"]},{"id":"2555","channel":"TV Nové Zámky","link":"http://s1.media-planet.sk:80/live/novezamky/lihattv.m3u8?checkedby:iptvcat.com","country":"slovakia","liveliness":"100","status":"online","lastChecked":"2020-08-17T00:00:00Z","format":"sd","mbps":"1725","URI":["slovakia"]},{"id":"2554","channel":"TV Nové Zámky","link":"http://s1.media-planet.sk:80/live/novezamky/BratuMarian.m3u8?checkedby:iptvcat.com","country":"slovakia","liveliness":"100","status":"online","lastChecked":"2020-08-17T00:00:00Z","format":"sd","mbps":"1725","URI":["slovakia"]},{"id":"2558","channel":"TV Reduta","link":"rtmp://s1.media-planet.sk:80/live/reduta?checkedby:iptvcat.com","country":"slovakia","liveliness":"99","status":"online","lastChecked":"2020-08-17T00:00:00Z","format":"sd","mbps":"1725","URI":["slovakia"]},{"id":"2559","channel":"TV Ružinov","link":"http://lb.streaming.sk/tvruzinov/stream/playlist.m3u8?checkedby:iptvcat.com","country":"slovakia","liveliness":"100","status":"online","lastChecked":"2020-08-17T00:00:00Z","format":"fhd 2k","mbps":"7004","URI":["slovakia"]},{"id":"2560","channel":"TV Turzovka","link":"rtmp://s1.media-planet.sk:80/live/turzovka?checkedby:iptvcat.com","country":"slovakia","liveliness":"95","status":"online","lastChecked":"2020-08-17T00:00:00Z","format":"sd","mbps":"1725","URI":["slovakia"]},{"id":"2562","channel":"Wau TV","link":"https://nn.geo.joj.sk/live/wau-index.m3u8?checkedby:iptvcat.com","country":"slovakia","liveliness":"100","status":"online","lastChecked":"2020-08-17T00:00:00Z","format":"sd","mbps":"899","URI":["slovakia"]},{"id":"2561","channel":"Wau TV","link":"https://nn.geo.joj.sk/hls/wau-540.m3u8?checkedby:iptvcat.com","country":"slovakia","liveliness":"100","status":"online","lastChecked":"2020-08-17T00:00:00Z","format":"sd","mbps":"1853","URI":["slovakia"]},{"id":"133210","channel":"Raj TV","link":"https://ottst05.flexitv.sk/2827-tv-pc.m3u8?checkedby:iptvcat.com","country":"slovakia","liveliness":"100","status":"online","lastChecked":"2020-08-18T00:00:00Z","format":"hd","mbps":"3188","URI":["slovakia","europe"]},{"id":"9977","channel":"Rik","link":"https://nn.geo.joj.sk/live/hls/rik-540.m3u8?checkedby:iptvcat.com","country":"slovakia","liveliness":"99","status":"online","lastChecked":"2020-08-17T00:00:00Z","format":"sd","mbps":"1853","URI":["slovakia","europe"]},{"id":"133205","channel":"JOJ","link":"https://nn1.joj.sk/hls/joj-720.m3u8?checkedby:iptvcat.com","country":"slovakia","liveliness":"99","status":"online","lastChecked":"2020-08-17T00:00:00Z","format":"hd","mbps":"3188","URI":["slovakia","europe"]},{"id":"133204","channel":"JOJ","link":"https://nn.geo.joj.sk/hls/joj-720.m3u8?checkedby:iptvcat.com","country":"slovakia","liveliness":"99","status":"online","lastChecked":"2020-08-17T00:00:00Z","format":"hd","mbps":"3188","URI":["slovakia","europe"]},{"id":"133203","channel":"JOJ","link":"https://nn.geo.joj.sk/hls/joj-540.m3u8?checkedby:iptvcat.com","country":"slovakia","liveliness":"99","status":"online","lastChecked":"2020-08-17T00:00:00Z","format":"sd","mbps":"1853","URI":["slovakia","europe"]},{"id":"133208","channel":"JOJ Family","link":"https://nn2.joj.sk/hls/family-540.m3u8?checkedby:iptvcat.com","country":"slovakia","liveliness":"99","status":"online","lastChecked":"2020-08-17T00:00:00Z","format":"sd","mbps":"1853","URI":["slovakia","europe"]},{"id":"133207","channel":"JOJ Family","link":"https://nn.geo.joj.sk/hls/family-540.m3u8?checkedby:iptvcat.com","country":"slovakia","liveliness":"99","status":"online","lastChecked":"2020-08-17T00:00:00Z","format":"sd","mbps":"1853","URI":["slovakia","europe"]},{"id":"133206","channel":"JOJ Family","link":"https://nn.geo.joj.sk/hls/family-360.m3u8?checkedby:iptvcat.com","country":"slovakia","liveliness":"99","status":"online","lastChecked":"2020-08-17T00:00:00Z","format":"sd","mbps":"899","URI":["slovakia","europe"]}]