[{"id":"2566","channel":"Horn Cable TV","link":"http://cdn.mediavisionuae.com:1935/live/hctvlive.stream/chunklist.m3u8?checkedby:iptvcat.com","country":"somalia","liveliness":"80","status":"online","lastChecked":"2020-08-17T00:00:00Z","format":"hd","mbps":"3179","URI":["somalia"]},{"id":"2566","channel":"Horn Cable TV","link":"http://cdn.mediavisionuae.com:1935/live/hctvlive.stream/chunklist.m3u8?checkedby:iptvcat.com","country":"somalia","liveliness":"80","status":"online","lastChecked":"2020-08-17T00:00:00Z","format":"hd","mbps":"3179","URI":["somalia"]},{"id":"2566","channel":"Horn Cable TV","link":"http://cdn.mediavisionuae.com:1935/live/hctvlive.stream/chunklist.m3u8?checkedby:iptvcat.com","country":"somalia","liveliness":"80","status":"online","lastChecked":"2020-08-17T00:00:00Z","format":"hd","mbps":"3179","URI":["somalia"]}]