[{"id":"2571","channel":"Trace Africa","link":"http://d2ktlibtvvj8vp.cloudfront.net/trace_africa/6/prog_index.m3u8?checkedby:iptvcat.com","country":"south africa","liveliness":"77","status":"offline","lastChecked":"2020-07-14T00:00:00Z","format":"hd","mbps":"5020","URI":["south africa","south_africa"]},{"id":"2571","channel":"Trace Africa","link":"http://d2ktlibtvvj8vp.cloudfront.net/trace_africa/6/prog_index.m3u8?checkedby:iptvcat.com","country":"south africa","liveliness":"77","status":"offline","lastChecked":"2020-07-14T00:00:00Z","format":"hd","mbps":"5020","URI":["south africa","south_africa"]},{"id":"2571","channel":"Trace Africa","link":"http://d2ktlibtvvj8vp.cloudfront.net/trace_africa/6/prog_index.m3u8?checkedby:iptvcat.com","country":"south africa","liveliness":"77","status":"offline","lastChecked":"2020-07-14T00:00:00Z","format":"hd","mbps":"5020","URI":["south africa","south_africa"]}]