[{"id":"60426","channel":"Sooriyan TV","link":"http://cdn.jwplayer.com/videos/1m0nMXhZ-3SDdwqdV.m3u8?checkedby:iptvcat.com","country":"sri lanka","liveliness":"89","status":"offline","lastChecked":"2020-08-19T00:00:00Z","format":"sd","mbps":"4619","URI":["sri lanka","asia","sri_lanka"]},{"id":"60426","channel":"Sooriyan TV","link":"http://cdn.jwplayer.com/videos/1m0nMXhZ-3SDdwqdV.m3u8?checkedby:iptvcat.com","country":"sri lanka","liveliness":"89","status":"offline","lastChecked":"2020-08-19T00:00:00Z","format":"sd","mbps":"4619","URI":["sri lanka","asia","sri_lanka"]},{"id":"60426","channel":"Sooriyan TV","link":"http://cdn.jwplayer.com/videos/1m0nMXhZ-3SDdwqdV.m3u8?checkedby:iptvcat.com","country":"sri lanka","liveliness":"89","status":"offline","lastChecked":"2020-08-19T00:00:00Z","format":"sd","mbps":"4619","URI":["sri lanka","asia","sri_lanka"]}]