[{"id":"2756","channel":"Africa TV2","link":"http://africatv.live.net.sa:1935/live/africatv2/playlist.m3u8?checkedby:iptvcat.com","country":"sudan","liveliness":"100","status":"online","lastChecked":"2020-08-17T00:00:00Z","format":"hd","mbps":"3799","URI":["sudan"]},{"id":"2755","channel":"Africa TV2","link":"http://africatv.live.net.sa:1935/live/africatv2/playlist.m3u?checkedby:iptvcat.com","country":"sudan","liveliness":"100","status":"online","lastChecked":"2020-08-17T00:00:00Z","format":"hd","mbps":"3799","URI":["sudan"]},{"id":"2758","channel":"Africa TV3","link":"http://africatv.live.net.sa:1935/live/africatv3/playlist.m3u8?checkedby:iptvcat.com","country":"sudan","liveliness":"97","status":"online","lastChecked":"2020-08-17T00:00:00Z","format":"hd","mbps":"3799","URI":["sudan"]},{"id":"2757","channel":"Africa TV3","link":"http://africatv.live.net.sa:1935/live/africatv3/playlist.m3u?checkedby:iptvcat.com","country":"sudan","liveliness":"97","status":"online","lastChecked":"2020-08-17T00:00:00Z","format":"hd","mbps":"3799","URI":["sudan"]},{"id":"25758","channel":"Sudan TV","link":"https://mysisli.com/36bay2/gin/giniko_sudantv_900kb_36bay2/tracks-v1a1/mono.m3u8?checkedby:iptvcat.com","country":"sudan","liveliness":"96","status":"online","lastChecked":"2020-08-17T00:00:00Z","format":"sd","mbps":"1051","URI":["sudan"]},{"id":"25757","channel":"Sudan TV","link":"https://cdnamd-hls-globecast.akamaized.net/live/ramdisk/sudan_tv/hls1/sudan_tv.m3u8?checkedby:iptvcat.com","country":"sudan","liveliness":"100","status":"online","lastChecked":"2020-08-17T00:00:00Z","format":"sd","mbps":"1052, ...","URI":["sudan"]},{"id":"22321","channel":"Sudan TV","link":"http://cdnamd-hls-globecast.akamaized.net/live/ramdisk/sudan_tv/hls1/sudan_tv.m3u8?checkedby:iptvcat.com","country":"sudan","liveliness":"99","status":"online","lastChecked":"2020-08-17T00:00:00Z","format":"sd","mbps":"1052, ...","URI":["sudan"]}]