[{"id":"2760","channel":"ATG","link":"https://httpcache0-00688-cacheliveedge0.dna.qbrick.com/00688-cacheliveedge0/out/u/atg_sdi_1_free_3.m3u8?checkedby:iptvcat.com","country":"sweden","liveliness":"100","status":"online","lastChecked":"2020-08-17T00:00:00Z","format":"sd","mbps":"1392","URI":["sweden","sport"]},{"id":"55893","channel":"Aftonbladet TV, SE | Aftonbladet TV","link":"http://aftonbladetlive-lh.akamaihd.net/i/livestream01_1@182509/master.m3u8?checkedby:iptvcat.com","country":"sweden","liveliness":"99","status":"offline","lastChecked":"2020-08-19T00:00:00Z","format":"sd","mbps":"526","URI":["sweden","europe","scandinavia"]},{"id":"332199","channel":"Animal_Planet","link":"http://mhiptv.com:8888/noval/123456/5567?checkedby:iptvcat.com","country":"sweden","liveliness":"100","status":"online","lastChecked":"2020-08-16T00:00:00Z","format":"hd","mbps":"3625","URI":["sweden","europe","scandinavia","new_channels"]},{"id":"332200","channel":"Animal_Planet_FHD","link":"http://mhiptv.com:8888/noval/123456/5566?checkedby:iptvcat.com","country":"sweden","liveliness":"100","status":"online","lastChecked":"2020-08-16T00:00:00Z","format":"hd","mbps":"3625","URI":["sweden","europe","scandinavia","new_channels"]},{"id":"302521","channel":"Cartoon Network","link":"http://5.226.139.184:7000/Ekmecic/Ekmecic/799?checkedby:iptvcat.com","country":"sweden","liveliness":"31","status":"offline","lastChecked":"2020-08-19T00:00:00Z","format":"sd","mbps":"1509","URI":["sweden","europe","scandinavia"]},{"id":"2761","channel":"Di TV","link":"https://httpcache0-03837-cachelive2.dna.qbrick.com/03837-cachelive2/smil:03837_tx4_720p/playlist.m3u8?checkedby:iptvcat.com","country":"sweden","liveliness":"100","status":"online","lastChecked":"2020-08-17T00:00:00Z","format":"hd","mbps":"5020, ...","URI":["sweden"]},{"id":"332201","channel":"Discovery_Channel_HD","link":"http://mhiptv.com:8888/noval/123456/5544?checkedby:iptvcat.com","country":"sweden","liveliness":"100","status":"online","lastChecked":"2020-08-16T00:00:00Z","format":"hd","mbps":"3625","URI":["sweden","europe","scandinavia","new_channels"]},{"id":"332202","channel":"Discovery_World","link":"http://mhiptv.com:8888/noval/123456/5543?checkedby:iptvcat.com","country":"sweden","liveliness":"100","status":"online","lastChecked":"2020-08-16T00:00:00Z","format":"hd","mbps":"3625","URI":["sweden","europe","scandinavia","new_channels"]},{"id":"332203","channel":"Disney_Channel","link":"http://mhiptv.com:8888/noval/123456/5542?checkedby:iptvcat.com","country":"sweden","liveliness":"100","status":"online","lastChecked":"2020-08-16T00:00:00Z","format":"hd","mbps":"3625","URI":["sweden","europe","scandinavia","new_channels"]},{"id":"332204","channel":"Disney_Junior","link":"http://mhiptv.com:8888/noval/123456/5541?checkedby:iptvcat.com","country":"sweden","liveliness":"100","status":"online","lastChecked":"2020-08-16T00:00:00Z","format":"hd","mbps":"3625","URI":["sweden","europe","scandinavia","new_channels"]},{"id":"332205","channel":"Disney_XD","link":"http://mhiptv.com:8888/noval/123456/5540?checkedby:iptvcat.com","country":"sweden","liveliness":"100","status":"online","lastChecked":"2020-08-16T00:00:00Z","format":"hd","mbps":"3625","URI":["sweden","europe","scandinavia","new_channels"]},{"id":"332206","channel":"Eurosport_1_HD","link":"http://mhiptv.com:8888/noval/123456/5537?checkedby:iptvcat.com","country":"sweden","liveliness":"100","status":"online","lastChecked":"2020-08-16T00:00:00Z","format":"hd","mbps":"3625","URI":["sweden","europe","scandinavia","sport","new_channels"]},{"id":"332207","channel":"Eurosport_2_HD","link":"http://mhiptv.com:8888/noval/123456/5536?checkedby:iptvcat.com","country":"sweden","liveliness":"100","status":"online","lastChecked":"2020-08-16T00:00:00Z","format":"hd","mbps":"3625","URI":["sweden","europe","scandinavia","sport","new_channels"]},{"id":"55894","channel":"Expressen TV, SE | Expressen TV","link":"https://httpcache0-03837-cachelive2.dna.qbrick.com/03837-cachelive2/smil:03837_tx2_720p/playlist.m3u8?checkedby:iptvcat.com","country":"sweden","liveliness":"99","status":"online","lastChecked":"2020-08-17T00:00:00Z","format":"hd","mbps":"5020, ...","URI":["sweden","europe","scandinavia"]},{"id":"2762","channel":"Expressen TV","link":"https://httpcache0-03837-cachelive2.dna.qbrick.com/03837-cachelive2/smil:03837_tx2_720p/chunklist_b3628000.m3u8?checkedby:iptvcat.com","country":"sweden","liveliness":"100","status":"online","lastChecked":"2020-08-17T00:00:00Z","format":"hd","mbps":"5020","URI":["sweden"]},{"id":"332208","channel":"FOX","link":"http://mhiptv.com:8888/noval/123456/5534?checkedby:iptvcat.com","country":"sweden","liveliness":"100","status":"online","lastChecked":"2020-08-16T00:00:00Z","format":"hd","mbps":"3625","URI":["sweden","europe","scandinavia","new_channels"]},{"id":"294245","channel":"FOX Sweden","link":"http://mrakiptv.mrak-iptv.com:25461/maradona/maradona/449?checkedby:iptvcat.com","country":"sweden","liveliness":"100","status":"online","lastChecked":"2020-08-17T00:00:00Z","format":"hd","mbps":"3188","URI":["sweden","europe","scandinavia"]},{"id":"2763","channel":"Himlen TV7","link":"http://vod.tv7.fi:1935/tv7-se/_definst_/mp4:tv7-se.stream_360p/playlist.m3u8?checkedby:iptvcat.com","country":"sweden","liveliness":"100","status":"online","lastChecked":"2020-08-17T00:00:00Z","format":"sd","mbps":"1357","URI":["sweden"]},{"id":"133236","channel":"Kanal 10","link":"https://cdn-kanal10.crossnet.net/kanal10/mpegts.stream/playlist.m3u8?checkedby:iptvcat.com","country":"sweden","liveliness":"100","status":"online","lastChecked":"2020-08-18T00:00:00Z","format":"sd","mbps":"3262","URI":["sweden","europe","scandinavia"]},{"id":"2765","channel":"Kanal 10","link":"http://cdn-kanal10.crossnet.net:1935/kanal10/mp4:mpegts.stream/playlist.m3u8?checkedby:iptvcat.com","country":"sweden","liveliness":"100","status":"online","lastChecked":"2020-08-17T00:00:00Z","format":"sd","mbps":"3262","URI":["sweden"]},{"id":"2764","channel":"Kanal 10","link":"http://cdn-kanal10.crossnet.net/kanal10/mpegts.stream/playlist.m3u8?checkedby:iptvcat.com","country":"sweden","liveliness":"100","status":"online","lastChecked":"2020-08-17T00:00:00Z","format":"sd","mbps":"3262","URI":["sweden"]},{"id":"294241","channel":"Kanal 11 Svirge","link":"http://mrakiptv.mrak-iptv.com:25461/maradona/maradona/264?checkedby:iptvcat.com","country":"sweden","liveliness":"100","status":"online","lastChecked":"2020-08-17T00:00:00Z","format":"fhd 2k","mbps":"7004","URI":["sweden","europe","scandinavia"]},{"id":"294236","channel":"Kanal 9 HD svergie","link":"http://mrakiptv.mrak-iptv.com:25461/maradona/maradona/263?checkedby:iptvcat.com","country":"sweden","liveliness":"100","status":"online","lastChecked":"2020-08-17T00:00:00Z","format":"hd","mbps":"6241","URI":["sweden","europe","scandinavia"]},{"id":"332209","channel":"Kanal_11_HD","link":"http://mhiptv.com:8888/noval/123456/5530?checkedby:iptvcat.com","country":"sweden","liveliness":"100","status":"online","lastChecked":"2020-08-16T00:00:00Z","format":"hd","mbps":"3625","URI":["sweden","europe","scandinavia","new_channels"]},{"id":"332210","channel":"Kanal_5","link":"http://mhiptv.com:8888/noval/123456/5529?checkedby:iptvcat.com","country":"sweden","liveliness":"100","status":"online","lastChecked":"2020-08-16T00:00:00Z","format":"hd","mbps":"3625","URI":["sweden","europe","scandinavia","new_channels"]},{"id":"332211","channel":"Kanal_9_HD","link":"http://mhiptv.com:8888/noval/123456/5526?checkedby:iptvcat.com","country":"sweden","liveliness":"100","status":"online","lastChecked":"2020-08-16T00:00:00Z","format":"hd","mbps":"3625","URI":["sweden","europe","scandinavia","new_channels"]},{"id":"332212","channel":"Kunskapskanalen","link":"http://mhiptv.com:8888/noval/123456/5525?checkedby:iptvcat.com","country":"sweden","liveliness":"100","status":"online","lastChecked":"2020-08-16T00:00:00Z","format":"hd","mbps":"3625","URI":["sweden","europe","scandinavia","new_channels"]},{"id":"332213","channel":"MTV","link":"http://mhiptv.com:8888/noval/123456/5522?checkedby:iptvcat.com","country":"sweden","liveliness":"100","status":"online","lastChecked":"2020-08-16T00:00:00Z","format":"hd","mbps":"3625","URI":["sweden","europe","scandinavia","new_channels"]},{"id":"332214","channel":"Nat_Geo_Wild","link":"http://mhiptv.com:8888/noval/123456/5521?checkedby:iptvcat.com","country":"sweden","liveliness":"100","status":"online","lastChecked":"2020-08-16T00:00:00Z","format":"hd","mbps":"3625","URI":["sweden","europe","scandinavia","new_channels"]},{"id":"332215","channel":"National_Geographic","link":"http://mhiptv.com:8888/noval/123456/5520?checkedby:iptvcat.com","country":"sweden","liveliness":"100","status":"online","lastChecked":"2020-08-16T00:00:00Z","format":"hd","mbps":"3625","URI":["sweden","europe","scandinavia","new_channels"]},{"id":"332216","channel":"Nick_Jr","link":"http://mhiptv.com:8888/noval/123456/5519?checkedby:iptvcat.com","country":"sweden","liveliness":"100","status":"online","lastChecked":"2020-08-16T00:00:00Z","format":"hd","mbps":"3625","URI":["sweden","europe","scandinavia","new_channels"]},{"id":"332217","channel":"Nickelodeon","link":"http://mhiptv.com:8888/noval/123456/5518?checkedby:iptvcat.com","country":"sweden","liveliness":"100","status":"online","lastChecked":"2020-08-16T00:00:00Z","format":"hd","mbps":"3625","URI":["sweden","europe","scandinavia","new_channels"]},{"id":"9364","channel":"OPPNA KANALEN","link":"http://83.140.64.214/edge/_451iw2h_/451iw2h/chunklist_w348058882.m3u8?checkedby:iptvcat.com","country":"sweden","liveliness":"99","status":"online","lastChecked":"2020-08-17T00:00:00Z","format":"sd","mbps":"2883","URI":["sweden","europe","scandinavia","arab_countries","arab countries"]},{"id":"55892","channel":"SE | SVT1, SVT1","link":"http://185.19.191.12:8090/SVT1/mpegts?checkedby:iptvcat.com","country":"sweden","liveliness":"100","status":"online","lastChecked":"2020-08-17T00:00:00Z","format":"hd","mbps":"3188","URI":["sweden","europe","scandinavia"]},{"id":"332218","channel":"SF_Kanalen","link":"http://mhiptv.com:8888/noval/123456/5517?checkedby:iptvcat.com","country":"sweden","liveliness":"100","status":"online","lastChecked":"2020-08-16T00:00:00Z","format":"hd","mbps":"3625","URI":["sweden","europe","scandinavia","new_channels"]},{"id":"9365","channel":"STORTINGET","link":"http://194.132.85.39/19333-live0/_definst_/push-stortinget_1/chunklist_w1136072204.m3u8?checkedby:iptvcat.com","country":"sweden","liveliness":"100","status":"online","lastChecked":"2020-08-17T00:00:00Z","format":"sd","mbps":"3262","URI":["sweden","europe","scandinavia","arab_countries","arab countries"]},{"id":"294232","channel":"SVT 1 HD","link":"http://mrakiptv.mrak-iptv.com:25461/maradona/maradona/171?checkedby:iptvcat.com","country":"sweden","liveliness":"100","status":"online","lastChecked":"2020-08-17T00:00:00Z","format":"hd","mbps":"6241","URI":["sweden","europe","scandinavia"]},{"id":"294233","channel":"SVT 2 HD","link":"http://mrakiptv.mrak-iptv.com:25461/maradona/maradona/172?checkedby:iptvcat.com","country":"sweden","liveliness":"100","status":"online","lastChecked":"2020-08-17T00:00:00Z","format":"hd","mbps":"5020","URI":["sweden","europe","scandinavia"]},{"id":"332220","channel":"SVT1_HD","link":"http://mhiptv.com:8888/noval/123456/5514?checkedby:iptvcat.com","country":"sweden","liveliness":"100","status":"online","lastChecked":"2020-08-16T00:00:00Z","format":"hd","mbps":"3625","URI":["sweden","europe","scandinavia","new_channels"]},{"id":"24752","channel":"SVT2","link":"http://185.19.191.12:8090/SVT2/mpegts?checkedby:iptvcat.com","country":"sweden","liveliness":"100","status":"online","lastChecked":"2020-08-17T00:00:00Z","format":"hd","mbps":"3188","URI":["sweden"]},{"id":"332221","channel":"SVT2_HD","link":"http://mhiptv.com:8888/noval/123456/5512?checkedby:iptvcat.com","country":"sweden","liveliness":"100","status":"online","lastChecked":"2020-08-16T00:00:00Z","format":"hd","mbps":"3625","URI":["sweden","europe","scandinavia","new_channels"]},{"id":"294238","channel":"Sjuan","link":"http://mrakiptv.mrak-iptv.com:25461/maradona/maradona/269?checkedby:iptvcat.com","country":"sweden","liveliness":"100","status":"online","lastChecked":"2020-08-17T00:00:00Z","format":"hd","mbps":"3188","URI":["sweden","europe","scandinavia"]},{"id":"332219","channel":"Sjuan","link":"http://mhiptv.com:8888/noval/123456/5516?checkedby:iptvcat.com","country":"sweden","liveliness":"100","status":"online","lastChecked":"2020-08-16T00:00:00Z","format":"hd","mbps":"3625","URI":["sweden","europe","scandinavia","new_channels"]},{"id":"332222","channel":"TLC_HD","link":"http://mhiptv.com:8888/noval/123456/5509?checkedby:iptvcat.com","country":"sweden","liveliness":"100","status":"online","lastChecked":"2020-08-16T00:00:00Z","format":"hd","mbps":"3625","URI":["sweden","europe","scandinavia","new_channels"]},{"id":"294240","channel":"TV 10 Sweden HD","link":"http://mrakiptv.mrak-iptv.com:25461/maradona/maradona/260?checkedby:iptvcat.com","country":"sweden","liveliness":"100","status":"online","lastChecked":"2020-08-17T00:00:00Z","format":"hd","mbps":"6241","URI":["sweden","europe","scandinavia"]},{"id":"294242","channel":"TV 12 HD sweden","link":"http://mrakiptv.mrak-iptv.com:25461/maradona/maradona/266?checkedby:iptvcat.com","country":"sweden","liveliness":"100","status":"online","lastChecked":"2020-08-17T00:00:00Z","format":"hd","mbps":"6241","URI":["sweden","europe","scandinavia"]},{"id":"2766","channel":"TV 4","link":"https://csm-e-tv4se-eb.tls1.yospace.com/csm/live/142791716.m3u8?checkedby:iptvcat.com","country":"sweden","liveliness":"100","status":"online","lastChecked":"2020-08-17T00:00:00Z","format":"hd","mbps":"6241, ...","URI":["sweden"]},{"id":"2767","channel":"TV 4 Nyheterna","link":"https://csm-e-tv4se-eb.tls1.yospace.com/csm/live/142791350.m3u8?checkedby:iptvcat.com","country":"sweden","liveliness":"99","status":"online","lastChecked":"2020-08-17T00:00:00Z","format":"hd","mbps":"6241, ...","URI":["sweden"]},{"id":"2768","channel":"TV 4 Svensk Politik","link":"https://csm-e-tv4se-eb.tls1.yospace.com/csm/live/142791553.m3u8?checkedby:iptvcat.com","country":"sweden","liveliness":"99","status":"online","lastChecked":"2020-08-17T00:00:00Z","format":"hd","mbps":"6241, ...","URI":["sweden"]},{"id":"294239","channel":"TV 8 Sweden","link":"http://mrakiptv.mrak-iptv.com:25461/maradona/maradona/262?checkedby:iptvcat.com","country":"sweden","liveliness":"93","status":"online","lastChecked":"2020-08-17T00:00:00Z","format":"hd","mbps":"3188","URI":["sweden","europe","scandinavia"]},{"id":"332223","channel":"TV10","link":"http://mhiptv.com:8888/noval/123456/5506?checkedby:iptvcat.com","country":"sweden","liveliness":"100","status":"online","lastChecked":"2020-08-16T00:00:00Z","format":"hd","mbps":"3625","URI":["sweden","europe","scandinavia","new_channels"]},{"id":"332224","channel":"TV12","link":"http://mhiptv.com:8888/noval/123456/5505?checkedby:iptvcat.com","country":"sweden","liveliness":"100","status":"online","lastChecked":"2020-08-16T00:00:00Z","format":"hd","mbps":"3625","URI":["sweden","europe","scandinavia","new_channels"]},{"id":"294234","channel":"TV3 Sweden","link":"http://mrakiptv.mrak-iptv.com:25461/maradona/maradona/255?checkedby:iptvcat.com","country":"sweden","liveliness":"100","status":"online","lastChecked":"2020-08-17T00:00:00Z","format":"sd","mbps":"2883","URI":["sweden","europe","scandinavia"]},{"id":"332225","channel":"TV3_HD","link":"http://mhiptv.com:8888/noval/123456/5503?checkedby:iptvcat.com","country":"sweden","liveliness":"100","status":"online","lastChecked":"2020-08-16T00:00:00Z","format":"hd","mbps":"3625","URI":["sweden","europe","scandinavia","new_channels"]},{"id":"332226","channel":"TV3_Sport_HD","link":"http://mhiptv.com:8888/noval/123456/5502?checkedby:iptvcat.com","country":"sweden","liveliness":"100","status":"online","lastChecked":"2020-08-16T00:00:00Z","format":"hd","mbps":"3625","URI":["sweden","europe","scandinavia","sport","new_channels"]},{"id":"294244","channel":"TV4 Fakta SE","link":"http://mrakiptv.mrak-iptv.com:25461/maradona/maradona/1825?checkedby:iptvcat.com","country":"sweden","liveliness":"96","status":"online","lastChecked":"2020-08-17T00:00:00Z","format":"sd","mbps":"1509","URI":["sweden","europe","scandinavia"]},{"id":"302450","channel":"TV4 Film","link":"http://5.226.139.184:7000/Ekmecic/Ekmecic/771?checkedby:iptvcat.com","country":"sweden","liveliness":"83","status":"offline","lastChecked":"2020-08-17T00:00:00Z","format":"sd","mbps":"2285","URI":["sweden","europe","scandinavia"]},{"id":"294243","channel":"TV4 Komedi Sweden","link":"http://mrakiptv.mrak-iptv.com:25461/maradona/maradona/258?checkedby:iptvcat.com","country":"sweden","liveliness":"76","status":"offline","lastChecked":"2020-08-18T00:00:00Z","format":"sd","mbps":"1509","URI":["sweden","europe","scandinavia"]},{"id":"294235","channel":"TV4 Sweden","link":"http://mrakiptv.mrak-iptv.com:25461/maradona/maradona/256?checkedby:iptvcat.com","country":"sweden","liveliness":"96","status":"online","lastChecked":"2020-08-17T00:00:00Z","format":"sd","mbps":"1509","URI":["sweden","europe","scandinavia"]},{"id":"332227","channel":"TV4_Fakta","link":"http://mhiptv.com:8888/noval/123456/5501?checkedby:iptvcat.com","country":"sweden","liveliness":"100","status":"online","lastChecked":"2020-08-16T00:00:00Z","format":"hd","mbps":"3625","URI":["sweden","europe","scandinavia","new_channels"]},{"id":"332228","channel":"TV4_Fakta_XL","link":"http://mhiptv.com:8888/noval/123456/5500?checkedby:iptvcat.com","country":"sweden","liveliness":"100","status":"online","lastChecked":"2020-08-16T00:00:00Z","format":"hd","mbps":"3625","URI":["sweden","europe","scandinavia","new_channels"]},{"id":"332229","channel":"TV4_Guld","link":"http://mhiptv.com:8888/noval/123456/5498?checkedby:iptvcat.com","country":"sweden","liveliness":"100","status":"online","lastChecked":"2020-08-16T00:00:00Z","format":"hd","mbps":"3625","URI":["sweden","europe","scandinavia","new_channels"]},{"id":"332230","channel":"TV4_HD","link":"http://mhiptv.com:8888/noval/123456/5497?checkedby:iptvcat.com","country":"sweden","liveliness":"100","status":"online","lastChecked":"2020-08-16T00:00:00Z","format":"hd","mbps":"3625","URI":["sweden","europe","scandinavia","new_channels"]},{"id":"332231","channel":"TV4_Sport","link":"http://mhiptv.com:8888/noval/123456/5495?checkedby:iptvcat.com","country":"sweden","liveliness":"100","status":"online","lastChecked":"2020-08-16T00:00:00Z","format":"hd","mbps":"3625","URI":["sweden","europe","scandinavia","sport","new_channels"]},{"id":"332232","channel":"TV6","link":"http://mhiptv.com:8888/noval/123456/5493?checkedby:iptvcat.com","country":"sweden","liveliness":"100","status":"online","lastChecked":"2020-08-16T00:00:00Z","format":"hd","mbps":"3625","URI":["sweden","europe","scandinavia","new_channels"]},{"id":"294237","channel":"TV6","link":"http://mrakiptv.mrak-iptv.com:25461/maradona/maradona/268?checkedby:iptvcat.com","country":"sweden","liveliness":"100","status":"online","lastChecked":"2020-08-17T00:00:00Z","format":"hd","mbps":"6241","URI":["sweden","europe","scandinavia"]},{"id":"332233","channel":"TV8","link":"http://mhiptv.com:8888/noval/123456/5492?checkedby:iptvcat.com","country":"sweden","liveliness":"100","status":"online","lastChecked":"2020-08-16T00:00:00Z","format":"hd","mbps":"3625","URI":["sweden","europe","scandinavia","new_channels"]},{"id":"2769","channel":"Västmanlands TV","link":"https://edg01-prd-se-dcs.solidtango.com/edge/_lo9yf4l5_/lo9yf4l5/playlist.m3u8?checkedby:iptvcat.com","country":"sweden","liveliness":"99","status":"online","lastChecked":"2020-08-17T00:00:00Z","format":"hd","mbps":"9905","URI":["sweden"]},{"id":"9362","channel":"kanal10","link":"http://cdn-kanal10.crossnet.net:1935/kanal10/mp4:mpegts.stream/chunklist_w1523238254.m3u8?checkedby:iptvcat.com","country":"sweden","liveliness":"100","status":"online","lastChecked":"2020-08-17T00:00:00Z","format":"sd","mbps":"3262","URI":["sweden","europe","scandinavia","arab_countries","arab countries"]},{"id":"9363","channel":"kkr","link":"http://stream.kkr.dk/live/kkr/chunklist_w832247479.m3u8?checkedby:iptvcat.com","country":"sweden","liveliness":"100","status":"online","lastChecked":"2020-08-17T00:00:00Z","format":"hd","mbps":"5020","URI":["sweden","europe","scandinavia","arab_countries","arab countries"]},{"id":"2770","channel":"Öppna Kanalen","link":"http://83.140.64.214/edge/_451iw2h_/451iw2h/playlist.m3u8?checkedby:iptvcat.com","country":"sweden","liveliness":"100","status":"online","lastChecked":"2020-08-17T00:00:00Z","format":"sd","mbps":"2883","URI":["sweden"]},{"id":"9362","channel":"kanal10","link":"http://cdn-kanal10.crossnet.net:1935/kanal10/mp4:mpegts.stream/chunklist_w1523238254.m3u8?checkedby:iptvcat.com","country":"sweden","liveliness":"100","status":"online","lastChecked":"2020-08-17T00:00:00Z","format":"sd","mbps":"3262","URI":["sweden","europe","scandinavia","arab_countries","arab countries"]},{"id":"9363","channel":"kkr","link":"http://stream.kkr.dk/live/kkr/chunklist_w832247479.m3u8?checkedby:iptvcat.com","country":"sweden","liveliness":"100","status":"online","lastChecked":"2020-08-17T00:00:00Z","format":"hd","mbps":"5020","URI":["sweden","europe","scandinavia","arab_countries","arab countries"]},{"id":"332224","channel":"TV12","link":"http://mhiptv.com:8888/noval/123456/5505?checkedby:iptvcat.com","country":"sweden","liveliness":"100","status":"online","lastChecked":"2020-08-16T00:00:00Z","format":"hd","mbps":"3625","URI":["sweden","europe","scandinavia","new_channels"]},{"id":"294234","channel":"TV3 Sweden","link":"http://mrakiptv.mrak-iptv.com:25461/maradona/maradona/255?checkedby:iptvcat.com","country":"sweden","liveliness":"100","status":"online","lastChecked":"2020-08-17T00:00:00Z","format":"sd","mbps":"2883","URI":["sweden","europe","scandinavia"]},{"id":"332225","channel":"TV3_HD","link":"http://mhiptv.com:8888/noval/123456/5503?checkedby:iptvcat.com","country":"sweden","liveliness":"100","status":"online","lastChecked":"2020-08-16T00:00:00Z","format":"hd","mbps":"3625","URI":["sweden","europe","scandinavia","new_channels"]},{"id":"332226","channel":"TV3_Sport_HD","link":"http://mhiptv.com:8888/noval/123456/5502?checkedby:iptvcat.com","country":"sweden","liveliness":"100","status":"online","lastChecked":"2020-08-16T00:00:00Z","format":"hd","mbps":"3625","URI":["sweden","europe","scandinavia","sport","new_channels"]},{"id":"294244","channel":"TV4 Fakta SE","link":"http://mrakiptv.mrak-iptv.com:25461/maradona/maradona/1825?checkedby:iptvcat.com","country":"sweden","liveliness":"96","status":"online","lastChecked":"2020-08-17T00:00:00Z","format":"sd","mbps":"1509","URI":["sweden","europe","scandinavia"]},{"id":"302450","channel":"TV4 Film","link":"http://5.226.139.184:7000/Ekmecic/Ekmecic/771?checkedby:iptvcat.com","country":"sweden","liveliness":"83","status":"offline","lastChecked":"2020-08-17T00:00:00Z","format":"sd","mbps":"2285","URI":["sweden","europe","scandinavia"]},{"id":"294243","channel":"TV4 Komedi Sweden","link":"http://mrakiptv.mrak-iptv.com:25461/maradona/maradona/258?checkedby:iptvcat.com","country":"sweden","liveliness":"76","status":"offline","lastChecked":"2020-08-18T00:00:00Z","format":"sd","mbps":"1509","URI":["sweden","europe","scandinavia"]},{"id":"294235","channel":"TV4 Sweden","link":"http://mrakiptv.mrak-iptv.com:25461/maradona/maradona/256?checkedby:iptvcat.com","country":"sweden","liveliness":"96","status":"online","lastChecked":"2020-08-17T00:00:00Z","format":"sd","mbps":"1509","URI":["sweden","europe","scandinavia"]},{"id":"332227","channel":"TV4_Fakta","link":"http://mhiptv.com:8888/noval/123456/5501?checkedby:iptvcat.com","country":"sweden","liveliness":"100","status":"online","lastChecked":"2020-08-16T00:00:00Z","format":"hd","mbps":"3625","URI":["sweden","europe","scandinavia","new_channels"]},{"id":"332228","channel":"TV4_Fakta_XL","link":"http://mhiptv.com:8888/noval/123456/5500?checkedby:iptvcat.com","country":"sweden","liveliness":"100","status":"online","lastChecked":"2020-08-16T00:00:00Z","format":"hd","mbps":"3625","URI":["sweden","europe","scandinavia","new_channels"]},{"id":"332229","channel":"TV4_Guld","link":"http://mhiptv.com:8888/noval/123456/5498?checkedby:iptvcat.com","country":"sweden","liveliness":"100","status":"online","lastChecked":"2020-08-16T00:00:00Z","format":"hd","mbps":"3625","URI":["sweden","europe","scandinavia","new_channels"]},{"id":"332230","channel":"TV4_HD","link":"http://mhiptv.com:8888/noval/123456/5497?checkedby:iptvcat.com","country":"sweden","liveliness":"100","status":"online","lastChecked":"2020-08-16T00:00:00Z","format":"hd","mbps":"3625","URI":["sweden","europe","scandinavia","new_channels"]},{"id":"332231","channel":"TV4_Sport","link":"http://mhiptv.com:8888/noval/123456/5495?checkedby:iptvcat.com","country":"sweden","liveliness":"100","status":"online","lastChecked":"2020-08-16T00:00:00Z","format":"hd","mbps":"3625","URI":["sweden","europe","scandinavia","sport","new_channels"]},{"id":"332232","channel":"TV6","link":"http://mhiptv.com:8888/noval/123456/5493?checkedby:iptvcat.com","country":"sweden","liveliness":"100","status":"online","lastChecked":"2020-08-16T00:00:00Z","format":"hd","mbps":"3625","URI":["sweden","europe","scandinavia","new_channels"]},{"id":"294237","channel":"TV6","link":"http://mrakiptv.mrak-iptv.com:25461/maradona/maradona/268?checkedby:iptvcat.com","country":"sweden","liveliness":"100","status":"online","lastChecked":"2020-08-17T00:00:00Z","format":"hd","mbps":"6241","URI":["sweden","europe","scandinavia"]},{"id":"332233","channel":"TV8","link":"http://mhiptv.com:8888/noval/123456/5492?checkedby:iptvcat.com","country":"sweden","liveliness":"100","status":"online","lastChecked":"2020-08-16T00:00:00Z","format":"hd","mbps":"3625","URI":["sweden","europe","scandinavia","new_channels"]},{"id":"332223","channel":"TV10","link":"http://mhiptv.com:8888/noval/123456/5506?checkedby:iptvcat.com","country":"sweden","liveliness":"100","status":"online","lastChecked":"2020-08-16T00:00:00Z","format":"hd","mbps":"3625","URI":["sweden","europe","scandinavia","new_channels"]},{"id":"294240","channel":"TV 10 Sweden HD","link":"http://mrakiptv.mrak-iptv.com:25461/maradona/maradona/260?checkedby:iptvcat.com","country":"sweden","liveliness":"100","status":"online","lastChecked":"2020-08-17T00:00:00Z","format":"hd","mbps":"6241","URI":["sweden","europe","scandinavia"]},{"id":"294242","channel":"TV 12 HD sweden","link":"http://mrakiptv.mrak-iptv.com:25461/maradona/maradona/266?checkedby:iptvcat.com","country":"sweden","liveliness":"100","status":"online","lastChecked":"2020-08-17T00:00:00Z","format":"hd","mbps":"6241","URI":["sweden","europe","scandinavia"]},{"id":"294239","channel":"TV 8 Sweden","link":"http://mrakiptv.mrak-iptv.com:25461/maradona/maradona/262?checkedby:iptvcat.com","country":"sweden","liveliness":"93","status":"online","lastChecked":"2020-08-17T00:00:00Z","format":"hd","mbps":"3188","URI":["sweden","europe","scandinavia"]},{"id":"332222","channel":"TLC_HD","link":"http://mhiptv.com:8888/noval/123456/5509?checkedby:iptvcat.com","country":"sweden","liveliness":"100","status":"online","lastChecked":"2020-08-16T00:00:00Z","format":"hd","mbps":"3625","URI":["sweden","europe","scandinavia","new_channels"]},{"id":"332219","channel":"Sjuan","link":"http://mhiptv.com:8888/noval/123456/5516?checkedby:iptvcat.com","country":"sweden","liveliness":"100","status":"online","lastChecked":"2020-08-16T00:00:00Z","format":"hd","mbps":"3625","URI":["sweden","europe","scandinavia","new_channels"]},{"id":"294238","channel":"Sjuan","link":"http://mrakiptv.mrak-iptv.com:25461/maradona/maradona/269?checkedby:iptvcat.com","country":"sweden","liveliness":"100","status":"online","lastChecked":"2020-08-17T00:00:00Z","format":"hd","mbps":"3188","URI":["sweden","europe","scandinavia"]},{"id":"9365","channel":"STORTINGET","link":"http://194.132.85.39/19333-live0/_definst_/push-stortinget_1/chunklist_w1136072204.m3u8?checkedby:iptvcat.com","country":"sweden","liveliness":"100","status":"online","lastChecked":"2020-08-17T00:00:00Z","format":"sd","mbps":"3262","URI":["sweden","europe","scandinavia","arab_countries","arab countries"]},{"id":"294232","channel":"SVT 1 HD","link":"http://mrakiptv.mrak-iptv.com:25461/maradona/maradona/171?checkedby:iptvcat.com","country":"sweden","liveliness":"100","status":"online","lastChecked":"2020-08-17T00:00:00Z","format":"hd","mbps":"6241","URI":["sweden","europe","scandinavia"]},{"id":"294233","channel":"SVT 2 HD","link":"http://mrakiptv.mrak-iptv.com:25461/maradona/maradona/172?checkedby:iptvcat.com","country":"sweden","liveliness":"100","status":"online","lastChecked":"2020-08-17T00:00:00Z","format":"hd","mbps":"5020","URI":["sweden","europe","scandinavia"]},{"id":"332220","channel":"SVT1_HD","link":"http://mhiptv.com:8888/noval/123456/5514?checkedby:iptvcat.com","country":"sweden","liveliness":"100","status":"online","lastChecked":"2020-08-16T00:00:00Z","format":"hd","mbps":"3625","URI":["sweden","europe","scandinavia","new_channels"]},{"id":"332221","channel":"SVT2_HD","link":"http://mhiptv.com:8888/noval/123456/5512?checkedby:iptvcat.com","country":"sweden","liveliness":"100","status":"online","lastChecked":"2020-08-16T00:00:00Z","format":"hd","mbps":"3625","URI":["sweden","europe","scandinavia","new_channels"]},{"id":"332218","channel":"SF_Kanalen","link":"http://mhiptv.com:8888/noval/123456/5517?checkedby:iptvcat.com","country":"sweden","liveliness":"100","status":"online","lastChecked":"2020-08-16T00:00:00Z","format":"hd","mbps":"3625","URI":["sweden","europe","scandinavia","new_channels"]},{"id":"55892","channel":"SE | SVT1, SVT1","link":"http://185.19.191.12:8090/SVT1/mpegts?checkedby:iptvcat.com","country":"sweden","liveliness":"100","status":"online","lastChecked":"2020-08-17T00:00:00Z","format":"hd","mbps":"3188","URI":["sweden","europe","scandinavia"]},{"id":"9364","channel":"OPPNA KANALEN","link":"http://83.140.64.214/edge/_451iw2h_/451iw2h/chunklist_w348058882.m3u8?checkedby:iptvcat.com","country":"sweden","liveliness":"99","status":"online","lastChecked":"2020-08-17T00:00:00Z","format":"sd","mbps":"2883","URI":["sweden","europe","scandinavia","arab_countries","arab countries"]},{"id":"332216","channel":"Nick_Jr","link":"http://mhiptv.com:8888/noval/123456/5519?checkedby:iptvcat.com","country":"sweden","liveliness":"100","status":"online","lastChecked":"2020-08-16T00:00:00Z","format":"hd","mbps":"3625","URI":["sweden","europe","scandinavia","new_channels"]},{"id":"332217","channel":"Nickelodeon","link":"http://mhiptv.com:8888/noval/123456/5518?checkedby:iptvcat.com","country":"sweden","liveliness":"100","status":"online","lastChecked":"2020-08-16T00:00:00Z","format":"hd","mbps":"3625","URI":["sweden","europe","scandinavia","new_channels"]},{"id":"332214","channel":"Nat_Geo_Wild","link":"http://mhiptv.com:8888/noval/123456/5521?checkedby:iptvcat.com","country":"sweden","liveliness":"100","status":"online","lastChecked":"2020-08-16T00:00:00Z","format":"hd","mbps":"3625","URI":["sweden","europe","scandinavia","new_channels"]},{"id":"332215","channel":"National_Geographic","link":"http://mhiptv.com:8888/noval/123456/5520?checkedby:iptvcat.com","country":"sweden","liveliness":"100","status":"online","lastChecked":"2020-08-16T00:00:00Z","format":"hd","mbps":"3625","URI":["sweden","europe","scandinavia","new_channels"]},{"id":"332213","channel":"MTV","link":"http://mhiptv.com:8888/noval/123456/5522?checkedby:iptvcat.com","country":"sweden","liveliness":"100","status":"online","lastChecked":"2020-08-16T00:00:00Z","format":"hd","mbps":"3625","URI":["sweden","europe","scandinavia","new_channels"]},{"id":"332212","channel":"Kunskapskanalen","link":"http://mhiptv.com:8888/noval/123456/5525?checkedby:iptvcat.com","country":"sweden","liveliness":"100","status":"online","lastChecked":"2020-08-16T00:00:00Z","format":"hd","mbps":"3625","URI":["sweden","europe","scandinavia","new_channels"]},{"id":"133236","channel":"Kanal 10","link":"https://cdn-kanal10.crossnet.net/kanal10/mpegts.stream/playlist.m3u8?checkedby:iptvcat.com","country":"sweden","liveliness":"100","status":"online","lastChecked":"2020-08-18T00:00:00Z","format":"sd","mbps":"3262","URI":["sweden","europe","scandinavia"]},{"id":"294241","channel":"Kanal 11 Svirge","link":"http://mrakiptv.mrak-iptv.com:25461/maradona/maradona/264?checkedby:iptvcat.com","country":"sweden","liveliness":"100","status":"online","lastChecked":"2020-08-17T00:00:00Z","format":"fhd 2k","mbps":"7004","URI":["sweden","europe","scandinavia"]},{"id":"294236","channel":"Kanal 9 HD svergie","link":"http://mrakiptv.mrak-iptv.com:25461/maradona/maradona/263?checkedby:iptvcat.com","country":"sweden","liveliness":"100","status":"online","lastChecked":"2020-08-17T00:00:00Z","format":"hd","mbps":"6241","URI":["sweden","europe","scandinavia"]},{"id":"332209","channel":"Kanal_11_HD","link":"http://mhiptv.com:8888/noval/123456/5530?checkedby:iptvcat.com","country":"sweden","liveliness":"100","status":"online","lastChecked":"2020-08-16T00:00:00Z","format":"hd","mbps":"3625","URI":["sweden","europe","scandinavia","new_channels"]},{"id":"332210","channel":"Kanal_5","link":"http://mhiptv.com:8888/noval/123456/5529?checkedby:iptvcat.com","country":"sweden","liveliness":"100","status":"online","lastChecked":"2020-08-16T00:00:00Z","format":"hd","mbps":"3625","URI":["sweden","europe","scandinavia","new_channels"]},{"id":"332211","channel":"Kanal_9_HD","link":"http://mhiptv.com:8888/noval/123456/5526?checkedby:iptvcat.com","country":"sweden","liveliness":"100","status":"online","lastChecked":"2020-08-16T00:00:00Z","format":"hd","mbps":"3625","URI":["sweden","europe","scandinavia","new_channels"]},{"id":"294245","channel":"FOX Sweden","link":"http://mrakiptv.mrak-iptv.com:25461/maradona/maradona/449?checkedby:iptvcat.com","country":"sweden","liveliness":"100","status":"online","lastChecked":"2020-08-17T00:00:00Z","format":"hd","mbps":"3188","URI":["sweden","europe","scandinavia"]},{"id":"332208","channel":"FOX","link":"http://mhiptv.com:8888/noval/123456/5534?checkedby:iptvcat.com","country":"sweden","liveliness":"100","status":"online","lastChecked":"2020-08-16T00:00:00Z","format":"hd","mbps":"3625","URI":["sweden","europe","scandinavia","new_channels"]},{"id":"332206","channel":"Eurosport_1_HD","link":"http://mhiptv.com:8888/noval/123456/5537?checkedby:iptvcat.com","country":"sweden","liveliness":"100","status":"online","lastChecked":"2020-08-16T00:00:00Z","format":"hd","mbps":"3625","URI":["sweden","europe","scandinavia","sport","new_channels"]},{"id":"332207","channel":"Eurosport_2_HD","link":"http://mhiptv.com:8888/noval/123456/5536?checkedby:iptvcat.com","country":"sweden","liveliness":"100","status":"online","lastChecked":"2020-08-16T00:00:00Z","format":"hd","mbps":"3625","URI":["sweden","europe","scandinavia","sport","new_channels"]},{"id":"55894","channel":"Expressen TV, SE | Expressen TV","link":"https://httpcache0-03837-cachelive2.dna.qbrick.com/03837-cachelive2/smil:03837_tx2_720p/playlist.m3u8?checkedby:iptvcat.com","country":"sweden","liveliness":"99","status":"online","lastChecked":"2020-08-17T00:00:00Z","format":"hd","mbps":"5020, ...","URI":["sweden","europe","scandinavia"]},{"id":"332201","channel":"Discovery_Channel_HD","link":"http://mhiptv.com:8888/noval/123456/5544?checkedby:iptvcat.com","country":"sweden","liveliness":"100","status":"online","lastChecked":"2020-08-16T00:00:00Z","format":"hd","mbps":"3625","URI":["sweden","europe","scandinavia","new_channels"]},{"id":"332202","channel":"Discovery_World","link":"http://mhiptv.com:8888/noval/123456/5543?checkedby:iptvcat.com","country":"sweden","liveliness":"100","status":"online","lastChecked":"2020-08-16T00:00:00Z","format":"hd","mbps":"3625","URI":["sweden","europe","scandinavia","new_channels"]},{"id":"332203","channel":"Disney_Channel","link":"http://mhiptv.com:8888/noval/123456/5542?checkedby:iptvcat.com","country":"sweden","liveliness":"100","status":"online","lastChecked":"2020-08-16T00:00:00Z","format":"hd","mbps":"3625","URI":["sweden","europe","scandinavia","new_channels"]},{"id":"332204","channel":"Disney_Junior","link":"http://mhiptv.com:8888/noval/123456/5541?checkedby:iptvcat.com","country":"sweden","liveliness":"100","status":"online","lastChecked":"2020-08-16T00:00:00Z","format":"hd","mbps":"3625","URI":["sweden","europe","scandinavia","new_channels"]},{"id":"332205","channel":"Disney_XD","link":"http://mhiptv.com:8888/noval/123456/5540?checkedby:iptvcat.com","country":"sweden","liveliness":"100","status":"online","lastChecked":"2020-08-16T00:00:00Z","format":"hd","mbps":"3625","URI":["sweden","europe","scandinavia","new_channels"]},{"id":"302521","channel":"Cartoon Network","link":"http://5.226.139.184:7000/Ekmecic/Ekmecic/799?checkedby:iptvcat.com","country":"sweden","liveliness":"31","status":"offline","lastChecked":"2020-08-19T00:00:00Z","format":"sd","mbps":"1509","URI":["sweden","europe","scandinavia"]},{"id":"332199","channel":"Animal_Planet","link":"http://mhiptv.com:8888/noval/123456/5567?checkedby:iptvcat.com","country":"sweden","liveliness":"100","status":"online","lastChecked":"2020-08-16T00:00:00Z","format":"hd","mbps":"3625","URI":["sweden","europe","scandinavia","new_channels"]},{"id":"332200","channel":"Animal_Planet_FHD","link":"http://mhiptv.com:8888/noval/123456/5566?checkedby:iptvcat.com","country":"sweden","liveliness":"100","status":"online","lastChecked":"2020-08-16T00:00:00Z","format":"hd","mbps":"3625","URI":["sweden","europe","scandinavia","new_channels"]},{"id":"55893","channel":"Aftonbladet TV, SE | Aftonbladet TV","link":"http://aftonbladetlive-lh.akamaihd.net/i/livestream01_1@182509/master.m3u8?checkedby:iptvcat.com","country":"sweden","liveliness":"99","status":"offline","lastChecked":"2020-08-19T00:00:00Z","format":"sd","mbps":"526","URI":["sweden","europe","scandinavia"]},{"id":"55893","channel":"Aftonbladet TV, SE | Aftonbladet TV","link":"http://aftonbladetlive-lh.akamaihd.net/i/livestream01_1@182509/master.m3u8?checkedby:iptvcat.com","country":"sweden","liveliness":"99","status":"offline","lastChecked":"2020-08-19T00:00:00Z","format":"sd","mbps":"526","URI":["sweden","europe","scandinavia"]},{"id":"332199","channel":"Animal_Planet","link":"http://mhiptv.com:8888/noval/123456/5567?checkedby:iptvcat.com","country":"sweden","liveliness":"100","status":"online","lastChecked":"2020-08-16T00:00:00Z","format":"hd","mbps":"3625","URI":["sweden","europe","scandinavia","new_channels"]},{"id":"332200","channel":"Animal_Planet_FHD","link":"http://mhiptv.com:8888/noval/123456/5566?checkedby:iptvcat.com","country":"sweden","liveliness":"100","status":"online","lastChecked":"2020-08-16T00:00:00Z","format":"hd","mbps":"3625","URI":["sweden","europe","scandinavia","new_channels"]},{"id":"302521","channel":"Cartoon Network","link":"http://5.226.139.184:7000/Ekmecic/Ekmecic/799?checkedby:iptvcat.com","country":"sweden","liveliness":"31","status":"offline","lastChecked":"2020-08-19T00:00:00Z","format":"sd","mbps":"1509","URI":["sweden","europe","scandinavia"]},{"id":"332201","channel":"Discovery_Channel_HD","link":"http://mhiptv.com:8888/noval/123456/5544?checkedby:iptvcat.com","country":"sweden","liveliness":"100","status":"online","lastChecked":"2020-08-16T00:00:00Z","format":"hd","mbps":"3625","URI":["sweden","europe","scandinavia","new_channels"]},{"id":"332202","channel":"Discovery_World","link":"http://mhiptv.com:8888/noval/123456/5543?checkedby:iptvcat.com","country":"sweden","liveliness":"100","status":"online","lastChecked":"2020-08-16T00:00:00Z","format":"hd","mbps":"3625","URI":["sweden","europe","scandinavia","new_channels"]},{"id":"332203","channel":"Disney_Channel","link":"http://mhiptv.com:8888/noval/123456/5542?checkedby:iptvcat.com","country":"sweden","liveliness":"100","status":"online","lastChecked":"2020-08-16T00:00:00Z","format":"hd","mbps":"3625","URI":["sweden","europe","scandinavia","new_channels"]},{"id":"332204","channel":"Disney_Junior","link":"http://mhiptv.com:8888/noval/123456/5541?checkedby:iptvcat.com","country":"sweden","liveliness":"100","status":"online","lastChecked":"2020-08-16T00:00:00Z","format":"hd","mbps":"3625","URI":["sweden","europe","scandinavia","new_channels"]},{"id":"332205","channel":"Disney_XD","link":"http://mhiptv.com:8888/noval/123456/5540?checkedby:iptvcat.com","country":"sweden","liveliness":"100","status":"online","lastChecked":"2020-08-16T00:00:00Z","format":"hd","mbps":"3625","URI":["sweden","europe","scandinavia","new_channels"]},{"id":"332206","channel":"Eurosport_1_HD","link":"http://mhiptv.com:8888/noval/123456/5537?checkedby:iptvcat.com","country":"sweden","liveliness":"100","status":"online","lastChecked":"2020-08-16T00:00:00Z","format":"hd","mbps":"3625","URI":["sweden","europe","scandinavia","sport","new_channels"]},{"id":"332207","channel":"Eurosport_2_HD","link":"http://mhiptv.com:8888/noval/123456/5536?checkedby:iptvcat.com","country":"sweden","liveliness":"100","status":"online","lastChecked":"2020-08-16T00:00:00Z","format":"hd","mbps":"3625","URI":["sweden","europe","scandinavia","sport","new_channels"]},{"id":"55894","channel":"Expressen TV, SE | Expressen TV","link":"https://httpcache0-03837-cachelive2.dna.qbrick.com/03837-cachelive2/smil:03837_tx2_720p/playlist.m3u8?checkedby:iptvcat.com","country":"sweden","liveliness":"99","status":"online","lastChecked":"2020-08-17T00:00:00Z","format":"hd","mbps":"5020, ...","URI":["sweden","europe","scandinavia"]},{"id":"332208","channel":"FOX","link":"http://mhiptv.com:8888/noval/123456/5534?checkedby:iptvcat.com","country":"sweden","liveliness":"100","status":"online","lastChecked":"2020-08-16T00:00:00Z","format":"hd","mbps":"3625","URI":["sweden","europe","scandinavia","new_channels"]},{"id":"294245","channel":"FOX Sweden","link":"http://mrakiptv.mrak-iptv.com:25461/maradona/maradona/449?checkedby:iptvcat.com","country":"sweden","liveliness":"100","status":"online","lastChecked":"2020-08-17T00:00:00Z","format":"hd","mbps":"3188","URI":["sweden","europe","scandinavia"]},{"id":"133236","channel":"Kanal 10","link":"https://cdn-kanal10.crossnet.net/kanal10/mpegts.stream/playlist.m3u8?checkedby:iptvcat.com","country":"sweden","liveliness":"100","status":"online","lastChecked":"2020-08-18T00:00:00Z","format":"sd","mbps":"3262","URI":["sweden","europe","scandinavia"]},{"id":"294241","channel":"Kanal 11 Svirge","link":"http://mrakiptv.mrak-iptv.com:25461/maradona/maradona/264?checkedby:iptvcat.com","country":"sweden","liveliness":"100","status":"online","lastChecked":"2020-08-17T00:00:00Z","format":"fhd 2k","mbps":"7004","URI":["sweden","europe","scandinavia"]},{"id":"294236","channel":"Kanal 9 HD svergie","link":"http://mrakiptv.mrak-iptv.com:25461/maradona/maradona/263?checkedby:iptvcat.com","country":"sweden","liveliness":"100","status":"online","lastChecked":"2020-08-17T00:00:00Z","format":"hd","mbps":"6241","URI":["sweden","europe","scandinavia"]},{"id":"332209","channel":"Kanal_11_HD","link":"http://mhiptv.com:8888/noval/123456/5530?checkedby:iptvcat.com","country":"sweden","liveliness":"100","status":"online","lastChecked":"2020-08-16T00:00:00Z","format":"hd","mbps":"3625","URI":["sweden","europe","scandinavia","new_channels"]},{"id":"332210","channel":"Kanal_5","link":"http://mhiptv.com:8888/noval/123456/5529?checkedby:iptvcat.com","country":"sweden","liveliness":"100","status":"online","lastChecked":"2020-08-16T00:00:00Z","format":"hd","mbps":"3625","URI":["sweden","europe","scandinavia","new_channels"]},{"id":"332211","channel":"Kanal_9_HD","link":"http://mhiptv.com:8888/noval/123456/5526?checkedby:iptvcat.com","country":"sweden","liveliness":"100","status":"online","lastChecked":"2020-08-16T00:00:00Z","format":"hd","mbps":"3625","URI":["sweden","europe","scandinavia","new_channels"]},{"id":"332212","channel":"Kunskapskanalen","link":"http://mhiptv.com:8888/noval/123456/5525?checkedby:iptvcat.com","country":"sweden","liveliness":"100","status":"online","lastChecked":"2020-08-16T00:00:00Z","format":"hd","mbps":"3625","URI":["sweden","europe","scandinavia","new_channels"]},{"id":"332213","channel":"MTV","link":"http://mhiptv.com:8888/noval/123456/5522?checkedby:iptvcat.com","country":"sweden","liveliness":"100","status":"online","lastChecked":"2020-08-16T00:00:00Z","format":"hd","mbps":"3625","URI":["sweden","europe","scandinavia","new_channels"]},{"id":"332214","channel":"Nat_Geo_Wild","link":"http://mhiptv.com:8888/noval/123456/5521?checkedby:iptvcat.com","country":"sweden","liveliness":"100","status":"online","lastChecked":"2020-08-16T00:00:00Z","format":"hd","mbps":"3625","URI":["sweden","europe","scandinavia","new_channels"]},{"id":"332215","channel":"National_Geographic","link":"http://mhiptv.com:8888/noval/123456/5520?checkedby:iptvcat.com","country":"sweden","liveliness":"100","status":"online","lastChecked":"2020-08-16T00:00:00Z","format":"hd","mbps":"3625","URI":["sweden","europe","scandinavia","new_channels"]},{"id":"332216","channel":"Nick_Jr","link":"http://mhiptv.com:8888/noval/123456/5519?checkedby:iptvcat.com","country":"sweden","liveliness":"100","status":"online","lastChecked":"2020-08-16T00:00:00Z","format":"hd","mbps":"3625","URI":["sweden","europe","scandinavia","new_channels"]},{"id":"332217","channel":"Nickelodeon","link":"http://mhiptv.com:8888/noval/123456/5518?checkedby:iptvcat.com","country":"sweden","liveliness":"100","status":"online","lastChecked":"2020-08-16T00:00:00Z","format":"hd","mbps":"3625","URI":["sweden","europe","scandinavia","new_channels"]},{"id":"9364","channel":"OPPNA KANALEN","link":"http://83.140.64.214/edge/_451iw2h_/451iw2h/chunklist_w348058882.m3u8?checkedby:iptvcat.com","country":"sweden","liveliness":"99","status":"online","lastChecked":"2020-08-17T00:00:00Z","format":"sd","mbps":"2883","URI":["sweden","europe","scandinavia","arab_countries","arab countries"]},{"id":"55892","channel":"SE | SVT1, SVT1","link":"http://185.19.191.12:8090/SVT1/mpegts?checkedby:iptvcat.com","country":"sweden","liveliness":"100","status":"online","lastChecked":"2020-08-17T00:00:00Z","format":"hd","mbps":"3188","URI":["sweden","europe","scandinavia"]},{"id":"332218","channel":"SF_Kanalen","link":"http://mhiptv.com:8888/noval/123456/5517?checkedby:iptvcat.com","country":"sweden","liveliness":"100","status":"online","lastChecked":"2020-08-16T00:00:00Z","format":"hd","mbps":"3625","URI":["sweden","europe","scandinavia","new_channels"]},{"id":"9365","channel":"STORTINGET","link":"http://194.132.85.39/19333-live0/_definst_/push-stortinget_1/chunklist_w1136072204.m3u8?checkedby:iptvcat.com","country":"sweden","liveliness":"100","status":"online","lastChecked":"2020-08-17T00:00:00Z","format":"sd","mbps":"3262","URI":["sweden","europe","scandinavia","arab_countries","arab countries"]},{"id":"294232","channel":"SVT 1 HD","link":"http://mrakiptv.mrak-iptv.com:25461/maradona/maradona/171?checkedby:iptvcat.com","country":"sweden","liveliness":"100","status":"online","lastChecked":"2020-08-17T00:00:00Z","format":"hd","mbps":"6241","URI":["sweden","europe","scandinavia"]},{"id":"294233","channel":"SVT 2 HD","link":"http://mrakiptv.mrak-iptv.com:25461/maradona/maradona/172?checkedby:iptvcat.com","country":"sweden","liveliness":"100","status":"online","lastChecked":"2020-08-17T00:00:00Z","format":"hd","mbps":"5020","URI":["sweden","europe","scandinavia"]},{"id":"332220","channel":"SVT1_HD","link":"http://mhiptv.com:8888/noval/123456/5514?checkedby:iptvcat.com","country":"sweden","liveliness":"100","status":"online","lastChecked":"2020-08-16T00:00:00Z","format":"hd","mbps":"3625","URI":["sweden","europe","scandinavia","new_channels"]},{"id":"332221","channel":"SVT2_HD","link":"http://mhiptv.com:8888/noval/123456/5512?checkedby:iptvcat.com","country":"sweden","liveliness":"100","status":"online","lastChecked":"2020-08-16T00:00:00Z","format":"hd","mbps":"3625","URI":["sweden","europe","scandinavia","new_channels"]},{"id":"294238","channel":"Sjuan","link":"http://mrakiptv.mrak-iptv.com:25461/maradona/maradona/269?checkedby:iptvcat.com","country":"sweden","liveliness":"100","status":"online","lastChecked":"2020-08-17T00:00:00Z","format":"hd","mbps":"3188","URI":["sweden","europe","scandinavia"]},{"id":"332219","channel":"Sjuan","link":"http://mhiptv.com:8888/noval/123456/5516?checkedby:iptvcat.com","country":"sweden","liveliness":"100","status":"online","lastChecked":"2020-08-16T00:00:00Z","format":"hd","mbps":"3625","URI":["sweden","europe","scandinavia","new_channels"]},{"id":"332222","channel":"TLC_HD","link":"http://mhiptv.com:8888/noval/123456/5509?checkedby:iptvcat.com","country":"sweden","liveliness":"100","status":"online","lastChecked":"2020-08-16T00:00:00Z","format":"hd","mbps":"3625","URI":["sweden","europe","scandinavia","new_channels"]},{"id":"294240","channel":"TV 10 Sweden HD","link":"http://mrakiptv.mrak-iptv.com:25461/maradona/maradona/260?checkedby:iptvcat.com","country":"sweden","liveliness":"100","status":"online","lastChecked":"2020-08-17T00:00:00Z","format":"hd","mbps":"6241","URI":["sweden","europe","scandinavia"]},{"id":"294242","channel":"TV 12 HD sweden","link":"http://mrakiptv.mrak-iptv.com:25461/maradona/maradona/266?checkedby:iptvcat.com","country":"sweden","liveliness":"100","status":"online","lastChecked":"2020-08-17T00:00:00Z","format":"hd","mbps":"6241","URI":["sweden","europe","scandinavia"]},{"id":"294239","channel":"TV 8 Sweden","link":"http://mrakiptv.mrak-iptv.com:25461/maradona/maradona/262?checkedby:iptvcat.com","country":"sweden","liveliness":"93","status":"online","lastChecked":"2020-08-17T00:00:00Z","format":"hd","mbps":"3188","URI":["sweden","europe","scandinavia"]},{"id":"332223","channel":"TV10","link":"http://mhiptv.com:8888/noval/123456/5506?checkedby:iptvcat.com","country":"sweden","liveliness":"100","status":"online","lastChecked":"2020-08-16T00:00:00Z","format":"hd","mbps":"3625","URI":["sweden","europe","scandinavia","new_channels"]},{"id":"332224","channel":"TV12","link":"http://mhiptv.com:8888/noval/123456/5505?checkedby:iptvcat.com","country":"sweden","liveliness":"100","status":"online","lastChecked":"2020-08-16T00:00:00Z","format":"hd","mbps":"3625","URI":["sweden","europe","scandinavia","new_channels"]},{"id":"294234","channel":"TV3 Sweden","link":"http://mrakiptv.mrak-iptv.com:25461/maradona/maradona/255?checkedby:iptvcat.com","country":"sweden","liveliness":"100","status":"online","lastChecked":"2020-08-17T00:00:00Z","format":"sd","mbps":"2883","URI":["sweden","europe","scandinavia"]},{"id":"332225","channel":"TV3_HD","link":"http://mhiptv.com:8888/noval/123456/5503?checkedby:iptvcat.com","country":"sweden","liveliness":"100","status":"online","lastChecked":"2020-08-16T00:00:00Z","format":"hd","mbps":"3625","URI":["sweden","europe","scandinavia","new_channels"]},{"id":"332226","channel":"TV3_Sport_HD","link":"http://mhiptv.com:8888/noval/123456/5502?checkedby:iptvcat.com","country":"sweden","liveliness":"100","status":"online","lastChecked":"2020-08-16T00:00:00Z","format":"hd","mbps":"3625","URI":["sweden","europe","scandinavia","sport","new_channels"]},{"id":"294244","channel":"TV4 Fakta SE","link":"http://mrakiptv.mrak-iptv.com:25461/maradona/maradona/1825?checkedby:iptvcat.com","country":"sweden","liveliness":"96","status":"online","lastChecked":"2020-08-17T00:00:00Z","format":"sd","mbps":"1509","URI":["sweden","europe","scandinavia"]},{"id":"302450","channel":"TV4 Film","link":"http://5.226.139.184:7000/Ekmecic/Ekmecic/771?checkedby:iptvcat.com","country":"sweden","liveliness":"83","status":"offline","lastChecked":"2020-08-17T00:00:00Z","format":"sd","mbps":"2285","URI":["sweden","europe","scandinavia"]},{"id":"294243","channel":"TV4 Komedi Sweden","link":"http://mrakiptv.mrak-iptv.com:25461/maradona/maradona/258?checkedby:iptvcat.com","country":"sweden","liveliness":"76","status":"offline","lastChecked":"2020-08-18T00:00:00Z","format":"sd","mbps":"1509","URI":["sweden","europe","scandinavia"]},{"id":"294235","channel":"TV4 Sweden","link":"http://mrakiptv.mrak-iptv.com:25461/maradona/maradona/256?checkedby:iptvcat.com","country":"sweden","liveliness":"96","status":"online","lastChecked":"2020-08-17T00:00:00Z","format":"sd","mbps":"1509","URI":["sweden","europe","scandinavia"]},{"id":"332227","channel":"TV4_Fakta","link":"http://mhiptv.com:8888/noval/123456/5501?checkedby:iptvcat.com","country":"sweden","liveliness":"100","status":"online","lastChecked":"2020-08-16T00:00:00Z","format":"hd","mbps":"3625","URI":["sweden","europe","scandinavia","new_channels"]},{"id":"332228","channel":"TV4_Fakta_XL","link":"http://mhiptv.com:8888/noval/123456/5500?checkedby:iptvcat.com","country":"sweden","liveliness":"100","status":"online","lastChecked":"2020-08-16T00:00:00Z","format":"hd","mbps":"3625","URI":["sweden","europe","scandinavia","new_channels"]},{"id":"332229","channel":"TV4_Guld","link":"http://mhiptv.com:8888/noval/123456/5498?checkedby:iptvcat.com","country":"sweden","liveliness":"100","status":"online","lastChecked":"2020-08-16T00:00:00Z","format":"hd","mbps":"3625","URI":["sweden","europe","scandinavia","new_channels"]},{"id":"332230","channel":"TV4_HD","link":"http://mhiptv.com:8888/noval/123456/5497?checkedby:iptvcat.com","country":"sweden","liveliness":"100","status":"online","lastChecked":"2020-08-16T00:00:00Z","format":"hd","mbps":"3625","URI":["sweden","europe","scandinavia","new_channels"]},{"id":"332231","channel":"TV4_Sport","link":"http://mhiptv.com:8888/noval/123456/5495?checkedby:iptvcat.com","country":"sweden","liveliness":"100","status":"online","lastChecked":"2020-08-16T00:00:00Z","format":"hd","mbps":"3625","URI":["sweden","europe","scandinavia","sport","new_channels"]},{"id":"294237","channel":"TV6","link":"http://mrakiptv.mrak-iptv.com:25461/maradona/maradona/268?checkedby:iptvcat.com","country":"sweden","liveliness":"100","status":"online","lastChecked":"2020-08-17T00:00:00Z","format":"hd","mbps":"6241","URI":["sweden","europe","scandinavia"]},{"id":"332232","channel":"TV6","link":"http://mhiptv.com:8888/noval/123456/5493?checkedby:iptvcat.com","country":"sweden","liveliness":"100","status":"online","lastChecked":"2020-08-16T00:00:00Z","format":"hd","mbps":"3625","URI":["sweden","europe","scandinavia","new_channels"]},{"id":"332233","channel":"TV8","link":"http://mhiptv.com:8888/noval/123456/5492?checkedby:iptvcat.com","country":"sweden","liveliness":"100","status":"online","lastChecked":"2020-08-16T00:00:00Z","format":"hd","mbps":"3625","URI":["sweden","europe","scandinavia","new_channels"]},{"id":"9362","channel":"kanal10","link":"http://cdn-kanal10.crossnet.net:1935/kanal10/mp4:mpegts.stream/chunklist_w1523238254.m3u8?checkedby:iptvcat.com","country":"sweden","liveliness":"100","status":"online","lastChecked":"2020-08-17T00:00:00Z","format":"sd","mbps":"3262","URI":["sweden","europe","scandinavia","arab_countries","arab countries"]},{"id":"9363","channel":"kkr","link":"http://stream.kkr.dk/live/kkr/chunklist_w832247479.m3u8?checkedby:iptvcat.com","country":"sweden","liveliness":"100","status":"online","lastChecked":"2020-08-17T00:00:00Z","format":"hd","mbps":"5020","URI":["sweden","europe","scandinavia","arab_countries","arab countries"]},{"id":"2760","channel":"ATG","link":"https://httpcache0-00688-cacheliveedge0.dna.qbrick.com/00688-cacheliveedge0/out/u/atg_sdi_1_free_3.m3u8?checkedby:iptvcat.com","country":"sweden","liveliness":"100","status":"online","lastChecked":"2020-08-17T00:00:00Z","format":"sd","mbps":"1392","URI":["sweden","sport"]},{"id":"332206","channel":"Eurosport_1_HD","link":"http://mhiptv.com:8888/noval/123456/5537?checkedby:iptvcat.com","country":"sweden","liveliness":"100","status":"online","lastChecked":"2020-08-16T00:00:00Z","format":"hd","mbps":"3625","URI":["sweden","europe","scandinavia","sport","new_channels"]},{"id":"332207","channel":"Eurosport_2_HD","link":"http://mhiptv.com:8888/noval/123456/5536?checkedby:iptvcat.com","country":"sweden","liveliness":"100","status":"online","lastChecked":"2020-08-16T00:00:00Z","format":"hd","mbps":"3625","URI":["sweden","europe","scandinavia","sport","new_channels"]},{"id":"332226","channel":"TV3_Sport_HD","link":"http://mhiptv.com:8888/noval/123456/5502?checkedby:iptvcat.com","country":"sweden","liveliness":"100","status":"online","lastChecked":"2020-08-16T00:00:00Z","format":"hd","mbps":"3625","URI":["sweden","europe","scandinavia","sport","new_channels"]},{"id":"332231","channel":"TV4_Sport","link":"http://mhiptv.com:8888/noval/123456/5495?checkedby:iptvcat.com","country":"sweden","liveliness":"100","status":"online","lastChecked":"2020-08-16T00:00:00Z","format":"hd","mbps":"3625","URI":["sweden","europe","scandinavia","sport","new_channels"]},{"id":"2760","channel":"ATG","link":"https://httpcache0-00688-cacheliveedge0.dna.qbrick.com/00688-cacheliveedge0/out/u/atg_sdi_1_free_3.m3u8?checkedby:iptvcat.com","country":"sweden","liveliness":"100","status":"online","lastChecked":"2020-08-17T00:00:00Z","format":"sd","mbps":"1392","URI":["sweden","sport"]},{"id":"332206","channel":"Eurosport_1_HD","link":"http://mhiptv.com:8888/noval/123456/5537?checkedby:iptvcat.com","country":"sweden","liveliness":"100","status":"online","lastChecked":"2020-08-16T00:00:00Z","format":"hd","mbps":"3625","URI":["sweden","europe","scandinavia","sport","new_channels"]},{"id":"332207","channel":"Eurosport_2_HD","link":"http://mhiptv.com:8888/noval/123456/5536?checkedby:iptvcat.com","country":"sweden","liveliness":"100","status":"online","lastChecked":"2020-08-16T00:00:00Z","format":"hd","mbps":"3625","URI":["sweden","europe","scandinavia","sport","new_channels"]},{"id":"332226","channel":"TV3_Sport_HD","link":"http://mhiptv.com:8888/noval/123456/5502?checkedby:iptvcat.com","country":"sweden","liveliness":"100","status":"online","lastChecked":"2020-08-16T00:00:00Z","format":"hd","mbps":"3625","URI":["sweden","europe","scandinavia","sport","new_channels"]},{"id":"332231","channel":"TV4_Sport","link":"http://mhiptv.com:8888/noval/123456/5495?checkedby:iptvcat.com","country":"sweden","liveliness":"100","status":"online","lastChecked":"2020-08-16T00:00:00Z","format":"hd","mbps":"3625","URI":["sweden","europe","scandinavia","sport","new_channels"]},{"id":"9362","channel":"kanal10","link":"http://cdn-kanal10.crossnet.net:1935/kanal10/mp4:mpegts.stream/chunklist_w1523238254.m3u8?checkedby:iptvcat.com","country":"sweden","liveliness":"100","status":"online","lastChecked":"2020-08-17T00:00:00Z","format":"sd","mbps":"3262","URI":["sweden","europe","scandinavia","arab_countries","arab countries"]},{"id":"9363","channel":"kkr","link":"http://stream.kkr.dk/live/kkr/chunklist_w832247479.m3u8?checkedby:iptvcat.com","country":"sweden","liveliness":"100","status":"online","lastChecked":"2020-08-17T00:00:00Z","format":"hd","mbps":"5020","URI":["sweden","europe","scandinavia","arab_countries","arab countries"]},{"id":"9365","channel":"STORTINGET","link":"http://194.132.85.39/19333-live0/_definst_/push-stortinget_1/chunklist_w1136072204.m3u8?checkedby:iptvcat.com","country":"sweden","liveliness":"100","status":"online","lastChecked":"2020-08-17T00:00:00Z","format":"sd","mbps":"3262","URI":["sweden","europe","scandinavia","arab_countries","arab countries"]},{"id":"9364","channel":"OPPNA KANALEN","link":"http://83.140.64.214/edge/_451iw2h_/451iw2h/chunklist_w348058882.m3u8?checkedby:iptvcat.com","country":"sweden","liveliness":"99","status":"online","lastChecked":"2020-08-17T00:00:00Z","format":"sd","mbps":"2883","URI":["sweden","europe","scandinavia","arab_countries","arab countries"]},{"id":"9362","channel":"kanal10","link":"http://cdn-kanal10.crossnet.net:1935/kanal10/mp4:mpegts.stream/chunklist_w1523238254.m3u8?checkedby:iptvcat.com","country":"sweden","liveliness":"100","status":"online","lastChecked":"2020-08-17T00:00:00Z","format":"sd","mbps":"3262","URI":["sweden","europe","scandinavia","arab_countries","arab countries"]},{"id":"9363","channel":"kkr","link":"http://stream.kkr.dk/live/kkr/chunklist_w832247479.m3u8?checkedby:iptvcat.com","country":"sweden","liveliness":"100","status":"online","lastChecked":"2020-08-17T00:00:00Z","format":"hd","mbps":"5020","URI":["sweden","europe","scandinavia","arab_countries","arab countries"]},{"id":"9365","channel":"STORTINGET","link":"http://194.132.85.39/19333-live0/_definst_/push-stortinget_1/chunklist_w1136072204.m3u8?checkedby:iptvcat.com","country":"sweden","liveliness":"100","status":"online","lastChecked":"2020-08-17T00:00:00Z","format":"sd","mbps":"3262","URI":["sweden","europe","scandinavia","arab_countries","arab countries"]},{"id":"9364","channel":"OPPNA KANALEN","link":"http://83.140.64.214/edge/_451iw2h_/451iw2h/chunklist_w348058882.m3u8?checkedby:iptvcat.com","country":"sweden","liveliness":"99","status":"online","lastChecked":"2020-08-17T00:00:00Z","format":"sd","mbps":"2883","URI":["sweden","europe","scandinavia","arab_countries","arab countries"]},{"id":"332233","channel":"TV8","link":"http://mhiptv.com:8888/noval/123456/5492?checkedby:iptvcat.com","country":"sweden","liveliness":"100","status":"online","lastChecked":"2020-08-16T00:00:00Z","format":"hd","mbps":"3625","URI":["sweden","europe","scandinavia","new_channels"]},{"id":"332232","channel":"TV6","link":"http://mhiptv.com:8888/noval/123456/5493?checkedby:iptvcat.com","country":"sweden","liveliness":"100","status":"online","lastChecked":"2020-08-16T00:00:00Z","format":"hd","mbps":"3625","URI":["sweden","europe","scandinavia","new_channels"]},{"id":"332231","channel":"TV4_Sport","link":"http://mhiptv.com:8888/noval/123456/5495?checkedby:iptvcat.com","country":"sweden","liveliness":"100","status":"online","lastChecked":"2020-08-16T00:00:00Z","format":"hd","mbps":"3625","URI":["sweden","europe","scandinavia","sport","new_channels"]},{"id":"332230","channel":"TV4_HD","link":"http://mhiptv.com:8888/noval/123456/5497?checkedby:iptvcat.com","country":"sweden","liveliness":"100","status":"online","lastChecked":"2020-08-16T00:00:00Z","format":"hd","mbps":"3625","URI":["sweden","europe","scandinavia","new_channels"]},{"id":"332229","channel":"TV4_Guld","link":"http://mhiptv.com:8888/noval/123456/5498?checkedby:iptvcat.com","country":"sweden","liveliness":"100","status":"online","lastChecked":"2020-08-16T00:00:00Z","format":"hd","mbps":"3625","URI":["sweden","europe","scandinavia","new_channels"]},{"id":"332228","channel":"TV4_Fakta_XL","link":"http://mhiptv.com:8888/noval/123456/5500?checkedby:iptvcat.com","country":"sweden","liveliness":"100","status":"online","lastChecked":"2020-08-16T00:00:00Z","format":"hd","mbps":"3625","URI":["sweden","europe","scandinavia","new_channels"]},{"id":"332227","channel":"TV4_Fakta","link":"http://mhiptv.com:8888/noval/123456/5501?checkedby:iptvcat.com","country":"sweden","liveliness":"100","status":"online","lastChecked":"2020-08-16T00:00:00Z","format":"hd","mbps":"3625","URI":["sweden","europe","scandinavia","new_channels"]},{"id":"332226","channel":"TV3_Sport_HD","link":"http://mhiptv.com:8888/noval/123456/5502?checkedby:iptvcat.com","country":"sweden","liveliness":"100","status":"online","lastChecked":"2020-08-16T00:00:00Z","format":"hd","mbps":"3625","URI":["sweden","europe","scandinavia","sport","new_channels"]},{"id":"332225","channel":"TV3_HD","link":"http://mhiptv.com:8888/noval/123456/5503?checkedby:iptvcat.com","country":"sweden","liveliness":"100","status":"online","lastChecked":"2020-08-16T00:00:00Z","format":"hd","mbps":"3625","URI":["sweden","europe","scandinavia","new_channels"]},{"id":"332224","channel":"TV12","link":"http://mhiptv.com:8888/noval/123456/5505?checkedby:iptvcat.com","country":"sweden","liveliness":"100","status":"online","lastChecked":"2020-08-16T00:00:00Z","format":"hd","mbps":"3625","URI":["sweden","europe","scandinavia","new_channels"]},{"id":"332223","channel":"TV10","link":"http://mhiptv.com:8888/noval/123456/5506?checkedby:iptvcat.com","country":"sweden","liveliness":"100","status":"online","lastChecked":"2020-08-16T00:00:00Z","format":"hd","mbps":"3625","URI":["sweden","europe","scandinavia","new_channels"]},{"id":"332222","channel":"TLC_HD","link":"http://mhiptv.com:8888/noval/123456/5509?checkedby:iptvcat.com","country":"sweden","liveliness":"100","status":"online","lastChecked":"2020-08-16T00:00:00Z","format":"hd","mbps":"3625","URI":["sweden","europe","scandinavia","new_channels"]},{"id":"332221","channel":"SVT2_HD","link":"http://mhiptv.com:8888/noval/123456/5512?checkedby:iptvcat.com","country":"sweden","liveliness":"100","status":"online","lastChecked":"2020-08-16T00:00:00Z","format":"hd","mbps":"3625","URI":["sweden","europe","scandinavia","new_channels"]},{"id":"332220","channel":"SVT1_HD","link":"http://mhiptv.com:8888/noval/123456/5514?checkedby:iptvcat.com","country":"sweden","liveliness":"100","status":"online","lastChecked":"2020-08-16T00:00:00Z","format":"hd","mbps":"3625","URI":["sweden","europe","scandinavia","new_channels"]},{"id":"332219","channel":"Sjuan","link":"http://mhiptv.com:8888/noval/123456/5516?checkedby:iptvcat.com","country":"sweden","liveliness":"100","status":"online","lastChecked":"2020-08-16T00:00:00Z","format":"hd","mbps":"3625","URI":["sweden","europe","scandinavia","new_channels"]},{"id":"332218","channel":"SF_Kanalen","link":"http://mhiptv.com:8888/noval/123456/5517?checkedby:iptvcat.com","country":"sweden","liveliness":"100","status":"online","lastChecked":"2020-08-16T00:00:00Z","format":"hd","mbps":"3625","URI":["sweden","europe","scandinavia","new_channels"]},{"id":"332217","channel":"Nickelodeon","link":"http://mhiptv.com:8888/noval/123456/5518?checkedby:iptvcat.com","country":"sweden","liveliness":"100","status":"online","lastChecked":"2020-08-16T00:00:00Z","format":"hd","mbps":"3625","URI":["sweden","europe","scandinavia","new_channels"]},{"id":"332216","channel":"Nick_Jr","link":"http://mhiptv.com:8888/noval/123456/5519?checkedby:iptvcat.com","country":"sweden","liveliness":"100","status":"online","lastChecked":"2020-08-16T00:00:00Z","format":"hd","mbps":"3625","URI":["sweden","europe","scandinavia","new_channels"]},{"id":"332215","channel":"National_Geographic","link":"http://mhiptv.com:8888/noval/123456/5520?checkedby:iptvcat.com","country":"sweden","liveliness":"100","status":"online","lastChecked":"2020-08-16T00:00:00Z","format":"hd","mbps":"3625","URI":["sweden","europe","scandinavia","new_channels"]},{"id":"332214","channel":"Nat_Geo_Wild","link":"http://mhiptv.com:8888/noval/123456/5521?checkedby:iptvcat.com","country":"sweden","liveliness":"100","status":"online","lastChecked":"2020-08-16T00:00:00Z","format":"hd","mbps":"3625","URI":["sweden","europe","scandinavia","new_channels"]},{"id":"332213","channel":"MTV","link":"http://mhiptv.com:8888/noval/123456/5522?checkedby:iptvcat.com","country":"sweden","liveliness":"100","status":"online","lastChecked":"2020-08-16T00:00:00Z","format":"hd","mbps":"3625","URI":["sweden","europe","scandinavia","new_channels"]},{"id":"332212","channel":"Kunskapskanalen","link":"http://mhiptv.com:8888/noval/123456/5525?checkedby:iptvcat.com","country":"sweden","liveliness":"100","status":"online","lastChecked":"2020-08-16T00:00:00Z","format":"hd","mbps":"3625","URI":["sweden","europe","scandinavia","new_channels"]},{"id":"332211","channel":"Kanal_9_HD","link":"http://mhiptv.com:8888/noval/123456/5526?checkedby:iptvcat.com","country":"sweden","liveliness":"100","status":"online","lastChecked":"2020-08-16T00:00:00Z","format":"hd","mbps":"3625","URI":["sweden","europe","scandinavia","new_channels"]},{"id":"332210","channel":"Kanal_5","link":"http://mhiptv.com:8888/noval/123456/5529?checkedby:iptvcat.com","country":"sweden","liveliness":"100","status":"online","lastChecked":"2020-08-16T00:00:00Z","format":"hd","mbps":"3625","URI":["sweden","europe","scandinavia","new_channels"]},{"id":"332209","channel":"Kanal_11_HD","link":"http://mhiptv.com:8888/noval/123456/5530?checkedby:iptvcat.com","country":"sweden","liveliness":"100","status":"online","lastChecked":"2020-08-16T00:00:00Z","format":"hd","mbps":"3625","URI":["sweden","europe","scandinavia","new_channels"]},{"id":"332208","channel":"FOX","link":"http://mhiptv.com:8888/noval/123456/5534?checkedby:iptvcat.com","country":"sweden","liveliness":"100","status":"online","lastChecked":"2020-08-16T00:00:00Z","format":"hd","mbps":"3625","URI":["sweden","europe","scandinavia","new_channels"]},{"id":"332207","channel":"Eurosport_2_HD","link":"http://mhiptv.com:8888/noval/123456/5536?checkedby:iptvcat.com","country":"sweden","liveliness":"100","status":"online","lastChecked":"2020-08-16T00:00:00Z","format":"hd","mbps":"3625","URI":["sweden","europe","scandinavia","sport","new_channels"]},{"id":"332206","channel":"Eurosport_1_HD","link":"http://mhiptv.com:8888/noval/123456/5537?checkedby:iptvcat.com","country":"sweden","liveliness":"100","status":"online","lastChecked":"2020-08-16T00:00:00Z","format":"hd","mbps":"3625","URI":["sweden","europe","scandinavia","sport","new_channels"]},{"id":"332205","channel":"Disney_XD","link":"http://mhiptv.com:8888/noval/123456/5540?checkedby:iptvcat.com","country":"sweden","liveliness":"100","status":"online","lastChecked":"2020-08-16T00:00:00Z","format":"hd","mbps":"3625","URI":["sweden","europe","scandinavia","new_channels"]},{"id":"332204","channel":"Disney_Junior","link":"http://mhiptv.com:8888/noval/123456/5541?checkedby:iptvcat.com","country":"sweden","liveliness":"100","status":"online","lastChecked":"2020-08-16T00:00:00Z","format":"hd","mbps":"3625","URI":["sweden","europe","scandinavia","new_channels"]},{"id":"332203","channel":"Disney_Channel","link":"http://mhiptv.com:8888/noval/123456/5542?checkedby:iptvcat.com","country":"sweden","liveliness":"100","status":"online","lastChecked":"2020-08-16T00:00:00Z","format":"hd","mbps":"3625","URI":["sweden","europe","scandinavia","new_channels"]},{"id":"332202","channel":"Discovery_World","link":"http://mhiptv.com:8888/noval/123456/5543?checkedby:iptvcat.com","country":"sweden","liveliness":"100","status":"online","lastChecked":"2020-08-16T00:00:00Z","format":"hd","mbps":"3625","URI":["sweden","europe","scandinavia","new_channels"]},{"id":"332201","channel":"Discovery_Channel_HD","link":"http://mhiptv.com:8888/noval/123456/5544?checkedby:iptvcat.com","country":"sweden","liveliness":"100","status":"online","lastChecked":"2020-08-16T00:00:00Z","format":"hd","mbps":"3625","URI":["sweden","europe","scandinavia","new_channels"]},{"id":"332200","channel":"Animal_Planet_FHD","link":"http://mhiptv.com:8888/noval/123456/5566?checkedby:iptvcat.com","country":"sweden","liveliness":"100","status":"online","lastChecked":"2020-08-16T00:00:00Z","format":"hd","mbps":"3625","URI":["sweden","europe","scandinavia","new_channels"]},{"id":"332199","channel":"Animal_Planet","link":"http://mhiptv.com:8888/noval/123456/5567?checkedby:iptvcat.com","country":"sweden","liveliness":"100","status":"online","lastChecked":"2020-08-16T00:00:00Z","format":"hd","mbps":"3625","URI":["sweden","europe","scandinavia","new_channels"]},{"id":"332233","channel":"TV8","link":"http://mhiptv.com:8888/noval/123456/5492?checkedby:iptvcat.com","country":"sweden","liveliness":"100","status":"online","lastChecked":"2020-08-16T00:00:00Z","format":"hd","mbps":"3625","URI":["sweden","europe","scandinavia","new_channels"]},{"id":"332232","channel":"TV6","link":"http://mhiptv.com:8888/noval/123456/5493?checkedby:iptvcat.com","country":"sweden","liveliness":"100","status":"online","lastChecked":"2020-08-16T00:00:00Z","format":"hd","mbps":"3625","URI":["sweden","europe","scandinavia","new_channels"]},{"id":"332231","channel":"TV4_Sport","link":"http://mhiptv.com:8888/noval/123456/5495?checkedby:iptvcat.com","country":"sweden","liveliness":"100","status":"online","lastChecked":"2020-08-16T00:00:00Z","format":"hd","mbps":"3625","URI":["sweden","europe","scandinavia","sport","new_channels"]},{"id":"332230","channel":"TV4_HD","link":"http://mhiptv.com:8888/noval/123456/5497?checkedby:iptvcat.com","country":"sweden","liveliness":"100","status":"online","lastChecked":"2020-08-16T00:00:00Z","format":"hd","mbps":"3625","URI":["sweden","europe","scandinavia","new_channels"]},{"id":"332229","channel":"TV4_Guld","link":"http://mhiptv.com:8888/noval/123456/5498?checkedby:iptvcat.com","country":"sweden","liveliness":"100","status":"online","lastChecked":"2020-08-16T00:00:00Z","format":"hd","mbps":"3625","URI":["sweden","europe","scandinavia","new_channels"]},{"id":"332228","channel":"TV4_Fakta_XL","link":"http://mhiptv.com:8888/noval/123456/5500?checkedby:iptvcat.com","country":"sweden","liveliness":"100","status":"online","lastChecked":"2020-08-16T00:00:00Z","format":"hd","mbps":"3625","URI":["sweden","europe","scandinavia","new_channels"]},{"id":"332227","channel":"TV4_Fakta","link":"http://mhiptv.com:8888/noval/123456/5501?checkedby:iptvcat.com","country":"sweden","liveliness":"100","status":"online","lastChecked":"2020-08-16T00:00:00Z","format":"hd","mbps":"3625","URI":["sweden","europe","scandinavia","new_channels"]},{"id":"332226","channel":"TV3_Sport_HD","link":"http://mhiptv.com:8888/noval/123456/5502?checkedby:iptvcat.com","country":"sweden","liveliness":"100","status":"online","lastChecked":"2020-08-16T00:00:00Z","format":"hd","mbps":"3625","URI":["sweden","europe","scandinavia","sport","new_channels"]},{"id":"332225","channel":"TV3_HD","link":"http://mhiptv.com:8888/noval/123456/5503?checkedby:iptvcat.com","country":"sweden","liveliness":"100","status":"online","lastChecked":"2020-08-16T00:00:00Z","format":"hd","mbps":"3625","URI":["sweden","europe","scandinavia","new_channels"]},{"id":"332224","channel":"TV12","link":"http://mhiptv.com:8888/noval/123456/5505?checkedby:iptvcat.com","country":"sweden","liveliness":"100","status":"online","lastChecked":"2020-08-16T00:00:00Z","format":"hd","mbps":"3625","URI":["sweden","europe","scandinavia","new_channels"]},{"id":"332223","channel":"TV10","link":"http://mhiptv.com:8888/noval/123456/5506?checkedby:iptvcat.com","country":"sweden","liveliness":"100","status":"online","lastChecked":"2020-08-16T00:00:00Z","format":"hd","mbps":"3625","URI":["sweden","europe","scandinavia","new_channels"]},{"id":"332222","channel":"TLC_HD","link":"http://mhiptv.com:8888/noval/123456/5509?checkedby:iptvcat.com","country":"sweden","liveliness":"100","status":"online","lastChecked":"2020-08-16T00:00:00Z","format":"hd","mbps":"3625","URI":["sweden","europe","scandinavia","new_channels"]},{"id":"332221","channel":"SVT2_HD","link":"http://mhiptv.com:8888/noval/123456/5512?checkedby:iptvcat.com","country":"sweden","liveliness":"100","status":"online","lastChecked":"2020-08-16T00:00:00Z","format":"hd","mbps":"3625","URI":["sweden","europe","scandinavia","new_channels"]},{"id":"332220","channel":"SVT1_HD","link":"http://mhiptv.com:8888/noval/123456/5514?checkedby:iptvcat.com","country":"sweden","liveliness":"100","status":"online","lastChecked":"2020-08-16T00:00:00Z","format":"hd","mbps":"3625","URI":["sweden","europe","scandinavia","new_channels"]},{"id":"332219","channel":"Sjuan","link":"http://mhiptv.com:8888/noval/123456/5516?checkedby:iptvcat.com","country":"sweden","liveliness":"100","status":"online","lastChecked":"2020-08-16T00:00:00Z","format":"hd","mbps":"3625","URI":["sweden","europe","scandinavia","new_channels"]},{"id":"332218","channel":"SF_Kanalen","link":"http://mhiptv.com:8888/noval/123456/5517?checkedby:iptvcat.com","country":"sweden","liveliness":"100","status":"online","lastChecked":"2020-08-16T00:00:00Z","format":"hd","mbps":"3625","URI":["sweden","europe","scandinavia","new_channels"]},{"id":"332217","channel":"Nickelodeon","link":"http://mhiptv.com:8888/noval/123456/5518?checkedby:iptvcat.com","country":"sweden","liveliness":"100","status":"online","lastChecked":"2020-08-16T00:00:00Z","format":"hd","mbps":"3625","URI":["sweden","europe","scandinavia","new_channels"]},{"id":"332216","channel":"Nick_Jr","link":"http://mhiptv.com:8888/noval/123456/5519?checkedby:iptvcat.com","country":"sweden","liveliness":"100","status":"online","lastChecked":"2020-08-16T00:00:00Z","format":"hd","mbps":"3625","URI":["sweden","europe","scandinavia","new_channels"]},{"id":"332215","channel":"National_Geographic","link":"http://mhiptv.com:8888/noval/123456/5520?checkedby:iptvcat.com","country":"sweden","liveliness":"100","status":"online","lastChecked":"2020-08-16T00:00:00Z","format":"hd","mbps":"3625","URI":["sweden","europe","scandinavia","new_channels"]},{"id":"332214","channel":"Nat_Geo_Wild","link":"http://mhiptv.com:8888/noval/123456/5521?checkedby:iptvcat.com","country":"sweden","liveliness":"100","status":"online","lastChecked":"2020-08-16T00:00:00Z","format":"hd","mbps":"3625","URI":["sweden","europe","scandinavia","new_channels"]},{"id":"332213","channel":"MTV","link":"http://mhiptv.com:8888/noval/123456/5522?checkedby:iptvcat.com","country":"sweden","liveliness":"100","status":"online","lastChecked":"2020-08-16T00:00:00Z","format":"hd","mbps":"3625","URI":["sweden","europe","scandinavia","new_channels"]},{"id":"332212","channel":"Kunskapskanalen","link":"http://mhiptv.com:8888/noval/123456/5525?checkedby:iptvcat.com","country":"sweden","liveliness":"100","status":"online","lastChecked":"2020-08-16T00:00:00Z","format":"hd","mbps":"3625","URI":["sweden","europe","scandinavia","new_channels"]},{"id":"332211","channel":"Kanal_9_HD","link":"http://mhiptv.com:8888/noval/123456/5526?checkedby:iptvcat.com","country":"sweden","liveliness":"100","status":"online","lastChecked":"2020-08-16T00:00:00Z","format":"hd","mbps":"3625","URI":["sweden","europe","scandinavia","new_channels"]},{"id":"332210","channel":"Kanal_5","link":"http://mhiptv.com:8888/noval/123456/5529?checkedby:iptvcat.com","country":"sweden","liveliness":"100","status":"online","lastChecked":"2020-08-16T00:00:00Z","format":"hd","mbps":"3625","URI":["sweden","europe","scandinavia","new_channels"]},{"id":"332209","channel":"Kanal_11_HD","link":"http://mhiptv.com:8888/noval/123456/5530?checkedby:iptvcat.com","country":"sweden","liveliness":"100","status":"online","lastChecked":"2020-08-16T00:00:00Z","format":"hd","mbps":"3625","URI":["sweden","europe","scandinavia","new_channels"]},{"id":"332208","channel":"FOX","link":"http://mhiptv.com:8888/noval/123456/5534?checkedby:iptvcat.com","country":"sweden","liveliness":"100","status":"online","lastChecked":"2020-08-16T00:00:00Z","format":"hd","mbps":"3625","URI":["sweden","europe","scandinavia","new_channels"]},{"id":"332207","channel":"Eurosport_2_HD","link":"http://mhiptv.com:8888/noval/123456/5536?checkedby:iptvcat.com","country":"sweden","liveliness":"100","status":"online","lastChecked":"2020-08-16T00:00:00Z","format":"hd","mbps":"3625","URI":["sweden","europe","scandinavia","sport","new_channels"]},{"id":"332206","channel":"Eurosport_1_HD","link":"http://mhiptv.com:8888/noval/123456/5537?checkedby:iptvcat.com","country":"sweden","liveliness":"100","status":"online","lastChecked":"2020-08-16T00:00:00Z","format":"hd","mbps":"3625","URI":["sweden","europe","scandinavia","sport","new_channels"]},{"id":"332205","channel":"Disney_XD","link":"http://mhiptv.com:8888/noval/123456/5540?checkedby:iptvcat.com","country":"sweden","liveliness":"100","status":"online","lastChecked":"2020-08-16T00:00:00Z","format":"hd","mbps":"3625","URI":["sweden","europe","scandinavia","new_channels"]},{"id":"332204","channel":"Disney_Junior","link":"http://mhiptv.com:8888/noval/123456/5541?checkedby:iptvcat.com","country":"sweden","liveliness":"100","status":"online","lastChecked":"2020-08-16T00:00:00Z","format":"hd","mbps":"3625","URI":["sweden","europe","scandinavia","new_channels"]},{"id":"332203","channel":"Disney_Channel","link":"http://mhiptv.com:8888/noval/123456/5542?checkedby:iptvcat.com","country":"sweden","liveliness":"100","status":"online","lastChecked":"2020-08-16T00:00:00Z","format":"hd","mbps":"3625","URI":["sweden","europe","scandinavia","new_channels"]},{"id":"332202","channel":"Discovery_World","link":"http://mhiptv.com:8888/noval/123456/5543?checkedby:iptvcat.com","country":"sweden","liveliness":"100","status":"online","lastChecked":"2020-08-16T00:00:00Z","format":"hd","mbps":"3625","URI":["sweden","europe","scandinavia","new_channels"]},{"id":"332201","channel":"Discovery_Channel_HD","link":"http://mhiptv.com:8888/noval/123456/5544?checkedby:iptvcat.com","country":"sweden","liveliness":"100","status":"online","lastChecked":"2020-08-16T00:00:00Z","format":"hd","mbps":"3625","URI":["sweden","europe","scandinavia","new_channels"]},{"id":"332200","channel":"Animal_Planet_FHD","link":"http://mhiptv.com:8888/noval/123456/5566?checkedby:iptvcat.com","country":"sweden","liveliness":"100","status":"online","lastChecked":"2020-08-16T00:00:00Z","format":"hd","mbps":"3625","URI":["sweden","europe","scandinavia","new_channels"]},{"id":"332199","channel":"Animal_Planet","link":"http://mhiptv.com:8888/noval/123456/5567?checkedby:iptvcat.com","country":"sweden","liveliness":"100","status":"online","lastChecked":"2020-08-16T00:00:00Z","format":"hd","mbps":"3625","URI":["sweden","europe","scandinavia","new_channels"]}]