[{"id":"55880","channel":"CH | Dieu TV, Dieu TV","link":"https://katapy.hs.llnwd.net/dieutvwza1/DIEUTVLIVE/smil:dieutv.smil/720p-playlist.m3u8?checkedby:iptvcat.com","country":"switzerland","liveliness":"95","status":"online","lastChecked":"2020-08-17T00:00:00Z","format":"hd","mbps":"3188","URI":["switzerland","europe"]},{"id":"55877","channel":"CH | LFM TV, LFM TV","link":"https://edge3.vedge.infomaniak.com/livecast/ik:lfmmd/chunklist_w1211388897_b3000000.m3u8?checkedby:iptvcat.com","country":"switzerland","liveliness":"100","status":"online","lastChecked":"2020-08-17T00:00:00Z","format":"fhd 2k","mbps":"7004","URI":["switzerland","europe"]},{"id":"55876","channel":"CH | One TV, One TV","link":"https://edge9.vedge.infomaniak.com/livecast/ik:onefmmd/chunklist.m3u8?checkedby:iptvcat.com","country":"switzerland","liveliness":"100","status":"online","lastChecked":"2020-08-17T00:00:00Z","format":"hd","mbps":"3188, ...","URI":["switzerland","europe"]},{"id":"10621","channel":"CH | TVM3, TVM3","link":"http://tvm3.vedge.infomaniak.com/livecast/tvm3/playlist.m3u8?checkedby:iptvcat.com","country":"switzerland","liveliness":"100","status":"online","lastChecked":"2020-08-17T00:00:00Z","format":"fhd 2k","mbps":"7986","URI":["switzerland","europe"]},{"id":"2771","channel":"Canal 9","link":"https://livesd2.vedge.infomaniak.com/livecast/livehd/master.m3u8?checkedby:iptvcat.com","country":"switzerland","liveliness":"98","status":"online","lastChecked":"2020-08-17T00:00:00Z","format":"hd","mbps":"3188","URI":["switzerland"]},{"id":"2772","channel":"Canal Alpha Jura","link":"http://canalalphaju.vedge.infomaniak.com/livecast/canalalphaju/playlist.m3u8?checkedby:iptvcat.com","country":"switzerland","liveliness":"100","status":"online","lastChecked":"2020-08-17T00:00:00Z","format":"fhd 2k","mbps":"7004","URI":["switzerland"]},{"id":"133237","channel":"Canal Alpha Jura","link":"https://canalalphaju.vedge.infomaniak.com/livecast/canalalphaju/playlist.m3u8?checkedby:iptvcat.com","country":"switzerland","liveliness":"100","status":"online","lastChecked":"2020-08-18T00:00:00Z","format":"fhd 2k","mbps":"7004","URI":["switzerland","europe"]},{"id":"2773","channel":"Die Neue Zeit","link":"https://www.onairport.live/die-neue-zeit-tv-live/livestream_high/chunklist_w2039349636.m3u8?checkedby:iptvcat.com","country":"switzerland","liveliness":"100","status":"online","lastChecked":"2020-08-17T00:00:00Z","format":"sd","mbps":"1810","URI":["switzerland"]},{"id":"24753","channel":"LFM TV","link":"https://edge3.vedge.infomaniak.com/livecast/ik:lfmmd/chunklist.m3u8?checkedby:iptvcat.com","country":"switzerland","liveliness":"100","status":"online","lastChecked":"2020-08-17T00:00:00Z","format":"sd","mbps":"899","URI":["switzerland"]},{"id":"14121","channel":"La Tele","link":"https://latele.vedge.infomaniak.com/livecast/latele/chunklist.m3u8?checkedby:iptvcat.com","country":"switzerland","liveliness":"100","status":"online","lastChecked":"2020-08-17T00:00:00Z","format":"fhd 2k","mbps":"7004","URI":["switzerland"]},{"id":"14120","channel":"La Tele","link":"http://livevideo.infomaniak.com/streaming/livecast/latele/playlist.m3u8?checkedby:iptvcat.com","country":"switzerland","liveliness":"100","status":"online","lastChecked":"2020-08-17T00:00:00Z","format":"fhd 2k","mbps":"7004","URI":["switzerland"]},{"id":"133238","channel":"La Tele","link":"https://livevideo.infomaniak.com/streaming/livecast/latele/playlist.m3u8?checkedby:iptvcat.com","country":"switzerland","liveliness":"99","status":"online","lastChecked":"2020-08-17T00:00:00Z","format":"fhd 2k","mbps":"7004","URI":["switzerland","europe"]},{"id":"2777","channel":"QS24","link":"http://62.113.221.4/tv2000plus-live/_definst_/mp4:quantisana/playlist.m3u8?checkedby:iptvcat.com","country":"switzerland","liveliness":"99","status":"online","lastChecked":"2020-08-17T00:00:00Z","format":"sd","mbps":"2369","URI":["switzerland"]},{"id":"5774","channel":"Radio Argovia 90.3 FM Aarau","link":"http://klive-a.akamaihd.net/dc-1/live/hls/p/1719221/e/1_uv9hs4ww/sd/6000/t/wrKSSij4alVi5jiCA3spVQ/index-s32.m3u8?checkedby:iptvcat.com","country":"switzerland","liveliness":"95","status":"online","lastChecked":"2020-08-17T00:00:00Z","format":"sd","mbps":"2488","URI":["switzerland"]},{"id":"2779","channel":"Radio Pilatus TV","link":"https://livevideo.infomaniak.com/streaming/livecast/rp_tv_1/playlist.m3u8?checkedby:iptvcat.com","country":"switzerland","liveliness":"100","status":"online","lastChecked":"2020-08-17T00:00:00Z","format":"fhd 2k","mbps":"11126","URI":["switzerland"]},{"id":"2780","channel":"Rouge TV","link":"http://rougetv.vedge.infomaniak.com/livecast/rougetv/playlist.m3u8?checkedby:iptvcat.com","country":"switzerland","liveliness":"100","status":"online","lastChecked":"2020-08-17T00:00:00Z","format":"hd","mbps":"3188","URI":["switzerland"]},{"id":"133240","channel":"Rouge TV","link":"https://rougetv.vedge.infomaniak.com/livecast/rougetv/playlist.m3u8?checkedby:iptvcat.com","country":"switzerland","liveliness":"99","status":"online","lastChecked":"2020-08-17T00:00:00Z","format":"hd","mbps":"3188","URI":["switzerland","europe"]},{"id":"5776","channel":"Rouge TV (Opt-2)","link":"rtmp://rougetv.vedge.infomaniak.com:1935/livecast/rougetv?checkedby:iptvcat.com","country":"switzerland","liveliness":"99","status":"online","lastChecked":"2020-08-17T00:00:00Z","format":"hd","mbps":"3188","URI":["switzerland"]},{"id":"5778","channel":"TVM 3","link":"http://livevideo.infomaniak.com/streaming/livecast/tvm3/playlist.m3u8?checkedby:iptvcat.com","country":"switzerland","liveliness":"99","status":"online","lastChecked":"2020-08-17T00:00:00Z","format":"fhd 2k","mbps":"7986","URI":["switzerland"]},{"id":"2784","channel":"Tele M1 HD","link":"http://klive-a.akamaihd.net/dc-1/live/hls/p/1719221/e/1_ljzy3evp/sd/10000/t/nwOKUovT2mwnA8x_KnC4zg/index-s32.m3u8?checkedby:iptvcat.com","country":"switzerland","liveliness":"96","status":"online","lastChecked":"2020-08-17T00:00:00Z","format":"hd","mbps":"3188","URI":["switzerland"]},{"id":"53674","channel":"Tele M1 HD","link":"https://klive-a.akamaihd.net/dc-1/live/hls/p/1719221/e/1_ljzy3evp/sd/10000/t/nwOKUovT2mwnA8x_KnC4zg/index-s32.m3u8?checkedby:iptvcat.com","country":"switzerland","liveliness":"94","status":"online","lastChecked":"2020-08-17T00:00:00Z","format":"hd","mbps":"3188","URI":["switzerland"]},{"id":"2786","channel":"TeleBarn","link":"http://klive-a.akamaihd.net/dc-1/live/hls/p/1719221/e/1_0mc3z57p/sd/10000/t/XTGwenpKUhx_fbVnsiu9MQ/master.m3u8?checkedby:iptvcat.com","country":"switzerland","liveliness":"94","status":"online","lastChecked":"2020-08-17T00:00:00Z","format":"hd","mbps":"3188","URI":["switzerland"]},{"id":"2785","channel":"TeleBarn","link":"http://cdnapi.kaltura.com/p/1719221/sp/171922100/playManifest/entryId/1_0mc3z57p/format/applehttp/protocol/http/uiConfId/26605911/a.m3u8?checkedby:iptvcat.com","country":"switzerland","liveliness":"94","status":"online","lastChecked":"2020-08-17T00:00:00Z","format":"hd","mbps":"3188","URI":["switzerland"]},{"id":"133244","channel":"TeleBarn","link":"https://klive-a.akamaihd.net/dc-1/live/hls/p/1719221/e/1_0mc3z57p/t/gaudIWTPWrpJe6yJmHI9vA/index.m3u8?checkedby:iptvcat.com","country":"switzerland","liveliness":"90","status":"online","lastChecked":"2020-08-17T00:00:00Z","format":"hd","mbps":"3188","URI":["switzerland","europe"]},{"id":"133243","channel":"TeleBarn","link":"https://klive-a.akamaihd.net/dc-1/live/hls/p/1719221/e/1_0mc3z57p/sd/10000/t/XTGwenpKUhx_fbVnsiu9MQ/master.m3u8?checkedby:iptvcat.com","country":"switzerland","liveliness":"94","status":"online","lastChecked":"2020-08-17T00:00:00Z","format":"hd","mbps":"3188","URI":["switzerland","europe"]},{"id":"133242","channel":"TeleBarn","link":"https://cdnapi.kaltura.com/p/1719221/sp/171922100/playManifest/entryId/1_0mc3z57p/format/applehttp/protocol/http/uiConfId/26605911/a.m3u8?checkedby:iptvcat.com","country":"switzerland","liveliness":"92","status":"online","lastChecked":"2020-08-17T00:00:00Z","format":"hd","mbps":"3188","URI":["switzerland","europe"]},{"id":"2787","channel":"TeleBarn","link":"http://klive-a.akamaihd.net/dc-1/live/hls/p/1719221/e/1_0mc3z57p/t/gaudIWTPWrpJe6yJmHI9vA/index-s32.m3u8?checkedby:iptvcat.com","country":"switzerland","liveliness":"94","status":"online","lastChecked":"2020-08-17T00:00:00Z","format":"hd","mbps":"3188","URI":["switzerland"]},{"id":"133244","channel":"TeleBarn","link":"https://klive-a.akamaihd.net/dc-1/live/hls/p/1719221/e/1_0mc3z57p/t/gaudIWTPWrpJe6yJmHI9vA/index.m3u8?checkedby:iptvcat.com","country":"switzerland","liveliness":"90","status":"online","lastChecked":"2020-08-17T00:00:00Z","format":"hd","mbps":"3188","URI":["switzerland","europe"]},{"id":"133243","channel":"TeleBarn","link":"https://klive-a.akamaihd.net/dc-1/live/hls/p/1719221/e/1_0mc3z57p/sd/10000/t/XTGwenpKUhx_fbVnsiu9MQ/master.m3u8?checkedby:iptvcat.com","country":"switzerland","liveliness":"94","status":"online","lastChecked":"2020-08-17T00:00:00Z","format":"hd","mbps":"3188","URI":["switzerland","europe"]},{"id":"133242","channel":"TeleBarn","link":"https://cdnapi.kaltura.com/p/1719221/sp/171922100/playManifest/entryId/1_0mc3z57p/format/applehttp/protocol/http/uiConfId/26605911/a.m3u8?checkedby:iptvcat.com","country":"switzerland","liveliness":"92","status":"online","lastChecked":"2020-08-17T00:00:00Z","format":"hd","mbps":"3188","URI":["switzerland","europe"]},{"id":"133240","channel":"Rouge TV","link":"https://rougetv.vedge.infomaniak.com/livecast/rougetv/playlist.m3u8?checkedby:iptvcat.com","country":"switzerland","liveliness":"99","status":"online","lastChecked":"2020-08-17T00:00:00Z","format":"hd","mbps":"3188","URI":["switzerland","europe"]},{"id":"133238","channel":"La Tele","link":"https://livevideo.infomaniak.com/streaming/livecast/latele/playlist.m3u8?checkedby:iptvcat.com","country":"switzerland","liveliness":"99","status":"online","lastChecked":"2020-08-17T00:00:00Z","format":"fhd 2k","mbps":"7004","URI":["switzerland","europe"]},{"id":"133237","channel":"Canal Alpha Jura","link":"https://canalalphaju.vedge.infomaniak.com/livecast/canalalphaju/playlist.m3u8?checkedby:iptvcat.com","country":"switzerland","liveliness":"100","status":"online","lastChecked":"2020-08-18T00:00:00Z","format":"fhd 2k","mbps":"7004","URI":["switzerland","europe"]},{"id":"55880","channel":"CH | Dieu TV, Dieu TV","link":"https://katapy.hs.llnwd.net/dieutvwza1/DIEUTVLIVE/smil:dieutv.smil/720p-playlist.m3u8?checkedby:iptvcat.com","country":"switzerland","liveliness":"95","status":"online","lastChecked":"2020-08-17T00:00:00Z","format":"hd","mbps":"3188","URI":["switzerland","europe"]},{"id":"55877","channel":"CH | LFM TV, LFM TV","link":"https://edge3.vedge.infomaniak.com/livecast/ik:lfmmd/chunklist_w1211388897_b3000000.m3u8?checkedby:iptvcat.com","country":"switzerland","liveliness":"100","status":"online","lastChecked":"2020-08-17T00:00:00Z","format":"fhd 2k","mbps":"7004","URI":["switzerland","europe"]},{"id":"55876","channel":"CH | One TV, One TV","link":"https://edge9.vedge.infomaniak.com/livecast/ik:onefmmd/chunklist.m3u8?checkedby:iptvcat.com","country":"switzerland","liveliness":"100","status":"online","lastChecked":"2020-08-17T00:00:00Z","format":"hd","mbps":"3188, ...","URI":["switzerland","europe"]},{"id":"10621","channel":"CH | TVM3, TVM3","link":"http://tvm3.vedge.infomaniak.com/livecast/tvm3/playlist.m3u8?checkedby:iptvcat.com","country":"switzerland","liveliness":"100","status":"online","lastChecked":"2020-08-17T00:00:00Z","format":"fhd 2k","mbps":"7986","URI":["switzerland","europe"]}]