[{"id":"11692","channel":"ASTV News 1, News 1","link":"http://news1.live14.com/stream/news1_hi.m3u8?checkedby:iptvcat.com","country":"thailand","liveliness":"95","status":"online","lastChecked":"2020-08-17T00:00:00Z","format":"fhd 2k","mbps":"7986","URI":["thailand"]},{"id":"2843","channel":"DDTV","link":"http://203.156.63.20:1935/live/ddtv/playlist.m3u8?checkedby:iptvcat.com","country":"thailand","liveliness":"93","status":"online","lastChecked":"2020-08-17T00:00:00Z","format":"sd","mbps":"570","URI":["thailand"]},{"id":"2863","channel":"MCOT 30","link":"http://183.182.100.184/live/mcothd/playlist.m3u8?checkedby:iptvcat.com","country":"thailand","liveliness":"93","status":"online","lastChecked":"2020-08-17T00:00:00Z","format":"sd","mbps":"1307","URI":["thailand"]},{"id":"2865","channel":"MONO 29","link":"http://183.182.100.184/live/mono29/chunklist.m3u8?checkedby:iptvcat.com","country":"thailand","liveliness":"95","status":"online","lastChecked":"2020-08-17T00:00:00Z","format":"sd","mbps":"1307","URI":["thailand"]},{"id":"2873","channel":"NBT Bangkok","link":"http://live.prd.go.th:1935/live/ch1_L.sdp/playlist.m3u8?checkedby:iptvcat.com","country":"thailand","liveliness":"98","status":"online","lastChecked":"2020-08-17T00:00:00Z","format":"hd","mbps":"3188","URI":["thailand"]},{"id":"2872","channel":"NBT Bangkok","link":"http://live.prd.go.th:1935/live/ch1_L.sdp/chunklist.m3u8?checkedby:iptvcat.com","country":"thailand","liveliness":"98","status":"online","lastChecked":"2020-08-17T00:00:00Z","format":"hd","mbps":"3188","URI":["thailand"]},{"id":"2874","channel":"NBT Central","link":"http://live.prd.go.th:1935/live/ch9_L.sdp/chunklist.m3u8?checkedby:iptvcat.com","country":"thailand","liveliness":"98","status":"online","lastChecked":"2020-08-17T00:00:00Z","format":"fhd 2k","mbps":"11126","URI":["thailand"]},{"id":"133433","channel":"News 1","link":"http://news1.live14.com/stream/news1.m3u8?checkedby:iptvcat.com","country":"thailand","liveliness":"96","status":"online","lastChecked":"2020-08-17T00:00:00Z","format":"sd","mbps":"326","URI":["thailand","asia"]},{"id":"133434","channel":"ONE HD","link":"https://one31-0ougnj.cdn.byteark.com/live/playlist.m3u8?checkedby:iptvcat.com","country":"thailand","liveliness":"99","status":"online","lastChecked":"2020-08-17T00:00:00Z","format":"hd","mbps":"5020, ...","URI":["thailand","asia"]},{"id":"14155","channel":"ONE HD","link":"http://one31-0ougnj.cdn.byteark.com/live/playlist.m3u8?checkedby:iptvcat.com","country":"thailand","liveliness":"99","status":"online","lastChecked":"2020-08-17T00:00:00Z","format":"hd","mbps":"5020, ...","URI":["thailand"]},{"id":"2876","channel":"PPTV","link":"http://183.182.100.184/live/pptvthai/playlist.m3u8?checkedby:iptvcat.com","country":"thailand","liveliness":"93","status":"online","lastChecked":"2020-08-17T00:00:00Z","format":"sd","mbps":"1307","URI":["thailand"]},{"id":"2877","channel":"Series","link":"http://203.154.243.31:8081/live/series/index.m3u8?checkedby:iptvcat.com","country":"thailand","liveliness":"95","status":"online","lastChecked":"2020-08-17T00:00:00Z","format":"hd","mbps":"6241","URI":["thailand"]},{"id":"2879","channel":"Suwannabhumi TV","link":"http://203.146.129.233:1935/live/mp4:suwan/chunklist.m3u8?checkedby:iptvcat.com","country":"thailand","liveliness":"98","status":"online","lastChecked":"2020-08-17T00:00:00Z","format":"sd","mbps":"426","URI":["thailand"]},{"id":"2880","channel":"TGN","link":"https://bozztv.com/36bay2/gin/giniko_tgntv_800kb_36bay2/tracks-v1a1/mono.m3u8?checkedby:iptvcat.com","country":"thailand","liveliness":"95","status":"online","lastChecked":"2020-08-17T00:00:00Z","format":"sd","mbps":"2334","URI":["thailand"]},{"id":"14162","channel":"TPTV","link":"http://49.231.66.85:1935/live/tptv/playlist.m3u8?checkedby:iptvcat.com","country":"thailand","liveliness":"99","status":"online","lastChecked":"2020-08-17T00:00:00Z","format":"sd","mbps":"617","URI":["thailand"]},{"id":"20936","channel":"Thai PBS (Opt-4)","link":"http://thaipbs-live.cdn.byteark.com/live/playlist_480p/index.m3u8?checkedby:iptvcat.com","country":"thailand","liveliness":"100","status":"online","lastChecked":"2020-08-17T00:00:00Z","format":"sd","mbps":"1688","URI":["thailand","asia"]},{"id":"2885","channel":"Thai PBS 3","link":"http://thaipbs-live.cdn.byteark.com/live/playlist_720p/index.m3u8?checkedby:iptvcat.com","country":"thailand","liveliness":"100","status":"online","lastChecked":"2020-08-17T00:00:00Z","format":"hd","mbps":"3625","URI":["thailand"]},{"id":"2884","channel":"Thai PBS 3","link":"http://thaipbs-live.cdn.byteark.com/live/playlist_1080p/index.m3u8?checkedby:iptvcat.com","country":"thailand","liveliness":"99","status":"online","lastChecked":"2020-08-17T00:00:00Z","format":"fhd 2k","mbps":"7986","URI":["thailand"]},{"id":"133437","channel":"Thai PBS 3","link":"https://thaipbs-live.cdn.byteark.com/live/playlist_720p/index.m3u8?checkedby:iptvcat.com","country":"thailand","liveliness":"100","status":"online","lastChecked":"2020-08-18T00:00:00Z","format":"hd","mbps":"3625","URI":["thailand","asia"]},{"id":"2883","channel":"Thai PBS 3","link":"http://thaipbs-live.cdn.byteark.com/live/playlist.m3u8?checkedby:iptvcat.com","country":"thailand","liveliness":"100","status":"online","lastChecked":"2020-08-17T00:00:00Z","format":"sd","mbps":"322","URI":["thailand"]},{"id":"133436","channel":"Thai PBS 3","link":"https://thaipbs-live.cdn.byteark.com/live/playlist_1080p/index.m3u8?checkedby:iptvcat.com","country":"thailand","liveliness":"100","status":"online","lastChecked":"2020-08-18T00:00:00Z","format":"fhd 2k","mbps":"7986","URI":["thailand","asia"]},{"id":"133435","channel":"Thai PBS 3","link":"https://thaipbs-live.cdn.byteark.com/live/playlist.m3u8?checkedby:iptvcat.com","country":"thailand","liveliness":"100","status":"online","lastChecked":"2020-08-18T00:00:00Z","format":"sd","mbps":"322, ...","URI":["thailand","asia"]},{"id":"133438","channel":"Thai TV 3","link":"https://ch3-33.cdn.byteark.com/live/playlist_720p/index.m3u8?checkedby:iptvcat.com","country":"thailand","liveliness":"84","status":"online","lastChecked":"2020-08-17T00:00:00Z","format":"hd","mbps":"1531","URI":["thailand","asia"]},{"id":"14158","channel":"Thai TV 7","link":"https://bcovlive-a.akamaihd.net/44cc55c80fef46a8baa3a405433e63b8/ap-southeast-1/5282994675001/profile_4/chunklist.m3u8?checkedby:iptvcat.com","country":"thailand","liveliness":"100","status":"online","lastChecked":"2020-08-17T00:00:00Z","format":"sd","mbps":"2098","URI":["thailand"]},{"id":"2891","channel":"Thairath TV 32","link":"http://live.thairath.co.th/trtv2/playlist_720p/index.m3u8?checkedby:iptvcat.com","country":"thailand","liveliness":"98","status":"online","lastChecked":"2020-08-16T00:00:00Z","format":"hd","mbps":"3625","URI":["thailand"]},{"id":"133440","channel":"Thairath TV 32","link":"https://live.thairath.co.th/trtv2/playlist_720p/index.m3u8?checkedby:iptvcat.com","country":"thailand","liveliness":"96","status":"online","lastChecked":"2020-08-17T00:00:00Z","format":"hd","mbps":"3625","URI":["thailand","asia"]},{"id":"2890","channel":"Thairath TV 32","link":"http://live.thairath.co.th/trtv2/playlist.m3u8?checkedby:iptvcat.com","country":"thailand","liveliness":"80","status":"online","lastChecked":"2020-08-17T00:00:00Z","format":"hd","mbps":"3625, ...","URI":["thailand"]},{"id":"133439","channel":"Thairath TV 32","link":"https://live.thairath.co.th/trtv2/playlist.m3u8?checkedby:iptvcat.com","country":"thailand","liveliness":"84","status":"online","lastChecked":"2020-08-17T00:00:00Z","format":"hd","mbps":"3625, ...","URI":["thailand","asia"]},{"id":"2893","channel":"White Channel","link":"http://symc-cdn.violin.co.th:1935/tndedge/whitechannel/chunklist.m3u8?checkedby:iptvcat.com","country":"thailand","liveliness":"100","status":"online","lastChecked":"2020-08-17T00:00:00Z","format":"fhd 2k","mbps":"11126","URI":["thailand"]},{"id":"20937","channel":"Yateem TV (New!)","link":"https://vdo.plathong.net/wowza/muslimonair1/live/playlist.m3u8?checkedby:iptvcat.com","country":"thailand","liveliness":"92","status":"online","lastChecked":"2020-08-17T00:00:00Z","format":"sd","mbps":"3079","URI":["thailand","asia"]},{"id":"20937","channel":"Yateem TV (New!)","link":"https://vdo.plathong.net/wowza/muslimonair1/live/playlist.m3u8?checkedby:iptvcat.com","country":"thailand","liveliness":"92","status":"online","lastChecked":"2020-08-17T00:00:00Z","format":"sd","mbps":"3079","URI":["thailand","asia"]},{"id":"20936","channel":"Thai PBS (Opt-4)","link":"http://thaipbs-live.cdn.byteark.com/live/playlist_480p/index.m3u8?checkedby:iptvcat.com","country":"thailand","liveliness":"100","status":"online","lastChecked":"2020-08-17T00:00:00Z","format":"sd","mbps":"1688","URI":["thailand","asia"]},{"id":"133437","channel":"Thai PBS 3","link":"https://thaipbs-live.cdn.byteark.com/live/playlist_720p/index.m3u8?checkedby:iptvcat.com","country":"thailand","liveliness":"100","status":"online","lastChecked":"2020-08-18T00:00:00Z","format":"hd","mbps":"3625","URI":["thailand","asia"]},{"id":"133436","channel":"Thai PBS 3","link":"https://thaipbs-live.cdn.byteark.com/live/playlist_1080p/index.m3u8?checkedby:iptvcat.com","country":"thailand","liveliness":"100","status":"online","lastChecked":"2020-08-18T00:00:00Z","format":"fhd 2k","mbps":"7986","URI":["thailand","asia"]},{"id":"133435","channel":"Thai PBS 3","link":"https://thaipbs-live.cdn.byteark.com/live/playlist.m3u8?checkedby:iptvcat.com","country":"thailand","liveliness":"100","status":"online","lastChecked":"2020-08-18T00:00:00Z","format":"sd","mbps":"322, ...","URI":["thailand","asia"]},{"id":"133438","channel":"Thai TV 3","link":"https://ch3-33.cdn.byteark.com/live/playlist_720p/index.m3u8?checkedby:iptvcat.com","country":"thailand","liveliness":"84","status":"online","lastChecked":"2020-08-17T00:00:00Z","format":"hd","mbps":"1531","URI":["thailand","asia"]},{"id":"133440","channel":"Thairath TV 32","link":"https://live.thairath.co.th/trtv2/playlist_720p/index.m3u8?checkedby:iptvcat.com","country":"thailand","liveliness":"96","status":"online","lastChecked":"2020-08-17T00:00:00Z","format":"hd","mbps":"3625","URI":["thailand","asia"]},{"id":"133439","channel":"Thairath TV 32","link":"https://live.thairath.co.th/trtv2/playlist.m3u8?checkedby:iptvcat.com","country":"thailand","liveliness":"84","status":"online","lastChecked":"2020-08-17T00:00:00Z","format":"hd","mbps":"3625, ...","URI":["thailand","asia"]},{"id":"133433","channel":"News 1","link":"http://news1.live14.com/stream/news1.m3u8?checkedby:iptvcat.com","country":"thailand","liveliness":"96","status":"online","lastChecked":"2020-08-17T00:00:00Z","format":"sd","mbps":"326","URI":["thailand","asia"]},{"id":"133434","channel":"ONE HD","link":"https://one31-0ougnj.cdn.byteark.com/live/playlist.m3u8?checkedby:iptvcat.com","country":"thailand","liveliness":"99","status":"online","lastChecked":"2020-08-17T00:00:00Z","format":"hd","mbps":"5020, ...","URI":["thailand","asia"]},{"id":"11692","channel":"ASTV News 1, News 1","link":"http://news1.live14.com/stream/news1_hi.m3u8?checkedby:iptvcat.com","country":"thailand","liveliness":"95","status":"online","lastChecked":"2020-08-17T00:00:00Z","format":"fhd 2k","mbps":"7986","URI":["thailand"]},{"id":"2843","channel":"DDTV","link":"http://203.156.63.20:1935/live/ddtv/playlist.m3u8?checkedby:iptvcat.com","country":"thailand","liveliness":"93","status":"online","lastChecked":"2020-08-17T00:00:00Z","format":"sd","mbps":"570","URI":["thailand"]},{"id":"2863","channel":"MCOT 30","link":"http://183.182.100.184/live/mcothd/playlist.m3u8?checkedby:iptvcat.com","country":"thailand","liveliness":"93","status":"online","lastChecked":"2020-08-17T00:00:00Z","format":"sd","mbps":"1307","URI":["thailand"]},{"id":"2865","channel":"MONO 29","link":"http://183.182.100.184/live/mono29/chunklist.m3u8?checkedby:iptvcat.com","country":"thailand","liveliness":"95","status":"online","lastChecked":"2020-08-17T00:00:00Z","format":"sd","mbps":"1307","URI":["thailand"]},{"id":"2873","channel":"NBT Bangkok","link":"http://live.prd.go.th:1935/live/ch1_L.sdp/playlist.m3u8?checkedby:iptvcat.com","country":"thailand","liveliness":"98","status":"online","lastChecked":"2020-08-17T00:00:00Z","format":"hd","mbps":"3188","URI":["thailand"]},{"id":"2872","channel":"NBT Bangkok","link":"http://live.prd.go.th:1935/live/ch1_L.sdp/chunklist.m3u8?checkedby:iptvcat.com","country":"thailand","liveliness":"98","status":"online","lastChecked":"2020-08-17T00:00:00Z","format":"hd","mbps":"3188","URI":["thailand"]},{"id":"2874","channel":"NBT Central","link":"http://live.prd.go.th:1935/live/ch9_L.sdp/chunklist.m3u8?checkedby:iptvcat.com","country":"thailand","liveliness":"98","status":"online","lastChecked":"2020-08-17T00:00:00Z","format":"fhd 2k","mbps":"11126","URI":["thailand"]},{"id":"133433","channel":"News 1","link":"http://news1.live14.com/stream/news1.m3u8?checkedby:iptvcat.com","country":"thailand","liveliness":"96","status":"online","lastChecked":"2020-08-17T00:00:00Z","format":"sd","mbps":"326","URI":["thailand","asia"]},{"id":"133434","channel":"ONE HD","link":"https://one31-0ougnj.cdn.byteark.com/live/playlist.m3u8?checkedby:iptvcat.com","country":"thailand","liveliness":"99","status":"online","lastChecked":"2020-08-17T00:00:00Z","format":"hd","mbps":"5020, ...","URI":["thailand","asia"]},{"id":"14155","channel":"ONE HD","link":"http://one31-0ougnj.cdn.byteark.com/live/playlist.m3u8?checkedby:iptvcat.com","country":"thailand","liveliness":"99","status":"online","lastChecked":"2020-08-17T00:00:00Z","format":"hd","mbps":"5020, ...","URI":["thailand"]},{"id":"2876","channel":"PPTV","link":"http://183.182.100.184/live/pptvthai/playlist.m3u8?checkedby:iptvcat.com","country":"thailand","liveliness":"93","status":"online","lastChecked":"2020-08-17T00:00:00Z","format":"sd","mbps":"1307","URI":["thailand"]},{"id":"2877","channel":"Series","link":"http://203.154.243.31:8081/live/series/index.m3u8?checkedby:iptvcat.com","country":"thailand","liveliness":"95","status":"online","lastChecked":"2020-08-17T00:00:00Z","format":"hd","mbps":"6241","URI":["thailand"]},{"id":"2879","channel":"Suwannabhumi TV","link":"http://203.146.129.233:1935/live/mp4:suwan/chunklist.m3u8?checkedby:iptvcat.com","country":"thailand","liveliness":"98","status":"online","lastChecked":"2020-08-17T00:00:00Z","format":"sd","mbps":"426","URI":["thailand"]},{"id":"2880","channel":"TGN","link":"https://bozztv.com/36bay2/gin/giniko_tgntv_800kb_36bay2/tracks-v1a1/mono.m3u8?checkedby:iptvcat.com","country":"thailand","liveliness":"95","status":"online","lastChecked":"2020-08-17T00:00:00Z","format":"sd","mbps":"2334","URI":["thailand"]},{"id":"14162","channel":"TPTV","link":"http://49.231.66.85:1935/live/tptv/playlist.m3u8?checkedby:iptvcat.com","country":"thailand","liveliness":"99","status":"online","lastChecked":"2020-08-17T00:00:00Z","format":"sd","mbps":"617","URI":["thailand"]},{"id":"20936","channel":"Thai PBS (Opt-4)","link":"http://thaipbs-live.cdn.byteark.com/live/playlist_480p/index.m3u8?checkedby:iptvcat.com","country":"thailand","liveliness":"100","status":"online","lastChecked":"2020-08-17T00:00:00Z","format":"sd","mbps":"1688","URI":["thailand","asia"]},{"id":"2885","channel":"Thai PBS 3","link":"http://thaipbs-live.cdn.byteark.com/live/playlist_720p/index.m3u8?checkedby:iptvcat.com","country":"thailand","liveliness":"100","status":"online","lastChecked":"2020-08-17T00:00:00Z","format":"hd","mbps":"3625","URI":["thailand"]},{"id":"2884","channel":"Thai PBS 3","link":"http://thaipbs-live.cdn.byteark.com/live/playlist_1080p/index.m3u8?checkedby:iptvcat.com","country":"thailand","liveliness":"99","status":"online","lastChecked":"2020-08-17T00:00:00Z","format":"fhd 2k","mbps":"7986","URI":["thailand"]},{"id":"133437","channel":"Thai PBS 3","link":"https://thaipbs-live.cdn.byteark.com/live/playlist_720p/index.m3u8?checkedby:iptvcat.com","country":"thailand","liveliness":"100","status":"online","lastChecked":"2020-08-18T00:00:00Z","format":"hd","mbps":"3625","URI":["thailand","asia"]},{"id":"2883","channel":"Thai PBS 3","link":"http://thaipbs-live.cdn.byteark.com/live/playlist.m3u8?checkedby:iptvcat.com","country":"thailand","liveliness":"100","status":"online","lastChecked":"2020-08-17T00:00:00Z","format":"sd","mbps":"322","URI":["thailand"]},{"id":"133436","channel":"Thai PBS 3","link":"https://thaipbs-live.cdn.byteark.com/live/playlist_1080p/index.m3u8?checkedby:iptvcat.com","country":"thailand","liveliness":"100","status":"online","lastChecked":"2020-08-18T00:00:00Z","format":"fhd 2k","mbps":"7986","URI":["thailand","asia"]},{"id":"133435","channel":"Thai PBS 3","link":"https://thaipbs-live.cdn.byteark.com/live/playlist.m3u8?checkedby:iptvcat.com","country":"thailand","liveliness":"100","status":"online","lastChecked":"2020-08-18T00:00:00Z","format":"sd","mbps":"322, ...","URI":["thailand","asia"]},{"id":"133438","channel":"Thai TV 3","link":"https://ch3-33.cdn.byteark.com/live/playlist_720p/index.m3u8?checkedby:iptvcat.com","country":"thailand","liveliness":"84","status":"online","lastChecked":"2020-08-17T00:00:00Z","format":"hd","mbps":"1531","URI":["thailand","asia"]},{"id":"14158","channel":"Thai TV 7","link":"https://bcovlive-a.akamaihd.net/44cc55c80fef46a8baa3a405433e63b8/ap-southeast-1/5282994675001/profile_4/chunklist.m3u8?checkedby:iptvcat.com","country":"thailand","liveliness":"100","status":"online","lastChecked":"2020-08-17T00:00:00Z","format":"sd","mbps":"2098","URI":["thailand"]},{"id":"2891","channel":"Thairath TV 32","link":"http://live.thairath.co.th/trtv2/playlist_720p/index.m3u8?checkedby:iptvcat.com","country":"thailand","liveliness":"98","status":"online","lastChecked":"2020-08-16T00:00:00Z","format":"hd","mbps":"3625","URI":["thailand"]},{"id":"133440","channel":"Thairath TV 32","link":"https://live.thairath.co.th/trtv2/playlist_720p/index.m3u8?checkedby:iptvcat.com","country":"thailand","liveliness":"96","status":"online","lastChecked":"2020-08-17T00:00:00Z","format":"hd","mbps":"3625","URI":["thailand","asia"]},{"id":"2890","channel":"Thairath TV 32","link":"http://live.thairath.co.th/trtv2/playlist.m3u8?checkedby:iptvcat.com","country":"thailand","liveliness":"80","status":"online","lastChecked":"2020-08-17T00:00:00Z","format":"hd","mbps":"3625, ...","URI":["thailand"]},{"id":"133439","channel":"Thairath TV 32","link":"https://live.thairath.co.th/trtv2/playlist.m3u8?checkedby:iptvcat.com","country":"thailand","liveliness":"84","status":"online","lastChecked":"2020-08-17T00:00:00Z","format":"hd","mbps":"3625, ...","URI":["thailand","asia"]},{"id":"2893","channel":"White Channel","link":"http://symc-cdn.violin.co.th:1935/tndedge/whitechannel/chunklist.m3u8?checkedby:iptvcat.com","country":"thailand","liveliness":"100","status":"online","lastChecked":"2020-08-17T00:00:00Z","format":"fhd 2k","mbps":"11126","URI":["thailand"]},{"id":"20937","channel":"Yateem TV (New!)","link":"https://vdo.plathong.net/wowza/muslimonair1/live/playlist.m3u8?checkedby:iptvcat.com","country":"thailand","liveliness":"92","status":"online","lastChecked":"2020-08-17T00:00:00Z","format":"sd","mbps":"3079","URI":["thailand","asia"]},{"id":"11692","channel":"ASTV News 1, News 1","link":"http://news1.live14.com/stream/news1_hi.m3u8?checkedby:iptvcat.com","country":"thailand","liveliness":"95","status":"online","lastChecked":"2020-08-17T00:00:00Z","format":"fhd 2k","mbps":"7986","URI":["thailand"]},{"id":"2843","channel":"DDTV","link":"http://203.156.63.20:1935/live/ddtv/playlist.m3u8?checkedby:iptvcat.com","country":"thailand","liveliness":"93","status":"online","lastChecked":"2020-08-17T00:00:00Z","format":"sd","mbps":"570","URI":["thailand"]},{"id":"2863","channel":"MCOT 30","link":"http://183.182.100.184/live/mcothd/playlist.m3u8?checkedby:iptvcat.com","country":"thailand","liveliness":"93","status":"online","lastChecked":"2020-08-17T00:00:00Z","format":"sd","mbps":"1307","URI":["thailand"]},{"id":"2865","channel":"MONO 29","link":"http://183.182.100.184/live/mono29/chunklist.m3u8?checkedby:iptvcat.com","country":"thailand","liveliness":"95","status":"online","lastChecked":"2020-08-17T00:00:00Z","format":"sd","mbps":"1307","URI":["thailand"]},{"id":"2873","channel":"NBT Bangkok","link":"http://live.prd.go.th:1935/live/ch1_L.sdp/playlist.m3u8?checkedby:iptvcat.com","country":"thailand","liveliness":"98","status":"online","lastChecked":"2020-08-17T00:00:00Z","format":"hd","mbps":"3188","URI":["thailand"]},{"id":"2872","channel":"NBT Bangkok","link":"http://live.prd.go.th:1935/live/ch1_L.sdp/chunklist.m3u8?checkedby:iptvcat.com","country":"thailand","liveliness":"98","status":"online","lastChecked":"2020-08-17T00:00:00Z","format":"hd","mbps":"3188","URI":["thailand"]},{"id":"2874","channel":"NBT Central","link":"http://live.prd.go.th:1935/live/ch9_L.sdp/chunklist.m3u8?checkedby:iptvcat.com","country":"thailand","liveliness":"98","status":"online","lastChecked":"2020-08-17T00:00:00Z","format":"fhd 2k","mbps":"11126","URI":["thailand"]},{"id":"133433","channel":"News 1","link":"http://news1.live14.com/stream/news1.m3u8?checkedby:iptvcat.com","country":"thailand","liveliness":"96","status":"online","lastChecked":"2020-08-17T00:00:00Z","format":"sd","mbps":"326","URI":["thailand","asia"]},{"id":"14155","channel":"ONE HD","link":"http://one31-0ougnj.cdn.byteark.com/live/playlist.m3u8?checkedby:iptvcat.com","country":"thailand","liveliness":"99","status":"online","lastChecked":"2020-08-17T00:00:00Z","format":"hd","mbps":"5020, ...","URI":["thailand"]},{"id":"133434","channel":"ONE HD","link":"https://one31-0ougnj.cdn.byteark.com/live/playlist.m3u8?checkedby:iptvcat.com","country":"thailand","liveliness":"99","status":"online","lastChecked":"2020-08-17T00:00:00Z","format":"hd","mbps":"5020, ...","URI":["thailand","asia"]},{"id":"2876","channel":"PPTV","link":"http://183.182.100.184/live/pptvthai/playlist.m3u8?checkedby:iptvcat.com","country":"thailand","liveliness":"93","status":"online","lastChecked":"2020-08-17T00:00:00Z","format":"sd","mbps":"1307","URI":["thailand"]},{"id":"2877","channel":"Series","link":"http://203.154.243.31:8081/live/series/index.m3u8?checkedby:iptvcat.com","country":"thailand","liveliness":"95","status":"online","lastChecked":"2020-08-17T00:00:00Z","format":"hd","mbps":"6241","URI":["thailand"]},{"id":"2879","channel":"Suwannabhumi TV","link":"http://203.146.129.233:1935/live/mp4:suwan/chunklist.m3u8?checkedby:iptvcat.com","country":"thailand","liveliness":"98","status":"online","lastChecked":"2020-08-17T00:00:00Z","format":"sd","mbps":"426","URI":["thailand"]},{"id":"2880","channel":"TGN","link":"https://bozztv.com/36bay2/gin/giniko_tgntv_800kb_36bay2/tracks-v1a1/mono.m3u8?checkedby:iptvcat.com","country":"thailand","liveliness":"95","status":"online","lastChecked":"2020-08-17T00:00:00Z","format":"sd","mbps":"2334","URI":["thailand"]},{"id":"14162","channel":"TPTV","link":"http://49.231.66.85:1935/live/tptv/playlist.m3u8?checkedby:iptvcat.com","country":"thailand","liveliness":"99","status":"online","lastChecked":"2020-08-17T00:00:00Z","format":"sd","mbps":"617","URI":["thailand"]},{"id":"20936","channel":"Thai PBS (Opt-4)","link":"http://thaipbs-live.cdn.byteark.com/live/playlist_480p/index.m3u8?checkedby:iptvcat.com","country":"thailand","liveliness":"100","status":"online","lastChecked":"2020-08-17T00:00:00Z","format":"sd","mbps":"1688","URI":["thailand","asia"]},{"id":"2885","channel":"Thai PBS 3","link":"http://thaipbs-live.cdn.byteark.com/live/playlist_720p/index.m3u8?checkedby:iptvcat.com","country":"thailand","liveliness":"100","status":"online","lastChecked":"2020-08-17T00:00:00Z","format":"hd","mbps":"3625","URI":["thailand"]},{"id":"2884","channel":"Thai PBS 3","link":"http://thaipbs-live.cdn.byteark.com/live/playlist_1080p/index.m3u8?checkedby:iptvcat.com","country":"thailand","liveliness":"99","status":"online","lastChecked":"2020-08-17T00:00:00Z","format":"fhd 2k","mbps":"7986","URI":["thailand"]},{"id":"133437","channel":"Thai PBS 3","link":"https://thaipbs-live.cdn.byteark.com/live/playlist_720p/index.m3u8?checkedby:iptvcat.com","country":"thailand","liveliness":"100","status":"online","lastChecked":"2020-08-18T00:00:00Z","format":"hd","mbps":"3625","URI":["thailand","asia"]},{"id":"2883","channel":"Thai PBS 3","link":"http://thaipbs-live.cdn.byteark.com/live/playlist.m3u8?checkedby:iptvcat.com","country":"thailand","liveliness":"100","status":"online","lastChecked":"2020-08-17T00:00:00Z","format":"sd","mbps":"322","URI":["thailand"]},{"id":"133436","channel":"Thai PBS 3","link":"https://thaipbs-live.cdn.byteark.com/live/playlist_1080p/index.m3u8?checkedby:iptvcat.com","country":"thailand","liveliness":"100","status":"online","lastChecked":"2020-08-18T00:00:00Z","format":"fhd 2k","mbps":"7986","URI":["thailand","asia"]},{"id":"133435","channel":"Thai PBS 3","link":"https://thaipbs-live.cdn.byteark.com/live/playlist.m3u8?checkedby:iptvcat.com","country":"thailand","liveliness":"100","status":"online","lastChecked":"2020-08-18T00:00:00Z","format":"sd","mbps":"322, ...","URI":["thailand","asia"]},{"id":"133438","channel":"Thai TV 3","link":"https://ch3-33.cdn.byteark.com/live/playlist_720p/index.m3u8?checkedby:iptvcat.com","country":"thailand","liveliness":"84","status":"online","lastChecked":"2020-08-17T00:00:00Z","format":"hd","mbps":"1531","URI":["thailand","asia"]},{"id":"14158","channel":"Thai TV 7","link":"https://bcovlive-a.akamaihd.net/44cc55c80fef46a8baa3a405433e63b8/ap-southeast-1/5282994675001/profile_4/chunklist.m3u8?checkedby:iptvcat.com","country":"thailand","liveliness":"100","status":"online","lastChecked":"2020-08-17T00:00:00Z","format":"sd","mbps":"2098","URI":["thailand"]},{"id":"2891","channel":"Thairath TV 32","link":"http://live.thairath.co.th/trtv2/playlist_720p/index.m3u8?checkedby:iptvcat.com","country":"thailand","liveliness":"98","status":"online","lastChecked":"2020-08-16T00:00:00Z","format":"hd","mbps":"3625","URI":["thailand"]},{"id":"133440","channel":"Thairath TV 32","link":"https://live.thairath.co.th/trtv2/playlist_720p/index.m3u8?checkedby:iptvcat.com","country":"thailand","liveliness":"96","status":"online","lastChecked":"2020-08-17T00:00:00Z","format":"hd","mbps":"3625","URI":["thailand","asia"]},{"id":"2890","channel":"Thairath TV 32","link":"http://live.thairath.co.th/trtv2/playlist.m3u8?checkedby:iptvcat.com","country":"thailand","liveliness":"80","status":"online","lastChecked":"2020-08-17T00:00:00Z","format":"hd","mbps":"3625, ...","URI":["thailand"]},{"id":"133439","channel":"Thairath TV 32","link":"https://live.thairath.co.th/trtv2/playlist.m3u8?checkedby:iptvcat.com","country":"thailand","liveliness":"84","status":"online","lastChecked":"2020-08-17T00:00:00Z","format":"hd","mbps":"3625, ...","URI":["thailand","asia"]},{"id":"2893","channel":"White Channel","link":"http://symc-cdn.violin.co.th:1935/tndedge/whitechannel/chunklist.m3u8?checkedby:iptvcat.com","country":"thailand","liveliness":"100","status":"online","lastChecked":"2020-08-17T00:00:00Z","format":"fhd 2k","mbps":"11126","URI":["thailand"]},{"id":"20937","channel":"Yateem TV (New!)","link":"https://vdo.plathong.net/wowza/muslimonair1/live/playlist.m3u8?checkedby:iptvcat.com","country":"thailand","liveliness":"92","status":"online","lastChecked":"2020-08-17T00:00:00Z","format":"sd","mbps":"3079","URI":["thailand","asia"]},{"id":"11692","channel":"ASTV News 1, News 1","link":"http://news1.live14.com/stream/news1_hi.m3u8?checkedby:iptvcat.com","country":"thailand","liveliness":"95","status":"online","lastChecked":"2020-08-17T00:00:00Z","format":"fhd 2k","mbps":"7986","URI":["thailand"]},{"id":"2843","channel":"DDTV","link":"http://203.156.63.20:1935/live/ddtv/playlist.m3u8?checkedby:iptvcat.com","country":"thailand","liveliness":"93","status":"online","lastChecked":"2020-08-17T00:00:00Z","format":"sd","mbps":"570","URI":["thailand"]},{"id":"2863","channel":"MCOT 30","link":"http://183.182.100.184/live/mcothd/playlist.m3u8?checkedby:iptvcat.com","country":"thailand","liveliness":"93","status":"online","lastChecked":"2020-08-17T00:00:00Z","format":"sd","mbps":"1307","URI":["thailand"]},{"id":"2865","channel":"MONO 29","link":"http://183.182.100.184/live/mono29/chunklist.m3u8?checkedby:iptvcat.com","country":"thailand","liveliness":"95","status":"online","lastChecked":"2020-08-17T00:00:00Z","format":"sd","mbps":"1307","URI":["thailand"]},{"id":"2872","channel":"NBT Bangkok","link":"http://live.prd.go.th:1935/live/ch1_L.sdp/chunklist.m3u8?checkedby:iptvcat.com","country":"thailand","liveliness":"98","status":"online","lastChecked":"2020-08-17T00:00:00Z","format":"hd","mbps":"3188","URI":["thailand"]},{"id":"2873","channel":"NBT Bangkok","link":"http://live.prd.go.th:1935/live/ch1_L.sdp/playlist.m3u8?checkedby:iptvcat.com","country":"thailand","liveliness":"98","status":"online","lastChecked":"2020-08-17T00:00:00Z","format":"hd","mbps":"3188","URI":["thailand"]},{"id":"2874","channel":"NBT Central","link":"http://live.prd.go.th:1935/live/ch9_L.sdp/chunklist.m3u8?checkedby:iptvcat.com","country":"thailand","liveliness":"98","status":"online","lastChecked":"2020-08-17T00:00:00Z","format":"fhd 2k","mbps":"11126","URI":["thailand"]},{"id":"133433","channel":"News 1","link":"http://news1.live14.com/stream/news1.m3u8?checkedby:iptvcat.com","country":"thailand","liveliness":"96","status":"online","lastChecked":"2020-08-17T00:00:00Z","format":"sd","mbps":"326","URI":["thailand","asia"]},{"id":"14155","channel":"ONE HD","link":"http://one31-0ougnj.cdn.byteark.com/live/playlist.m3u8?checkedby:iptvcat.com","country":"thailand","liveliness":"99","status":"online","lastChecked":"2020-08-17T00:00:00Z","format":"hd","mbps":"5020, ...","URI":["thailand"]},{"id":"133434","channel":"ONE HD","link":"https://one31-0ougnj.cdn.byteark.com/live/playlist.m3u8?checkedby:iptvcat.com","country":"thailand","liveliness":"99","status":"online","lastChecked":"2020-08-17T00:00:00Z","format":"hd","mbps":"5020, ...","URI":["thailand","asia"]},{"id":"2876","channel":"PPTV","link":"http://183.182.100.184/live/pptvthai/playlist.m3u8?checkedby:iptvcat.com","country":"thailand","liveliness":"93","status":"online","lastChecked":"2020-08-17T00:00:00Z","format":"sd","mbps":"1307","URI":["thailand"]},{"id":"2877","channel":"Series","link":"http://203.154.243.31:8081/live/series/index.m3u8?checkedby:iptvcat.com","country":"thailand","liveliness":"95","status":"online","lastChecked":"2020-08-17T00:00:00Z","format":"hd","mbps":"6241","URI":["thailand"]},{"id":"2879","channel":"Suwannabhumi TV","link":"http://203.146.129.233:1935/live/mp4:suwan/chunklist.m3u8?checkedby:iptvcat.com","country":"thailand","liveliness":"98","status":"online","lastChecked":"2020-08-17T00:00:00Z","format":"sd","mbps":"426","URI":["thailand"]},{"id":"2880","channel":"TGN","link":"https://bozztv.com/36bay2/gin/giniko_tgntv_800kb_36bay2/tracks-v1a1/mono.m3u8?checkedby:iptvcat.com","country":"thailand","liveliness":"95","status":"online","lastChecked":"2020-08-17T00:00:00Z","format":"sd","mbps":"2334","URI":["thailand"]},{"id":"14162","channel":"TPTV","link":"http://49.231.66.85:1935/live/tptv/playlist.m3u8?checkedby:iptvcat.com","country":"thailand","liveliness":"99","status":"online","lastChecked":"2020-08-17T00:00:00Z","format":"sd","mbps":"617","URI":["thailand"]},{"id":"20936","channel":"Thai PBS (Opt-4)","link":"http://thaipbs-live.cdn.byteark.com/live/playlist_480p/index.m3u8?checkedby:iptvcat.com","country":"thailand","liveliness":"100","status":"online","lastChecked":"2020-08-17T00:00:00Z","format":"sd","mbps":"1688","URI":["thailand","asia"]},{"id":"2885","channel":"Thai PBS 3","link":"http://thaipbs-live.cdn.byteark.com/live/playlist_720p/index.m3u8?checkedby:iptvcat.com","country":"thailand","liveliness":"100","status":"online","lastChecked":"2020-08-17T00:00:00Z","format":"hd","mbps":"3625","URI":["thailand"]},{"id":"2884","channel":"Thai PBS 3","link":"http://thaipbs-live.cdn.byteark.com/live/playlist_1080p/index.m3u8?checkedby:iptvcat.com","country":"thailand","liveliness":"99","status":"online","lastChecked":"2020-08-17T00:00:00Z","format":"fhd 2k","mbps":"7986","URI":["thailand"]},{"id":"133437","channel":"Thai PBS 3","link":"https://thaipbs-live.cdn.byteark.com/live/playlist_720p/index.m3u8?checkedby:iptvcat.com","country":"thailand","liveliness":"100","status":"online","lastChecked":"2020-08-18T00:00:00Z","format":"hd","mbps":"3625","URI":["thailand","asia"]},{"id":"2883","channel":"Thai PBS 3","link":"http://thaipbs-live.cdn.byteark.com/live/playlist.m3u8?checkedby:iptvcat.com","country":"thailand","liveliness":"100","status":"online","lastChecked":"2020-08-17T00:00:00Z","format":"sd","mbps":"322","URI":["thailand"]},{"id":"133436","channel":"Thai PBS 3","link":"https://thaipbs-live.cdn.byteark.com/live/playlist_1080p/index.m3u8?checkedby:iptvcat.com","country":"thailand","liveliness":"100","status":"online","lastChecked":"2020-08-18T00:00:00Z","format":"fhd 2k","mbps":"7986","URI":["thailand","asia"]},{"id":"133435","channel":"Thai PBS 3","link":"https://thaipbs-live.cdn.byteark.com/live/playlist.m3u8?checkedby:iptvcat.com","country":"thailand","liveliness":"100","status":"online","lastChecked":"2020-08-18T00:00:00Z","format":"sd","mbps":"322, ...","URI":["thailand","asia"]},{"id":"133438","channel":"Thai TV 3","link":"https://ch3-33.cdn.byteark.com/live/playlist_720p/index.m3u8?checkedby:iptvcat.com","country":"thailand","liveliness":"84","status":"online","lastChecked":"2020-08-17T00:00:00Z","format":"hd","mbps":"1531","URI":["thailand","asia"]},{"id":"14158","channel":"Thai TV 7","link":"https://bcovlive-a.akamaihd.net/44cc55c80fef46a8baa3a405433e63b8/ap-southeast-1/5282994675001/profile_4/chunklist.m3u8?checkedby:iptvcat.com","country":"thailand","liveliness":"100","status":"online","lastChecked":"2020-08-17T00:00:00Z","format":"sd","mbps":"2098","URI":["thailand"]},{"id":"2891","channel":"Thairath TV 32","link":"http://live.thairath.co.th/trtv2/playlist_720p/index.m3u8?checkedby:iptvcat.com","country":"thailand","liveliness":"98","status":"online","lastChecked":"2020-08-16T00:00:00Z","format":"hd","mbps":"3625","URI":["thailand"]},{"id":"133440","channel":"Thairath TV 32","link":"https://live.thairath.co.th/trtv2/playlist_720p/index.m3u8?checkedby:iptvcat.com","country":"thailand","liveliness":"96","status":"online","lastChecked":"2020-08-17T00:00:00Z","format":"hd","mbps":"3625","URI":["thailand","asia"]},{"id":"2890","channel":"Thairath TV 32","link":"http://live.thairath.co.th/trtv2/playlist.m3u8?checkedby:iptvcat.com","country":"thailand","liveliness":"80","status":"online","lastChecked":"2020-08-17T00:00:00Z","format":"hd","mbps":"3625, ...","URI":["thailand"]},{"id":"133439","channel":"Thairath TV 32","link":"https://live.thairath.co.th/trtv2/playlist.m3u8?checkedby:iptvcat.com","country":"thailand","liveliness":"84","status":"online","lastChecked":"2020-08-17T00:00:00Z","format":"hd","mbps":"3625, ...","URI":["thailand","asia"]},{"id":"2893","channel":"White Channel","link":"http://symc-cdn.violin.co.th:1935/tndedge/whitechannel/chunklist.m3u8?checkedby:iptvcat.com","country":"thailand","liveliness":"100","status":"online","lastChecked":"2020-08-17T00:00:00Z","format":"fhd 2k","mbps":"11126","URI":["thailand"]},{"id":"20937","channel":"Yateem TV (New!)","link":"https://vdo.plathong.net/wowza/muslimonair1/live/playlist.m3u8?checkedby:iptvcat.com","country":"thailand","liveliness":"92","status":"online","lastChecked":"2020-08-17T00:00:00Z","format":"sd","mbps":"3079","URI":["thailand","asia"]},{"id":"11692","channel":"ASTV News 1, News 1","link":"http://news1.live14.com/stream/news1_hi.m3u8?checkedby:iptvcat.com","country":"thailand","liveliness":"95","status":"online","lastChecked":"2020-08-17T00:00:00Z","format":"fhd 2k","mbps":"7986","URI":["thailand"]},{"id":"2843","channel":"DDTV","link":"http://203.156.63.20:1935/live/ddtv/playlist.m3u8?checkedby:iptvcat.com","country":"thailand","liveliness":"93","status":"online","lastChecked":"2020-08-17T00:00:00Z","format":"sd","mbps":"570","URI":["thailand"]},{"id":"2863","channel":"MCOT 30","link":"http://183.182.100.184/live/mcothd/playlist.m3u8?checkedby:iptvcat.com","country":"thailand","liveliness":"93","status":"online","lastChecked":"2020-08-17T00:00:00Z","format":"sd","mbps":"1307","URI":["thailand"]},{"id":"2865","channel":"MONO 29","link":"http://183.182.100.184/live/mono29/chunklist.m3u8?checkedby:iptvcat.com","country":"thailand","liveliness":"95","status":"online","lastChecked":"2020-08-17T00:00:00Z","format":"sd","mbps":"1307","URI":["thailand"]},{"id":"2873","channel":"NBT Bangkok","link":"http://live.prd.go.th:1935/live/ch1_L.sdp/playlist.m3u8?checkedby:iptvcat.com","country":"thailand","liveliness":"98","status":"online","lastChecked":"2020-08-17T00:00:00Z","format":"hd","mbps":"3188","URI":["thailand"]},{"id":"2872","channel":"NBT Bangkok","link":"http://live.prd.go.th:1935/live/ch1_L.sdp/chunklist.m3u8?checkedby:iptvcat.com","country":"thailand","liveliness":"98","status":"online","lastChecked":"2020-08-17T00:00:00Z","format":"hd","mbps":"3188","URI":["thailand"]},{"id":"2874","channel":"NBT Central","link":"http://live.prd.go.th:1935/live/ch9_L.sdp/chunklist.m3u8?checkedby:iptvcat.com","country":"thailand","liveliness":"98","status":"online","lastChecked":"2020-08-17T00:00:00Z","format":"fhd 2k","mbps":"11126","URI":["thailand"]},{"id":"133433","channel":"News 1","link":"http://news1.live14.com/stream/news1.m3u8?checkedby:iptvcat.com","country":"thailand","liveliness":"96","status":"online","lastChecked":"2020-08-17T00:00:00Z","format":"sd","mbps":"326","URI":["thailand","asia"]},{"id":"14155","channel":"ONE HD","link":"http://one31-0ougnj.cdn.byteark.com/live/playlist.m3u8?checkedby:iptvcat.com","country":"thailand","liveliness":"99","status":"online","lastChecked":"2020-08-17T00:00:00Z","format":"hd","mbps":"5020, ...","URI":["thailand"]},{"id":"133434","channel":"ONE HD","link":"https://one31-0ougnj.cdn.byteark.com/live/playlist.m3u8?checkedby:iptvcat.com","country":"thailand","liveliness":"99","status":"online","lastChecked":"2020-08-17T00:00:00Z","format":"hd","mbps":"5020, ...","URI":["thailand","asia"]},{"id":"2876","channel":"PPTV","link":"http://183.182.100.184/live/pptvthai/playlist.m3u8?checkedby:iptvcat.com","country":"thailand","liveliness":"93","status":"online","lastChecked":"2020-08-17T00:00:00Z","format":"sd","mbps":"1307","URI":["thailand"]},{"id":"2877","channel":"Series","link":"http://203.154.243.31:8081/live/series/index.m3u8?checkedby:iptvcat.com","country":"thailand","liveliness":"95","status":"online","lastChecked":"2020-08-17T00:00:00Z","format":"hd","mbps":"6241","URI":["thailand"]},{"id":"2879","channel":"Suwannabhumi TV","link":"http://203.146.129.233:1935/live/mp4:suwan/chunklist.m3u8?checkedby:iptvcat.com","country":"thailand","liveliness":"98","status":"online","lastChecked":"2020-08-17T00:00:00Z","format":"sd","mbps":"426","URI":["thailand"]},{"id":"2880","channel":"TGN","link":"https://bozztv.com/36bay2/gin/giniko_tgntv_800kb_36bay2/tracks-v1a1/mono.m3u8?checkedby:iptvcat.com","country":"thailand","liveliness":"95","status":"online","lastChecked":"2020-08-17T00:00:00Z","format":"sd","mbps":"2334","URI":["thailand"]},{"id":"14162","channel":"TPTV","link":"http://49.231.66.85:1935/live/tptv/playlist.m3u8?checkedby:iptvcat.com","country":"thailand","liveliness":"99","status":"online","lastChecked":"2020-08-17T00:00:00Z","format":"sd","mbps":"617","URI":["thailand"]},{"id":"20936","channel":"Thai PBS (Opt-4)","link":"http://thaipbs-live.cdn.byteark.com/live/playlist_480p/index.m3u8?checkedby:iptvcat.com","country":"thailand","liveliness":"100","status":"online","lastChecked":"2020-08-17T00:00:00Z","format":"sd","mbps":"1688","URI":["thailand","asia"]},{"id":"2885","channel":"Thai PBS 3","link":"http://thaipbs-live.cdn.byteark.com/live/playlist_720p/index.m3u8?checkedby:iptvcat.com","country":"thailand","liveliness":"100","status":"online","lastChecked":"2020-08-17T00:00:00Z","format":"hd","mbps":"3625","URI":["thailand"]},{"id":"2884","channel":"Thai PBS 3","link":"http://thaipbs-live.cdn.byteark.com/live/playlist_1080p/index.m3u8?checkedby:iptvcat.com","country":"thailand","liveliness":"99","status":"online","lastChecked":"2020-08-17T00:00:00Z","format":"fhd 2k","mbps":"7986","URI":["thailand"]},{"id":"133437","channel":"Thai PBS 3","link":"https://thaipbs-live.cdn.byteark.com/live/playlist_720p/index.m3u8?checkedby:iptvcat.com","country":"thailand","liveliness":"100","status":"online","lastChecked":"2020-08-18T00:00:00Z","format":"hd","mbps":"3625","URI":["thailand","asia"]},{"id":"2883","channel":"Thai PBS 3","link":"http://thaipbs-live.cdn.byteark.com/live/playlist.m3u8?checkedby:iptvcat.com","country":"thailand","liveliness":"100","status":"online","lastChecked":"2020-08-17T00:00:00Z","format":"sd","mbps":"322","URI":["thailand"]},{"id":"133436","channel":"Thai PBS 3","link":"https://thaipbs-live.cdn.byteark.com/live/playlist_1080p/index.m3u8?checkedby:iptvcat.com","country":"thailand","liveliness":"100","status":"online","lastChecked":"2020-08-18T00:00:00Z","format":"fhd 2k","mbps":"7986","URI":["thailand","asia"]},{"id":"133435","channel":"Thai PBS 3","link":"https://thaipbs-live.cdn.byteark.com/live/playlist.m3u8?checkedby:iptvcat.com","country":"thailand","liveliness":"100","status":"online","lastChecked":"2020-08-18T00:00:00Z","format":"sd","mbps":"322, ...","URI":["thailand","asia"]},{"id":"133438","channel":"Thai TV 3","link":"https://ch3-33.cdn.byteark.com/live/playlist_720p/index.m3u8?checkedby:iptvcat.com","country":"thailand","liveliness":"84","status":"online","lastChecked":"2020-08-17T00:00:00Z","format":"hd","mbps":"1531","URI":["thailand","asia"]},{"id":"14158","channel":"Thai TV 7","link":"https://bcovlive-a.akamaihd.net/44cc55c80fef46a8baa3a405433e63b8/ap-southeast-1/5282994675001/profile_4/chunklist.m3u8?checkedby:iptvcat.com","country":"thailand","liveliness":"100","status":"online","lastChecked":"2020-08-17T00:00:00Z","format":"sd","mbps":"2098","URI":["thailand"]},{"id":"2891","channel":"Thairath TV 32","link":"http://live.thairath.co.th/trtv2/playlist_720p/index.m3u8?checkedby:iptvcat.com","country":"thailand","liveliness":"98","status":"online","lastChecked":"2020-08-16T00:00:00Z","format":"hd","mbps":"3625","URI":["thailand"]},{"id":"133440","channel":"Thairath TV 32","link":"https://live.thairath.co.th/trtv2/playlist_720p/index.m3u8?checkedby:iptvcat.com","country":"thailand","liveliness":"96","status":"online","lastChecked":"2020-08-17T00:00:00Z","format":"hd","mbps":"3625","URI":["thailand","asia"]},{"id":"2890","channel":"Thairath TV 32","link":"http://live.thairath.co.th/trtv2/playlist.m3u8?checkedby:iptvcat.com","country":"thailand","liveliness":"80","status":"online","lastChecked":"2020-08-17T00:00:00Z","format":"hd","mbps":"3625, ...","URI":["thailand"]},{"id":"133439","channel":"Thairath TV 32","link":"https://live.thairath.co.th/trtv2/playlist.m3u8?checkedby:iptvcat.com","country":"thailand","liveliness":"84","status":"online","lastChecked":"2020-08-17T00:00:00Z","format":"hd","mbps":"3625, ...","URI":["thailand","asia"]},{"id":"2893","channel":"White Channel","link":"http://symc-cdn.violin.co.th:1935/tndedge/whitechannel/chunklist.m3u8?checkedby:iptvcat.com","country":"thailand","liveliness":"100","status":"online","lastChecked":"2020-08-17T00:00:00Z","format":"fhd 2k","mbps":"11126","URI":["thailand"]},{"id":"20937","channel":"Yateem TV (New!)","link":"https://vdo.plathong.net/wowza/muslimonair1/live/playlist.m3u8?checkedby:iptvcat.com","country":"thailand","liveliness":"92","status":"online","lastChecked":"2020-08-17T00:00:00Z","format":"sd","mbps":"3079","URI":["thailand","asia"]}]