[{"id":"2898","channel":"The Islamic Network","link":"http://162.244.81.145:2215/live/livestream/playlist.m3u8?checkedby:iptvcat.com","country":"trinidad and tobago","liveliness":"99","status":"online","lastChecked":"2020-08-17T00:00:00Z","format":"sd","mbps":"1983","URI":["trinidad and tobago","trinidad_and_tobago"]},{"id":"2898","channel":"The Islamic Network","link":"http://162.244.81.145:2215/live/livestream/playlist.m3u8?checkedby:iptvcat.com","country":"trinidad and tobago","liveliness":"99","status":"online","lastChecked":"2020-08-17T00:00:00Z","format":"sd","mbps":"1983","URI":["trinidad and tobago","trinidad_and_tobago"]},{"id":"2898","channel":"The Islamic Network","link":"http://162.244.81.145:2215/live/livestream/playlist.m3u8?checkedby:iptvcat.com","country":"trinidad and tobago","liveliness":"99","status":"online","lastChecked":"2020-08-17T00:00:00Z","format":"sd","mbps":"1983","URI":["trinidad and tobago","trinidad_and_tobago"]}]