[{"id":"133441","channel":"Tunisie Immobilier TV","link":"http://serv30.vintera.tv:8081/africa/tunisieimmob/playlist.m3u8?checkedby:iptvcat.com","country":"tunisia","liveliness":"100","status":"online","lastChecked":"2020-08-18T00:00:00Z","format":"hd","mbps":"3799","URI":["africa","tunisia","arab_countries","arab countries"]},{"id":"133441","channel":"Tunisie Immobilier TV","link":"http://serv30.vintera.tv:8081/africa/tunisieimmob/playlist.m3u8?checkedby:iptvcat.com","country":"tunisia","liveliness":"100","status":"online","lastChecked":"2020-08-18T00:00:00Z","format":"hd","mbps":"3799","URI":["africa","tunisia","arab_countries","arab countries"]},{"id":"53807","channel":"Hannibal TV","link":"http://178.132.3.162:88/hannibal/video.m3u8?token=test\u0026checkedby:iptvcat.com","country":"tunisia","liveliness":"99","status":"online","lastChecked":"2020-08-17T00:00:00Z","format":"sd","mbps":"2334","URI":["tunisia"]},{"id":"133441","channel":"Tunisie Immobilier TV","link":"http://serv30.vintera.tv:8081/africa/tunisieimmob/playlist.m3u8?checkedby:iptvcat.com","country":"tunisia","liveliness":"100","status":"online","lastChecked":"2020-08-18T00:00:00Z","format":"hd","mbps":"3799","URI":["africa","tunisia","arab_countries","arab countries"]},{"id":"133441","channel":"Tunisie Immobilier TV","link":"http://serv30.vintera.tv:8081/africa/tunisieimmob/playlist.m3u8?checkedby:iptvcat.com","country":"tunisia","liveliness":"100","status":"online","lastChecked":"2020-08-18T00:00:00Z","format":"hd","mbps":"3799","URI":["africa","tunisia","arab_countries","arab countries"]},{"id":"133441","channel":"Tunisie Immobilier TV","link":"http://serv30.vintera.tv:8081/africa/tunisieimmob/playlist.m3u8?checkedby:iptvcat.com","country":"tunisia","liveliness":"100","status":"online","lastChecked":"2020-08-18T00:00:00Z","format":"hd","mbps":"3799","URI":["africa","tunisia","arab_countries","arab countries"]}]