[{"id":"2978","channel":"Altyn Asyr TV","link":"https://alpha.tv.online.tm/legacyhls/ch001_720/index.m3u8?checkedby:iptvcat.com","country":"turkmenistan","liveliness":"99","status":"online","lastChecked":"2020-08-17T00:00:00Z","format":"sd","mbps":"1685","URI":["turkmenistan"]},{"id":"2979","channel":"Asgabat TV","link":"https://alpha.tv.online.tm/legacyhls/ch006_720/index.m3u8?checkedby:iptvcat.com","country":"turkmenistan","liveliness":"99","status":"online","lastChecked":"2020-08-17T00:00:00Z","format":"sd","mbps":"1685","URI":["turkmenistan"]},{"id":"2980","channel":"Miras","link":"https://alpha.tv.online.tm/legacyhls/ch003_720/index.m3u8?checkedby:iptvcat.com","country":"turkmenistan","liveliness":"99","status":"online","lastChecked":"2020-08-17T00:00:00Z","format":"sd","mbps":"1685","URI":["turkmenistan"]},{"id":"56037","channel":"TM | Türkmenistan TV, Türkmenistan TV","link":"https://alpha.tv.online.tm/legacyhls/ch007_720/index.m3u8?checkedby:iptvcat.com","country":"turkmenistan","liveliness":"99","status":"online","lastChecked":"2020-08-17T00:00:00Z","format":"sd","mbps":"1685","URI":["turkmenistan","asia"]},{"id":"14168","channel":"Turkmen Спорт, Türkmenistan Sport","link":"http://217.174.225.146/legacyhls/ch004_400/index.m3u8?checkedby:iptvcat.com","country":"turkmenistan","liveliness":"99","status":"online","lastChecked":"2020-08-17T00:00:00Z","format":"sd","mbps":"464","URI":["turkmenistan","sport"]},{"id":"2981","channel":"Türkmen Owazy","link":"https://alpha.tv.online.tm/legacyhls/ch005_720/index.m3u8?checkedby:iptvcat.com","country":"turkmenistan","liveliness":"99","status":"online","lastChecked":"2020-08-17T00:00:00Z","format":"sd","mbps":"1685","URI":["turkmenistan"]},{"id":"2985","channel":"Türkmenistan Sport","link":"https://alpha.tv.online.tm/legacyhls/ch004_720/index.m3u8?checkedby:iptvcat.com","country":"turkmenistan","liveliness":"99","status":"online","lastChecked":"2020-08-17T00:00:00Z","format":"sd","mbps":"1685","URI":["turkmenistan","sport"]},{"id":"2984","channel":"Türkmenistan Sport","link":"https://alpha.tv.online.tm/hls/ch004_720/index.m3u8?checkedby:iptvcat.com","country":"turkmenistan","liveliness":"99","status":"online","lastChecked":"2020-08-17T00:00:00Z","format":"sd","mbps":"1685","URI":["turkmenistan","sport"]},{"id":"2983","channel":"Türkmenistan Sport","link":"http://217.174.225.146/legacyhls/ch004_720/index.m3u8?checkedby:iptvcat.com","country":"turkmenistan","liveliness":"99","status":"online","lastChecked":"2020-08-17T00:00:00Z","format":"sd","mbps":"1685","URI":["turkmenistan","sport"]},{"id":"2982","channel":"Türkmenistan Sport","link":"http://217.174.225.146/hls/ch004_720/index.m3u8?checkedby:iptvcat.com","country":"turkmenistan","liveliness":"99","status":"online","lastChecked":"2020-08-17T00:00:00Z","format":"sd","mbps":"1685","URI":["turkmenistan","sport"]},{"id":"2986","channel":"Türkmenistan TV","link":"http://alpha.tv.online.tm/hls/ch007_400/index.m3u8?checkedby:iptvcat.com","country":"turkmenistan","liveliness":"99","status":"online","lastChecked":"2020-08-17T00:00:00Z","format":"sd","mbps":"464","URI":["turkmenistan"]},{"id":"133457","channel":"Türkmenistan TV","link":"https://alpha.tv.online.tm/hls/ch007_400/index.m3u8?checkedby:iptvcat.com","country":"turkmenistan","liveliness":"99","status":"online","lastChecked":"2020-08-17T00:00:00Z","format":"sd","mbps":"464","URI":["turkmenistan","asia"]},{"id":"2987","channel":"Yaslyk TV","link":"https://alpha.tv.online.tm/legacyhls/ch002_720/index.m3u8?checkedby:iptvcat.com","country":"turkmenistan","liveliness":"99","status":"online","lastChecked":"2020-08-17T00:00:00Z","format":"sd","mbps":"1685","URI":["turkmenistan"]},{"id":"56037","channel":"TM | Türkmenistan TV, Türkmenistan TV","link":"https://alpha.tv.online.tm/legacyhls/ch007_720/index.m3u8?checkedby:iptvcat.com","country":"turkmenistan","liveliness":"99","status":"online","lastChecked":"2020-08-17T00:00:00Z","format":"sd","mbps":"1685","URI":["turkmenistan","asia"]},{"id":"133457","channel":"Türkmenistan TV","link":"https://alpha.tv.online.tm/hls/ch007_400/index.m3u8?checkedby:iptvcat.com","country":"turkmenistan","liveliness":"99","status":"online","lastChecked":"2020-08-17T00:00:00Z","format":"sd","mbps":"464","URI":["turkmenistan","asia"]},{"id":"14168","channel":"Turkmen Спорт, Türkmenistan Sport","link":"http://217.174.225.146/legacyhls/ch004_400/index.m3u8?checkedby:iptvcat.com","country":"turkmenistan","liveliness":"99","status":"online","lastChecked":"2020-08-17T00:00:00Z","format":"sd","mbps":"464","URI":["turkmenistan","sport"]},{"id":"2985","channel":"Türkmenistan Sport","link":"https://alpha.tv.online.tm/legacyhls/ch004_720/index.m3u8?checkedby:iptvcat.com","country":"turkmenistan","liveliness":"99","status":"online","lastChecked":"2020-08-17T00:00:00Z","format":"sd","mbps":"1685","URI":["turkmenistan","sport"]},{"id":"2984","channel":"Türkmenistan Sport","link":"https://alpha.tv.online.tm/hls/ch004_720/index.m3u8?checkedby:iptvcat.com","country":"turkmenistan","liveliness":"99","status":"online","lastChecked":"2020-08-17T00:00:00Z","format":"sd","mbps":"1685","URI":["turkmenistan","sport"]},{"id":"2983","channel":"Türkmenistan Sport","link":"http://217.174.225.146/legacyhls/ch004_720/index.m3u8?checkedby:iptvcat.com","country":"turkmenistan","liveliness":"99","status":"online","lastChecked":"2020-08-17T00:00:00Z","format":"sd","mbps":"1685","URI":["turkmenistan","sport"]},{"id":"2982","channel":"Türkmenistan Sport","link":"http://217.174.225.146/hls/ch004_720/index.m3u8?checkedby:iptvcat.com","country":"turkmenistan","liveliness":"99","status":"online","lastChecked":"2020-08-17T00:00:00Z","format":"sd","mbps":"1685","URI":["turkmenistan","sport"]},{"id":"14168","channel":"Turkmen Спорт, Türkmenistan Sport","link":"http://217.174.225.146/legacyhls/ch004_400/index.m3u8?checkedby:iptvcat.com","country":"turkmenistan","liveliness":"99","status":"online","lastChecked":"2020-08-17T00:00:00Z","format":"sd","mbps":"464","URI":["turkmenistan","sport"]},{"id":"2985","channel":"Türkmenistan Sport","link":"https://alpha.tv.online.tm/legacyhls/ch004_720/index.m3u8?checkedby:iptvcat.com","country":"turkmenistan","liveliness":"99","status":"online","lastChecked":"2020-08-17T00:00:00Z","format":"sd","mbps":"1685","URI":["turkmenistan","sport"]},{"id":"2984","channel":"Türkmenistan Sport","link":"https://alpha.tv.online.tm/hls/ch004_720/index.m3u8?checkedby:iptvcat.com","country":"turkmenistan","liveliness":"99","status":"online","lastChecked":"2020-08-17T00:00:00Z","format":"sd","mbps":"1685","URI":["turkmenistan","sport"]},{"id":"2983","channel":"Türkmenistan Sport","link":"http://217.174.225.146/legacyhls/ch004_720/index.m3u8?checkedby:iptvcat.com","country":"turkmenistan","liveliness":"99","status":"online","lastChecked":"2020-08-17T00:00:00Z","format":"sd","mbps":"1685","URI":["turkmenistan","sport"]},{"id":"2982","channel":"Türkmenistan Sport","link":"http://217.174.225.146/hls/ch004_720/index.m3u8?checkedby:iptvcat.com","country":"turkmenistan","liveliness":"99","status":"online","lastChecked":"2020-08-17T00:00:00Z","format":"sd","mbps":"1685","URI":["turkmenistan","sport"]}]