[{"id":"80330","channel":"ECU","link":"http://cdn.miip.tv:8080/canada/123456/474?checkedby:iptvcat.com","country":"turks and caicos islands","liveliness":"67","status":"offline","lastChecked":"2020-06-24T00:00:00Z","format":"fhd 2k","mbps":"8370","URI":["turks_and_caicos_islands","latin_america","north_america"]},{"id":"80330","channel":"ECU","link":"http://cdn.miip.tv:8080/canada/123456/474?checkedby:iptvcat.com","country":"turks and caicos islands","liveliness":"67","status":"offline","lastChecked":"2020-06-24T00:00:00Z","format":"fhd 2k","mbps":"8370","URI":["turks_and_caicos_islands","latin_america","north_america"]},{"id":"80330","channel":"ECU","link":"http://cdn.miip.tv:8080/canada/123456/474?checkedby:iptvcat.com","country":"turks and caicos islands","liveliness":"67","status":"offline","lastChecked":"2020-06-24T00:00:00Z","format":"fhd 2k","mbps":"8370","URI":["turks_and_caicos_islands","latin_america","north_america"]}]