[{"id":"133458","channel":"Salt TV","link":"https://dcunilive38-lh.akamaihd.net/i/dclive_1@692676/master.m3u8?checkedby:iptvcat.com","country":"uganda","liveliness":"51","status":"offline","lastChecked":"2020-07-06T00:00:00Z","format":"sd","mbps":"3262","URI":["uganda","africa"]},{"id":"2989","channel":"Salt TV","link":"http://dcunilive38-lh.akamaihd.net/i/dclive_1@692676/index_150_av-p.m3u8?checkedby:iptvcat.com","country":"uganda","liveliness":"80","status":"offline","lastChecked":"2020-07-06T00:00:00Z","format":"sd","mbps":"3262","URI":["uganda"]},{"id":"133458","channel":"Salt TV","link":"https://dcunilive38-lh.akamaihd.net/i/dclive_1@692676/master.m3u8?checkedby:iptvcat.com","country":"uganda","liveliness":"51","status":"offline","lastChecked":"2020-07-06T00:00:00Z","format":"sd","mbps":"3262","URI":["uganda","africa"]},{"id":"133458","channel":"Salt TV","link":"https://dcunilive38-lh.akamaihd.net/i/dclive_1@692676/master.m3u8?checkedby:iptvcat.com","country":"uganda","liveliness":"51","status":"offline","lastChecked":"2020-07-06T00:00:00Z","format":"sd","mbps":"3262","URI":["uganda","africa"]}]