[{"id":"14222","channel":"AE | Al Hadath, Al Arabiya Al Hadath, Al Hadath","link":"https://av.alarabiya.net/alarabiapublish/alhadath.smil/playlist_1080p.m3u8?checkedby:iptvcat.com","country":"united arab emirates","liveliness":"99","status":"online","lastChecked":"2020-08-17T00:00:00Z","format":"fhd 2k","mbps":"7004","URI":["arab_countries","asia","united_arab_emirates","united arab emirates","arab countries"]},{"id":"3182","channel":"AE | Dubai Zaman, Dubai Zaman","link":"http://www.elahmad.com/tv/m3u8/dubaitv.m3u8?id=dubaizaman\u0026checkedby:iptvcat.com","country":"united arab emirates","liveliness":"98","status":"online","lastChecked":"2020-08-17T00:00:00Z","format":"fhd 2k","mbps":"11126, ...","URI":["arab_countries","asia","united_arab_emirates","united arab emirates","arab countries"]},{"id":"56081","channel":"AE | Majid TV, Majid TV","link":"https://admdn4.cdn.mangomolo.com/majid/smil:majid.stream.smil/playlist.m3u8?checkedby:iptvcat.com","country":"united arab emirates","liveliness":"100","status":"online","lastChecked":"2020-08-17T00:00:00Z","format":"hd","mbps":"3188, ...","URI":["arab_countries","asia","united_arab_emirates","united arab emirates","arab countries"]},{"id":"3252","channel":"AE | Sharqiya from Kalba TV, Sharqiya from Kalba TV","link":"http://svs.itworkscdn.net/kablatvlive/kabtv1.smil/playlist.m3u8?checkedby:iptvcat.com","country":"united arab emirates","liveliness":"100","status":"online","lastChecked":"2020-08-17T00:00:00Z","format":"fhd 2k","mbps":"11126, ...","URI":["arab_countries","asia","united_arab_emirates","united arab emirates","arab countries"]},{"id":"3149","channel":"Abu Dhabi Sports, Abu Dhabi Sports 1, Abu Dhabi Sports 1 HD (Opt-1), Abu Dhabi Sports1","link":"http://www.elahmad.com/tv/m3u8/adtv.m3u8?id=abudhabi_sports1\u0026checkedby:iptvcat.com","country":"united arab emirates","liveliness":"99","status":"online","lastChecked":"2020-08-17T00:00:00Z","format":"hd","mbps":"7004, ...","URI":["arab_countries","united_arab_emirates","sport","united arab emirates","arab countries"]},{"id":"3158","channel":"Abu Dhabi Sports 3","link":"http://www.elahmad.com/tv/m3u8/adtv.m3u8?id=abudhabi_Sports3\u0026checkedby:iptvcat.com","country":"united arab emirates","liveliness":"99","status":"online","lastChecked":"2020-08-17T00:00:00Z","format":"hd","mbps":"7004, ...","URI":["arab_countries","united_arab_emirates","sport","united arab emirates","arab countries"]},{"id":"3159","channel":"Abu Dhabi Sports 4","link":"http://www.elahmad.com/tv/m3u8/adtv.m3u8?id=abudhabi_Sports4\u0026checkedby:iptvcat.com","country":"united arab emirates","liveliness":"98","status":"online","lastChecked":"2020-08-17T00:00:00Z","format":"hd","mbps":"7004, ...","URI":["arab_countries","united_arab_emirates","sport","united arab emirates","arab countries"]},{"id":"133477","channel":"National Geographic Abu Dhabi","link":"https://admdn2.cdn.mangomolo.com/nagtv/smil:nagtv.stream.smil/playlist.m3u8?checkedby:iptvcat.com","country":"united arab emirates","liveliness":"99","status":"online","lastChecked":"2020-08-17T00:00:00Z","format":"hd","mbps":"3188, ...","URI":["asia","united_arab_emirates","united arab emirates","arab_countries","arab countries"]},{"id":"133476","channel":"Dubai Zaman","link":"https://dmiffthvll.cdn.mangomolo.com/dubaizaman/smil:dubaizaman.stream.smil/playlist.m3u8?checkedby:iptvcat.com","country":"united arab emirates","liveliness":"100","status":"online","lastChecked":"2020-08-18T00:00:00Z","format":"fhd 2k","mbps":"11126, ...","URI":["asia","united_arab_emirates","united arab emirates","arab_countries","arab countries"]},{"id":"14222","channel":"AE | Al Hadath, Al Arabiya Al Hadath, Al Hadath","link":"https://av.alarabiya.net/alarabiapublish/alhadath.smil/playlist_1080p.m3u8?checkedby:iptvcat.com","country":"united arab emirates","liveliness":"99","status":"online","lastChecked":"2020-08-17T00:00:00Z","format":"fhd 2k","mbps":"7004","URI":["arab_countries","asia","united_arab_emirates","united arab emirates","arab countries"]},{"id":"3182","channel":"AE | Dubai Zaman, Dubai Zaman","link":"http://www.elahmad.com/tv/m3u8/dubaitv.m3u8?id=dubaizaman\u0026checkedby:iptvcat.com","country":"united arab emirates","liveliness":"98","status":"online","lastChecked":"2020-08-17T00:00:00Z","format":"fhd 2k","mbps":"11126, ...","URI":["arab_countries","asia","united_arab_emirates","united arab emirates","arab countries"]},{"id":"56081","channel":"AE | Majid TV, Majid TV","link":"https://admdn4.cdn.mangomolo.com/majid/smil:majid.stream.smil/playlist.m3u8?checkedby:iptvcat.com","country":"united arab emirates","liveliness":"100","status":"online","lastChecked":"2020-08-17T00:00:00Z","format":"hd","mbps":"3188, ...","URI":["arab_countries","asia","united_arab_emirates","united arab emirates","arab countries"]},{"id":"3252","channel":"AE | Sharqiya from Kalba TV, Sharqiya from Kalba TV","link":"http://svs.itworkscdn.net/kablatvlive/kabtv1.smil/playlist.m3u8?checkedby:iptvcat.com","country":"united arab emirates","liveliness":"100","status":"online","lastChecked":"2020-08-17T00:00:00Z","format":"fhd 2k","mbps":"11126, ...","URI":["arab_countries","asia","united_arab_emirates","united arab emirates","arab countries"]},{"id":"14222","channel":"AE | Al Hadath, Al Arabiya Al Hadath, Al Hadath","link":"https://av.alarabiya.net/alarabiapublish/alhadath.smil/playlist_1080p.m3u8?checkedby:iptvcat.com","country":"united arab emirates","liveliness":"99","status":"online","lastChecked":"2020-08-17T00:00:00Z","format":"fhd 2k","mbps":"7004","URI":["arab_countries","asia","united_arab_emirates","united arab emirates","arab countries"]},{"id":"3182","channel":"AE | Dubai Zaman, Dubai Zaman","link":"http://www.elahmad.com/tv/m3u8/dubaitv.m3u8?id=dubaizaman\u0026checkedby:iptvcat.com","country":"united arab emirates","liveliness":"98","status":"online","lastChecked":"2020-08-17T00:00:00Z","format":"fhd 2k","mbps":"11126, ...","URI":["arab_countries","asia","united_arab_emirates","united arab emirates","arab countries"]},{"id":"56081","channel":"AE | Majid TV, Majid TV","link":"https://admdn4.cdn.mangomolo.com/majid/smil:majid.stream.smil/playlist.m3u8?checkedby:iptvcat.com","country":"united arab emirates","liveliness":"100","status":"online","lastChecked":"2020-08-17T00:00:00Z","format":"hd","mbps":"3188, ...","URI":["arab_countries","asia","united_arab_emirates","united arab emirates","arab countries"]},{"id":"3252","channel":"AE | Sharqiya from Kalba TV, Sharqiya from Kalba TV","link":"http://svs.itworkscdn.net/kablatvlive/kabtv1.smil/playlist.m3u8?checkedby:iptvcat.com","country":"united arab emirates","liveliness":"100","status":"online","lastChecked":"2020-08-17T00:00:00Z","format":"fhd 2k","mbps":"11126, ...","URI":["arab_countries","asia","united_arab_emirates","united arab emirates","arab countries"]},{"id":"24436","channel":"Sharjah 2, Sharjah TV 2","link":"https://svs.itworkscdn.net/smc2live/smc2tv.smil/playlist.m3u8?checkedby:iptvcat.com","country":"united arab emirates","liveliness":"100","status":"online","lastChecked":"2020-08-17T00:00:00Z","format":"fhd 2k","mbps":"11126, ...","URI":["north_america","united_arab_emirates","united_states_of_america","north america","united arab emirates","united states of america"]},{"id":"3176","channel":"Dubai Racing, 迪拜赛车俱乐部","link":"http://dmisvthvll.cdn.mangomolo.com/events/smil:events.smil/chunklist_b1600000.m3u8?checkedby:iptvcat.com","country":"united arab emirates","liveliness":"100","status":"online","lastChecked":"2020-08-17T00:00:00Z","format":"fhd 2k","mbps":"7986","URI":["north_america","united_arab_emirates","united_states_of_america","north america","sport","united arab emirates","united states of america"]},{"id":"14222","channel":"AE | Al Hadath, Al Arabiya Al Hadath, Al Hadath","link":"https://av.alarabiya.net/alarabiapublish/alhadath.smil/playlist_1080p.m3u8?checkedby:iptvcat.com","country":"united arab emirates","liveliness":"99","status":"online","lastChecked":"2020-08-17T00:00:00Z","format":"fhd 2k","mbps":"7004","URI":["arab_countries","asia","united_arab_emirates","united arab emirates","arab countries"]},{"id":"3182","channel":"AE | Dubai Zaman, Dubai Zaman","link":"http://www.elahmad.com/tv/m3u8/dubaitv.m3u8?id=dubaizaman\u0026checkedby:iptvcat.com","country":"united arab emirates","liveliness":"98","status":"online","lastChecked":"2020-08-17T00:00:00Z","format":"fhd 2k","mbps":"11126, ...","URI":["arab_countries","asia","united_arab_emirates","united arab emirates","arab countries"]},{"id":"56081","channel":"AE | Majid TV, Majid TV","link":"https://admdn4.cdn.mangomolo.com/majid/smil:majid.stream.smil/playlist.m3u8?checkedby:iptvcat.com","country":"united arab emirates","liveliness":"100","status":"online","lastChecked":"2020-08-17T00:00:00Z","format":"hd","mbps":"3188, ...","URI":["arab_countries","asia","united_arab_emirates","united arab emirates","arab countries"]},{"id":"3252","channel":"AE | Sharqiya from Kalba TV, Sharqiya from Kalba TV","link":"http://svs.itworkscdn.net/kablatvlive/kabtv1.smil/playlist.m3u8?checkedby:iptvcat.com","country":"united arab emirates","liveliness":"100","status":"online","lastChecked":"2020-08-17T00:00:00Z","format":"fhd 2k","mbps":"11126, ...","URI":["arab_countries","asia","united_arab_emirates","united arab emirates","arab countries"]},{"id":"14219","channel":"Abu Dabi Aloula, Abu Dhabi TV","link":"http://admdn2.cdn.mangomolo.com/adtv/smil:adtv.stream.smil/chunklist_b4000000_t64MTA4MHA=.m3u8?checkedby:iptvcat.com","country":"united arab emirates","liveliness":"100","status":"online","lastChecked":"2020-08-17T00:00:00Z","format":"fhd 2k","mbps":"7004","URI":["united_arab_emirates","united arab emirates"]},{"id":"25763","channel":"Abu Dhabi Drama","link":"https://admdn5.cdn.mangomolo.com/drama/smil:drama.stream.smil/playlist.m3u8?checkedby:iptvcat.com","country":"united arab emirates","liveliness":"100","status":"online","lastChecked":"2020-08-17T00:00:00Z","format":"hd","mbps":"3188, ...","URI":["united_arab_emirates","united arab emirates"]},{"id":"3149","channel":"Abu Dhabi Sports, Abu Dhabi Sports 1, Abu Dhabi Sports 1 HD (Opt-1), Abu Dhabi Sports1","link":"http://www.elahmad.com/tv/m3u8/adtv.m3u8?id=abudhabi_sports1\u0026checkedby:iptvcat.com","country":"united arab emirates","liveliness":"99","status":"online","lastChecked":"2020-08-17T00:00:00Z","format":"hd","mbps":"7004, ...","URI":["arab_countries","united_arab_emirates","sport","united arab emirates","arab countries"]},{"id":"24790","channel":"Abu Dhabi Sports 1","link":"https://admdn1.cdn.mangomolo.com/adsports1/smil:adsports1.stream.smil/playlist.m3u8?checkedby:iptvcat.com","country":"united arab emirates","liveliness":"100","status":"online","lastChecked":"2020-08-17T00:00:00Z","format":"hd","mbps":"7004, ...","URI":["united_arab_emirates","sport","united arab emirates"]},{"id":"25764","channel":"Abu Dhabi Sports 2","link":"https://admdn5.cdn.mangomolo.com/adsports2/smil:adsports2.stream.smil/playlist.m3u8?checkedby:iptvcat.com","country":"united arab emirates","liveliness":"99","status":"online","lastChecked":"2020-08-17T00:00:00Z","format":"hd","mbps":"3188, ...","URI":["united_arab_emirates","sport","united arab emirates"]},{"id":"25765","channel":"Abu Dhabi Sports 3","link":"https://admdn3.cdn.mangomolo.com/adsports3/smil:adsports3.stream.smil/playlist.m3u8?checkedby:iptvcat.com","country":"united arab emirates","liveliness":"99","status":"online","lastChecked":"2020-08-17T00:00:00Z","format":"hd","mbps":"7004, ...","URI":["united_arab_emirates","sport","united arab emirates"]},{"id":"3158","channel":"Abu Dhabi Sports 3","link":"http://www.elahmad.com/tv/m3u8/adtv.m3u8?id=abudhabi_Sports3\u0026checkedby:iptvcat.com","country":"united arab emirates","liveliness":"99","status":"online","lastChecked":"2020-08-17T00:00:00Z","format":"hd","mbps":"7004, ...","URI":["arab_countries","united_arab_emirates","sport","united arab emirates","arab countries"]},{"id":"25766","channel":"Abu Dhabi Sports 4","link":"https://admdn4.cdn.mangomolo.com/adsports4/smil:adsports4.stream.smil/playlist.m3u8?checkedby:iptvcat.com","country":"united arab emirates","liveliness":"99","status":"online","lastChecked":"2020-08-17T00:00:00Z","format":"hd","mbps":"7004, ...","URI":["united_arab_emirates","sport","united arab emirates"]},{"id":"3159","channel":"Abu Dhabi Sports 4","link":"http://www.elahmad.com/tv/m3u8/adtv.m3u8?id=abudhabi_Sports4\u0026checkedby:iptvcat.com","country":"united arab emirates","liveliness":"98","status":"online","lastChecked":"2020-08-17T00:00:00Z","format":"hd","mbps":"7004, ...","URI":["arab_countries","united_arab_emirates","sport","united arab emirates","arab countries"]},{"id":"25767","channel":"Abu Dhabi TV","link":"https://admdn2.cdn.mangomolo.com/adtv/smil:adtv.stream.smil/chunklist.m3u8?checkedby:iptvcat.com","country":"united arab emirates","liveliness":"100","status":"online","lastChecked":"2020-08-17T00:00:00Z","format":"hd","mbps":"7004, ...","URI":["united_arab_emirates","united arab emirates"]},{"id":"24791","channel":"Abu Dhabi TV","link":"http://admdn2.cdn.mangomolo.com/adtv/smil:adtv.stream.smil/chunklist.m3u8?checkedby:iptvcat.com","country":"united arab emirates","liveliness":"100","status":"online","lastChecked":"2020-08-17T00:00:00Z","format":"hd","mbps":"7004, ...","URI":["united_arab_emirates","united arab emirates"]},{"id":"24792","channel":"Al Aan TV","link":"https://streamingcdn.alaan.tv/Publisher/alaantv_twitter/playlist.m3u8?checkedby:iptvcat.com","country":"united arab emirates","liveliness":"100","status":"online","lastChecked":"2020-08-17T00:00:00Z","format":"sd","mbps":"4061","URI":["united_arab_emirates","united arab emirates"]},{"id":"14221","channel":"Al Arabiya","link":"https://live.alarabiya.net/alarabiapublish/alarabiya.smil/playlist_1080p.m3u8?checkedby:iptvcat.com","country":"united arab emirates","liveliness":"100","status":"online","lastChecked":"2020-08-17T00:00:00Z","format":"fhd 2k","mbps":"7004","URI":["united_arab_emirates","united arab emirates"]},{"id":"3166","channel":"Al Arabiya","link":"https://live.alarabiya.net/alarabiapublish/alarabiya.smil/playlist.m3u8?checkedby:iptvcat.com","country":"united arab emirates","liveliness":"99","status":"online","lastChecked":"2020-08-17T00:00:00Z","format":"hd","mbps":"7004, ...","URI":["united_arab_emirates","united arab emirates"]},{"id":"3165","channel":"Al Arabiya","link":"http://www.elahmad.com/tv/m3u8/arabiya.m3u8?id=aa\u0026checkedby:iptvcat.com","country":"united arab emirates","liveliness":"98","status":"online","lastChecked":"2020-08-17T00:00:00Z","format":"sd","mbps":"2308","URI":["united_arab_emirates","united arab emirates"]},{"id":"25770","channel":"Al Arabiya Al Hadath","link":"https://av.alarabiya.net/alarabiapublish/alhadath.smil/playlist.m3u8?checkedby:iptvcat.com","country":"united arab emirates","liveliness":"96","status":"online","lastChecked":"2020-08-17T00:00:00Z","format":"hd","mbps":"7004, ...","URI":["united_arab_emirates","united arab emirates"]},{"id":"14243","channel":"Alsharjah TV (Backup), Sharjah TV","link":"https://svs.itworkscdn.net/smc1live/smc1.smil/playlist_1080p.m3u8?checkedby:iptvcat.com","country":"united arab emirates","liveliness":"99","status":"online","lastChecked":"2020-08-17T00:00:00Z","format":"fhd 2k","mbps":"11126","URI":["united_arab_emirates","united arab emirates"]},{"id":"14223","channel":"Citruss TV","link":"https://citrusstv.akamaized.net/hls/live/687285/CTV/index.m3u8?checkedby:iptvcat.com","country":"united arab emirates","liveliness":"100","status":"online","lastChecked":"2020-08-17T00:00:00Z","format":"hd","mbps":"3188, ...","URI":["united_arab_emirates","united arab emirates"]},{"id":"25771","channel":"Dubai One","link":"https://dminnvll.cdn.mangomolo.com/dubaione/smil:dubaione.stream.smil/playlist.m3u8?checkedby:iptvcat.com","country":"united arab emirates","liveliness":"100","status":"online","lastChecked":"2020-08-17T00:00:00Z","format":"hd","mbps":"11126, ...","URI":["united_arab_emirates","united arab emirates"]},{"id":"3174","channel":"Dubai One","link":"http://www.elahmad.com/tv/m3u8/dubaitv.m3u8?id=dubaione\u0026checkedby:iptvcat.com","country":"united arab emirates","liveliness":"99","status":"online","lastChecked":"2020-08-17T00:00:00Z","format":"hd","mbps":"11126, ...","URI":["united_arab_emirates","united arab emirates"]},{"id":"25772","channel":"Dubai Racing","link":"https://dmisvthvll.cdn.mangomolo.com/events/smil:events.smil/chunklist.m3u8?checkedby:iptvcat.com","country":"united arab emirates","liveliness":"100","status":"online","lastChecked":"2020-08-17T00:00:00Z","format":"hd","mbps":"7986, ...","URI":["united_arab_emirates","sport","united arab emirates"]},{"id":"3175","channel":"Dubai Racing, SPORT : Dubai Racing, SPORT | Dubai Racing","link":"http://dmisvthvll.cdn.mangomolo.com/events/smil:events.smil/chunklist.m3u8?checkedby:iptvcat.com","country":"united arab emirates","liveliness":"99","status":"online","lastChecked":"2020-08-17T00:00:00Z","format":"hd","mbps":"7986, ...","URI":["united_arab_emirates","sport","united arab emirates"]},{"id":"3178","channel":"Dubai Racing, 迪拜赛马俱乐部","link":"http://dmithrvll.cdn.mangomolo.com/dubairacing/smil:dubairacing.smil/chunklist_b1600000.m3u8?checkedby:iptvcat.com","country":"united arab emirates","liveliness":"100","status":"online","lastChecked":"2020-08-17T00:00:00Z","format":"fhd 2k","mbps":"3570","URI":["united_arab_emirates","sport","united arab emirates"]},{"id":"3176","channel":"Dubai Racing, 迪拜赛车俱乐部","link":"http://dmisvthvll.cdn.mangomolo.com/events/smil:events.smil/chunklist_b1600000.m3u8?checkedby:iptvcat.com","country":"united arab emirates","liveliness":"100","status":"online","lastChecked":"2020-08-17T00:00:00Z","format":"fhd 2k","mbps":"7986","URI":["north_america","united_arab_emirates","united_states_of_america","north america","sport","united arab emirates","united states of america"]},{"id":"25773","channel":"Dubai Racing 2","link":"https://dmithrvll.cdn.mangomolo.com/dubairacing/smil:dubairacing.smil/chunklist.m3u8?checkedby:iptvcat.com","country":"united arab emirates","liveliness":"100","status":"online","lastChecked":"2020-08-17T00:00:00Z","format":"hd","mbps":"7004, ...","URI":["united_arab_emirates","sport","united arab emirates"]},{"id":"24793","channel":"Dubai Racing 2","link":"http://dmithrvll.cdn.mangomolo.com/dubairacing/smil:dubairacing.smil/chunklist.m3u8?checkedby:iptvcat.com","country":"united arab emirates","liveliness":"100","status":"online","lastChecked":"2020-08-17T00:00:00Z","format":"hd","mbps":"7004, ...","URI":["united_arab_emirates","sport","united arab emirates"]},{"id":"25774","channel":"Dubai Racing 3","link":"https://dmithrvll.cdn.mangomolo.com/dubaimubasher/smil:dubaimubasher.smil/playlist.m3u8?checkedby:iptvcat.com","country":"united arab emirates","liveliness":"100","status":"online","lastChecked":"2020-08-17T00:00:00Z","format":"sd","mbps":"12145, ...","URI":["united_arab_emirates","united arab emirates"]},{"id":"3179","channel":"Dubai Sports","link":"http://www.elahmad.com/tv/m3u8/dubaitv.m3u8?id=dubaisports\u0026checkedby:iptvcat.com","country":"united arab emirates","liveliness":"99","status":"online","lastChecked":"2020-08-17T00:00:00Z","format":"hd","mbps":"11126, ...","URI":["united_arab_emirates","sport","united arab emirates"]},{"id":"25775","channel":"Dubai Sports","link":"https://dmitnthvll.cdn.mangomolo.com/dubaisports/smil:dubaisports.smil/index.m3u8?checkedby:iptvcat.com","country":"united arab emirates","liveliness":"100","status":"online","lastChecked":"2020-08-17T00:00:00Z","format":"hd","mbps":"11126, ...","URI":["united_arab_emirates","sport","united arab emirates"]},{"id":"14225","channel":"Dubai Sports 1","link":"http://www.elahmad.com/tv/m3u8/dubaitv.m3u8?id=dubaisports1\u0026checkedby:iptvcat.com","country":"united arab emirates","liveliness":"97","status":"online","lastChecked":"2020-08-17T00:00:00Z","format":"hd","mbps":"11126, ...","URI":["united_arab_emirates","sport","united arab emirates"]},{"id":"14226","channel":"Dubai Sports 2","link":"http://www.elahmad.com/tv/m3u8/dubaitv.m3u8?id=dubaisports2\u0026checkedby:iptvcat.com","country":"united arab emirates","liveliness":"97","status":"online","lastChecked":"2020-08-17T00:00:00Z","format":"hd","mbps":"11126, ...","URI":["united_arab_emirates","sport","united arab emirates"]},{"id":"25776","channel":"Dubai Sports 2","link":"https://dmitwlvvll.cdn.mangomolo.com/dubaisportshd/smil:dubaisportshd.smil/index.m3u8?checkedby:iptvcat.com","country":"united arab emirates","liveliness":"100","status":"online","lastChecked":"2020-08-17T00:00:00Z","format":"hd","mbps":"11126, ...","URI":["united_arab_emirates","sport","united arab emirates"]},{"id":"14227","channel":"Dubai Sports 3","link":"http://www.elahmad.com/tv/m3u8/dubaitv.m3u8?id=dubaisports3\u0026checkedby:iptvcat.com","country":"united arab emirates","liveliness":"98","status":"online","lastChecked":"2020-08-17T00:00:00Z","format":"hd","mbps":"11126, ...","URI":["united_arab_emirates","sport","united arab emirates"]},{"id":"25777","channel":"Dubai Sports 3","link":"https://dmitwlvvll.cdn.mangomolo.com/dubaisportshd5/smil:dubaisportshd5.smil/index.m3u8?checkedby:iptvcat.com","country":"united arab emirates","liveliness":"100","status":"online","lastChecked":"2020-08-17T00:00:00Z","format":"hd","mbps":"11126, ...","URI":["united_arab_emirates","sport","united arab emirates"]},{"id":"3180","channel":"Dubai TV","link":"http://www.elahmad.com/tv/m3u8/dubaitv.m3u8?id=dubaitv\u0026checkedby:iptvcat.com","country":"united arab emirates","liveliness":"98","status":"online","lastChecked":"2020-08-17T00:00:00Z","format":"hd","mbps":"7004, ...","URI":["united_arab_emirates","united arab emirates"]},{"id":"25778","channel":"Dubai TV","link":"https://dmisxthvll.cdn.mangomolo.com/dubaitv/smil:dubaitv.stream.smil/playlist.m3u8?checkedby:iptvcat.com","country":"united arab emirates","liveliness":"100","status":"online","lastChecked":"2020-08-17T00:00:00Z","format":"hd","mbps":"7004, ...","URI":["united_arab_emirates","united arab emirates"]},{"id":"3181","channel":"Dubai Zaman","link":"http://dmiffthvll.cdn.mangomolo.com/dubaizaman/smil:dubaizaman.smil/chunklist_b1500000.m3u8?checkedby:iptvcat.com","country":"united arab emirates","liveliness":"99","status":"online","lastChecked":"2020-08-17T00:00:00Z","format":"fhd 2k","mbps":"11126","URI":["united_arab_emirates","united arab emirates"]},{"id":"133476","channel":"Dubai Zaman","link":"https://dmiffthvll.cdn.mangomolo.com/dubaizaman/smil:dubaizaman.stream.smil/playlist.m3u8?checkedby:iptvcat.com","country":"united arab emirates","liveliness":"100","status":"online","lastChecked":"2020-08-18T00:00:00Z","format":"fhd 2k","mbps":"11126, ...","URI":["asia","united_arab_emirates","united arab emirates","arab_countries","arab countries"]},{"id":"25779","channel":"Emarat TV","link":"https://admdn3.cdn.mangomolo.com/emarat/smil:emarat.stream.smil/playlist.m3u8?checkedby:iptvcat.com","country":"united arab emirates","liveliness":"100","status":"online","lastChecked":"2020-08-17T00:00:00Z","format":"hd","mbps":"7004, ...","URI":["united_arab_emirates","united arab emirates"]},{"id":"24794","channel":"MBC","link":"https://shls-mbc1ksa-prod.shahid.net/mbc1ksa-prod_1.m3u8?checkedby:iptvcat.com","country":"united arab emirates","liveliness":"100","status":"online","lastChecked":"2020-08-17T00:00:00Z","format":"fhd 2k","mbps":"7004","URI":["united_arab_emirates","s","united arab emirates"]},{"id":"25780","channel":"MBC","link":"https://shls-mbc1ksa-prod.shahid.net/mbc1ksa-prod.m3u8?checkedby:iptvcat.com","country":"united arab emirates","liveliness":"94","status":"online","lastChecked":"2020-08-17T00:00:00Z","format":"hd","mbps":"7004, ...","URI":["united_arab_emirates","s","united arab emirates"]},{"id":"24795","channel":"MBC 2 HD","link":"https://shls-mbc2-prod.shahid.net/mbc2-prod_1.m3u8?checkedby:iptvcat.com","country":"united arab emirates","liveliness":"100","status":"online","lastChecked":"2020-08-17T00:00:00Z","format":"fhd 2k","mbps":"7004","URI":["united_arab_emirates","s","united arab emirates"]},{"id":"25781","channel":"MBC 2 HD","link":"https://shls-mbc2-prod.shahid.net/mbc2-prod.m3u8?checkedby:iptvcat.com","country":"united arab emirates","liveliness":"90","status":"online","lastChecked":"2020-08-17T00:00:00Z","format":"hd","mbps":"7004, ...","URI":["united_arab_emirates","s","united arab emirates"]},{"id":"24796","channel":"MBC 3","link":"https://shls-mbc3-prod.shahid.net/mbc3-prod_1.m3u8?checkedby:iptvcat.com","country":"united arab emirates","liveliness":"100","status":"online","lastChecked":"2020-08-17T00:00:00Z","format":"fhd 2k","mbps":"7004","URI":["united_arab_emirates","s","united arab emirates"]},{"id":"24813","channel":"MBC 4","link":"https://shls-mbc4-prod.shahid.net/mbc4-prod_1.m3u8?checkedby:iptvcat.com","country":"united arab emirates","liveliness":"100","status":"online","lastChecked":"2020-08-17T00:00:00Z","format":"fhd 2k","mbps":"7004","URI":["united_arab_emirates","s","united arab emirates"]},{"id":"24818","channel":"MBC 5","link":"https://shls-mbc5-prod.shahid.net/mbc5-prod_1.m3u8?checkedby:iptvcat.com","country":"united arab emirates","liveliness":"100","status":"online","lastChecked":"2020-08-17T00:00:00Z","format":"fhd 2k","mbps":"7004","URI":["united_arab_emirates","s","united arab emirates"]},{"id":"24819","channel":"MBC Action HD","link":"https://shls-mbcaction-prod.shahid.net/mbcaction-prod_1.m3u8?checkedby:iptvcat.com","country":"united arab emirates","liveliness":"100","status":"online","lastChecked":"2020-08-17T00:00:00Z","format":"fhd 2k","mbps":"7004","URI":["united_arab_emirates","s","united arab emirates"]},{"id":"24814","channel":"MBC Bollywood","link":"https://shls-mbcbollywood-prod.shahid.net/mbcbollywood-prod_1.m3u8?checkedby:iptvcat.com","country":"united arab emirates","liveliness":"100","status":"online","lastChecked":"2020-08-17T00:00:00Z","format":"fhd 2k","mbps":"7004","URI":["united_arab_emirates","s","united arab emirates"]},{"id":"24815","channel":"MBC Drama","link":"https://shls-mbcdramaksa-prod.shahid.net/mbcdramaksa-prod_1.m3u8?checkedby:iptvcat.com","country":"united arab emirates","liveliness":"100","status":"online","lastChecked":"2020-08-17T00:00:00Z","format":"fhd 2k","mbps":"7004","URI":["united_arab_emirates","s","united arab emirates"]},{"id":"25788","channel":"MBC Max HD","link":"https://shls-mbcmax-prod.shahid.net/mbcmax-prod.m3u8?checkedby:iptvcat.com","country":"united arab emirates","liveliness":"87","status":"online","lastChecked":"2020-08-17T00:00:00Z","format":"hd","mbps":"7004, ...","URI":["united_arab_emirates","s","united arab emirates"]},{"id":"24816","channel":"MBC Max HD","link":"https://shls-mbcmax-prod.shahid.net/mbcmax-prod_1.m3u8?checkedby:iptvcat.com","country":"united arab emirates","liveliness":"100","status":"online","lastChecked":"2020-08-17T00:00:00Z","format":"fhd 2k","mbps":"7004","URI":["united_arab_emirates","s","united arab emirates"]},{"id":"3240","channel":"National Geographic Abu Dhabi","link":"http://www.elahmad.com/tv/m3u8/tv_anywhere.m3u8?id=natgeo\u0026checkedby:iptvcat.com","country":"united arab emirates","liveliness":"98","status":"online","lastChecked":"2020-08-17T00:00:00Z","format":"sd","mbps":"2308","URI":["united_arab_emirates","united arab emirates"]},{"id":"133477","channel":"National Geographic Abu Dhabi","link":"https://admdn2.cdn.mangomolo.com/nagtv/smil:nagtv.stream.smil/playlist.m3u8?checkedby:iptvcat.com","country":"united arab emirates","liveliness":"99","status":"online","lastChecked":"2020-08-17T00:00:00Z","format":"hd","mbps":"3188, ...","URI":["asia","united_arab_emirates","united arab emirates","arab_countries","arab countries"]},{"id":"24797","channel":"Noor Dubai","link":"http://dmiffthvll.cdn.mangomolo.com/noordubaitv/smil:noordubaitv.smil/chunklist.m3u8?checkedby:iptvcat.com","country":"united arab emirates","liveliness":"100","status":"online","lastChecked":"2020-08-17T00:00:00Z","format":"sd","mbps":"2229, ...","URI":["united_arab_emirates","united arab emirates"]},{"id":"3242","channel":"Noor Dubai","link":"http://www.elahmad.com/tv/m3u8/dubaitv.m3u8?id=noordubaitv\u0026checkedby:iptvcat.com","country":"united arab emirates","liveliness":"99","status":"online","lastChecked":"2020-08-17T00:00:00Z","format":"sd","mbps":"2229, ...","URI":["united_arab_emirates","united arab emirates"]},{"id":"3241","channel":"Noor Dubai","link":"http://dmiffthvll.cdn.mangomolo.com/noordubaitv/smil:noordubaitv.smil/chunklist_b725000.m3u8?checkedby:iptvcat.com","country":"united arab emirates","liveliness":"100","status":"online","lastChecked":"2020-08-17T00:00:00Z","format":"sd","mbps":"1144","URI":["united_arab_emirates","united arab emirates"]},{"id":"25790","channel":"Noor Dubai","link":"https://dmiffthvll.cdn.mangomolo.com/noordubaitv/smil:noordubaitv.smil/chunklist.m3u8?checkedby:iptvcat.com","country":"united arab emirates","liveliness":"100","status":"online","lastChecked":"2020-08-17T00:00:00Z","format":"sd","mbps":"2229, ...","URI":["united_arab_emirates","united arab emirates"]},{"id":"3244","channel":"Peace TV","link":"http://peacetv.api.visionip.tv/live/ASHTTP/peacetv-peacetv-peacetv-english-hsslive-25f-16x9-MB/playlist.m3u8?checkedby:iptvcat.com","country":"united arab emirates","liveliness":"100","status":"online","lastChecked":"2020-08-17T00:00:00Z","format":"sd","mbps":"1764, ...","URI":["united_arab_emirates","united arab emirates"]},{"id":"3246","channel":"Sama Dubai","link":"http://www.elahmad.com/tv/m3u8/dubaitv.m3u8?id=samadubai\u0026checkedby:iptvcat.com","country":"united arab emirates","liveliness":"98","status":"online","lastChecked":"2020-08-17T00:00:00Z","format":"hd","mbps":"11126, ...","URI":["united_arab_emirates","united arab emirates"]},{"id":"3245","channel":"Sama Dubai","link":"http://dmieigthvll.cdn.mangomolo.com/samadubai/smil:samadubai.stream.smil/chunklist_b1600000.m3u8?checkedby:iptvcat.com","country":"united arab emirates","liveliness":"100","status":"online","lastChecked":"2020-08-17T00:00:00Z","format":"fhd 2k","mbps":"11126","URI":["united_arab_emirates","united arab emirates"]},{"id":"25791","channel":"Sama Dubai","link":"https://dmieigthvll.cdn.mangomolo.com/samadubai/smil:samadubai.stream.smil/chunklist.m3u8?checkedby:iptvcat.com","country":"united arab emirates","liveliness":"100","status":"online","lastChecked":"2020-08-17T00:00:00Z","format":"hd","mbps":"11126, ...","URI":["united_arab_emirates","united arab emirates"]},{"id":"24436","channel":"Sharjah 2, Sharjah TV 2","link":"https://svs.itworkscdn.net/smc2live/smc2tv.smil/playlist.m3u8?checkedby:iptvcat.com","country":"united arab emirates","liveliness":"100","status":"online","lastChecked":"2020-08-17T00:00:00Z","format":"fhd 2k","mbps":"11126, ...","URI":["north_america","united_arab_emirates","united_states_of_america","north america","united arab emirates","united states of america"]},{"id":"3248","channel":"Sharjah Sport","link":"https://svs.itworkscdn.net/smc4sportslive/smc4.smil/chunklist_b585000.m3u8?checkedby:iptvcat.com","country":"united arab emirates","liveliness":"100","status":"online","lastChecked":"2020-08-17T00:00:00Z","format":"fhd 2k","mbps":"11126, ...","URI":["united_arab_emirates","sport","united arab emirates"]},{"id":"3250","channel":"Sharjah Sport, Sharjah Sports","link":"https://svs.itworkscdn.net/smc4sportslive/smc4.smil/playlist.m3u8?checkedby:iptvcat.com","country":"united arab emirates","liveliness":"100","status":"online","lastChecked":"2020-08-17T00:00:00Z","format":"fhd 2k","mbps":"11126, ...","URI":["united_arab_emirates","sport","united arab emirates"]},{"id":"3263","channel":"Toheed TV","link":"http://51.158.73.206/hls/stream.m3u8?checkedby:iptvcat.com","country":"united arab emirates","liveliness":"99","status":"online","lastChecked":"2020-08-17T00:00:00Z","format":"hd","mbps":"3188","URI":["united_arab_emirates","united arab emirates"]},{"id":"14248","channel":"Yas","link":"https://admdn1.cdn.mangomolo.com/yastv/smil:yastv.stream.smil/playlist.m3u8?adtv\u0026checkedby:iptvcat.com","country":"united arab emirates","liveliness":"100","status":"online","lastChecked":"2020-08-17T00:00:00Z","format":"hd","mbps":"3188, ...","URI":["united_arab_emirates","united arab emirates"]},{"id":"24436","channel":"Sharjah 2, Sharjah TV 2","link":"https://svs.itworkscdn.net/smc2live/smc2tv.smil/playlist.m3u8?checkedby:iptvcat.com","country":"united arab emirates","liveliness":"100","status":"online","lastChecked":"2020-08-17T00:00:00Z","format":"fhd 2k","mbps":"11126, ...","URI":["north_america","united_arab_emirates","united_states_of_america","north america","united arab emirates","united states of america"]},{"id":"3176","channel":"Dubai Racing, 迪拜赛车俱乐部","link":"http://dmisvthvll.cdn.mangomolo.com/events/smil:events.smil/chunklist_b1600000.m3u8?checkedby:iptvcat.com","country":"united arab emirates","liveliness":"100","status":"online","lastChecked":"2020-08-17T00:00:00Z","format":"fhd 2k","mbps":"7986","URI":["north_america","united_arab_emirates","united_states_of_america","north america","sport","united arab emirates","united states of america"]},{"id":"24436","channel":"Sharjah 2, Sharjah TV 2","link":"https://svs.itworkscdn.net/smc2live/smc2tv.smil/playlist.m3u8?checkedby:iptvcat.com","country":"united arab emirates","liveliness":"100","status":"online","lastChecked":"2020-08-17T00:00:00Z","format":"fhd 2k","mbps":"11126, ...","URI":["north_america","united_arab_emirates","united_states_of_america","north america","united arab emirates","united states of america"]},{"id":"3176","channel":"Dubai Racing, 迪拜赛车俱乐部","link":"http://dmisvthvll.cdn.mangomolo.com/events/smil:events.smil/chunklist_b1600000.m3u8?checkedby:iptvcat.com","country":"united arab emirates","liveliness":"100","status":"online","lastChecked":"2020-08-17T00:00:00Z","format":"fhd 2k","mbps":"7986","URI":["north_america","united_arab_emirates","united_states_of_america","north america","sport","united arab emirates","united states of america"]},{"id":"14222","channel":"AE | Al Hadath, Al Arabiya Al Hadath, Al Hadath","link":"https://av.alarabiya.net/alarabiapublish/alhadath.smil/playlist_1080p.m3u8?checkedby:iptvcat.com","country":"united arab emirates","liveliness":"99","status":"online","lastChecked":"2020-08-17T00:00:00Z","format":"fhd 2k","mbps":"7004","URI":["arab_countries","asia","united_arab_emirates","united arab emirates","arab countries"]},{"id":"3182","channel":"AE | Dubai Zaman, Dubai Zaman","link":"http://www.elahmad.com/tv/m3u8/dubaitv.m3u8?id=dubaizaman\u0026checkedby:iptvcat.com","country":"united arab emirates","liveliness":"98","status":"online","lastChecked":"2020-08-17T00:00:00Z","format":"fhd 2k","mbps":"11126, ...","URI":["arab_countries","asia","united_arab_emirates","united arab emirates","arab countries"]},{"id":"56081","channel":"AE | Majid TV, Majid TV","link":"https://admdn4.cdn.mangomolo.com/majid/smil:majid.stream.smil/playlist.m3u8?checkedby:iptvcat.com","country":"united arab emirates","liveliness":"100","status":"online","lastChecked":"2020-08-17T00:00:00Z","format":"hd","mbps":"3188, ...","URI":["arab_countries","asia","united_arab_emirates","united arab emirates","arab countries"]},{"id":"3252","channel":"AE | Sharqiya from Kalba TV, Sharqiya from Kalba TV","link":"http://svs.itworkscdn.net/kablatvlive/kabtv1.smil/playlist.m3u8?checkedby:iptvcat.com","country":"united arab emirates","liveliness":"100","status":"online","lastChecked":"2020-08-17T00:00:00Z","format":"fhd 2k","mbps":"11126, ...","URI":["arab_countries","asia","united_arab_emirates","united arab emirates","arab countries"]},{"id":"3149","channel":"Abu Dhabi Sports, Abu Dhabi Sports 1, Abu Dhabi Sports 1 HD (Opt-1), Abu Dhabi Sports1","link":"http://www.elahmad.com/tv/m3u8/adtv.m3u8?id=abudhabi_sports1\u0026checkedby:iptvcat.com","country":"united arab emirates","liveliness":"99","status":"online","lastChecked":"2020-08-17T00:00:00Z","format":"hd","mbps":"7004, ...","URI":["arab_countries","united_arab_emirates","sport","united arab emirates","arab countries"]},{"id":"3158","channel":"Abu Dhabi Sports 3","link":"http://www.elahmad.com/tv/m3u8/adtv.m3u8?id=abudhabi_Sports3\u0026checkedby:iptvcat.com","country":"united arab emirates","liveliness":"99","status":"online","lastChecked":"2020-08-17T00:00:00Z","format":"hd","mbps":"7004, ...","URI":["arab_countries","united_arab_emirates","sport","united arab emirates","arab countries"]},{"id":"3159","channel":"Abu Dhabi Sports 4","link":"http://www.elahmad.com/tv/m3u8/adtv.m3u8?id=abudhabi_Sports4\u0026checkedby:iptvcat.com","country":"united arab emirates","liveliness":"98","status":"online","lastChecked":"2020-08-17T00:00:00Z","format":"hd","mbps":"7004, ...","URI":["arab_countries","united_arab_emirates","sport","united arab emirates","arab countries"]},{"id":"14222","channel":"AE | Al Hadath, Al Arabiya Al Hadath, Al Hadath","link":"https://av.alarabiya.net/alarabiapublish/alhadath.smil/playlist_1080p.m3u8?checkedby:iptvcat.com","country":"united arab emirates","liveliness":"99","status":"online","lastChecked":"2020-08-17T00:00:00Z","format":"fhd 2k","mbps":"7004","URI":["arab_countries","asia","united_arab_emirates","united arab emirates","arab countries"]},{"id":"3182","channel":"AE | Dubai Zaman, Dubai Zaman","link":"http://www.elahmad.com/tv/m3u8/dubaitv.m3u8?id=dubaizaman\u0026checkedby:iptvcat.com","country":"united arab emirates","liveliness":"98","status":"online","lastChecked":"2020-08-17T00:00:00Z","format":"fhd 2k","mbps":"11126, ...","URI":["arab_countries","asia","united_arab_emirates","united arab emirates","arab countries"]},{"id":"56081","channel":"AE | Majid TV, Majid TV","link":"https://admdn4.cdn.mangomolo.com/majid/smil:majid.stream.smil/playlist.m3u8?checkedby:iptvcat.com","country":"united arab emirates","liveliness":"100","status":"online","lastChecked":"2020-08-17T00:00:00Z","format":"hd","mbps":"3188, ...","URI":["arab_countries","asia","united_arab_emirates","united arab emirates","arab countries"]},{"id":"3252","channel":"AE | Sharqiya from Kalba TV, Sharqiya from Kalba TV","link":"http://svs.itworkscdn.net/kablatvlive/kabtv1.smil/playlist.m3u8?checkedby:iptvcat.com","country":"united arab emirates","liveliness":"100","status":"online","lastChecked":"2020-08-17T00:00:00Z","format":"fhd 2k","mbps":"11126, ...","URI":["arab_countries","asia","united_arab_emirates","united arab emirates","arab countries"]},{"id":"14222","channel":"AE | Al Hadath, Al Arabiya Al Hadath, Al Hadath","link":"https://av.alarabiya.net/alarabiapublish/alhadath.smil/playlist_1080p.m3u8?checkedby:iptvcat.com","country":"united arab emirates","liveliness":"99","status":"online","lastChecked":"2020-08-17T00:00:00Z","format":"fhd 2k","mbps":"7004","URI":["arab_countries","asia","united_arab_emirates","united arab emirates","arab countries"]},{"id":"3182","channel":"AE | Dubai Zaman, Dubai Zaman","link":"http://www.elahmad.com/tv/m3u8/dubaitv.m3u8?id=dubaizaman\u0026checkedby:iptvcat.com","country":"united arab emirates","liveliness":"98","status":"online","lastChecked":"2020-08-17T00:00:00Z","format":"fhd 2k","mbps":"11126, ...","URI":["arab_countries","asia","united_arab_emirates","united arab emirates","arab countries"]},{"id":"56081","channel":"AE | Majid TV, Majid TV","link":"https://admdn4.cdn.mangomolo.com/majid/smil:majid.stream.smil/playlist.m3u8?checkedby:iptvcat.com","country":"united arab emirates","liveliness":"100","status":"online","lastChecked":"2020-08-17T00:00:00Z","format":"hd","mbps":"3188, ...","URI":["arab_countries","asia","united_arab_emirates","united arab emirates","arab countries"]},{"id":"3252","channel":"AE | Sharqiya from Kalba TV, Sharqiya from Kalba TV","link":"http://svs.itworkscdn.net/kablatvlive/kabtv1.smil/playlist.m3u8?checkedby:iptvcat.com","country":"united arab emirates","liveliness":"100","status":"online","lastChecked":"2020-08-17T00:00:00Z","format":"fhd 2k","mbps":"11126, ...","URI":["arab_countries","asia","united_arab_emirates","united arab emirates","arab countries"]},{"id":"25780","channel":"MBC","link":"https://shls-mbc1ksa-prod.shahid.net/mbc1ksa-prod.m3u8?checkedby:iptvcat.com","country":"united arab emirates","liveliness":"94","status":"online","lastChecked":"2020-08-17T00:00:00Z","format":"hd","mbps":"7004, ...","URI":["united_arab_emirates","s","united arab emirates"]},{"id":"24794","channel":"MBC","link":"https://shls-mbc1ksa-prod.shahid.net/mbc1ksa-prod_1.m3u8?checkedby:iptvcat.com","country":"united arab emirates","liveliness":"100","status":"online","lastChecked":"2020-08-17T00:00:00Z","format":"fhd 2k","mbps":"7004","URI":["united_arab_emirates","s","united arab emirates"]},{"id":"24795","channel":"MBC 2 HD","link":"https://shls-mbc2-prod.shahid.net/mbc2-prod_1.m3u8?checkedby:iptvcat.com","country":"united arab emirates","liveliness":"100","status":"online","lastChecked":"2020-08-17T00:00:00Z","format":"fhd 2k","mbps":"7004","URI":["united_arab_emirates","s","united arab emirates"]},{"id":"25781","channel":"MBC 2 HD","link":"https://shls-mbc2-prod.shahid.net/mbc2-prod.m3u8?checkedby:iptvcat.com","country":"united arab emirates","liveliness":"90","status":"online","lastChecked":"2020-08-17T00:00:00Z","format":"hd","mbps":"7004, ...","URI":["united_arab_emirates","s","united arab emirates"]},{"id":"24796","channel":"MBC 3","link":"https://shls-mbc3-prod.shahid.net/mbc3-prod_1.m3u8?checkedby:iptvcat.com","country":"united arab emirates","liveliness":"100","status":"online","lastChecked":"2020-08-17T00:00:00Z","format":"fhd 2k","mbps":"7004","URI":["united_arab_emirates","s","united arab emirates"]},{"id":"24813","channel":"MBC 4","link":"https://shls-mbc4-prod.shahid.net/mbc4-prod_1.m3u8?checkedby:iptvcat.com","country":"united arab emirates","liveliness":"100","status":"online","lastChecked":"2020-08-17T00:00:00Z","format":"fhd 2k","mbps":"7004","URI":["united_arab_emirates","s","united arab emirates"]},{"id":"24818","channel":"MBC 5","link":"https://shls-mbc5-prod.shahid.net/mbc5-prod_1.m3u8?checkedby:iptvcat.com","country":"united arab emirates","liveliness":"100","status":"online","lastChecked":"2020-08-17T00:00:00Z","format":"fhd 2k","mbps":"7004","URI":["united_arab_emirates","s","united arab emirates"]},{"id":"24819","channel":"MBC Action HD","link":"https://shls-mbcaction-prod.shahid.net/mbcaction-prod_1.m3u8?checkedby:iptvcat.com","country":"united arab emirates","liveliness":"100","status":"online","lastChecked":"2020-08-17T00:00:00Z","format":"fhd 2k","mbps":"7004","URI":["united_arab_emirates","s","united arab emirates"]},{"id":"24814","channel":"MBC Bollywood","link":"https://shls-mbcbollywood-prod.shahid.net/mbcbollywood-prod_1.m3u8?checkedby:iptvcat.com","country":"united arab emirates","liveliness":"100","status":"online","lastChecked":"2020-08-17T00:00:00Z","format":"fhd 2k","mbps":"7004","URI":["united_arab_emirates","s","united arab emirates"]},{"id":"24815","channel":"MBC Drama","link":"https://shls-mbcdramaksa-prod.shahid.net/mbcdramaksa-prod_1.m3u8?checkedby:iptvcat.com","country":"united arab emirates","liveliness":"100","status":"online","lastChecked":"2020-08-17T00:00:00Z","format":"fhd 2k","mbps":"7004","URI":["united_arab_emirates","s","united arab emirates"]},{"id":"24816","channel":"MBC Max HD","link":"https://shls-mbcmax-prod.shahid.net/mbcmax-prod_1.m3u8?checkedby:iptvcat.com","country":"united arab emirates","liveliness":"100","status":"online","lastChecked":"2020-08-17T00:00:00Z","format":"fhd 2k","mbps":"7004","URI":["united_arab_emirates","s","united arab emirates"]},{"id":"25788","channel":"MBC Max HD","link":"https://shls-mbcmax-prod.shahid.net/mbcmax-prod.m3u8?checkedby:iptvcat.com","country":"united arab emirates","liveliness":"87","status":"online","lastChecked":"2020-08-17T00:00:00Z","format":"hd","mbps":"7004, ...","URI":["united_arab_emirates","s","united arab emirates"]},{"id":"3149","channel":"Abu Dhabi Sports, Abu Dhabi Sports 1, Abu Dhabi Sports 1 HD (Opt-1), Abu Dhabi Sports1","link":"http://www.elahmad.com/tv/m3u8/adtv.m3u8?id=abudhabi_sports1\u0026checkedby:iptvcat.com","country":"united arab emirates","liveliness":"99","status":"online","lastChecked":"2020-08-17T00:00:00Z","format":"hd","mbps":"7004, ...","URI":["arab_countries","united_arab_emirates","sport","united arab emirates","arab countries"]},{"id":"24790","channel":"Abu Dhabi Sports 1","link":"https://admdn1.cdn.mangomolo.com/adsports1/smil:adsports1.stream.smil/playlist.m3u8?checkedby:iptvcat.com","country":"united arab emirates","liveliness":"100","status":"online","lastChecked":"2020-08-17T00:00:00Z","format":"hd","mbps":"7004, ...","URI":["united_arab_emirates","sport","united arab emirates"]},{"id":"25764","channel":"Abu Dhabi Sports 2","link":"https://admdn5.cdn.mangomolo.com/adsports2/smil:adsports2.stream.smil/playlist.m3u8?checkedby:iptvcat.com","country":"united arab emirates","liveliness":"99","status":"online","lastChecked":"2020-08-17T00:00:00Z","format":"hd","mbps":"3188, ...","URI":["united_arab_emirates","sport","united arab emirates"]},{"id":"25765","channel":"Abu Dhabi Sports 3","link":"https://admdn3.cdn.mangomolo.com/adsports3/smil:adsports3.stream.smil/playlist.m3u8?checkedby:iptvcat.com","country":"united arab emirates","liveliness":"99","status":"online","lastChecked":"2020-08-17T00:00:00Z","format":"hd","mbps":"7004, ...","URI":["united_arab_emirates","sport","united arab emirates"]},{"id":"3158","channel":"Abu Dhabi Sports 3","link":"http://www.elahmad.com/tv/m3u8/adtv.m3u8?id=abudhabi_Sports3\u0026checkedby:iptvcat.com","country":"united arab emirates","liveliness":"99","status":"online","lastChecked":"2020-08-17T00:00:00Z","format":"hd","mbps":"7004, ...","URI":["arab_countries","united_arab_emirates","sport","united arab emirates","arab countries"]},{"id":"25766","channel":"Abu Dhabi Sports 4","link":"https://admdn4.cdn.mangomolo.com/adsports4/smil:adsports4.stream.smil/playlist.m3u8?checkedby:iptvcat.com","country":"united arab emirates","liveliness":"99","status":"online","lastChecked":"2020-08-17T00:00:00Z","format":"hd","mbps":"7004, ...","URI":["united_arab_emirates","sport","united arab emirates"]},{"id":"3159","channel":"Abu Dhabi Sports 4","link":"http://www.elahmad.com/tv/m3u8/adtv.m3u8?id=abudhabi_Sports4\u0026checkedby:iptvcat.com","country":"united arab emirates","liveliness":"98","status":"online","lastChecked":"2020-08-17T00:00:00Z","format":"hd","mbps":"7004, ...","URI":["arab_countries","united_arab_emirates","sport","united arab emirates","arab countries"]},{"id":"25772","channel":"Dubai Racing","link":"https://dmisvthvll.cdn.mangomolo.com/events/smil:events.smil/chunklist.m3u8?checkedby:iptvcat.com","country":"united arab emirates","liveliness":"100","status":"online","lastChecked":"2020-08-17T00:00:00Z","format":"hd","mbps":"7986, ...","URI":["united_arab_emirates","sport","united arab emirates"]},{"id":"3176","channel":"Dubai Racing, 迪拜赛车俱乐部","link":"http://dmisvthvll.cdn.mangomolo.com/events/smil:events.smil/chunklist_b1600000.m3u8?checkedby:iptvcat.com","country":"united arab emirates","liveliness":"100","status":"online","lastChecked":"2020-08-17T00:00:00Z","format":"fhd 2k","mbps":"7986","URI":["north_america","united_arab_emirates","united_states_of_america","north america","sport","united arab emirates","united states of america"]},{"id":"3175","channel":"Dubai Racing, SPORT : Dubai Racing, SPORT | Dubai Racing","link":"http://dmisvthvll.cdn.mangomolo.com/events/smil:events.smil/chunklist.m3u8?checkedby:iptvcat.com","country":"united arab emirates","liveliness":"99","status":"online","lastChecked":"2020-08-17T00:00:00Z","format":"hd","mbps":"7986, ...","URI":["united_arab_emirates","sport","united arab emirates"]},{"id":"3178","channel":"Dubai Racing, 迪拜赛马俱乐部","link":"http://dmithrvll.cdn.mangomolo.com/dubairacing/smil:dubairacing.smil/chunklist_b1600000.m3u8?checkedby:iptvcat.com","country":"united arab emirates","liveliness":"100","status":"online","lastChecked":"2020-08-17T00:00:00Z","format":"fhd 2k","mbps":"3570","URI":["united_arab_emirates","sport","united arab emirates"]},{"id":"25773","channel":"Dubai Racing 2","link":"https://dmithrvll.cdn.mangomolo.com/dubairacing/smil:dubairacing.smil/chunklist.m3u8?checkedby:iptvcat.com","country":"united arab emirates","liveliness":"100","status":"online","lastChecked":"2020-08-17T00:00:00Z","format":"hd","mbps":"7004, ...","URI":["united_arab_emirates","sport","united arab emirates"]},{"id":"24793","channel":"Dubai Racing 2","link":"http://dmithrvll.cdn.mangomolo.com/dubairacing/smil:dubairacing.smil/chunklist.m3u8?checkedby:iptvcat.com","country":"united arab emirates","liveliness":"100","status":"online","lastChecked":"2020-08-17T00:00:00Z","format":"hd","mbps":"7004, ...","URI":["united_arab_emirates","sport","united arab emirates"]},{"id":"3179","channel":"Dubai Sports","link":"http://www.elahmad.com/tv/m3u8/dubaitv.m3u8?id=dubaisports\u0026checkedby:iptvcat.com","country":"united arab emirates","liveliness":"99","status":"online","lastChecked":"2020-08-17T00:00:00Z","format":"hd","mbps":"11126, ...","URI":["united_arab_emirates","sport","united arab emirates"]},{"id":"25775","channel":"Dubai Sports","link":"https://dmitnthvll.cdn.mangomolo.com/dubaisports/smil:dubaisports.smil/index.m3u8?checkedby:iptvcat.com","country":"united arab emirates","liveliness":"100","status":"online","lastChecked":"2020-08-17T00:00:00Z","format":"hd","mbps":"11126, ...","URI":["united_arab_emirates","sport","united arab emirates"]},{"id":"14225","channel":"Dubai Sports 1","link":"http://www.elahmad.com/tv/m3u8/dubaitv.m3u8?id=dubaisports1\u0026checkedby:iptvcat.com","country":"united arab emirates","liveliness":"97","status":"online","lastChecked":"2020-08-17T00:00:00Z","format":"hd","mbps":"11126, ...","URI":["united_arab_emirates","sport","united arab emirates"]},{"id":"14226","channel":"Dubai Sports 2","link":"http://www.elahmad.com/tv/m3u8/dubaitv.m3u8?id=dubaisports2\u0026checkedby:iptvcat.com","country":"united arab emirates","liveliness":"97","status":"online","lastChecked":"2020-08-17T00:00:00Z","format":"hd","mbps":"11126, ...","URI":["united_arab_emirates","sport","united arab emirates"]},{"id":"25776","channel":"Dubai Sports 2","link":"https://dmitwlvvll.cdn.mangomolo.com/dubaisportshd/smil:dubaisportshd.smil/index.m3u8?checkedby:iptvcat.com","country":"united arab emirates","liveliness":"100","status":"online","lastChecked":"2020-08-17T00:00:00Z","format":"hd","mbps":"11126, ...","URI":["united_arab_emirates","sport","united arab emirates"]},{"id":"14227","channel":"Dubai Sports 3","link":"http://www.elahmad.com/tv/m3u8/dubaitv.m3u8?id=dubaisports3\u0026checkedby:iptvcat.com","country":"united arab emirates","liveliness":"98","status":"online","lastChecked":"2020-08-17T00:00:00Z","format":"hd","mbps":"11126, ...","URI":["united_arab_emirates","sport","united arab emirates"]},{"id":"25777","channel":"Dubai Sports 3","link":"https://dmitwlvvll.cdn.mangomolo.com/dubaisportshd5/smil:dubaisportshd5.smil/index.m3u8?checkedby:iptvcat.com","country":"united arab emirates","liveliness":"100","status":"online","lastChecked":"2020-08-17T00:00:00Z","format":"hd","mbps":"11126, ...","URI":["united_arab_emirates","sport","united arab emirates"]},{"id":"3250","channel":"Sharjah Sport, Sharjah Sports","link":"https://svs.itworkscdn.net/smc4sportslive/smc4.smil/playlist.m3u8?checkedby:iptvcat.com","country":"united arab emirates","liveliness":"100","status":"online","lastChecked":"2020-08-17T00:00:00Z","format":"fhd 2k","mbps":"11126, ...","URI":["united_arab_emirates","sport","united arab emirates"]},{"id":"3248","channel":"Sharjah Sport","link":"https://svs.itworkscdn.net/smc4sportslive/smc4.smil/chunklist_b585000.m3u8?checkedby:iptvcat.com","country":"united arab emirates","liveliness":"100","status":"online","lastChecked":"2020-08-17T00:00:00Z","format":"fhd 2k","mbps":"11126, ...","URI":["united_arab_emirates","sport","united arab emirates"]},{"id":"14222","channel":"AE | Al Hadath, Al Arabiya Al Hadath, Al Hadath","link":"https://av.alarabiya.net/alarabiapublish/alhadath.smil/playlist_1080p.m3u8?checkedby:iptvcat.com","country":"united arab emirates","liveliness":"99","status":"online","lastChecked":"2020-08-17T00:00:00Z","format":"fhd 2k","mbps":"7004","URI":["arab_countries","asia","united_arab_emirates","united arab emirates","arab countries"]},{"id":"3182","channel":"AE | Dubai Zaman, Dubai Zaman","link":"http://www.elahmad.com/tv/m3u8/dubaitv.m3u8?id=dubaizaman\u0026checkedby:iptvcat.com","country":"united arab emirates","liveliness":"98","status":"online","lastChecked":"2020-08-17T00:00:00Z","format":"fhd 2k","mbps":"11126, ...","URI":["arab_countries","asia","united_arab_emirates","united arab emirates","arab countries"]},{"id":"56081","channel":"AE | Majid TV, Majid TV","link":"https://admdn4.cdn.mangomolo.com/majid/smil:majid.stream.smil/playlist.m3u8?checkedby:iptvcat.com","country":"united arab emirates","liveliness":"100","status":"online","lastChecked":"2020-08-17T00:00:00Z","format":"hd","mbps":"3188, ...","URI":["arab_countries","asia","united_arab_emirates","united arab emirates","arab countries"]},{"id":"3252","channel":"AE | Sharqiya from Kalba TV, Sharqiya from Kalba TV","link":"http://svs.itworkscdn.net/kablatvlive/kabtv1.smil/playlist.m3u8?checkedby:iptvcat.com","country":"united arab emirates","liveliness":"100","status":"online","lastChecked":"2020-08-17T00:00:00Z","format":"fhd 2k","mbps":"11126, ...","URI":["arab_countries","asia","united_arab_emirates","united arab emirates","arab countries"]},{"id":"14219","channel":"Abu Dabi Aloula, Abu Dhabi TV","link":"http://admdn2.cdn.mangomolo.com/adtv/smil:adtv.stream.smil/chunklist_b4000000_t64MTA4MHA=.m3u8?checkedby:iptvcat.com","country":"united arab emirates","liveliness":"100","status":"online","lastChecked":"2020-08-17T00:00:00Z","format":"fhd 2k","mbps":"7004","URI":["united_arab_emirates","united arab emirates"]},{"id":"25763","channel":"Abu Dhabi Drama","link":"https://admdn5.cdn.mangomolo.com/drama/smil:drama.stream.smil/playlist.m3u8?checkedby:iptvcat.com","country":"united arab emirates","liveliness":"100","status":"online","lastChecked":"2020-08-17T00:00:00Z","format":"hd","mbps":"3188, ...","URI":["united_arab_emirates","united arab emirates"]},{"id":"3149","channel":"Abu Dhabi Sports, Abu Dhabi Sports 1, Abu Dhabi Sports 1 HD (Opt-1), Abu Dhabi Sports1","link":"http://www.elahmad.com/tv/m3u8/adtv.m3u8?id=abudhabi_sports1\u0026checkedby:iptvcat.com","country":"united arab emirates","liveliness":"99","status":"online","lastChecked":"2020-08-17T00:00:00Z","format":"hd","mbps":"7004, ...","URI":["arab_countries","united_arab_emirates","sport","united arab emirates","arab countries"]},{"id":"24790","channel":"Abu Dhabi Sports 1","link":"https://admdn1.cdn.mangomolo.com/adsports1/smil:adsports1.stream.smil/playlist.m3u8?checkedby:iptvcat.com","country":"united arab emirates","liveliness":"100","status":"online","lastChecked":"2020-08-17T00:00:00Z","format":"hd","mbps":"7004, ...","URI":["united_arab_emirates","sport","united arab emirates"]},{"id":"25764","channel":"Abu Dhabi Sports 2","link":"https://admdn5.cdn.mangomolo.com/adsports2/smil:adsports2.stream.smil/playlist.m3u8?checkedby:iptvcat.com","country":"united arab emirates","liveliness":"99","status":"online","lastChecked":"2020-08-17T00:00:00Z","format":"hd","mbps":"3188, ...","URI":["united_arab_emirates","sport","united arab emirates"]},{"id":"25765","channel":"Abu Dhabi Sports 3","link":"https://admdn3.cdn.mangomolo.com/adsports3/smil:adsports3.stream.smil/playlist.m3u8?checkedby:iptvcat.com","country":"united arab emirates","liveliness":"99","status":"online","lastChecked":"2020-08-17T00:00:00Z","format":"hd","mbps":"7004, ...","URI":["united_arab_emirates","sport","united arab emirates"]},{"id":"3158","channel":"Abu Dhabi Sports 3","link":"http://www.elahmad.com/tv/m3u8/adtv.m3u8?id=abudhabi_Sports3\u0026checkedby:iptvcat.com","country":"united arab emirates","liveliness":"99","status":"online","lastChecked":"2020-08-17T00:00:00Z","format":"hd","mbps":"7004, ...","URI":["arab_countries","united_arab_emirates","sport","united arab emirates","arab countries"]},{"id":"25766","channel":"Abu Dhabi Sports 4","link":"https://admdn4.cdn.mangomolo.com/adsports4/smil:adsports4.stream.smil/playlist.m3u8?checkedby:iptvcat.com","country":"united arab emirates","liveliness":"99","status":"online","lastChecked":"2020-08-17T00:00:00Z","format":"hd","mbps":"7004, ...","URI":["united_arab_emirates","sport","united arab emirates"]},{"id":"3159","channel":"Abu Dhabi Sports 4","link":"http://www.elahmad.com/tv/m3u8/adtv.m3u8?id=abudhabi_Sports4\u0026checkedby:iptvcat.com","country":"united arab emirates","liveliness":"98","status":"online","lastChecked":"2020-08-17T00:00:00Z","format":"hd","mbps":"7004, ...","URI":["arab_countries","united_arab_emirates","sport","united arab emirates","arab countries"]},{"id":"24791","channel":"Abu Dhabi TV","link":"http://admdn2.cdn.mangomolo.com/adtv/smil:adtv.stream.smil/chunklist.m3u8?checkedby:iptvcat.com","country":"united arab emirates","liveliness":"100","status":"online","lastChecked":"2020-08-17T00:00:00Z","format":"hd","mbps":"7004, ...","URI":["united_arab_emirates","united arab emirates"]},{"id":"25767","channel":"Abu Dhabi TV","link":"https://admdn2.cdn.mangomolo.com/adtv/smil:adtv.stream.smil/chunklist.m3u8?checkedby:iptvcat.com","country":"united arab emirates","liveliness":"100","status":"online","lastChecked":"2020-08-17T00:00:00Z","format":"hd","mbps":"7004, ...","URI":["united_arab_emirates","united arab emirates"]},{"id":"24792","channel":"Al Aan TV","link":"https://streamingcdn.alaan.tv/Publisher/alaantv_twitter/playlist.m3u8?checkedby:iptvcat.com","country":"united arab emirates","liveliness":"100","status":"online","lastChecked":"2020-08-17T00:00:00Z","format":"sd","mbps":"4061","URI":["united_arab_emirates","united arab emirates"]},{"id":"3166","channel":"Al Arabiya","link":"https://live.alarabiya.net/alarabiapublish/alarabiya.smil/playlist.m3u8?checkedby:iptvcat.com","country":"united arab emirates","liveliness":"99","status":"online","lastChecked":"2020-08-17T00:00:00Z","format":"hd","mbps":"7004, ...","URI":["united_arab_emirates","united arab emirates"]},{"id":"3165","channel":"Al Arabiya","link":"http://www.elahmad.com/tv/m3u8/arabiya.m3u8?id=aa\u0026checkedby:iptvcat.com","country":"united arab emirates","liveliness":"98","status":"online","lastChecked":"2020-08-17T00:00:00Z","format":"sd","mbps":"2308","URI":["united_arab_emirates","united arab emirates"]},{"id":"14221","channel":"Al Arabiya","link":"https://live.alarabiya.net/alarabiapublish/alarabiya.smil/playlist_1080p.m3u8?checkedby:iptvcat.com","country":"united arab emirates","liveliness":"100","status":"online","lastChecked":"2020-08-17T00:00:00Z","format":"fhd 2k","mbps":"7004","URI":["united_arab_emirates","united arab emirates"]},{"id":"25770","channel":"Al Arabiya Al Hadath","link":"https://av.alarabiya.net/alarabiapublish/alhadath.smil/playlist.m3u8?checkedby:iptvcat.com","country":"united arab emirates","liveliness":"96","status":"online","lastChecked":"2020-08-17T00:00:00Z","format":"hd","mbps":"7004, ...","URI":["united_arab_emirates","united arab emirates"]},{"id":"14243","channel":"Alsharjah TV (Backup), Sharjah TV","link":"https://svs.itworkscdn.net/smc1live/smc1.smil/playlist_1080p.m3u8?checkedby:iptvcat.com","country":"united arab emirates","liveliness":"99","status":"online","lastChecked":"2020-08-17T00:00:00Z","format":"fhd 2k","mbps":"11126","URI":["united_arab_emirates","united arab emirates"]},{"id":"14223","channel":"Citruss TV","link":"https://citrusstv.akamaized.net/hls/live/687285/CTV/index.m3u8?checkedby:iptvcat.com","country":"united arab emirates","liveliness":"100","status":"online","lastChecked":"2020-08-17T00:00:00Z","format":"hd","mbps":"3188, ...","URI":["united_arab_emirates","united arab emirates"]},{"id":"3174","channel":"Dubai One","link":"http://www.elahmad.com/tv/m3u8/dubaitv.m3u8?id=dubaione\u0026checkedby:iptvcat.com","country":"united arab emirates","liveliness":"99","status":"online","lastChecked":"2020-08-17T00:00:00Z","format":"hd","mbps":"11126, ...","URI":["united_arab_emirates","united arab emirates"]},{"id":"25771","channel":"Dubai One","link":"https://dminnvll.cdn.mangomolo.com/dubaione/smil:dubaione.stream.smil/playlist.m3u8?checkedby:iptvcat.com","country":"united arab emirates","liveliness":"100","status":"online","lastChecked":"2020-08-17T00:00:00Z","format":"hd","mbps":"11126, ...","URI":["united_arab_emirates","united arab emirates"]},{"id":"3178","channel":"Dubai Racing, 迪拜赛马俱乐部","link":"http://dmithrvll.cdn.mangomolo.com/dubairacing/smil:dubairacing.smil/chunklist_b1600000.m3u8?checkedby:iptvcat.com","country":"united arab emirates","liveliness":"100","status":"online","lastChecked":"2020-08-17T00:00:00Z","format":"fhd 2k","mbps":"3570","URI":["united_arab_emirates","sport","united arab emirates"]},{"id":"3176","channel":"Dubai Racing, 迪拜赛车俱乐部","link":"http://dmisvthvll.cdn.mangomolo.com/events/smil:events.smil/chunklist_b1600000.m3u8?checkedby:iptvcat.com","country":"united arab emirates","liveliness":"100","status":"online","lastChecked":"2020-08-17T00:00:00Z","format":"fhd 2k","mbps":"7986","URI":["north_america","united_arab_emirates","united_states_of_america","north america","sport","united arab emirates","united states of america"]},{"id":"3175","channel":"Dubai Racing, SPORT : Dubai Racing, SPORT | Dubai Racing","link":"http://dmisvthvll.cdn.mangomolo.com/events/smil:events.smil/chunklist.m3u8?checkedby:iptvcat.com","country":"united arab emirates","liveliness":"99","status":"online","lastChecked":"2020-08-17T00:00:00Z","format":"hd","mbps":"7986, ...","URI":["united_arab_emirates","sport","united arab emirates"]},{"id":"25772","channel":"Dubai Racing","link":"https://dmisvthvll.cdn.mangomolo.com/events/smil:events.smil/chunklist.m3u8?checkedby:iptvcat.com","country":"united arab emirates","liveliness":"100","status":"online","lastChecked":"2020-08-17T00:00:00Z","format":"hd","mbps":"7986, ...","URI":["united_arab_emirates","sport","united arab emirates"]},{"id":"25773","channel":"Dubai Racing 2","link":"https://dmithrvll.cdn.mangomolo.com/dubairacing/smil:dubairacing.smil/chunklist.m3u8?checkedby:iptvcat.com","country":"united arab emirates","liveliness":"100","status":"online","lastChecked":"2020-08-17T00:00:00Z","format":"hd","mbps":"7004, ...","URI":["united_arab_emirates","sport","united arab emirates"]},{"id":"24793","channel":"Dubai Racing 2","link":"http://dmithrvll.cdn.mangomolo.com/dubairacing/smil:dubairacing.smil/chunklist.m3u8?checkedby:iptvcat.com","country":"united arab emirates","liveliness":"100","status":"online","lastChecked":"2020-08-17T00:00:00Z","format":"hd","mbps":"7004, ...","URI":["united_arab_emirates","sport","united arab emirates"]},{"id":"25774","channel":"Dubai Racing 3","link":"https://dmithrvll.cdn.mangomolo.com/dubaimubasher/smil:dubaimubasher.smil/playlist.m3u8?checkedby:iptvcat.com","country":"united arab emirates","liveliness":"100","status":"online","lastChecked":"2020-08-17T00:00:00Z","format":"sd","mbps":"12145, ...","URI":["united_arab_emirates","united arab emirates"]},{"id":"3179","channel":"Dubai Sports","link":"http://www.elahmad.com/tv/m3u8/dubaitv.m3u8?id=dubaisports\u0026checkedby:iptvcat.com","country":"united arab emirates","liveliness":"99","status":"online","lastChecked":"2020-08-17T00:00:00Z","format":"hd","mbps":"11126, ...","URI":["united_arab_emirates","sport","united arab emirates"]},{"id":"25775","channel":"Dubai Sports","link":"https://dmitnthvll.cdn.mangomolo.com/dubaisports/smil:dubaisports.smil/index.m3u8?checkedby:iptvcat.com","country":"united arab emirates","liveliness":"100","status":"online","lastChecked":"2020-08-17T00:00:00Z","format":"hd","mbps":"11126, ...","URI":["united_arab_emirates","sport","united arab emirates"]},{"id":"14225","channel":"Dubai Sports 1","link":"http://www.elahmad.com/tv/m3u8/dubaitv.m3u8?id=dubaisports1\u0026checkedby:iptvcat.com","country":"united arab emirates","liveliness":"97","status":"online","lastChecked":"2020-08-17T00:00:00Z","format":"hd","mbps":"11126, ...","URI":["united_arab_emirates","sport","united arab emirates"]},{"id":"14226","channel":"Dubai Sports 2","link":"http://www.elahmad.com/tv/m3u8/dubaitv.m3u8?id=dubaisports2\u0026checkedby:iptvcat.com","country":"united arab emirates","liveliness":"97","status":"online","lastChecked":"2020-08-17T00:00:00Z","format":"hd","mbps":"11126, ...","URI":["united_arab_emirates","sport","united arab emirates"]},{"id":"25776","channel":"Dubai Sports 2","link":"https://dmitwlvvll.cdn.mangomolo.com/dubaisportshd/smil:dubaisportshd.smil/index.m3u8?checkedby:iptvcat.com","country":"united arab emirates","liveliness":"100","status":"online","lastChecked":"2020-08-17T00:00:00Z","format":"hd","mbps":"11126, ...","URI":["united_arab_emirates","sport","united arab emirates"]},{"id":"14227","channel":"Dubai Sports 3","link":"http://www.elahmad.com/tv/m3u8/dubaitv.m3u8?id=dubaisports3\u0026checkedby:iptvcat.com","country":"united arab emirates","liveliness":"98","status":"online","lastChecked":"2020-08-17T00:00:00Z","format":"hd","mbps":"11126, ...","URI":["united_arab_emirates","sport","united arab emirates"]},{"id":"25777","channel":"Dubai Sports 3","link":"https://dmitwlvvll.cdn.mangomolo.com/dubaisportshd5/smil:dubaisportshd5.smil/index.m3u8?checkedby:iptvcat.com","country":"united arab emirates","liveliness":"100","status":"online","lastChecked":"2020-08-17T00:00:00Z","format":"hd","mbps":"11126, ...","URI":["united_arab_emirates","sport","united arab emirates"]},{"id":"3180","channel":"Dubai TV","link":"http://www.elahmad.com/tv/m3u8/dubaitv.m3u8?id=dubaitv\u0026checkedby:iptvcat.com","country":"united arab emirates","liveliness":"98","status":"online","lastChecked":"2020-08-17T00:00:00Z","format":"hd","mbps":"7004, ...","URI":["united_arab_emirates","united arab emirates"]},{"id":"25778","channel":"Dubai TV","link":"https://dmisxthvll.cdn.mangomolo.com/dubaitv/smil:dubaitv.stream.smil/playlist.m3u8?checkedby:iptvcat.com","country":"united arab emirates","liveliness":"100","status":"online","lastChecked":"2020-08-17T00:00:00Z","format":"hd","mbps":"7004, ...","URI":["united_arab_emirates","united arab emirates"]},{"id":"3181","channel":"Dubai Zaman","link":"http://dmiffthvll.cdn.mangomolo.com/dubaizaman/smil:dubaizaman.smil/chunklist_b1500000.m3u8?checkedby:iptvcat.com","country":"united arab emirates","liveliness":"99","status":"online","lastChecked":"2020-08-17T00:00:00Z","format":"fhd 2k","mbps":"11126","URI":["united_arab_emirates","united arab emirates"]},{"id":"133476","channel":"Dubai Zaman","link":"https://dmiffthvll.cdn.mangomolo.com/dubaizaman/smil:dubaizaman.stream.smil/playlist.m3u8?checkedby:iptvcat.com","country":"united arab emirates","liveliness":"100","status":"online","lastChecked":"2020-08-18T00:00:00Z","format":"fhd 2k","mbps":"11126, ...","URI":["asia","united_arab_emirates","united arab emirates","arab_countries","arab countries"]},{"id":"25779","channel":"Emarat TV","link":"https://admdn3.cdn.mangomolo.com/emarat/smil:emarat.stream.smil/playlist.m3u8?checkedby:iptvcat.com","country":"united arab emirates","liveliness":"100","status":"online","lastChecked":"2020-08-17T00:00:00Z","format":"hd","mbps":"7004, ...","URI":["united_arab_emirates","united arab emirates"]},{"id":"25780","channel":"MBC","link":"https://shls-mbc1ksa-prod.shahid.net/mbc1ksa-prod.m3u8?checkedby:iptvcat.com","country":"united arab emirates","liveliness":"94","status":"online","lastChecked":"2020-08-17T00:00:00Z","format":"hd","mbps":"7004, ...","URI":["united_arab_emirates","s","united arab emirates"]},{"id":"24794","channel":"MBC","link":"https://shls-mbc1ksa-prod.shahid.net/mbc1ksa-prod_1.m3u8?checkedby:iptvcat.com","country":"united arab emirates","liveliness":"100","status":"online","lastChecked":"2020-08-17T00:00:00Z","format":"fhd 2k","mbps":"7004","URI":["united_arab_emirates","s","united arab emirates"]},{"id":"25781","channel":"MBC 2 HD","link":"https://shls-mbc2-prod.shahid.net/mbc2-prod.m3u8?checkedby:iptvcat.com","country":"united arab emirates","liveliness":"90","status":"online","lastChecked":"2020-08-17T00:00:00Z","format":"hd","mbps":"7004, ...","URI":["united_arab_emirates","s","united arab emirates"]},{"id":"24795","channel":"MBC 2 HD","link":"https://shls-mbc2-prod.shahid.net/mbc2-prod_1.m3u8?checkedby:iptvcat.com","country":"united arab emirates","liveliness":"100","status":"online","lastChecked":"2020-08-17T00:00:00Z","format":"fhd 2k","mbps":"7004","URI":["united_arab_emirates","s","united arab emirates"]},{"id":"24796","channel":"MBC 3","link":"https://shls-mbc3-prod.shahid.net/mbc3-prod_1.m3u8?checkedby:iptvcat.com","country":"united arab emirates","liveliness":"100","status":"online","lastChecked":"2020-08-17T00:00:00Z","format":"fhd 2k","mbps":"7004","URI":["united_arab_emirates","s","united arab emirates"]},{"id":"24813","channel":"MBC 4","link":"https://shls-mbc4-prod.shahid.net/mbc4-prod_1.m3u8?checkedby:iptvcat.com","country":"united arab emirates","liveliness":"100","status":"online","lastChecked":"2020-08-17T00:00:00Z","format":"fhd 2k","mbps":"7004","URI":["united_arab_emirates","s","united arab emirates"]},{"id":"24818","channel":"MBC 5","link":"https://shls-mbc5-prod.shahid.net/mbc5-prod_1.m3u8?checkedby:iptvcat.com","country":"united arab emirates","liveliness":"100","status":"online","lastChecked":"2020-08-17T00:00:00Z","format":"fhd 2k","mbps":"7004","URI":["united_arab_emirates","s","united arab emirates"]},{"id":"24819","channel":"MBC Action HD","link":"https://shls-mbcaction-prod.shahid.net/mbcaction-prod_1.m3u8?checkedby:iptvcat.com","country":"united arab emirates","liveliness":"100","status":"online","lastChecked":"2020-08-17T00:00:00Z","format":"fhd 2k","mbps":"7004","URI":["united_arab_emirates","s","united arab emirates"]},{"id":"24814","channel":"MBC Bollywood","link":"https://shls-mbcbollywood-prod.shahid.net/mbcbollywood-prod_1.m3u8?checkedby:iptvcat.com","country":"united arab emirates","liveliness":"100","status":"online","lastChecked":"2020-08-17T00:00:00Z","format":"fhd 2k","mbps":"7004","URI":["united_arab_emirates","s","united arab emirates"]},{"id":"24815","channel":"MBC Drama","link":"https://shls-mbcdramaksa-prod.shahid.net/mbcdramaksa-prod_1.m3u8?checkedby:iptvcat.com","country":"united arab emirates","liveliness":"100","status":"online","lastChecked":"2020-08-17T00:00:00Z","format":"fhd 2k","mbps":"7004","URI":["united_arab_emirates","s","united arab emirates"]},{"id":"25788","channel":"MBC Max HD","link":"https://shls-mbcmax-prod.shahid.net/mbcmax-prod.m3u8?checkedby:iptvcat.com","country":"united arab emirates","liveliness":"87","status":"online","lastChecked":"2020-08-17T00:00:00Z","format":"hd","mbps":"7004, ...","URI":["united_arab_emirates","s","united arab emirates"]},{"id":"24816","channel":"MBC Max HD","link":"https://shls-mbcmax-prod.shahid.net/mbcmax-prod_1.m3u8?checkedby:iptvcat.com","country":"united arab emirates","liveliness":"100","status":"online","lastChecked":"2020-08-17T00:00:00Z","format":"fhd 2k","mbps":"7004","URI":["united_arab_emirates","s","united arab emirates"]},{"id":"3240","channel":"National Geographic Abu Dhabi","link":"http://www.elahmad.com/tv/m3u8/tv_anywhere.m3u8?id=natgeo\u0026checkedby:iptvcat.com","country":"united arab emirates","liveliness":"98","status":"online","lastChecked":"2020-08-17T00:00:00Z","format":"sd","mbps":"2308","URI":["united_arab_emirates","united arab emirates"]},{"id":"133477","channel":"National Geographic Abu Dhabi","link":"https://admdn2.cdn.mangomolo.com/nagtv/smil:nagtv.stream.smil/playlist.m3u8?checkedby:iptvcat.com","country":"united arab emirates","liveliness":"99","status":"online","lastChecked":"2020-08-17T00:00:00Z","format":"hd","mbps":"3188, ...","URI":["asia","united_arab_emirates","united arab emirates","arab_countries","arab countries"]},{"id":"25790","channel":"Noor Dubai","link":"https://dmiffthvll.cdn.mangomolo.com/noordubaitv/smil:noordubaitv.smil/chunklist.m3u8?checkedby:iptvcat.com","country":"united arab emirates","liveliness":"100","status":"online","lastChecked":"2020-08-17T00:00:00Z","format":"sd","mbps":"2229, ...","URI":["united_arab_emirates","united arab emirates"]},{"id":"24797","channel":"Noor Dubai","link":"http://dmiffthvll.cdn.mangomolo.com/noordubaitv/smil:noordubaitv.smil/chunklist.m3u8?checkedby:iptvcat.com","country":"united arab emirates","liveliness":"100","status":"online","lastChecked":"2020-08-17T00:00:00Z","format":"sd","mbps":"2229, ...","URI":["united_arab_emirates","united arab emirates"]},{"id":"3242","channel":"Noor Dubai","link":"http://www.elahmad.com/tv/m3u8/dubaitv.m3u8?id=noordubaitv\u0026checkedby:iptvcat.com","country":"united arab emirates","liveliness":"99","status":"online","lastChecked":"2020-08-17T00:00:00Z","format":"sd","mbps":"2229, ...","URI":["united_arab_emirates","united arab emirates"]},{"id":"3241","channel":"Noor Dubai","link":"http://dmiffthvll.cdn.mangomolo.com/noordubaitv/smil:noordubaitv.smil/chunklist_b725000.m3u8?checkedby:iptvcat.com","country":"united arab emirates","liveliness":"100","status":"online","lastChecked":"2020-08-17T00:00:00Z","format":"sd","mbps":"1144","URI":["united_arab_emirates","united arab emirates"]},{"id":"3244","channel":"Peace TV","link":"http://peacetv.api.visionip.tv/live/ASHTTP/peacetv-peacetv-peacetv-english-hsslive-25f-16x9-MB/playlist.m3u8?checkedby:iptvcat.com","country":"united arab emirates","liveliness":"100","status":"online","lastChecked":"2020-08-17T00:00:00Z","format":"sd","mbps":"1764, ...","URI":["united_arab_emirates","united arab emirates"]},{"id":"25791","channel":"Sama Dubai","link":"https://dmieigthvll.cdn.mangomolo.com/samadubai/smil:samadubai.stream.smil/chunklist.m3u8?checkedby:iptvcat.com","country":"united arab emirates","liveliness":"100","status":"online","lastChecked":"2020-08-17T00:00:00Z","format":"hd","mbps":"11126, ...","URI":["united_arab_emirates","united arab emirates"]},{"id":"3246","channel":"Sama Dubai","link":"http://www.elahmad.com/tv/m3u8/dubaitv.m3u8?id=samadubai\u0026checkedby:iptvcat.com","country":"united arab emirates","liveliness":"98","status":"online","lastChecked":"2020-08-17T00:00:00Z","format":"hd","mbps":"11126, ...","URI":["united_arab_emirates","united arab emirates"]},{"id":"3245","channel":"Sama Dubai","link":"http://dmieigthvll.cdn.mangomolo.com/samadubai/smil:samadubai.stream.smil/chunklist_b1600000.m3u8?checkedby:iptvcat.com","country":"united arab emirates","liveliness":"100","status":"online","lastChecked":"2020-08-17T00:00:00Z","format":"fhd 2k","mbps":"11126","URI":["united_arab_emirates","united arab emirates"]},{"id":"24436","channel":"Sharjah 2, Sharjah TV 2","link":"https://svs.itworkscdn.net/smc2live/smc2tv.smil/playlist.m3u8?checkedby:iptvcat.com","country":"united arab emirates","liveliness":"100","status":"online","lastChecked":"2020-08-17T00:00:00Z","format":"fhd 2k","mbps":"11126, ...","URI":["north_america","united_arab_emirates","united_states_of_america","north america","united arab emirates","united states of america"]},{"id":"3250","channel":"Sharjah Sport, Sharjah Sports","link":"https://svs.itworkscdn.net/smc4sportslive/smc4.smil/playlist.m3u8?checkedby:iptvcat.com","country":"united arab emirates","liveliness":"100","status":"online","lastChecked":"2020-08-17T00:00:00Z","format":"fhd 2k","mbps":"11126, ...","URI":["united_arab_emirates","sport","united arab emirates"]},{"id":"3248","channel":"Sharjah Sport","link":"https://svs.itworkscdn.net/smc4sportslive/smc4.smil/chunklist_b585000.m3u8?checkedby:iptvcat.com","country":"united arab emirates","liveliness":"100","status":"online","lastChecked":"2020-08-17T00:00:00Z","format":"fhd 2k","mbps":"11126, ...","URI":["united_arab_emirates","sport","united arab emirates"]},{"id":"3263","channel":"Toheed TV","link":"http://51.158.73.206/hls/stream.m3u8?checkedby:iptvcat.com","country":"united arab emirates","liveliness":"99","status":"online","lastChecked":"2020-08-17T00:00:00Z","format":"hd","mbps":"3188","URI":["united_arab_emirates","united arab emirates"]},{"id":"14248","channel":"Yas","link":"https://admdn1.cdn.mangomolo.com/yastv/smil:yastv.stream.smil/playlist.m3u8?adtv\u0026checkedby:iptvcat.com","country":"united arab emirates","liveliness":"100","status":"online","lastChecked":"2020-08-17T00:00:00Z","format":"hd","mbps":"3188, ...","URI":["united_arab_emirates","united arab emirates"]},{"id":"24436","channel":"Sharjah 2, Sharjah TV 2","link":"https://svs.itworkscdn.net/smc2live/smc2tv.smil/playlist.m3u8?checkedby:iptvcat.com","country":"united arab emirates","liveliness":"100","status":"online","lastChecked":"2020-08-17T00:00:00Z","format":"fhd 2k","mbps":"11126, ...","URI":["north_america","united_arab_emirates","united_states_of_america","north america","united arab emirates","united states of america"]},{"id":"3176","channel":"Dubai Racing, 迪拜赛车俱乐部","link":"http://dmisvthvll.cdn.mangomolo.com/events/smil:events.smil/chunklist_b1600000.m3u8?checkedby:iptvcat.com","country":"united arab emirates","liveliness":"100","status":"online","lastChecked":"2020-08-17T00:00:00Z","format":"fhd 2k","mbps":"7986","URI":["north_america","united_arab_emirates","united_states_of_america","north america","sport","united arab emirates","united states of america"]},{"id":"14222","channel":"AE | Al Hadath, Al Arabiya Al Hadath, Al Hadath","link":"https://av.alarabiya.net/alarabiapublish/alhadath.smil/playlist_1080p.m3u8?checkedby:iptvcat.com","country":"united arab emirates","liveliness":"99","status":"online","lastChecked":"2020-08-17T00:00:00Z","format":"fhd 2k","mbps":"7004","URI":["arab_countries","asia","united_arab_emirates","united arab emirates","arab countries"]},{"id":"3182","channel":"AE | Dubai Zaman, Dubai Zaman","link":"http://www.elahmad.com/tv/m3u8/dubaitv.m3u8?id=dubaizaman\u0026checkedby:iptvcat.com","country":"united arab emirates","liveliness":"98","status":"online","lastChecked":"2020-08-17T00:00:00Z","format":"fhd 2k","mbps":"11126, ...","URI":["arab_countries","asia","united_arab_emirates","united arab emirates","arab countries"]},{"id":"56081","channel":"AE | Majid TV, Majid TV","link":"https://admdn4.cdn.mangomolo.com/majid/smil:majid.stream.smil/playlist.m3u8?checkedby:iptvcat.com","country":"united arab emirates","liveliness":"100","status":"online","lastChecked":"2020-08-17T00:00:00Z","format":"hd","mbps":"3188, ...","URI":["arab_countries","asia","united_arab_emirates","united arab emirates","arab countries"]},{"id":"3252","channel":"AE | Sharqiya from Kalba TV, Sharqiya from Kalba TV","link":"http://svs.itworkscdn.net/kablatvlive/kabtv1.smil/playlist.m3u8?checkedby:iptvcat.com","country":"united arab emirates","liveliness":"100","status":"online","lastChecked":"2020-08-17T00:00:00Z","format":"fhd 2k","mbps":"11126, ...","URI":["arab_countries","asia","united_arab_emirates","united arab emirates","arab countries"]},{"id":"3149","channel":"Abu Dhabi Sports, Abu Dhabi Sports 1, Abu Dhabi Sports 1 HD (Opt-1), Abu Dhabi Sports1","link":"http://www.elahmad.com/tv/m3u8/adtv.m3u8?id=abudhabi_sports1\u0026checkedby:iptvcat.com","country":"united arab emirates","liveliness":"99","status":"online","lastChecked":"2020-08-17T00:00:00Z","format":"hd","mbps":"7004, ...","URI":["arab_countries","united_arab_emirates","sport","united arab emirates","arab countries"]},{"id":"3158","channel":"Abu Dhabi Sports 3","link":"http://www.elahmad.com/tv/m3u8/adtv.m3u8?id=abudhabi_Sports3\u0026checkedby:iptvcat.com","country":"united arab emirates","liveliness":"99","status":"online","lastChecked":"2020-08-17T00:00:00Z","format":"hd","mbps":"7004, ...","URI":["arab_countries","united_arab_emirates","sport","united arab emirates","arab countries"]},{"id":"3159","channel":"Abu Dhabi Sports 4","link":"http://www.elahmad.com/tv/m3u8/adtv.m3u8?id=abudhabi_Sports4\u0026checkedby:iptvcat.com","country":"united arab emirates","liveliness":"98","status":"online","lastChecked":"2020-08-17T00:00:00Z","format":"hd","mbps":"7004, ...","URI":["arab_countries","united_arab_emirates","sport","united arab emirates","arab countries"]},{"id":"133477","channel":"National Geographic Abu Dhabi","link":"https://admdn2.cdn.mangomolo.com/nagtv/smil:nagtv.stream.smil/playlist.m3u8?checkedby:iptvcat.com","country":"united arab emirates","liveliness":"99","status":"online","lastChecked":"2020-08-17T00:00:00Z","format":"hd","mbps":"3188, ...","URI":["asia","united_arab_emirates","united arab emirates","arab_countries","arab countries"]},{"id":"133476","channel":"Dubai Zaman","link":"https://dmiffthvll.cdn.mangomolo.com/dubaizaman/smil:dubaizaman.stream.smil/playlist.m3u8?checkedby:iptvcat.com","country":"united arab emirates","liveliness":"100","status":"online","lastChecked":"2020-08-18T00:00:00Z","format":"fhd 2k","mbps":"11126, ...","URI":["asia","united_arab_emirates","united arab emirates","arab_countries","arab countries"]},{"id":"14222","channel":"AE | Al Hadath, Al Arabiya Al Hadath, Al Hadath","link":"https://av.alarabiya.net/alarabiapublish/alhadath.smil/playlist_1080p.m3u8?checkedby:iptvcat.com","country":"united arab emirates","liveliness":"99","status":"online","lastChecked":"2020-08-17T00:00:00Z","format":"fhd 2k","mbps":"7004","URI":["arab_countries","asia","united_arab_emirates","united arab emirates","arab countries"]},{"id":"3182","channel":"AE | Dubai Zaman, Dubai Zaman","link":"http://www.elahmad.com/tv/m3u8/dubaitv.m3u8?id=dubaizaman\u0026checkedby:iptvcat.com","country":"united arab emirates","liveliness":"98","status":"online","lastChecked":"2020-08-17T00:00:00Z","format":"fhd 2k","mbps":"11126, ...","URI":["arab_countries","asia","united_arab_emirates","united arab emirates","arab countries"]},{"id":"56081","channel":"AE | Majid TV, Majid TV","link":"https://admdn4.cdn.mangomolo.com/majid/smil:majid.stream.smil/playlist.m3u8?checkedby:iptvcat.com","country":"united arab emirates","liveliness":"100","status":"online","lastChecked":"2020-08-17T00:00:00Z","format":"hd","mbps":"3188, ...","URI":["arab_countries","asia","united_arab_emirates","united arab emirates","arab countries"]},{"id":"3252","channel":"AE | Sharqiya from Kalba TV, Sharqiya from Kalba TV","link":"http://svs.itworkscdn.net/kablatvlive/kabtv1.smil/playlist.m3u8?checkedby:iptvcat.com","country":"united arab emirates","liveliness":"100","status":"online","lastChecked":"2020-08-17T00:00:00Z","format":"fhd 2k","mbps":"11126, ...","URI":["arab_countries","asia","united_arab_emirates","united arab emirates","arab countries"]},{"id":"3149","channel":"Abu Dhabi Sports, Abu Dhabi Sports 1, Abu Dhabi Sports 1 HD (Opt-1), Abu Dhabi Sports1","link":"http://www.elahmad.com/tv/m3u8/adtv.m3u8?id=abudhabi_sports1\u0026checkedby:iptvcat.com","country":"united arab emirates","liveliness":"99","status":"online","lastChecked":"2020-08-17T00:00:00Z","format":"hd","mbps":"7004, ...","URI":["arab_countries","united_arab_emirates","sport","united arab emirates","arab countries"]},{"id":"3158","channel":"Abu Dhabi Sports 3","link":"http://www.elahmad.com/tv/m3u8/adtv.m3u8?id=abudhabi_Sports3\u0026checkedby:iptvcat.com","country":"united arab emirates","liveliness":"99","status":"online","lastChecked":"2020-08-17T00:00:00Z","format":"hd","mbps":"7004, ...","URI":["arab_countries","united_arab_emirates","sport","united arab emirates","arab countries"]},{"id":"3159","channel":"Abu Dhabi Sports 4","link":"http://www.elahmad.com/tv/m3u8/adtv.m3u8?id=abudhabi_Sports4\u0026checkedby:iptvcat.com","country":"united arab emirates","liveliness":"98","status":"online","lastChecked":"2020-08-17T00:00:00Z","format":"hd","mbps":"7004, ...","URI":["arab_countries","united_arab_emirates","sport","united arab emirates","arab countries"]},{"id":"14222","channel":"AE | Al Hadath, Al Arabiya Al Hadath, Al Hadath","link":"https://av.alarabiya.net/alarabiapublish/alhadath.smil/playlist_1080p.m3u8?checkedby:iptvcat.com","country":"united arab emirates","liveliness":"99","status":"online","lastChecked":"2020-08-17T00:00:00Z","format":"fhd 2k","mbps":"7004","URI":["arab_countries","asia","united_arab_emirates","united arab emirates","arab countries"]},{"id":"3182","channel":"AE | Dubai Zaman, Dubai Zaman","link":"http://www.elahmad.com/tv/m3u8/dubaitv.m3u8?id=dubaizaman\u0026checkedby:iptvcat.com","country":"united arab emirates","liveliness":"98","status":"online","lastChecked":"2020-08-17T00:00:00Z","format":"fhd 2k","mbps":"11126, ...","URI":["arab_countries","asia","united_arab_emirates","united arab emirates","arab countries"]},{"id":"56081","channel":"AE | Majid TV, Majid TV","link":"https://admdn4.cdn.mangomolo.com/majid/smil:majid.stream.smil/playlist.m3u8?checkedby:iptvcat.com","country":"united arab emirates","liveliness":"100","status":"online","lastChecked":"2020-08-17T00:00:00Z","format":"hd","mbps":"3188, ...","URI":["arab_countries","asia","united_arab_emirates","united arab emirates","arab countries"]},{"id":"3252","channel":"AE | Sharqiya from Kalba TV, Sharqiya from Kalba TV","link":"http://svs.itworkscdn.net/kablatvlive/kabtv1.smil/playlist.m3u8?checkedby:iptvcat.com","country":"united arab emirates","liveliness":"100","status":"online","lastChecked":"2020-08-17T00:00:00Z","format":"fhd 2k","mbps":"11126, ...","URI":["arab_countries","asia","united_arab_emirates","united arab emirates","arab countries"]},{"id":"3149","channel":"Abu Dhabi Sports, Abu Dhabi Sports 1, Abu Dhabi Sports 1 HD (Opt-1), Abu Dhabi Sports1","link":"http://www.elahmad.com/tv/m3u8/adtv.m3u8?id=abudhabi_sports1\u0026checkedby:iptvcat.com","country":"united arab emirates","liveliness":"99","status":"online","lastChecked":"2020-08-17T00:00:00Z","format":"hd","mbps":"7004, ...","URI":["arab_countries","united_arab_emirates","sport","united arab emirates","arab countries"]},{"id":"3158","channel":"Abu Dhabi Sports 3","link":"http://www.elahmad.com/tv/m3u8/adtv.m3u8?id=abudhabi_Sports3\u0026checkedby:iptvcat.com","country":"united arab emirates","liveliness":"99","status":"online","lastChecked":"2020-08-17T00:00:00Z","format":"hd","mbps":"7004, ...","URI":["arab_countries","united_arab_emirates","sport","united arab emirates","arab countries"]},{"id":"3159","channel":"Abu Dhabi Sports 4","link":"http://www.elahmad.com/tv/m3u8/adtv.m3u8?id=abudhabi_Sports4\u0026checkedby:iptvcat.com","country":"united arab emirates","liveliness":"98","status":"online","lastChecked":"2020-08-17T00:00:00Z","format":"hd","mbps":"7004, ...","URI":["arab_countries","united_arab_emirates","sport","united arab emirates","arab countries"]},{"id":"133477","channel":"National Geographic Abu Dhabi","link":"https://admdn2.cdn.mangomolo.com/nagtv/smil:nagtv.stream.smil/playlist.m3u8?checkedby:iptvcat.com","country":"united arab emirates","liveliness":"99","status":"online","lastChecked":"2020-08-17T00:00:00Z","format":"hd","mbps":"3188, ...","URI":["asia","united_arab_emirates","united arab emirates","arab_countries","arab countries"]},{"id":"133476","channel":"Dubai Zaman","link":"https://dmiffthvll.cdn.mangomolo.com/dubaizaman/smil:dubaizaman.stream.smil/playlist.m3u8?checkedby:iptvcat.com","country":"united arab emirates","liveliness":"100","status":"online","lastChecked":"2020-08-18T00:00:00Z","format":"fhd 2k","mbps":"11126, ...","URI":["asia","united_arab_emirates","united arab emirates","arab_countries","arab countries"]},{"id":"14222","channel":"AE | Al Hadath, Al Arabiya Al Hadath, Al Hadath","link":"https://av.alarabiya.net/alarabiapublish/alhadath.smil/playlist_1080p.m3u8?checkedby:iptvcat.com","country":"united arab emirates","liveliness":"99","status":"online","lastChecked":"2020-08-17T00:00:00Z","format":"fhd 2k","mbps":"7004","URI":["arab_countries","asia","united_arab_emirates","united arab emirates","arab countries"]},{"id":"3182","channel":"AE | Dubai Zaman, Dubai Zaman","link":"http://www.elahmad.com/tv/m3u8/dubaitv.m3u8?id=dubaizaman\u0026checkedby:iptvcat.com","country":"united arab emirates","liveliness":"98","status":"online","lastChecked":"2020-08-17T00:00:00Z","format":"fhd 2k","mbps":"11126, ...","URI":["arab_countries","asia","united_arab_emirates","united arab emirates","arab countries"]},{"id":"56081","channel":"AE | Majid TV, Majid TV","link":"https://admdn4.cdn.mangomolo.com/majid/smil:majid.stream.smil/playlist.m3u8?checkedby:iptvcat.com","country":"united arab emirates","liveliness":"100","status":"online","lastChecked":"2020-08-17T00:00:00Z","format":"hd","mbps":"3188, ...","URI":["arab_countries","asia","united_arab_emirates","united arab emirates","arab countries"]},{"id":"3252","channel":"AE | Sharqiya from Kalba TV, Sharqiya from Kalba TV","link":"http://svs.itworkscdn.net/kablatvlive/kabtv1.smil/playlist.m3u8?checkedby:iptvcat.com","country":"united arab emirates","liveliness":"100","status":"online","lastChecked":"2020-08-17T00:00:00Z","format":"fhd 2k","mbps":"11126, ...","URI":["arab_countries","asia","united_arab_emirates","united arab emirates","arab countries"]},{"id":"3149","channel":"Abu Dhabi Sports, Abu Dhabi Sports 1, Abu Dhabi Sports 1 HD (Opt-1), Abu Dhabi Sports1","link":"http://www.elahmad.com/tv/m3u8/adtv.m3u8?id=abudhabi_sports1\u0026checkedby:iptvcat.com","country":"united arab emirates","liveliness":"99","status":"online","lastChecked":"2020-08-17T00:00:00Z","format":"hd","mbps":"7004, ...","URI":["arab_countries","united_arab_emirates","sport","united arab emirates","arab countries"]},{"id":"3158","channel":"Abu Dhabi Sports 3","link":"http://www.elahmad.com/tv/m3u8/adtv.m3u8?id=abudhabi_Sports3\u0026checkedby:iptvcat.com","country":"united arab emirates","liveliness":"99","status":"online","lastChecked":"2020-08-17T00:00:00Z","format":"hd","mbps":"7004, ...","URI":["arab_countries","united_arab_emirates","sport","united arab emirates","arab countries"]},{"id":"3159","channel":"Abu Dhabi Sports 4","link":"http://www.elahmad.com/tv/m3u8/adtv.m3u8?id=abudhabi_Sports4\u0026checkedby:iptvcat.com","country":"united arab emirates","liveliness":"98","status":"online","lastChecked":"2020-08-17T00:00:00Z","format":"hd","mbps":"7004, ...","URI":["arab_countries","united_arab_emirates","sport","united arab emirates","arab countries"]},{"id":"14222","channel":"AE | Al Hadath, Al Arabiya Al Hadath, Al Hadath","link":"https://av.alarabiya.net/alarabiapublish/alhadath.smil/playlist_1080p.m3u8?checkedby:iptvcat.com","country":"united arab emirates","liveliness":"99","status":"online","lastChecked":"2020-08-17T00:00:00Z","format":"fhd 2k","mbps":"7004","URI":["arab_countries","asia","united_arab_emirates","united arab emirates","arab countries"]},{"id":"3182","channel":"AE | Dubai Zaman, Dubai Zaman","link":"http://www.elahmad.com/tv/m3u8/dubaitv.m3u8?id=dubaizaman\u0026checkedby:iptvcat.com","country":"united arab emirates","liveliness":"98","status":"online","lastChecked":"2020-08-17T00:00:00Z","format":"fhd 2k","mbps":"11126, ...","URI":["arab_countries","asia","united_arab_emirates","united arab emirates","arab countries"]},{"id":"56081","channel":"AE | Majid TV, Majid TV","link":"https://admdn4.cdn.mangomolo.com/majid/smil:majid.stream.smil/playlist.m3u8?checkedby:iptvcat.com","country":"united arab emirates","liveliness":"100","status":"online","lastChecked":"2020-08-17T00:00:00Z","format":"hd","mbps":"3188, ...","URI":["arab_countries","asia","united_arab_emirates","united arab emirates","arab countries"]},{"id":"3252","channel":"AE | Sharqiya from Kalba TV, Sharqiya from Kalba TV","link":"http://svs.itworkscdn.net/kablatvlive/kabtv1.smil/playlist.m3u8?checkedby:iptvcat.com","country":"united arab emirates","liveliness":"100","status":"online","lastChecked":"2020-08-17T00:00:00Z","format":"fhd 2k","mbps":"11126, ...","URI":["arab_countries","asia","united_arab_emirates","united arab emirates","arab countries"]},{"id":"3149","channel":"Abu Dhabi Sports, Abu Dhabi Sports 1, Abu Dhabi Sports 1 HD (Opt-1), Abu Dhabi Sports1","link":"http://www.elahmad.com/tv/m3u8/adtv.m3u8?id=abudhabi_sports1\u0026checkedby:iptvcat.com","country":"united arab emirates","liveliness":"99","status":"online","lastChecked":"2020-08-17T00:00:00Z","format":"hd","mbps":"7004, ...","URI":["arab_countries","united_arab_emirates","sport","united arab emirates","arab countries"]},{"id":"3158","channel":"Abu Dhabi Sports 3","link":"http://www.elahmad.com/tv/m3u8/adtv.m3u8?id=abudhabi_Sports3\u0026checkedby:iptvcat.com","country":"united arab emirates","liveliness":"99","status":"online","lastChecked":"2020-08-17T00:00:00Z","format":"hd","mbps":"7004, ...","URI":["arab_countries","united_arab_emirates","sport","united arab emirates","arab countries"]},{"id":"3159","channel":"Abu Dhabi Sports 4","link":"http://www.elahmad.com/tv/m3u8/adtv.m3u8?id=abudhabi_Sports4\u0026checkedby:iptvcat.com","country":"united arab emirates","liveliness":"98","status":"online","lastChecked":"2020-08-17T00:00:00Z","format":"hd","mbps":"7004, ...","URI":["arab_countries","united_arab_emirates","sport","united arab emirates","arab countries"]}]