[{"id":"133516","channel":"GOLTV","link":"https://trinity-lh.akamaihd.net/i/GolTVModel4A_d@422865/master.m3u8?checkedby:iptvcat.com","country":"uruguay","liveliness":"97","status":"offline","lastChecked":"2020-08-18T00:00:00Z","format":"hd","mbps":"5020, ...","URI":["uruguay","south_america","south america","latin america","latin_america","sport"]},{"id":"133516","channel":"GOLTV","link":"https://trinity-lh.akamaihd.net/i/GolTVModel4A_d@422865/master.m3u8?checkedby:iptvcat.com","country":"uruguay","liveliness":"97","status":"offline","lastChecked":"2020-08-18T00:00:00Z","format":"hd","mbps":"5020, ...","URI":["uruguay","south_america","south america","latin america","latin_america","sport"]},{"id":"133516","channel":"GOLTV","link":"https://trinity-lh.akamaihd.net/i/GolTVModel4A_d@422865/master.m3u8?checkedby:iptvcat.com","country":"uruguay","liveliness":"97","status":"offline","lastChecked":"2020-08-18T00:00:00Z","format":"hd","mbps":"5020, ...","URI":["uruguay","south_america","south america","latin america","latin_america","sport"]},{"id":"133516","channel":"GOLTV","link":"https://trinity-lh.akamaihd.net/i/GolTVModel4A_d@422865/master.m3u8?checkedby:iptvcat.com","country":"uruguay","liveliness":"97","status":"offline","lastChecked":"2020-08-18T00:00:00Z","format":"hd","mbps":"5020, ...","URI":["uruguay","south_america","south america","latin america","latin_america","sport"]},{"id":"133516","channel":"GOLTV","link":"https://trinity-lh.akamaihd.net/i/GolTVModel4A_d@422865/master.m3u8?checkedby:iptvcat.com","country":"uruguay","liveliness":"97","status":"offline","lastChecked":"2020-08-18T00:00:00Z","format":"hd","mbps":"5020, ...","URI":["uruguay","south_america","south america","latin america","latin_america","sport"]},{"id":"133516","channel":"GOLTV","link":"https://trinity-lh.akamaihd.net/i/GolTVModel4A_d@422865/master.m3u8?checkedby:iptvcat.com","country":"uruguay","liveliness":"97","status":"offline","lastChecked":"2020-08-18T00:00:00Z","format":"hd","mbps":"5020, ...","URI":["uruguay","south_america","south america","latin america","latin_america","sport"]}]