[{"id":"60350","channel":"Azon TV","link":"http://tv2.azon.uz/high/stream.m3u8?checkedby:iptvcat.com","country":"uzbekistan","liveliness":"88","status":"online","lastChecked":"2020-08-17T00:00:00Z","format":"fhd 2k","mbps":"15836","URI":["uzbekistan","asia"]},{"id":"60350","channel":"Azon TV","link":"http://tv2.azon.uz/high/stream.m3u8?checkedby:iptvcat.com","country":"uzbekistan","liveliness":"88","status":"online","lastChecked":"2020-08-17T00:00:00Z","format":"fhd 2k","mbps":"15836","URI":["uzbekistan","asia"]}]