[{"id":"14328","channel":"Promar TV","link":"http://vcp1.myplaytv.com:1935/promar/promar/playlist.m3u8?checkedby:iptvcat.com","country":"venezuela","liveliness":"92","status":"online","lastChecked":"2020-08-17T00:00:00Z","format":"sd","mbps":"1322","URI":["venezuela"]},{"id":"3751","channel":"TeleSUR English, TeleSUR English (Opt-1) (Venezuela)","link":"https://d7g1ebft2592.cloudfront.net/mblivev3/hd/playlist.m3u8?checkedby:iptvcat.com","country":"venezuela","liveliness":"99","status":"online","lastChecked":"2020-08-17T00:00:00Z","format":"fhd 2k","mbps":"9556","URI":["venezuela"]},{"id":"3750","channel":"TeleSUR English","link":"https://d7g1ebft2592.cloudfront.net/mblivev3/hd/chunklist_w801355776.m3u8?checkedby:iptvcat.com","country":"venezuela","liveliness":"99","status":"online","lastChecked":"2020-08-17T00:00:00Z","format":"fhd 2k","mbps":"9556","URI":["venezuela"]},{"id":"14328","channel":"Promar TV","link":"http://vcp1.myplaytv.com:1935/promar/promar/playlist.m3u8?checkedby:iptvcat.com","country":"venezuela","liveliness":"92","status":"online","lastChecked":"2020-08-17T00:00:00Z","format":"sd","mbps":"1322","URI":["venezuela"]},{"id":"3751","channel":"TeleSUR English, TeleSUR English (Opt-1) (Venezuela)","link":"https://d7g1ebft2592.cloudfront.net/mblivev3/hd/playlist.m3u8?checkedby:iptvcat.com","country":"venezuela","liveliness":"99","status":"online","lastChecked":"2020-08-17T00:00:00Z","format":"fhd 2k","mbps":"9556","URI":["venezuela"]},{"id":"3750","channel":"TeleSUR English","link":"https://d7g1ebft2592.cloudfront.net/mblivev3/hd/chunklist_w801355776.m3u8?checkedby:iptvcat.com","country":"venezuela","liveliness":"99","status":"online","lastChecked":"2020-08-17T00:00:00Z","format":"fhd 2k","mbps":"9556","URI":["venezuela"]}]