[{"id":"11847","channel":"ANTV","link":"http://vietcago.net/vstv/antv.m3u8?checkedby:iptvcat.com","country":"vietnam","liveliness":"100","status":"online","lastChecked":"2020-08-17T00:00:00Z","format":"sd","mbps":"2334","URI":["vietnam"]},{"id":"10963","channel":"ANTV, Vietnam : ANTV HD","link":"http://antvlive.ab5c6921.cdnviet.com/antv/chunklist.m3u8?checkedby:iptvcat.com","country":"vietnam","liveliness":"99","status":"online","lastChecked":"2020-08-17T00:00:00Z","format":"sd","mbps":"2334","URI":["vietnam"]},{"id":"3760","channel":"BPTV1 - Binh Phước 1","link":"http://118.69.197.145/hls/bptv1.m3u8?checkedby:iptvcat.com","country":"vietnam","liveliness":"99","status":"online","lastChecked":"2020-08-17T00:00:00Z","format":"hd","mbps":"3799","URI":["vietnam"]},{"id":"12048","channel":"BenTreTV, Channel 87","link":"http://vietcago.net/vstv/bentretv.m3u8?checkedby:iptvcat.com","country":"vietnam","liveliness":"96","status":"online","lastChecked":"2020-08-17T00:00:00Z","format":"hd","mbps":"3625","URI":["vietnam"]},{"id":"3758","channel":"BinhPhuocTV1","link":"http://vietcago.net/vstv/binhphuoctv1.m3u8?checkedby:iptvcat.com","country":"vietnam","liveliness":"99","status":"online","lastChecked":"2020-08-17T00:00:00Z","format":"hd","mbps":"3799","URI":["vietnam"]},{"id":"21164","channel":"Boruto (Opt-2)","link":"http://ws.hls.nimo.tv/live/su1599512427615r0c4ed6161b23b4d2892824141e30f13b_high.m3u8?checkedby:iptvcat.com","country":"vietnam","liveliness":"100","status":"online","lastChecked":"2020-08-17T00:00:00Z","format":"hd","mbps":"3188","URI":["vietnam","asia"]},{"id":"13801","channel":"Boruto TV","link":"http://ws.flv.nimo.tv/live/su1599512427615r0c4ed6161b23b4d2892824141e30f13b_high.flv?checkedby:iptvcat.com","country":"vietnam","liveliness":"98","status":"online","lastChecked":"2020-08-17T00:00:00Z","format":"hd","mbps":"3188","URI":["vietnam"]},{"id":"3762","channel":"Bến Tre","link":"http://113.163.94.245/hls-live/livepkgr/_definst_/liveevent/thbt.m3u8?checkedby:iptvcat.com","country":"vietnam","liveliness":"96","status":"online","lastChecked":"2020-08-17T00:00:00Z","format":"hd","mbps":"3625","URI":["vietnam"]},{"id":"21165","channel":"Captain Tsubasa (Opt-2)","link":"http://ws.hls.nimo.tv/live/su1599512427630rb9a94d5f0fa60cec1044ec85fbd76da7_high.m3u8?checkedby:iptvcat.com","country":"vietnam","liveliness":"99","status":"online","lastChecked":"2020-08-17T00:00:00Z","format":"hd","mbps":"3064","URI":["vietnam","asia"]},{"id":"13802","channel":"Captain Tsubasa 2019 TV","link":"http://ws.flv.nimo.tv/live/su1599512427630rb9a94d5f0fa60cec1044ec85fbd76da7_high.flv?checkedby:iptvcat.com","country":"vietnam","liveliness":"98","status":"online","lastChecked":"2020-08-17T00:00:00Z","format":"hd","mbps":"3064","URI":["vietnam"]},{"id":"3764","channel":"Cà Mau TV","link":"http://tv.ctvcamau.vn/live/tv/tv.m3u8?checkedby:iptvcat.com","country":"vietnam","liveliness":"98","status":"online","lastChecked":"2020-08-17T00:00:00Z","format":"hd","mbps":"5997","URI":["vietnam"]},{"id":"13808","channel":"DRAGON BALL KAI TV","link":"http://ws.flv.nimo.tv/live/su1599512427624rcac6e81bb9277a4fe258348bcfa63c82_high.flv?checkedby:iptvcat.com","country":"vietnam","liveliness":"99","status":"online","lastChecked":"2020-08-18T00:00:00Z","format":"sd","mbps":"1429","URI":["vietnam"]},{"id":"3765","channel":"Da Nang TV1","link":"http://vietcago.net/vstv/danangtv1.m3u8?checkedby:iptvcat.com","country":"vietnam","liveliness":"88","status":"online","lastChecked":"2020-08-17T00:00:00Z","format":"fhd 2k","mbps":"7986","URI":["vietnam"]},{"id":"3767","channel":"Da Nang TV2","link":"http://drtdnglive.e49a7c38.cdnviet.com/livestream/chunklist.m3u8?checkedby:iptvcat.com","country":"vietnam","liveliness":"95","status":"online","lastChecked":"2020-08-18T00:00:00Z","format":"fhd 2k","mbps":"7986","URI":["vietnam"]},{"id":"3768","channel":"DakLakTV","link":"http://vietcago.net/vstv/daklaktv.m3u8?checkedby:iptvcat.com","country":"vietnam","liveliness":"96","status":"online","lastChecked":"2020-08-17T00:00:00Z","format":"sd","mbps":"348","URI":["vietnam"]},{"id":"21172","channel":"Dragon Ball Z Kai (Opt-2)","link":"http://ws.hls.nimo.tv/live/su1599512427624rcac6e81bb9277a4fe258348bcfa63c82_high.m3u8?checkedby:iptvcat.com","country":"vietnam","liveliness":"100","status":"online","lastChecked":"2020-08-17T00:00:00Z","format":"hd","mbps":"3064","URI":["vietnam","asia"]},{"id":"3770","channel":"HBTV","link":"http://hoabinhtvlive.746b3ddb.cdnviet.com/hoabinhtv/chunklist.m3u8?checkedby:iptvcat.com","country":"vietnam","liveliness":"99","status":"online","lastChecked":"2020-08-17T00:00:00Z","format":"sd","mbps":"1685","URI":["vietnam"]},{"id":"13810","channel":"HUNTER X HUNTER","link":"http://ws.flv.nimo.tv/live/su1599512427562r89436fcde4d4278fc2e87c8600d465e1_high.flv?checkedby:iptvcat.com","country":"vietnam","liveliness":"99","status":"online","lastChecked":"2020-08-17T00:00:00Z","format":"hd","mbps":"3064","URI":["vietnam"]},{"id":"21173","channel":"Hunter × Hunter (Opt-2)","link":"http://ws.hls.nimo.tv/live/su1599512427562r89436fcde4d4278fc2e87c8600d465e1_high.m3u8?checkedby:iptvcat.com","country":"vietnam","liveliness":"100","status":"online","lastChecked":"2020-08-18T00:00:00Z","format":"hd","mbps":"3064","URI":["vietnam","asia"]},{"id":"13811","channel":"INUYASHA","link":"http://ws.flv.nimo.tv/live/su1599512427565r2d969c0672b18115ac596b0bdea6e535_high.flv?checkedby:iptvcat.com","country":"vietnam","liveliness":"99","status":"online","lastChecked":"2020-08-17T00:00:00Z","format":"sd","mbps":"2332","URI":["vietnam"]},{"id":"21174","channel":"Inuyasha (Opt-2)","link":"http://ws.hls.nimo.tv/live/su1599512427565r2d969c0672b18115ac596b0bdea6e535_high.m3u8?checkedby:iptvcat.com","country":"vietnam","liveliness":"99","status":"online","lastChecked":"2020-08-17T00:00:00Z","format":"sd","mbps":"2332","URI":["vietnam","asia"]},{"id":"3775","channel":"KhanhHoaTV","link":"http://vietcago.net/vstv/khanhhoatv.m3u8?checkedby:iptvcat.com","country":"vietnam","liveliness":"98","status":"online","lastChecked":"2020-08-17T00:00:00Z","format":"hd","mbps":"3188","URI":["vietnam"]},{"id":"3777","channel":"KienGiangTV","link":"http://vietcago.net/vstv/kiengiangtv.m3u8?checkedby:iptvcat.com","country":"vietnam","liveliness":"98","status":"online","lastChecked":"2020-08-17T00:00:00Z","format":"sd","mbps":"1237","URI":["vietnam"]},{"id":"3776","channel":"KienGiangTV","link":"http://tv.kgtv.vn/live/kgtv/kgtv.m3u8?checkedby:iptvcat.com","country":"vietnam","liveliness":"98","status":"online","lastChecked":"2020-08-17T00:00:00Z","format":"sd","mbps":"1237","URI":["vietnam"]},{"id":"3779","channel":"KienGiangTV1","link":"http://vietcago.net/vstv/kiengiangtv1.m3u8?checkedby:iptvcat.com","country":"vietnam","liveliness":"98","status":"online","lastChecked":"2020-08-17T00:00:00Z","format":"sd","mbps":"1237","URI":["vietnam"]},{"id":"3778","channel":"KienGiangTV1","link":"http://tv.kgtv.vn/live/kgtv1/kgtv1.m3u8?checkedby:iptvcat.com","country":"vietnam","liveliness":"97","status":"online","lastChecked":"2020-08-17T00:00:00Z","format":"sd","mbps":"1237","URI":["vietnam"]},{"id":"3780","channel":"KonTumTV","link":"http://117.2.88.22/hls-live/livepkgr/_definst_/liveevent/kontumtv.m3u8?checkedby:iptvcat.com","country":"vietnam","liveliness":"99","status":"online","lastChecked":"2020-08-17T00:00:00Z","format":"sd","mbps":"1008","URI":["vietnam"]},{"id":"3781","channel":"KonTumTV","link":"http://www.vietcago.net/vstv/kontumtv.m3u8?checkedby:iptvcat.com","country":"vietnam","liveliness":"99","status":"online","lastChecked":"2020-08-17T00:00:00Z","format":"sd","mbps":"1008","URI":["vietnam"]},{"id":"11849","channel":"LA34 - Long An, LA34 – Long An","link":"http://113.161.229.13/hls-live/livepkgr/_definst_/liveevent/tv.m3u8?checkedby:iptvcat.com","country":"vietnam","liveliness":"98","status":"online","lastChecked":"2020-08-17T00:00:00Z","format":"hd","mbps":"3625","URI":["vietnam"]},{"id":"21175","channel":"Larva (Opt-2)","link":"http://ws.hls.nimo.tv/live/su1599512427560r1e0b7afba22fec0a5191643a588e9f06_high.m3u8?checkedby:iptvcat.com","country":"vietnam","liveliness":"100","status":"online","lastChecked":"2020-08-17T00:00:00Z","format":"hd","mbps":"3066","URI":["vietnam","asia"]},{"id":"21183","channel":"Long An TV (New!), LongAnTV","link":"http://vietcago.net/vstv/longantv.m3u8?checkedby:iptvcat.com","country":"vietnam","liveliness":"97","status":"online","lastChecked":"2020-08-18T00:00:00Z","format":"hd","mbps":"3625","URI":["vietnam","asia"]},{"id":"13816","channel":"ONE PUNCH MAN","link":"http://ws.flv.nimo.tv/live/su1599512427559r6319ab6314a165d28a228bf5917d1fe0_high.flv?checkedby:iptvcat.com","country":"vietnam","liveliness":"99","status":"online","lastChecked":"2020-08-17T00:00:00Z","format":"hd","mbps":"3064","URI":["vietnam"]},{"id":"21177","channel":"One-Punch Man (Opt-2)","link":"http://ws.hls.nimo.tv/live/su1599512427559r6319ab6314a165d28a228bf5917d1fe0_high.m3u8?checkedby:iptvcat.com","country":"vietnam","liveliness":"98","status":"online","lastChecked":"2020-08-17T00:00:00Z","format":"hd","mbps":"3064","URI":["vietnam","asia"]},{"id":"3788","channel":"PTP - Phú Yên","link":"http://113.161.4.48:8080/phuyen/tv.m3u8?checkedby:iptvcat.com","country":"vietnam","liveliness":"99","status":"online","lastChecked":"2020-08-17T00:00:00Z","format":"sd","mbps":"517","URI":["vietnam"]},{"id":"3787","channel":"PhuYenTV","link":"http://vietcago.net/vstv/phuyentv.m3u8?checkedby:iptvcat.com","country":"vietnam","liveliness":"99","status":"online","lastChecked":"2020-08-17T00:00:00Z","format":"sd","mbps":"517","URI":["vietnam"]},{"id":"3789","channel":"QRT","link":"http://113.161.6.157:8081/hls-live/livepkgr/_definst_/liveevent/livestream.m3u8?checkedby:iptvcat.com","country":"vietnam","liveliness":"99","status":"online","lastChecked":"2020-08-17T00:00:00Z","format":"sd","mbps":"1677","URI":["vietnam"]},{"id":"3790","channel":"QuangNamTV","link":"http://vietcago.net/vstv/quangnamtv.m3u8?checkedby:iptvcat.com","country":"vietnam","liveliness":"99","status":"online","lastChecked":"2020-08-17T00:00:00Z","format":"sd","mbps":"1677","URI":["vietnam"]},{"id":"3791","channel":"Quốc Hội","link":"http://113.164.225.140:1935/live/quochoitvlive.stream_720p/playlist.m3u8?checkedby:iptvcat.com","country":"vietnam","liveliness":"96","status":"online","lastChecked":"2020-08-17T00:00:00Z","format":"hd","mbps":"5020","URI":["vietnam"]},{"id":"3793","channel":"SET TV","link":"http://livestream.vnvn.net/hls-live/livepkgr/_definst_/settv574-3/settv574-3.m3u8?checkedby:iptvcat.com","country":"vietnam","liveliness":"99","status":"online","lastChecked":"2020-08-17T00:00:00Z","format":"sd","mbps":"1006","URI":["vietnam"]},{"id":"3792","channel":"SET TV","link":"http://livestream.vnvn.net/hls-live/livepkgr/_definst_/settv574-1/settv574-1.m3u8?checkedby:iptvcat.com","country":"vietnam","liveliness":"98","status":"online","lastChecked":"2020-08-17T00:00:00Z","format":"sd","mbps":"136","URI":["vietnam"]},{"id":"3794","channel":"THGL","link":"http://113.161.25.3:8134/hls/gialaitv/gialaitv.m3u8?checkedby:iptvcat.com","country":"vietnam","liveliness":"84","status":"online","lastChecked":"2020-08-17T00:00:00Z","format":"sd","mbps":"1460","URI":["vietnam"]},{"id":"13820","channel":"TOTALLY SPIES","link":"http://ws.flv.nimo.tv/live/su1599512427585r47e5a2be5769b2ce776bc4a992c9f6fd_high.flv?checkedby:iptvcat.com","country":"vietnam","liveliness":"98","status":"online","lastChecked":"2020-08-17T00:00:00Z","format":"sd","mbps":"1090","URI":["vietnam"]},{"id":"3798","channel":"TTXVN","link":"http://live.vnanet.vn/VnewsLive_Android.m3u8?checkedby:iptvcat.com","country":"vietnam","liveliness":"98","status":"online","lastChecked":"2020-08-17T00:00:00Z","format":"sd","mbps":"1494, ...","URI":["vietnam"]},{"id":"3799","channel":"TTXVN HD","link":"http://live.vnanet.vn/720P/playlist.m3u8?checkedby:iptvcat.com","country":"vietnam","liveliness":"98","status":"online","lastChecked":"2020-08-17T00:00:00Z","format":"hd","mbps":"3188","URI":["vietnam"]},{"id":"3797","channel":"Tien Giang","link":"http://thtg.vn:8001/thtg.m3u8?checkedby:iptvcat.com","country":"vietnam","liveliness":"100","status":"online","lastChecked":"2020-08-17T00:00:00Z","format":"hd","mbps":"5020, ...","URI":["vietnam"]},{"id":"21178","channel":"Tom \u0026 Jerry (Opt-2)","link":"https://ws.hls.nimo.tv/live/su1599512427554r538093ee8e9c2edd24251f82cda6fd16_high.m3u8?checkedby:iptvcat.com","country":"vietnam","liveliness":"99","status":"online","lastChecked":"2020-08-17T00:00:00Z","format":"sd","mbps":"2425","URI":["vietnam","asia"]},{"id":"21181","channel":"Totally Spies! (Opt-1)","link":"https://ws.hls.nimo.tv/live/su1599512427585r47e5a2be5769b2ce776bc4a992c9f6fd_high.m3u8?checkedby:iptvcat.com","country":"vietnam","liveliness":"97","status":"online","lastChecked":"2020-08-16T00:00:00Z","format":"sd","mbps":"2425","URI":["vietnam","asia"]},{"id":"21182","channel":"Totally Spies! (Opt-2)","link":"https://ws.flv.nimo.tv/live/su1599512427585r47e5a2be5769b2ce776bc4a992c9f6fd_high.flv?checkedby:iptvcat.com","country":"vietnam","liveliness":"99","status":"online","lastChecked":"2020-08-17T00:00:00Z","format":"sd","mbps":"2880","URI":["vietnam","asia"]},{"id":"3800","channel":"VITV","link":"http://210.86.230.202:8134/hls-live/livepkgr/_definst_/liveevent/livestream.m3u8?checkedby:iptvcat.com","country":"vietnam","liveliness":"92","status":"online","lastChecked":"2020-08-17T00:00:00Z","format":"sd","mbps":"136","URI":["vietnam"]},{"id":"3802","channel":"VNA TV","link":"http://livestream.vnvn.net/hls-live/livepkgr/_definst_/vnatv573-3/vnatv573-3.m3u8?checkedby:iptvcat.com","country":"vietnam","liveliness":"98","status":"online","lastChecked":"2020-08-17T00:00:00Z","format":"sd","mbps":"1456","URI":["vietnam"]},{"id":"3801","channel":"VNA TV","link":"http://livestream.vnvn.net/hls-live/livepkgr/_definst_/vnatv573-1/vnatv573-1.m3u8?checkedby:iptvcat.com","country":"vietnam","liveliness":"99","status":"online","lastChecked":"2020-08-17T00:00:00Z","format":"sd","mbps":"1456","URI":["vietnam","asia"]},{"id":"21186","channel":"VSAM TV (US)","link":"rtmp://uni5rtmp.tulix.tv/playout2multi10/playout2multi10.stream?checkedby:iptvcat.com","country":"vietnam","liveliness":"93","status":"online","lastChecked":"2020-08-17T00:00:00Z","format":"hd","mbps":"5991","URI":["vietnam","asia"]},{"id":"3803","channel":"VTVcab11","link":"https://5b0446c43ca13.streamlock.net/dn/htvmuasam.stream/playlist.m3u8?checkedby:iptvcat.com","country":"vietnam","liveliness":"90","status":"online","lastChecked":"2020-08-17T00:00:00Z","format":"hd","mbps":"5997","URI":["vietnam"]},{"id":"133525","channel":"Việt News TV","link":"http://vietnews.saigon.ns01.us:1935/VietNews/myStream/playlist.m3u8?checkedby:iptvcat.com","country":"vietnam","liveliness":"88","status":"online","lastChecked":"2020-08-17T00:00:00Z","format":"sd","mbps":"1181","URI":["vietnam","asia"]},{"id":"133525","channel":"Việt News TV","link":"http://vietnews.saigon.ns01.us:1935/VietNews/myStream/playlist.m3u8?checkedby:iptvcat.com","country":"vietnam","liveliness":"88","status":"online","lastChecked":"2020-08-17T00:00:00Z","format":"sd","mbps":"1181","URI":["vietnam","asia"]},{"id":"21178","channel":"Tom \u0026 Jerry (Opt-2)","link":"https://ws.hls.nimo.tv/live/su1599512427554r538093ee8e9c2edd24251f82cda6fd16_high.m3u8?checkedby:iptvcat.com","country":"vietnam","liveliness":"99","status":"online","lastChecked":"2020-08-17T00:00:00Z","format":"sd","mbps":"2425","URI":["vietnam","asia"]},{"id":"21181","channel":"Totally Spies! (Opt-1)","link":"https://ws.hls.nimo.tv/live/su1599512427585r47e5a2be5769b2ce776bc4a992c9f6fd_high.m3u8?checkedby:iptvcat.com","country":"vietnam","liveliness":"97","status":"online","lastChecked":"2020-08-16T00:00:00Z","format":"sd","mbps":"2425","URI":["vietnam","asia"]},{"id":"21182","channel":"Totally Spies! (Opt-2)","link":"https://ws.flv.nimo.tv/live/su1599512427585r47e5a2be5769b2ce776bc4a992c9f6fd_high.flv?checkedby:iptvcat.com","country":"vietnam","liveliness":"99","status":"online","lastChecked":"2020-08-17T00:00:00Z","format":"sd","mbps":"2880","URI":["vietnam","asia"]},{"id":"3801","channel":"VNA TV","link":"http://livestream.vnvn.net/hls-live/livepkgr/_definst_/vnatv573-1/vnatv573-1.m3u8?checkedby:iptvcat.com","country":"vietnam","liveliness":"99","status":"online","lastChecked":"2020-08-17T00:00:00Z","format":"sd","mbps":"1456","URI":["vietnam","asia"]},{"id":"21186","channel":"VSAM TV (US)","link":"rtmp://uni5rtmp.tulix.tv/playout2multi10/playout2multi10.stream?checkedby:iptvcat.com","country":"vietnam","liveliness":"93","status":"online","lastChecked":"2020-08-17T00:00:00Z","format":"hd","mbps":"5991","URI":["vietnam","asia"]},{"id":"21175","channel":"Larva (Opt-2)","link":"http://ws.hls.nimo.tv/live/su1599512427560r1e0b7afba22fec0a5191643a588e9f06_high.m3u8?checkedby:iptvcat.com","country":"vietnam","liveliness":"100","status":"online","lastChecked":"2020-08-17T00:00:00Z","format":"hd","mbps":"3066","URI":["vietnam","asia"]},{"id":"21183","channel":"Long An TV (New!), LongAnTV","link":"http://vietcago.net/vstv/longantv.m3u8?checkedby:iptvcat.com","country":"vietnam","liveliness":"97","status":"online","lastChecked":"2020-08-18T00:00:00Z","format":"hd","mbps":"3625","URI":["vietnam","asia"]},{"id":"21177","channel":"One-Punch Man (Opt-2)","link":"http://ws.hls.nimo.tv/live/su1599512427559r6319ab6314a165d28a228bf5917d1fe0_high.m3u8?checkedby:iptvcat.com","country":"vietnam","liveliness":"98","status":"online","lastChecked":"2020-08-17T00:00:00Z","format":"hd","mbps":"3064","URI":["vietnam","asia"]},{"id":"21172","channel":"Dragon Ball Z Kai (Opt-2)","link":"http://ws.hls.nimo.tv/live/su1599512427624rcac6e81bb9277a4fe258348bcfa63c82_high.m3u8?checkedby:iptvcat.com","country":"vietnam","liveliness":"100","status":"online","lastChecked":"2020-08-17T00:00:00Z","format":"hd","mbps":"3064","URI":["vietnam","asia"]},{"id":"21173","channel":"Hunter × Hunter (Opt-2)","link":"http://ws.hls.nimo.tv/live/su1599512427562r89436fcde4d4278fc2e87c8600d465e1_high.m3u8?checkedby:iptvcat.com","country":"vietnam","liveliness":"100","status":"online","lastChecked":"2020-08-18T00:00:00Z","format":"hd","mbps":"3064","URI":["vietnam","asia"]},{"id":"21174","channel":"Inuyasha (Opt-2)","link":"http://ws.hls.nimo.tv/live/su1599512427565r2d969c0672b18115ac596b0bdea6e535_high.m3u8?checkedby:iptvcat.com","country":"vietnam","liveliness":"99","status":"online","lastChecked":"2020-08-17T00:00:00Z","format":"sd","mbps":"2332","URI":["vietnam","asia"]},{"id":"21164","channel":"Boruto (Opt-2)","link":"http://ws.hls.nimo.tv/live/su1599512427615r0c4ed6161b23b4d2892824141e30f13b_high.m3u8?checkedby:iptvcat.com","country":"vietnam","liveliness":"100","status":"online","lastChecked":"2020-08-17T00:00:00Z","format":"hd","mbps":"3188","URI":["vietnam","asia"]},{"id":"21165","channel":"Captain Tsubasa (Opt-2)","link":"http://ws.hls.nimo.tv/live/su1599512427630rb9a94d5f0fa60cec1044ec85fbd76da7_high.m3u8?checkedby:iptvcat.com","country":"vietnam","liveliness":"99","status":"online","lastChecked":"2020-08-17T00:00:00Z","format":"hd","mbps":"3064","URI":["vietnam","asia"]}]