[{"id":"3806","channel":"RASD TV","link":"https://593fa17dec176.streamlock.net/rasdtv/rasdtv/chunklist.m3u8?checkedby:iptvcat.com","country":"western sahara","liveliness":"90","status":"online","lastChecked":"2020-08-17T00:00:00Z","format":"sd","mbps":"2334","URI":["western sahara","western_sahara"]},{"id":"3806","channel":"RASD TV","link":"https://593fa17dec176.streamlock.net/rasdtv/rasdtv/chunklist.m3u8?checkedby:iptvcat.com","country":"western sahara","liveliness":"90","status":"online","lastChecked":"2020-08-17T00:00:00Z","format":"sd","mbps":"2334","URI":["western sahara","western_sahara"]}]